Unknown attribute "D" in /robot[@name='tidyverse']/joint[@name='panda_joint1']/dynamics
Unknown attribute "K" in /robot[@name='tidyverse']/joint[@name='panda_joint1']/dynamics
Unknown attribute "mu_coulomb" in /robot[@name='tidyverse']/joint[@name='panda_joint1']/dynamics
Unknown attribute "mu_viscous" in /robot[@name='tidyverse']/joint[@name='panda_joint1']/dynamics
Unknown attribute "D" in /robot[@name='tidyverse']/joint[@name='panda_joint2']/dynamics
Unknown attribute "K" in /robot[@name='tidyverse']/joint[@name='panda_joint2']/dynamics
Unknown attribute "mu_coulomb" in /robot[@name='tidyverse']/joint[@name='panda_joint2']/dynamics
Unknown attribute "mu_viscous" in /robot[@name='tidyverse']/joint[@name='panda_joint2']/dynamics
Unknown attribute "D" in /robot[@name='tidyverse']/joint[@name='panda_joint3']/dynamics
Unknown attribute "K" in /robot[@name='tidyverse']/joint[@name='panda_joint3']/dynamics
Unknown attribute "mu_coulomb" in /robot[@name='tidyverse']/joint[@name='panda_joint3']/dynamics
Unknown attribute "mu_viscous" in /robot[@name='tidyverse']/joint[@name='panda_joint3']/dynamics
Unknown attribute "D" in /robot[@name='tidyverse']/joint[@name='panda_joint4']/dynamics
Unknown attribute "K" in /robot[@name='tidyverse']/joint[@name='panda_joint4']/dynamics
Unknown attribute "mu_coulomb" in /robot[@name='tidyverse']/joint[@name='panda_joint4']/dynamics
Unknown attribute "mu_viscous" in /robot[@name='tidyverse']/joint[@name='panda_joint4']/dynamics
Unknown attribute "D" in /robot[@name='tidyverse']/joint[@name='panda_joint5']/dynamics
Unknown attribute "K" in /robot[@name='tidyverse']/joint[@name='panda_joint5']/dynamics
Unknown attribute "mu_coulomb" in /robot[@name='tidyverse']/joint[@name='panda_joint5']/dynamics
Unknown attribute "mu_viscous" in /robot[@name='tidyverse']/joint[@name='panda_joint5']/dynamics
Unknown attribute "D" in /robot[@name='tidyverse']/joint[@name='panda_joint6']/dynamics
Unknown attribute "K" in /robot[@name='tidyverse']/joint[@name='panda_joint6']/dynamics
Unknown attribute "mu_coulomb" in /robot[@name='tidyverse']/joint[@name='panda_joint6']/dynamics
Unknown attribute "mu_viscous" in /robot[@name='tidyverse']/joint[@name='panda_joint6']/dynamics
Unknown attribute "D" in /robot[@name='tidyverse']/joint[@name='panda_joint7']/dynamics
Unknown attribute "K" in /robot[@name='tidyverse']/joint[@name='panda_joint7']/dynamics
Unknown attribute "mu_coulomb" in /robot[@name='tidyverse']/joint[@name='panda_joint7']/dynamics
Unknown attribute "mu_viscous" in /robot[@name='tidyverse']/joint[@name='panda_joint7']/dynamics
[33;1m2026-09-28 00:11:37,699 - mani_skill  - WARNING - tidyverse is not in the task's list of supported robots. Code may not run as intended[0m
[franka-bridge] IK solver loaded from /home/truares/文档/maniskill-tidyverse/arm_franka_maniskill_service/franka_server/tidyverse_arm_only.urdf
[maniskill] Creating env: task=RoboCasa-Pn-P-Counter-To-Sink-v0, control_mode=whole_body, obs_mode=rgb+depth+segmentation, num_envs=1
Could not place objects. Trying again with new objects
Could not place objects. Trying again with new objects
[obj_inside_of] obj=obj obj_pos=[ 3.9280279 -1.8760474  1.0890545] fixture_pos=[ 4.09999816 -1.1997989   0.96125   ] fsize=[0.91666663 0.55       0.24749999] shifted_fpos=[ 4.09999816 -1.1497989   0.96125   ] lower=[ 3.84999816 -1.3497989   0.68750001] upper=[ 4.34999816 -0.9497989   1.23499999] inside=False
[obj_inside_of] obj=obj obj_pos=[ 0.5072005 -2.75566    1.0069567] fixture_pos=[ 0.29999284 -2.1999989   0.96125   ] fsize=[0.91666663 0.55       0.24749999] shifted_fpos=[ 0.29999284 -2.1499989   0.96125   ] lower=[ 0.04999284 -2.3499989   0.68750001] upper=[ 0.54999284 -1.9499989   1.23499999] inside=False
[maniskill] Env reset with seed=0 (reconfigure=True)
[maniskill] Simulation device: cpu
[viz-debug] all robot links:
  root: pos=(1.400,-2.200,0.000) q=(-0.000,0.000,0.000,1.000)
  base_x_link: pos=(1.400,-2.200,0.000) q=(-0.000,0.000,0.000,1.000)
  base_y_link: pos=(1.400,-2.200,0.000) q=(-0.000,0.000,0.000,1.000)
  base_link: pos=(1.400,-2.200,0.000) q=(-0.000,0.000,0.000,1.000)
  panda_link0: pos=(1.400,-2.200,0.472) q=(-0.000,0.000,0.000,1.000)
  panda_link1: pos=(1.400,-2.200,0.805) q=(-0.000,0.000,0.000,1.000)
  panda_link2: pos=(1.400,-2.200,0.805) q=(0.270,0.270,-0.653,0.653)
  panda_link3: pos=(1.623,-2.200,1.029) q=(-0.000,0.382,0.000,0.924)
  panda_link4: pos=(1.565,-2.200,1.087) q=(0.500,-0.500,0.500,0.500)
  panda_link5: pos=(1.181,-2.200,1.170) q=(-0.000,-0.707,-0.000,0.707)
  panda_link6: pos=(1.181,-2.200,1.170) q=(-0.120,0.120,0.697,0.697)
  panda_link7: pos=(1.098,-2.200,1.199) q=(-0.157,0.377,0.910,-0.065)
  panda_link8: pos=(1.062,-2.200,1.098) q=(-0.157,0.377,0.910,-0.065)
  robotiq_arg2f_base_link: pos=(1.062,-2.200,1.098) q=(-0.157,0.377,0.910,-0.065)
  eef: pos=(1.014,-2.200,0.962) q=(-0.157,0.377,0.910,-0.065)
  left_outer_knuckle: pos=(1.023,-2.222,1.054) q=(0.065,0.910,-0.377,-0.157)
  left_inner_knuckle: pos=(1.033,-2.209,1.043) q=(0.065,0.910,-0.377,-0.157)
  right_outer_knuckle: pos=(1.064,-2.178,1.039) q=(-0.157,0.377,0.910,-0.065)
  right_inner_knuckle: pos=(1.050,-2.191,1.037) q=(-0.157,0.377,0.910,-0.065)
  left_outer_finger: pos=(1.004,-2.244,1.065) q=(0.065,0.910,-0.377,-0.157)
  right_outer_finger: pos=(1.086,-2.156,1.036) q=(-0.157,0.377,0.910,-0.065)
  left_inner_finger: pos=(0.984,-2.248,1.022) q=(0.065,0.910,-0.377,-0.157)
  right_inner_finger: pos=(1.075,-2.152,0.990) q=(-0.157,0.377,0.910,-0.065)
  left_inner_finger_pad: pos=(0.988,-2.233,0.986) q=(0.065,0.910,-0.377,-0.157)
  right_inner_finger_pad: pos=(1.049,-2.167,0.965) q=(-0.157,0.377,0.910,-0.065)
[viz] cuRobo OBB visualization created (0.734m x 0.524m, red transparent)
[planner] base_link home: pos=[1.3999928, -2.1999948, 0.0] q=[-1.8366026e-06, 0.0, 0.0, 1.0]
[planner] Creating SapienPlanningWorld...

  Planning world contents (ACM mode=strict):
    Robot links (25): ['scene-0-tidyverse_root', 'scene-0-tidyverse_base_x_link', 'scene-0-tidyverse_base_y_link', 'scene-0-tidyverse_base_link', 'scene-0-tidyverse_panda_link0']...
    Articulations (24):
      [PENDING] scene-0_stack_3_left_group_3_0_141 (3 links)
      [PENDING] scene-0_stack_3_left_group_2_0_138 (3 links)
      [PENDING] scene-0_top_left_group_0_119 (4 links)
      [PENDING] scene-0_bottom_left_group_1_0_107 (3 links)
      [PENDING] scene-0_sink_left_group_0_98 (5 links)
      [ROBOT] scene-0_tidyverse_1
      [PENDING] scene-0_cab_1_left_group_0_89 (3 links)
      [PENDING] scene-0_stovetop_main_group_0_36 (8 links)
      [PENDING] scene-0_cab_2_left_group_0_93 (3 links)
      [PENDING] scene-0_stack_1_main_group_1_0_48 (3 links)
      [PENDING] scene-0_stack_2_left_group_1_0_128 (4 links)
      [PENDING] scene-0_stack_1_main_group_3_0_54 (3 links)
      [PENDING] scene-0_stack_1_main_group_4_0_57 (3 links)
      [PENDING] scene-0_stack_2_main_group_1_0_61 (4 links)
      [PENDING] scene-0_stack_3_left_group_1_0_134 (4 links)
      [PENDING] scene-0_stack_1_main_group_2_0_51 (3 links)
      [PENDING] scene-0_stack_3_main_group_1_0_67 (4 links)
      [PENDING] scene-0_cab_main_main_group_0_78 (4 links)
      [PENDING] scene-0_microwave_left_group_0_115 (3 links)
      [PENDING] scene-0_stack_3_main_group_2_0_71 (3 links)
      [PENDING] scene-0_fridge_cab_main_group_0_83 (4 links)
      [PENDING] scene-0_stack_1_left_group_0_123 (3 links)
      [PENDING] scene-0_bottom_left_group_2_0_110 (3 links)
      [PENDING] scene-0_stack_3_main_group_3_0_74 (3 links)
    Static objects (94 total):
      Targets (always checked): 0
      Collision-checked (near, <1.5m): 94
        - fixture_box_stool_3_stool_group  dist=-1.00m
        - fixture_box_stool_2_stool_group  dist=-1.00m
        - fixture_box_stool_1_stool_group  dist=-1.00m
        - fixture_box_knife_block_left_group  dist=-1.00m
        - fixture_box_paper_towel_left_group  dist=-1.00m
        - fixture_box_coffee_machine_left_group  dist=-1.00m
        - fixture_box_stack_3_left_group_3  dist=-1.00m
        - fixture_box_stack_3_left_group_2  dist=-1.00m
        - fixture_box_stack_3_left_group_1  dist=-1.00m
        - fixture_box_stack_3_left_group_base  dist=-1.00m
        - fixture_box_stack_2_left_group_2  dist=-1.00m
        - fixture_box_stack_2_left_group_1  dist=-1.00m
        - fixture_box_micro_housing_left_group  dist=-1.00m
        - fixture_box_microwave_left_group  dist=-1.00m
        - fixture_box_oven_left_group  dist=-1.00m
        - fixture_box_bottom_left_group_1  dist=-1.00m
        - fixture_box_bottom_left_group_base  dist=-1.00m
        - fixture_box_stack_2_left_group_base  dist=-1.00m
        - fixture_box_counter_corner_left_group  dist=-1.00m
        - fixture_box_sink_left_group  dist=-1.00m
        - fixture_box_cab_corner_4_left_group  dist=-1.00m
        - fixture_box_cab_corner_3_left_group  dist=-1.00m
        - fixture_box_cab_2_left_group  dist=-1.00m
        - fixture_box_window_group_left_group  dist=-1.00m
        - fixture_box_oven_housing_left_group  dist=-1.00m
        - fixture_box_utensil_holder_main_group  dist=-1.00m
        - fixture_box_toaster_main_group  dist=-1.00m
        - scene-0_dishwasher_left_group_0_126  dist=-1.00m
        - fixture_box_fridge_main_group  dist=-1.00m
        - scene-0_bottom_left_group_base_0_106  dist=-1.00m
        - fixture_box_stack_1_main_group_base  dist=-1.00m
        - fixture_box_cab_1_left_group  dist=-1.00m
        - scene-0_counter_corner_left_group_0_104  dist=-1.00m
        - scene-0_window_group_left_group_0_92  dist=-1.00m
        - fixture_box_counter_1_left_left_group  dist=-1.00m
        - scene-0_utensil_holder_main_group_0_88  dist=-1.00m
        - scene-0_shelves_main_group_0_82  dist=-1.00m
        - scene-0_cab_corner_4_left_group_0_97  dist=-1.00m
        - scene-0_stack_2_left_group_base_0_127  dist=-1.00m
        - fixture_box_stack_1_main_group_4  dist=-1.00m
        - scene-0_floor_room_0_32  dist=-1.00m
        - scene-0_island_left_group_0_105  dist=-1.00m
        - scene-0_stool_3_stool_group_0_150  dist=-1.00m
        - scene-0_distr_counter_0_152  dist=-1.00m
        - scene-0_stack_2_left_group_2_0_132  dist=-1.00m
        - fixture_box_dishwasher_left_group  dist=-1.00m
        - fixture_box_bottom_left_group_2  dist=-1.00m
        - scene-0_hood_main_group_0_77  dist=-1.00m
        - scene-0_wall_room_0_26  dist=-1.00m
        - fixture_box_plant_left_group  dist=-1.00m
        - fixture_box_stack_1_left_group  dist=-1.00m
        - scene-0_wall_left_room_0_27  dist=-1.00m
        - scene-0_counter_corner_main_main_group_0_34  dist=-1.00m
        - scene-0_distr_sink_0_153  dist=-1.00m
        - fixture_box_counter_1_right_main_group  dist=-1.00m
        - scene-0_counter_1_right_main_group_0_44  dist=-1.00m
        - fixture_box_stack_1_main_group_2  dist=-1.00m
        - scene-0_stack_2_main_group_2_0_65  dist=-1.00m
        - scene-0_toaster_main_group_0_87  dist=-1.00m
        - scene-0_stack_1_main_group_base_0_47  dist=-1.00m
        - scene-0_oven_left_group_0_113  dist=-1.00m
        - scene-0_coffee_machine_left_group_0_144  dist=-1.00m
        - scene-0_cab_corner_3_left_group_0_96  dist=-1.00m
        - fixture_box_fridge_cab_main_group  dist=-1.00m
        - scene-0_stack_2_main_group_base_0_60  dist=-1.00m
        - scene-0_obj_0_151  dist=-1.00m
        - fixture_box_hood_main_group  dist=-1.00m
        - scene-0_stack_3_left_group_base_0_133  dist=-1.00m
        - scene-0_paper_towel_left_group_0_145  dist=-1.00m
        - scene-0_knife_block_left_group_0_146  dist=-1.00m
        - scene-0_stool_2_stool_group_0_149  dist=-1.00m
        - fixture_box_stack_2_main_group_1  dist=-1.00m
        - scene-0_plant_left_group_0_147  dist=-1.00m
        - scene-0_counter_main_main_group_0_35  dist=-1.00m
        - scene-0_stool_1_stool_group_0_148  dist=-1.00m
        - fixture_box_top_left_group  dist=-1.00m
        - fixture_box_counter_corner_main_main_group  dist=-1.00m
        - fixture_box_island_left_group  dist=-1.00m
        - scene-0_counter_1_left_left_group_0_103  dist=-1.00m
        - fixture_box_counter_main_main_group  dist=-1.00m
        - fixture_box_stovetop_main_group  dist=-1.00m
        - fixture_box_stack_2_main_group_2  dist=-1.00m
        - fixture_box_stack_1_main_group_3  dist=-1.00m
        - fixture_box_stack_2_main_group_base  dist=-1.00m
        - scene-0_fridge_main_group_0_45  dist=-1.00m
        - fixture_box_fridge_housing_main_group  dist=-1.00m
        - fixture_box_stack_3_main_group_base  dist=-1.00m
        - fixture_box_stack_3_main_group_2  dist=-1.00m
        - fixture_box_stack_1_main_group_1  dist=-1.00m
        - fixture_box_stack_3_main_group_1  dist=-1.00m
        - fixture_box_stack_3_main_group_3  dist=-1.00m
        - fixture_box_cab_main_main_group  dist=-1.00m
        - scene-0_stack_3_main_group_base_0_66  dist=-1.00m
        - fixture_box_shelves_main_group  dist=-1.00m
      ACM-relaxed (far): 0

  No initial collisions.
[planner] Added 57 fixture boxes (cached 57 cuboids for cuRobo)
[planner] mplib ready
[curobo] Using in-process planner (set CUROBO_SERVICE_URL to switch)
[curobo] Loading franka_mobile config...
Warp DeprecationWarning: The symbol `warp.torch.device_from_torch` will soon be removed from the public API. Use `warp.device_from_torch` instead.
[curobo] Warming up CUDA kernels...
[curobo] Loading arm-only config (base joints locked)...
[curobo] Ready (15.4s, whole_body + arm_only)
[curobo] Updated collision world: 54 cuboids (skipped 0 overlap, 3 far)
[curobo] Loaded 57 cuboids (transformed world→local)
[curobo] Collision world for target: 54 cuboids (excl 0 at target, 0 overlap, 3 far)
[curobo] Plan OK (2.62s, whole_body): 31 waypoints
[planner] dummy plan JIT warmup done (2.6s)
[maniskill] Environment ready (1 env(s))
[franka-bridge] State PUB on 6356, CMD REP on 6355, Stream SUB on 6357
[gripper-bridge] State PUB on 6371, CMD REP on 6370
[base-bridge] Using world-frame poses (no local conversion)
[maniskill] Started 3 bridge(s)
[base-bridge] RPC server listening on port 50800 (env 0)
[maniskill] HTTP API on port 6300 (env 0: /task/success, /task/info, /plan, /perceive, /reset)
[maniskill] Entering physics loop (1 env(s), Ctrl+C to stop)
[obj_inside_of] obj=obj obj_pos=[ 0.5072005 -2.75566    0.9922421] fixture_pos=[ 0.29999284 -2.1999989   0.96125   ] fsize=[0.91666663 0.55       0.24749999] shifted_fpos=[ 0.29999284 -2.1499989   0.96125   ] lower=[ 0.04999284 -2.3499989   0.68750001] upper=[ 0.54999284 -1.9499989   1.23499999] inside=False
[viz-debug] base_link.pose=(1.400,-2.200) q=(-0.000,-0.000,0.000,1.000) qpos[0:3]=(0.000,0.000,0.000)
[obj_inside_of] obj=obj obj_pos=[ 0.507529  -2.7553966  0.9647855] fixture_pos=[ 0.29999284 -2.1999989   0.96125   ] fsize=[0.91666663 0.55       0.24749999] shifted_fpos=[ 0.29999284 -2.1499989   0.96125   ] lower=[ 0.04999284 -2.3499989   0.68750001] upper=[ 0.54999284 -1.9499989   1.23499999] inside=False
[obj_inside_of] obj=obj obj_pos=[ 0.5072301 -2.7556841  0.9647163] fixture_pos=[ 0.29999284 -2.1999989   0.96125   ] fsize=[0.91666663 0.55       0.24749999] shifted_fpos=[ 0.29999284 -2.1499989   0.96125   ] lower=[ 0.04999284 -2.3499989   0.68750001] upper=[ 0.54999284 -1.9499989   1.23499999] inside=False
[obj_inside_of] obj=obj obj_pos=[ 0.5073308 -2.755629   0.9647054] fixture_pos=[ 0.29999284 -2.1999989   0.96125   ] fsize=[0.91666663 0.55       0.24749999] shifted_fpos=[ 0.29999284 -2.1499989   0.96125   ] lower=[ 0.04999284 -2.3499989   0.68750001] upper=[ 0.54999284 -1.9499989   1.23499999] inside=False
[obj_inside_of] obj=obj obj_pos=[ 0.5073328 -2.7556305  0.9647035] fixture_pos=[ 0.29999284 -2.1999989   0.96125   ] fsize=[0.91666663 0.55       0.24749999] shifted_fpos=[ 0.29999284 -2.1499989   0.96125   ] lower=[ 0.04999284 -2.3499989   0.68750001] upper=[ 0.54999284 -1.9499989   1.23499999] inside=False
[obj_inside_of] obj=obj obj_pos=[ 0.50733274 -2.7556305   0.96470356] fixture_pos=[ 0.29999284 -2.1999989   0.96125   ] fsize=[0.91666663 0.55       0.24749999] shifted_fpos=[ 0.29999284 -2.1499989   0.96125   ] lower=[ 0.04999284 -2.3499989   0.68750001] upper=[ 0.54999284 -1.9499989   1.23499999] inside=False
[obj_inside_of] obj=obj obj_pos=[ 0.5073327  -2.7556307   0.96470356] fixture_pos=[ 0.29999284 -2.1999989   0.96125   ] fsize=[0.91666663 0.55       0.24749999] shifted_fpos=[ 0.29999284 -2.1499989   0.96125   ] lower=[ 0.04999284 -2.3499989   0.68750001] upper=[ 0.54999284 -1.9499989   1.23499999] inside=False
[obj_inside_of] obj=obj obj_pos=[ 0.50733286 -2.7556305   0.96470356] fixture_pos=[ 0.29999284 -2.1999989   0.96125   ] fsize=[0.91666663 0.55       0.24749999] shifted_fpos=[ 0.29999284 -2.1499989   0.96125   ] lower=[ 0.04999284 -2.3499989   0.68750001] upper=[ 0.54999284 -1.9499989   1.23499999] inside=False
[obj_inside_of] obj=obj obj_pos=[ 0.50733256 -2.7556307   0.9647036 ] fixture_pos=[ 0.29999284 -2.1999989   0.96125   ] fsize=[0.91666663 0.55       0.24749999] shifted_fpos=[ 0.29999284 -2.1499989   0.96125   ] lower=[ 0.04999284 -2.3499989   0.68750001] upper=[ 0.54999284 -1.9499989   1.23499999] inside=False
[obj_inside_of] obj=obj obj_pos=[ 0.50733256 -2.7556307   0.9647036 ] fixture_pos=[ 0.29999284 -2.1999989   0.96125   ] fsize=[0.91666663 0.55       0.24749999] shifted_fpos=[ 0.29999284 -2.1499989   0.96125   ] lower=[ 0.04999284 -2.3499989   0.68750001] upper=[ 0.54999284 -1.9499989   1.23499999] inside=False
[obj_inside_of] obj=obj obj_pos=[ 0.50733256 -2.7556307   0.9647036 ] fixture_pos=[ 0.29999284 -2.1999989   0.96125   ] fsize=[0.91666663 0.55       0.24749999] shifted_fpos=[ 0.29999284 -2.1499989   0.96125   ] lower=[ 0.04999284 -2.3499989   0.68750001] upper=[ 0.54999284 -1.9499989   1.23499999] inside=False
[obj_inside_of] obj=obj obj_pos=[ 0.50733256 -2.7556307   0.9647036 ] fixture_pos=[ 0.29999284 -2.1999989   0.96125   ] fsize=[0.91666663 0.55       0.24749999] shifted_fpos=[ 0.29999284 -2.1499989   0.96125   ] lower=[ 0.04999284 -2.3499989   0.68750001] upper=[ 0.54999284 -1.9499989   1.23499999] inside=False
[obj_inside_of] obj=obj obj_pos=[ 0.50733256 -2.7556307   0.9647036 ] fixture_pos=[ 0.29999284 -2.1999989   0.96125   ] fsize=[0.91666663 0.55       0.24749999] shifted_fpos=[ 0.29999284 -2.1499989   0.96125   ] lower=[ 0.04999284 -2.3499989   0.68750001] upper=[ 0.54999284 -1.9499989   1.23499999] inside=False
[obj_inside_of] obj=obj obj_pos=[ 0.50733256 -2.7556307   0.9647036 ] fixture_pos=[ 0.29999284 -2.1999989   0.96125   ] fsize=[0.91666663 0.55       0.24749999] shifted_fpos=[ 0.29999284 -2.1499989   0.96125   ] lower=[ 0.04999284 -2.3499989   0.68750001] upper=[ 0.54999284 -1.9499989   1.23499999] inside=False
[obj_inside_of] obj=obj obj_pos=[ 0.50733256 -2.7556307   0.9647036 ] fixture_pos=[ 0.29999284 -2.1999989   0.96125   ] fsize=[0.91666663 0.55       0.24749999] shifted_fpos=[ 0.29999284 -2.1499989   0.96125   ] lower=[ 0.04999284 -2.3499989   0.68750001] upper=[ 0.54999284 -1.9499989   1.23499999] inside=False
[obj_inside_of] obj=obj obj_pos=[ 0.50733256 -2.7556307   0.9647036 ] fixture_pos=[ 0.29999284 -2.1999989   0.96125   ] fsize=[0.91666663 0.55       0.24749999] shifted_fpos=[ 0.29999284 -2.1499989   0.96125   ] lower=[ 0.04999284 -2.3499989   0.68750001] upper=[ 0.54999284 -1.9499989   1.23499999] inside=False
[obj_inside_of] obj=obj obj_pos=[ 0.50733256 -2.7556307   0.9647036 ] fixture_pos=[ 0.29999284 -2.1999989   0.96125   ] fsize=[0.91666663 0.55       0.24749999] shifted_fpos=[ 0.29999284 -2.1499989   0.96125   ] lower=[ 0.04999284 -2.3499989   0.68750001] upper=[ 0.54999284 -1.9499989   1.23499999] inside=False
[obj_inside_of] obj=obj obj_pos=[ 0.50733256 -2.7556307   0.9647036 ] fixture_pos=[ 0.29999284 -2.1999989   0.96125   ] fsize=[0.91666663 0.55       0.24749999] shifted_fpos=[ 0.29999284 -2.1499989   0.96125   ] lower=[ 0.04999284 -2.3499989   0.68750001] upper=[ 0.54999284 -1.9499989   1.23499999] inside=False
[obj_inside_of] obj=obj obj_pos=[ 0.50733256 -2.7556307   0.9647036 ] fixture_pos=[ 0.29999284 -2.1999989   0.96125   ] fsize=[0.91666663 0.55       0.24749999] shifted_fpos=[ 0.29999284 -2.1499989   0.96125   ] lower=[ 0.04999284 -2.3499989   0.68750001] upper=[ 0.54999284 -1.9499989   1.23499999] inside=False
[obj_inside_of] obj=obj obj_pos=[ 0.50733256 -2.7556307   0.9647036 ] fixture_pos=[ 0.29999284 -2.1999989   0.96125   ] fsize=[0.91666663 0.55       0.24749999] shifted_fpos=[ 0.29999284 -2.1499989   0.96125   ] lower=[ 0.04999284 -2.3499989   0.68750001] upper=[ 0.54999284 -1.9499989   1.23499999] inside=False
[obj_inside_of] obj=obj obj_pos=[ 1.8066406  -0.46388465  0.98405266] fixture_pos=[ 1.25    -0.3      0.96125] fsize=[0.91666663 0.55       0.24749999] shifted_fpos=[ 1.25    -0.25     0.96125] lower=[ 1.         -0.45        0.68750001] upper=[ 1.5        -0.05        1.23499999] inside=False
[obj_inside_of] obj=obj obj_pos=[ 1.8066406  -0.46388465  0.96933806] fixture_pos=[ 1.25    -0.3      0.96125] fsize=[0.91666663 0.55       0.24749999] shifted_fpos=[ 1.25    -0.25     0.96125] lower=[ 1.         -0.45        0.68750001] upper=[ 1.5        -0.05        1.23499999] inside=False
[obj_inside_of] obj=obj obj_pos=[ 1.8040357  -0.46280307  0.9662176 ] fixture_pos=[ 1.25    -0.3      0.96125] fsize=[0.91666663 0.55       0.24749999] shifted_fpos=[ 1.25    -0.25     0.96125] lower=[ 1.         -0.45        0.68750001] upper=[ 1.5        -0.05        1.23499999] inside=False
[obj_inside_of] obj=obj obj_pos=[ 1.8028651  -0.46354786  0.9663178 ] fixture_pos=[ 1.25    -0.3      0.96125] fsize=[0.91666663 0.55       0.24749999] shifted_fpos=[ 1.25    -0.25     0.96125] lower=[ 1.         -0.45        0.68750001] upper=[ 1.5        -0.05        1.23499999] inside=False
[perceive] 18 objects from ['base_camera', 'wrist_camera']: ['floor_room_0', 'stack_2_main_group_2_0', 'inner_box', 'object', 'dishwasher_main_group_0', 'counter_main_main_group_0', 'mango', 'egg', 'spout', 'wall_room_0']...
[obj_inside_of] obj=obj obj_pos=[ 1.803911  -0.4656271  0.9661223] fixture_pos=[ 1.25    -0.3      0.96125] fsize=[0.91666663 0.55       0.24749999] shifted_fpos=[ 1.25    -0.25     0.96125] lower=[ 1.         -0.45        0.68750001] upper=[ 1.5        -0.05        1.23499999] inside=False
[obj_inside_of] obj=obj obj_pos=[ 1.803911  -0.4656271  0.9661223] fixture_pos=[ 1.25    -0.3      0.96125] fsize=[0.91666663 0.55       0.24749999] shifted_fpos=[ 1.25    -0.25     0.96125] lower=[ 1.         -0.45        0.68750001] upper=[ 1.5        -0.05        1.23499999] inside=False
[obj_inside_of] obj=obj obj_pos=[ 1.8058068  -0.46702987  0.9662275 ] fixture_pos=[ 1.25    -0.3      0.96125] fsize=[0.91666663 0.55       0.24749999] shifted_fpos=[ 1.25    -0.25     0.96125] lower=[ 1.         -0.45        0.68750001] upper=[ 1.5        -0.05        1.23499999] inside=False
[obj_inside_of] obj=obj obj_pos=[ 1.8074341  -0.46733665  0.9662901 ] fixture_pos=[ 1.25    -0.3      0.96125] fsize=[0.91666663 0.55       0.24749999] shifted_fpos=[ 1.25    -0.25     0.96125] lower=[ 1.         -0.45        0.68750001] upper=[ 1.5        -0.05        1.23499999] inside=False
[perceive] 18 objects from ['base_camera', 'wrist_camera']: ['floor_room_0', 'stack_2_main_group_2_0', 'inner_box', 'object', 'dishwasher_main_group_0', 'counter_main_main_group_0', 'mango', 'egg', 'spout', 'wall_room_0']...
[obj_inside_of] obj=obj obj_pos=[ 1.8064998  -0.46692437  0.966229  ] fixture_pos=[ 1.25    -0.3      0.96125] fsize=[0.91666663 0.55       0.24749999] shifted_fpos=[ 1.25    -0.25     0.96125] lower=[ 1.         -0.45        0.68750001] upper=[ 1.5        -0.05        1.23499999] inside=False
[obj_inside_of] obj=obj obj_pos=[ 1.8040292 -0.465456   0.9661265] fixture_pos=[ 1.25    -0.3      0.96125] fsize=[0.91666663 0.55       0.24749999] shifted_fpos=[ 1.25    -0.25     0.96125] lower=[ 1.         -0.45        0.68750001] upper=[ 1.5        -0.05        1.23499999] inside=False
[obj_inside_of] obj=obj obj_pos=[ 1.8035966  -0.46503207  0.9661589 ] fixture_pos=[ 1.25    -0.3      0.96125] fsize=[0.91666663 0.55       0.24749999] shifted_fpos=[ 1.25    -0.25     0.96125] lower=[ 1.         -0.45        0.68750001] upper=[ 1.5        -0.05        1.23499999] inside=False
[obj_inside_of] obj=obj obj_pos=[ 1.8035966  -0.46503207  0.9661589 ] fixture_pos=[ 1.25    -0.3      0.96125] fsize=[0.91666663 0.55       0.24749999] shifted_fpos=[ 1.25    -0.25     0.96125] lower=[ 1.         -0.45        0.68750001] upper=[ 1.5        -0.05        1.23499999] inside=False
[obj_inside_of] obj=obj obj_pos=[ 1.8035966  -0.46503207  0.9661589 ] fixture_pos=[ 1.25    -0.3      0.96125] fsize=[0.91666663 0.55       0.24749999] shifted_fpos=[ 1.25    -0.25     0.96125] lower=[ 1.         -0.45        0.68750001] upper=[ 1.5        -0.05        1.23499999] inside=False
[obj_inside_of] obj=obj obj_pos=[ 1.8035966  -0.46503207  0.9661589 ] fixture_pos=[ 1.25    -0.3      0.96125] fsize=[0.91666663 0.55       0.24749999] shifted_fpos=[ 1.25    -0.25     0.96125] lower=[ 1.         -0.45        0.68750001] upper=[ 1.5        -0.05        1.23499999] inside=False
[obj_inside_of] obj=obj obj_pos=[ 1.8035966  -0.46503207  0.9661589 ] fixture_pos=[ 1.25    -0.3      0.96125] fsize=[0.91666663 0.55       0.24749999] shifted_fpos=[ 1.25    -0.25     0.96125] lower=[ 1.         -0.45        0.68750001] upper=[ 1.5        -0.05        1.23499999] inside=False
[obj_inside_of] obj=obj obj_pos=[ 1.8035966  -0.46503207  0.9661589 ] fixture_pos=[ 1.25    -0.3      0.96125] fsize=[0.91666663 0.55       0.24749999] shifted_fpos=[ 1.25    -0.25     0.96125] lower=[ 1.         -0.45        0.68750001] upper=[ 1.5        -0.05        1.23499999] inside=False
[obj_inside_of] obj=obj obj_pos=[ 1.8035966  -0.46503207  0.9661589 ] fixture_pos=[ 1.25    -0.3      0.96125] fsize=[0.91666663 0.55       0.24749999] shifted_fpos=[ 1.25    -0.25     0.96125] lower=[ 1.         -0.45        0.68750001] upper=[ 1.5        -0.05        1.23499999] inside=False
[obj_inside_of] obj=obj obj_pos=[ 1.8035966  -0.46503207  0.9661589 ] fixture_pos=[ 1.25    -0.3      0.96125] fsize=[0.91666663 0.55       0.24749999] shifted_fpos=[ 1.25    -0.25     0.96125] lower=[ 1.         -0.45        0.68750001] upper=[ 1.5        -0.05        1.23499999] inside=False
[obj_inside_of] obj=obj obj_pos=[ 1.8035966  -0.46503207  0.9661589 ] fixture_pos=[ 1.25    -0.3      0.96125] fsize=[0.91666663 0.55       0.24749999] shifted_fpos=[ 1.25    -0.25     0.96125] lower=[ 1.         -0.45        0.68750001] upper=[ 1.5        -0.05        1.23499999] inside=False
[obj_inside_of] obj=obj obj_pos=[ 1.8035966  -0.46503207  0.9661589 ] fixture_pos=[ 1.25    -0.3      0.96125] fsize=[0.91666663 0.55       0.24749999] shifted_fpos=[ 1.25    -0.25     0.96125] lower=[ 1.         -0.45        0.68750001] upper=[ 1.5        -0.05        1.23499999] inside=False
[obj_inside_of] obj=obj obj_pos=[ 1.8035966  -0.46503207  0.9661589 ] fixture_pos=[ 1.25    -0.3      0.96125] fsize=[0.91666663 0.55       0.24749999] shifted_fpos=[ 1.25    -0.25     0.96125] lower=[ 1.         -0.45        0.68750001] upper=[ 1.5        -0.05        1.23499999] inside=False
[obj_inside_of] obj=obj obj_pos=[ 1.8035966  -0.46503207  0.9661589 ] fixture_pos=[ 1.25    -0.3      0.96125] fsize=[0.91666663 0.55       0.24749999] shifted_fpos=[ 1.25    -0.25     0.96125] lower=[ 1.         -0.45        0.68750001] upper=[ 1.5        -0.05        1.23499999] inside=False
[obj_inside_of] obj=obj obj_pos=[ 1.8035966  -0.46503207  0.9661589 ] fixture_pos=[ 1.25    -0.3      0.96125] fsize=[0.91666663 0.55       0.24749999] shifted_fpos=[ 1.25    -0.25     0.96125] lower=[ 1.         -0.45        0.68750001] upper=[ 1.5        -0.05        1.23499999] inside=False
[obj_inside_of] obj=obj obj_pos=[ 1.8035966  -0.46503207  0.9661589 ] fixture_pos=[ 1.25    -0.3      0.96125] fsize=[0.91666663 0.55       0.24749999] shifted_fpos=[ 1.25    -0.25     0.96125] lower=[ 1.         -0.45        0.68750001] upper=[ 1.5        -0.05        1.23499999] inside=False
[obj_inside_of] obj=obj obj_pos=[ 1.8035966  -0.46503207  0.9661589 ] fixture_pos=[ 1.25    -0.3      0.96125] fsize=[0.91666663 0.55       0.24749999] shifted_fpos=[ 1.25    -0.25     0.96125] lower=[ 1.         -0.45        0.68750001] upper=[ 1.5        -0.05        1.23499999] inside=False
[obj_inside_of] obj=obj obj_pos=[ 1.8035966  -0.46503207  0.9661589 ] fixture_pos=[ 1.25    -0.3      0.96125] fsize=[0.91666663 0.55       0.24749999] shifted_fpos=[ 1.25    -0.25     0.96125] lower=[ 1.         -0.45        0.68750001] upper=[ 1.5        -0.05        1.23499999] inside=False
[obj_inside_of] obj=obj obj_pos=[ 1.8035966  -0.46503207  0.9661589 ] fixture_pos=[ 1.25    -0.3      0.96125] fsize=[0.91666663 0.55       0.24749999] shifted_fpos=[ 1.25    -0.25     0.96125] lower=[ 1.         -0.45        0.68750001] upper=[ 1.5        -0.05        1.23499999] inside=False
[obj_inside_of] obj=obj obj_pos=[ 1.8035966  -0.46503207  0.9661589 ] fixture_pos=[ 1.25    -0.3      0.96125] fsize=[0.91666663 0.55       0.24749999] shifted_fpos=[ 1.25    -0.25     0.96125] lower=[ 1.         -0.45        0.68750001] upper=[ 1.5        -0.05        1.23499999] inside=False
[obj_inside_of] obj=obj obj_pos=[ 1.8035966  -0.46503207  0.9661589 ] fixture_pos=[ 1.25    -0.3      0.96125] fsize=[0.91666663 0.55       0.24749999] shifted_fpos=[ 1.25    -0.25     0.96125] lower=[ 1.         -0.45        0.68750001] upper=[ 1.5        -0.05        1.23499999] inside=False
[obj_inside_of] obj=obj obj_pos=[ 1.8035966  -0.46503207  0.9661589 ] fixture_pos=[ 1.25    -0.3      0.96125] fsize=[0.91666663 0.55       0.24749999] shifted_fpos=[ 1.25    -0.25     0.96125] lower=[ 1.         -0.45        0.68750001] upper=[ 1.5        -0.05        1.23499999] inside=False
[obj_inside_of] obj=obj obj_pos=[ 1.8035966  -0.46503207  0.9661589 ] fixture_pos=[ 1.25    -0.3      0.96125] fsize=[0.91666663 0.55       0.24749999] shifted_fpos=[ 1.25    -0.25     0.96125] lower=[ 1.         -0.45        0.68750001] upper=[ 1.5        -0.05        1.23499999] inside=False
[obj_inside_of] obj=obj obj_pos=[ 1.8035966  -0.46503207  0.9661589 ] fixture_pos=[ 1.25    -0.3      0.96125] fsize=[0.91666663 0.55       0.24749999] shifted_fpos=[ 1.25    -0.25     0.96125] lower=[ 1.         -0.45        0.68750001] upper=[ 1.5        -0.05        1.23499999] inside=False
[obj_inside_of] obj=obj obj_pos=[ 1.8035966  -0.46503207  0.9661589 ] fixture_pos=[ 1.25    -0.3      0.96125] fsize=[0.91666663 0.55       0.24749999] shifted_fpos=[ 1.25    -0.25     0.96125] lower=[ 1.         -0.45        0.68750001] upper=[ 1.5        -0.05        1.23499999] inside=False
[obj_inside_of] obj=obj obj_pos=[ 1.8035966  -0.46503207  0.9661589 ] fixture_pos=[ 1.25    -0.3      0.96125] fsize=[0.91666663 0.55       0.24749999] shifted_fpos=[ 1.25    -0.25     0.96125] lower=[ 1.         -0.45        0.68750001] upper=[ 1.5        -0.05        1.23499999] inside=False
[obj_inside_of] obj=obj obj_pos=[ 1.8035966  -0.46503207  0.9661589 ] fixture_pos=[ 1.25    -0.3      0.96125] fsize=[0.91666663 0.55       0.24749999] shifted_fpos=[ 1.25    -0.25     0.96125] lower=[ 1.         -0.45        0.68750001] upper=[ 1.5        -0.05        1.23499999] inside=False
[obj_inside_of] obj=obj obj_pos=[ 1.8035966  -0.46503207  0.9661589 ] fixture_pos=[ 1.25    -0.3      0.96125] fsize=[0.91666663 0.55       0.24749999] shifted_fpos=[ 1.25    -0.25     0.96125] lower=[ 1.         -0.45        0.68750001] upper=[ 1.5        -0.05        1.23499999] inside=False
[obj_inside_of] obj=obj obj_pos=[ 1.8035966  -0.46503207  0.9661589 ] fixture_pos=[ 1.25    -0.3      0.96125] fsize=[0.91666663 0.55       0.24749999] shifted_fpos=[ 1.25    -0.25     0.96125] lower=[ 1.         -0.45        0.68750001] upper=[ 1.5        -0.05        1.23499999] inside=False
[obj_inside_of] obj=obj obj_pos=[ 1.8035966  -0.46503207  0.9661589 ] fixture_pos=[ 1.25    -0.3      0.96125] fsize=[0.91666663 0.55       0.24749999] shifted_fpos=[ 1.25    -0.25     0.96125] lower=[ 1.         -0.45        0.68750001] upper=[ 1.5        -0.05        1.23499999] inside=False
[obj_inside_of] obj=obj obj_pos=[ 1.8035966  -0.46503207  0.9661589 ] fixture_pos=[ 1.25    -0.3      0.96125] fsize=[0.91666663 0.55       0.24749999] shifted_fpos=[ 1.25    -0.25     0.96125] lower=[ 1.         -0.45        0.68750001] upper=[ 1.5        -0.05        1.23499999] inside=False
[obj_inside_of] obj=obj obj_pos=[ 1.8035966  -0.46503207  0.9661589 ] fixture_pos=[ 1.25    -0.3      0.96125] fsize=[0.91666663 0.55       0.24749999] shifted_fpos=[ 1.25    -0.25     0.96125] lower=[ 1.         -0.45        0.68750001] upper=[ 1.5        -0.05        1.23499999] inside=False
[obj_inside_of] obj=obj obj_pos=[ 1.8035966  -0.46503207  0.9661589 ] fixture_pos=[ 1.25    -0.3      0.96125] fsize=[0.91666663 0.55       0.24749999] shifted_fpos=[ 1.25    -0.25     0.96125] lower=[ 1.         -0.45        0.68750001] upper=[ 1.5        -0.05        1.23499999] inside=False
[obj_inside_of] obj=obj obj_pos=[ 1.8035966  -0.46503207  0.9661589 ] fixture_pos=[ 1.25    -0.3      0.96125] fsize=[0.91666663 0.55       0.24749999] shifted_fpos=[ 1.25    -0.25     0.96125] lower=[ 1.         -0.45        0.68750001] upper=[ 1.5        -0.05        1.23499999] inside=False
[obj_inside_of] obj=obj obj_pos=[ 1.8035966  -0.46503207  0.9661589 ] fixture_pos=[ 1.25    -0.3      0.96125] fsize=[0.91666663 0.55       0.24749999] shifted_fpos=[ 1.25    -0.25     0.96125] lower=[ 1.         -0.45        0.68750001] upper=[ 1.5        -0.05        1.23499999] inside=False
[obj_inside_of] obj=obj obj_pos=[ 1.8035966  -0.46503207  0.9661589 ] fixture_pos=[ 1.25    -0.3      0.96125] fsize=[0.91666663 0.55       0.24749999] shifted_fpos=[ 1.25    -0.25     0.96125] lower=[ 1.         -0.45        0.68750001] upper=[ 1.5        -0.05        1.23499999] inside=False
[obj_inside_of] obj=obj obj_pos=[ 1.8035966  -0.46503207  0.9661589 ] fixture_pos=[ 1.25    -0.3      0.96125] fsize=[0.91666663 0.55       0.24749999] shifted_fpos=[ 1.25    -0.25     0.96125] lower=[ 1.         -0.45        0.68750001] upper=[ 1.5        -0.05        1.23499999] inside=False
[obj_inside_of] obj=obj obj_pos=[ 1.8035966  -0.46503207  0.9661589 ] fixture_pos=[ 1.25    -0.3      0.96125] fsize=[0.91666663 0.55       0.24749999] shifted_fpos=[ 1.25    -0.25     0.96125] lower=[ 1.         -0.45        0.68750001] upper=[ 1.5        -0.05        1.23499999] inside=False
[obj_inside_of] obj=obj obj_pos=[ 1.8035966  -0.46503207  0.9661589 ] fixture_pos=[ 1.25    -0.3      0.96125] fsize=[0.91666663 0.55       0.24749999] shifted_fpos=[ 1.25    -0.25     0.96125] lower=[ 1.         -0.45        0.68750001] upper=[ 1.5        -0.05        1.23499999] inside=False
[obj_inside_of] obj=obj obj_pos=[ 1.8035966  -0.46503207  0.9661589 ] fixture_pos=[ 1.25    -0.3      0.96125] fsize=[0.91666663 0.55       0.24749999] shifted_fpos=[ 1.25    -0.25     0.96125] lower=[ 1.         -0.45        0.68750001] upper=[ 1.5        -0.05        1.23499999] inside=False
[obj_inside_of] obj=obj obj_pos=[ 1.8035966  -0.46503207  0.9661589 ] fixture_pos=[ 1.25    -0.3      0.96125] fsize=[0.91666663 0.55       0.24749999] shifted_fpos=[ 1.25    -0.25     0.96125] lower=[ 1.         -0.45        0.68750001] upper=[ 1.5        -0.05        1.23499999] inside=False
[obj_inside_of] obj=obj obj_pos=[ 1.8035966  -0.46503207  0.9661589 ] fixture_pos=[ 1.25    -0.3      0.96125] fsize=[0.91666663 0.55       0.24749999] shifted_fpos=[ 1.25    -0.25     0.96125] lower=[ 1.         -0.45        0.68750001] upper=[ 1.5        -0.05        1.23499999] inside=False
[obj_inside_of] obj=obj obj_pos=[ 1.8035966  -0.46503207  0.9661589 ] fixture_pos=[ 1.25    -0.3      0.96125] fsize=[0.91666663 0.55       0.24749999] shifted_fpos=[ 1.25    -0.25     0.96125] lower=[ 1.         -0.45        0.68750001] upper=[ 1.5        -0.05        1.23499999] inside=False
[obj_inside_of] obj=obj obj_pos=[ 1.8035966  -0.46503207  0.9661589 ] fixture_pos=[ 1.25    -0.3      0.96125] fsize=[0.91666663 0.55       0.24749999] shifted_fpos=[ 1.25    -0.25     0.96125] lower=[ 1.         -0.45        0.68750001] upper=[ 1.5        -0.05        1.23499999] inside=False
[obj_inside_of] obj=obj obj_pos=[ 1.8035966  -0.46503207  0.9661589 ] fixture_pos=[ 1.25    -0.3      0.96125] fsize=[0.91666663 0.55       0.24749999] shifted_fpos=[ 1.25    -0.25     0.96125] lower=[ 1.         -0.45        0.68750001] upper=[ 1.5        -0.05        1.23499999] inside=False
[obj_inside_of] obj=obj obj_pos=[ 1.8035966  -0.46503207  0.9661589 ] fixture_pos=[ 1.25    -0.3      0.96125] fsize=[0.91666663 0.55       0.24749999] shifted_fpos=[ 1.25    -0.25     0.96125] lower=[ 1.         -0.45        0.68750001] upper=[ 1.5        -0.05        1.23499999] inside=False
[obj_inside_of] obj=obj obj_pos=[ 1.8035966  -0.46503207  0.9661589 ] fixture_pos=[ 1.25    -0.3      0.96125] fsize=[0.91666663 0.55       0.24749999] shifted_fpos=[ 1.25    -0.25     0.96125] lower=[ 1.         -0.45        0.68750001] upper=[ 1.5        -0.05        1.23499999] inside=False
[obj_inside_of] obj=obj obj_pos=[ 1.8035966  -0.46503207  0.9661589 ] fixture_pos=[ 1.25    -0.3      0.96125] fsize=[0.91666663 0.55       0.24749999] shifted_fpos=[ 1.25    -0.25     0.96125] lower=[ 1.         -0.45        0.68750001] upper=[ 1.5        -0.05        1.23499999] inside=False
[obj_inside_of] obj=obj obj_pos=[ 1.8035966  -0.46503207  0.9661589 ] fixture_pos=[ 1.25    -0.3      0.96125] fsize=[0.91666663 0.55       0.24749999] shifted_fpos=[ 1.25    -0.25     0.96125] lower=[ 1.         -0.45        0.68750001] upper=[ 1.5        -0.05        1.23499999] inside=False
[obj_inside_of] obj=obj obj_pos=[ 1.8035966  -0.46503207  0.9661589 ] fixture_pos=[ 1.25    -0.3      0.96125] fsize=[0.91666663 0.55       0.24749999] shifted_fpos=[ 1.25    -0.25     0.96125] lower=[ 1.         -0.45        0.68750001] upper=[ 1.5        -0.05        1.23499999] inside=False
[obj_inside_of] obj=obj obj_pos=[ 1.8035966  -0.46503207  0.9661589 ] fixture_pos=[ 1.25    -0.3      0.96125] fsize=[0.91666663 0.55       0.24749999] shifted_fpos=[ 1.25    -0.25     0.96125] lower=[ 1.         -0.45        0.68750001] upper=[ 1.5        -0.05        1.23499999] inside=False
[obj_inside_of] obj=obj obj_pos=[ 1.8035966  -0.46503207  0.9661589 ] fixture_pos=[ 1.25    -0.3      0.96125] fsize=[0.91666663 0.55       0.24749999] shifted_fpos=[ 1.25    -0.25     0.96125] lower=[ 1.         -0.45        0.68750001] upper=[ 1.5        -0.05        1.23499999] inside=False
[obj_inside_of] obj=obj obj_pos=[ 1.8035966  -0.46503207  0.9661589 ] fixture_pos=[ 1.25    -0.3      0.96125] fsize=[0.91666663 0.55       0.24749999] shifted_fpos=[ 1.25    -0.25     0.96125] lower=[ 1.         -0.45        0.68750001] upper=[ 1.5        -0.05        1.23499999] inside=False
[obj_inside_of] obj=obj obj_pos=[ 1.8035966  -0.46503207  0.9661589 ] fixture_pos=[ 1.25    -0.3      0.96125] fsize=[0.91666663 0.55       0.24749999] shifted_fpos=[ 1.25    -0.25     0.96125] lower=[ 1.         -0.45        0.68750001] upper=[ 1.5        -0.05        1.23499999] inside=False
[obj_inside_of] obj=obj obj_pos=[ 1.8035966  -0.46503207  0.9661589 ] fixture_pos=[ 1.25    -0.3      0.96125] fsize=[0.91666663 0.55       0.24749999] shifted_fpos=[ 1.25    -0.25     0.96125] lower=[ 1.         -0.45        0.68750001] upper=[ 1.5        -0.05        1.23499999] inside=False
[obj_inside_of] obj=obj obj_pos=[ 1.8035966  -0.46503207  0.9661589 ] fixture_pos=[ 1.25    -0.3      0.96125] fsize=[0.91666663 0.55       0.24749999] shifted_fpos=[ 1.25    -0.25     0.96125] lower=[ 1.         -0.45        0.68750001] upper=[ 1.5        -0.05        1.23499999] inside=False
[obj_inside_of] obj=obj obj_pos=[ 1.8035966  -0.46503207  0.9661589 ] fixture_pos=[ 1.25    -0.3      0.96125] fsize=[0.91666663 0.55       0.24749999] shifted_fpos=[ 1.25    -0.25     0.96125] lower=[ 1.         -0.45        0.68750001] upper=[ 1.5        -0.05        1.23499999] inside=False
[obj_inside_of] obj=obj obj_pos=[ 1.8035966  -0.46503207  0.9661589 ] fixture_pos=[ 1.25    -0.3      0.96125] fsize=[0.91666663 0.55       0.24749999] shifted_fpos=[ 1.25    -0.25     0.96125] lower=[ 1.         -0.45        0.68750001] upper=[ 1.5        -0.05        1.23499999] inside=False
[obj_inside_of] obj=obj obj_pos=[ 1.8035966  -0.46503207  0.9661589 ] fixture_pos=[ 1.25    -0.3      0.96125] fsize=[0.91666663 0.55       0.24749999] shifted_fpos=[ 1.25    -0.25     0.96125] lower=[ 1.         -0.45        0.68750001] upper=[ 1.5        -0.05        1.23499999] inside=False
[obj_inside_of] obj=obj obj_pos=[ 1.8035966  -0.46503207  0.9661589 ] fixture_pos=[ 1.25    -0.3      0.96125] fsize=[0.91666663 0.55       0.24749999] shifted_fpos=[ 1.25    -0.25     0.96125] lower=[ 1.         -0.45        0.68750001] upper=[ 1.5        -0.05        1.23499999] inside=False
[obj_inside_of] obj=obj obj_pos=[ 1.8035966  -0.46503207  0.9661589 ] fixture_pos=[ 1.25    -0.3      0.96125] fsize=[0.91666663 0.55       0.24749999] shifted_fpos=[ 1.25    -0.25     0.96125] lower=[ 1.         -0.45        0.68750001] upper=[ 1.5        -0.05        1.23499999] inside=False
[obj_inside_of] obj=obj obj_pos=[ 1.8035966  -0.46503207  0.9661589 ] fixture_pos=[ 1.25    -0.3      0.96125] fsize=[0.91666663 0.55       0.24749999] shifted_fpos=[ 1.25    -0.25     0.96125] lower=[ 1.         -0.45        0.68750001] upper=[ 1.5        -0.05        1.23499999] inside=False
[obj_inside_of] obj=obj obj_pos=[ 1.8035966  -0.46503207  0.9661589 ] fixture_pos=[ 1.25    -0.3      0.96125] fsize=[0.91666663 0.55       0.24749999] shifted_fpos=[ 1.25    -0.25     0.96125] lower=[ 1.         -0.45        0.68750001] upper=[ 1.5        -0.05        1.23499999] inside=False
[obj_inside_of] obj=obj obj_pos=[ 1.8035966  -0.46503207  0.9661589 ] fixture_pos=[ 1.25    -0.3      0.96125] fsize=[0.91666663 0.55       0.24749999] shifted_fpos=[ 1.25    -0.25     0.96125] lower=[ 1.         -0.45        0.68750001] upper=[ 1.5        -0.05        1.23499999] inside=False
[obj_inside_of] obj=obj obj_pos=[ 1.8035966  -0.46503207  0.9661589 ] fixture_pos=[ 1.25    -0.3      0.96125] fsize=[0.91666663 0.55       0.24749999] shifted_fpos=[ 1.25    -0.25     0.96125] lower=[ 1.         -0.45        0.68750001] upper=[ 1.5        -0.05        1.23499999] inside=False
[obj_inside_of] obj=obj obj_pos=[ 1.8035966  -0.46503207  0.9661589 ] fixture_pos=[ 1.25    -0.3      0.96125] fsize=[0.91666663 0.55       0.24749999] shifted_fpos=[ 1.25    -0.25     0.96125] lower=[ 1.         -0.45        0.68750001] upper=[ 1.5        -0.05        1.23499999] inside=False
[obj_inside_of] obj=obj obj_pos=[ 1.8035966  -0.46503207  0.9661589 ] fixture_pos=[ 1.25    -0.3      0.96125] fsize=[0.91666663 0.55       0.24749999] shifted_fpos=[ 1.25    -0.25     0.96125] lower=[ 1.         -0.45        0.68750001] upper=[ 1.5        -0.05        1.23499999] inside=False
[obj_inside_of] obj=obj obj_pos=[ 1.8035966  -0.46503207  0.9661589 ] fixture_pos=[ 1.25    -0.3      0.96125] fsize=[0.91666663 0.55       0.24749999] shifted_fpos=[ 1.25    -0.25     0.96125] lower=[ 1.         -0.45        0.68750001] upper=[ 1.5        -0.05        1.23499999] inside=False
[obj_inside_of] obj=obj obj_pos=[ 1.8035966  -0.46503207  0.9661589 ] fixture_pos=[ 1.25    -0.3      0.96125] fsize=[0.91666663 0.55       0.24749999] shifted_fpos=[ 1.25    -0.25     0.96125] lower=[ 1.         -0.45        0.68750001] upper=[ 1.5        -0.05        1.23499999] inside=False
[obj_inside_of] obj=obj obj_pos=[ 1.8035966  -0.46503207  0.9661589 ] fixture_pos=[ 1.25    -0.3      0.96125] fsize=[0.91666663 0.55       0.24749999] shifted_fpos=[ 1.25    -0.25     0.96125] lower=[ 1.         -0.45        0.68750001] upper=[ 1.5        -0.05        1.23499999] inside=False
[obj_inside_of] obj=obj obj_pos=[ 1.8035966  -0.46503207  0.9661589 ] fixture_pos=[ 1.25    -0.3      0.96125] fsize=[0.91666663 0.55       0.24749999] shifted_fpos=[ 1.25    -0.25     0.96125] lower=[ 1.         -0.45        0.68750001] upper=[ 1.5        -0.05        1.23499999] inside=False
[obj_inside_of] obj=obj obj_pos=[ 1.8035966  -0.46503207  0.9661589 ] fixture_pos=[ 1.25    -0.3      0.96125] fsize=[0.91666663 0.55       0.24749999] shifted_fpos=[ 1.25    -0.25     0.96125] lower=[ 1.         -0.45        0.68750001] upper=[ 1.5        -0.05        1.23499999] inside=False
[obj_inside_of] obj=obj obj_pos=[ 1.8035966  -0.46503207  0.9661589 ] fixture_pos=[ 1.25    -0.3      0.96125] fsize=[0.91666663 0.55       0.24749999] shifted_fpos=[ 1.25    -0.25     0.96125] lower=[ 1.         -0.45        0.68750001] upper=[ 1.5        -0.05        1.23499999] inside=False
[obj_inside_of] obj=obj obj_pos=[ 1.8035966  -0.46503207  0.9661589 ] fixture_pos=[ 1.25    -0.3      0.96125] fsize=[0.91666663 0.55       0.24749999] shifted_fpos=[ 1.25    -0.25     0.96125] lower=[ 1.         -0.45        0.68750001] upper=[ 1.5        -0.05        1.23499999] inside=False
[obj_inside_of] obj=obj obj_pos=[ 1.8035966  -0.46503207  0.9661589 ] fixture_pos=[ 1.25    -0.3      0.96125] fsize=[0.91666663 0.55       0.24749999] shifted_fpos=[ 1.25    -0.25     0.96125] lower=[ 1.         -0.45        0.68750001] upper=[ 1.5        -0.05        1.23499999] inside=False
[obj_inside_of] obj=obj obj_pos=[ 1.8035966  -0.46503207  0.9661589 ] fixture_pos=[ 1.25    -0.3      0.96125] fsize=[0.91666663 0.55       0.24749999] shifted_fpos=[ 1.25    -0.25     0.96125] lower=[ 1.         -0.45        0.68750001] upper=[ 1.5        -0.05        1.23499999] inside=False
[obj_inside_of] obj=obj obj_pos=[ 1.8035966  -0.46503207  0.9661589 ] fixture_pos=[ 1.25    -0.3      0.96125] fsize=[0.91666663 0.55       0.24749999] shifted_fpos=[ 1.25    -0.25     0.96125] lower=[ 1.         -0.45        0.68750001] upper=[ 1.5        -0.05        1.23499999] inside=False
[obj_inside_of] obj=obj obj_pos=[ 1.8035966  -0.46503207  0.9661589 ] fixture_pos=[ 1.25    -0.3      0.96125] fsize=[0.91666663 0.55       0.24749999] shifted_fpos=[ 1.25    -0.25     0.96125] lower=[ 1.         -0.45        0.68750001] upper=[ 1.5        -0.05        1.23499999] inside=False
[obj_inside_of] obj=obj obj_pos=[ 1.8035966  -0.46503207  0.9661589 ] fixture_pos=[ 1.25    -0.3      0.96125] fsize=[0.91666663 0.55       0.24749999] shifted_fpos=[ 1.25    -0.25     0.96125] lower=[ 1.         -0.45        0.68750001] upper=[ 1.5        -0.05        1.23499999] inside=False
[obj_inside_of] obj=obj obj_pos=[ 1.8035966  -0.46503207  0.9661589 ] fixture_pos=[ 1.25    -0.3      0.96125] fsize=[0.91666663 0.55       0.24749999] shifted_fpos=[ 1.25    -0.25     0.96125] lower=[ 1.         -0.45        0.68750001] upper=[ 1.5        -0.05        1.23499999] inside=False
[obj_inside_of] obj=obj obj_pos=[ 1.8035966  -0.46503207  0.9661589 ] fixture_pos=[ 1.25    -0.3      0.96125] fsize=[0.91666663 0.55       0.24749999] shifted_fpos=[ 1.25    -0.25     0.96125] lower=[ 1.         -0.45        0.68750001] upper=[ 1.5        -0.05        1.23499999] inside=False
[obj_inside_of] obj=obj obj_pos=[ 1.8035966  -0.46503207  0.9661589 ] fixture_pos=[ 1.25    -0.3      0.96125] fsize=[0.91666663 0.55       0.24749999] shifted_fpos=[ 1.25    -0.25     0.96125] lower=[ 1.         -0.45        0.68750001] upper=[ 1.5        -0.05        1.23499999] inside=False
[obj_inside_of] obj=obj obj_pos=[ 1.8035966  -0.46503207  0.9661589 ] fixture_pos=[ 1.25    -0.3      0.96125] fsize=[0.91666663 0.55       0.24749999] shifted_fpos=[ 1.25    -0.25     0.96125] lower=[ 1.         -0.45        0.68750001] upper=[ 1.5        -0.05        1.23499999] inside=False
[obj_inside_of] obj=obj obj_pos=[ 1.8035966  -0.46503207  0.9661589 ] fixture_pos=[ 1.25    -0.3      0.96125] fsize=[0.91666663 0.55       0.24749999] shifted_fpos=[ 1.25    -0.25     0.96125] lower=[ 1.         -0.45        0.68750001] upper=[ 1.5        -0.05        1.23499999] inside=False
[obj_inside_of] obj=obj obj_pos=[ 1.8035966  -0.46503207  0.9661589 ] fixture_pos=[ 1.25    -0.3      0.96125] fsize=[0.91666663 0.55       0.24749999] shifted_fpos=[ 1.25    -0.25     0.96125] lower=[ 1.         -0.45        0.68750001] upper=[ 1.5        -0.05        1.23499999] inside=False
[obj_inside_of] obj=obj obj_pos=[ 1.8035966  -0.46503207  0.9661589 ] fixture_pos=[ 1.25    -0.3      0.96125] fsize=[0.91666663 0.55       0.24749999] shifted_fpos=[ 1.25    -0.25     0.96125] lower=[ 1.         -0.45        0.68750001] upper=[ 1.5        -0.05        1.23499999] inside=False
[obj_inside_of] obj=obj obj_pos=[ 1.8035966  -0.46503207  0.9661589 ] fixture_pos=[ 1.25    -0.3      0.96125] fsize=[0.91666663 0.55       0.24749999] shifted_fpos=[ 1.25    -0.25     0.96125] lower=[ 1.         -0.45        0.68750001] upper=[ 1.5        -0.05        1.23499999] inside=False
[obj_inside_of] obj=obj obj_pos=[ 1.8035966  -0.46503207  0.9661589 ] fixture_pos=[ 1.25    -0.3      0.96125] fsize=[0.91666663 0.55       0.24749999] shifted_fpos=[ 1.25    -0.25     0.96125] lower=[ 1.         -0.45        0.68750001] upper=[ 1.5        -0.05        1.23499999] inside=False
[obj_inside_of] obj=obj obj_pos=[ 1.8035966  -0.46503207  0.9661589 ] fixture_pos=[ 1.25    -0.3      0.96125] fsize=[0.91666663 0.55       0.24749999] shifted_fpos=[ 1.25    -0.25     0.96125] lower=[ 1.         -0.45        0.68750001] upper=[ 1.5        -0.05        1.23499999] inside=False
[obj_inside_of] obj=obj obj_pos=[ 1.8035966  -0.46503207  0.9661589 ] fixture_pos=[ 1.25    -0.3      0.96125] fsize=[0.91666663 0.55       0.24749999] shifted_fpos=[ 1.25    -0.25     0.96125] lower=[ 1.         -0.45        0.68750001] upper=[ 1.5        -0.05        1.23499999] inside=False
[obj_inside_of] obj=obj obj_pos=[ 1.8035966  -0.46503207  0.9661589 ] fixture_pos=[ 1.25    -0.3      0.96125] fsize=[0.91666663 0.55       0.24749999] shifted_fpos=[ 1.25    -0.25     0.96125] lower=[ 1.         -0.45        0.68750001] upper=[ 1.5        -0.05        1.23499999] inside=False
[obj_inside_of] obj=obj obj_pos=[ 1.8035966  -0.46503207  0.9661589 ] fixture_pos=[ 1.25    -0.3      0.96125] fsize=[0.91666663 0.55       0.24749999] shifted_fpos=[ 1.25    -0.25     0.96125] lower=[ 1.         -0.45        0.68750001] upper=[ 1.5        -0.05        1.23499999] inside=False
[obj_inside_of] obj=obj obj_pos=[ 1.8035966  -0.46503207  0.9661589 ] fixture_pos=[ 1.25    -0.3      0.96125] fsize=[0.91666663 0.55       0.24749999] shifted_fpos=[ 1.25    -0.25     0.96125] lower=[ 1.         -0.45        0.68750001] upper=[ 1.5        -0.05        1.23499999] inside=False
[obj_inside_of] obj=obj obj_pos=[ 1.8035966  -0.46503207  0.9661589 ] fixture_pos=[ 1.25    -0.3      0.96125] fsize=[0.91666663 0.55       0.24749999] shifted_fpos=[ 1.25    -0.25     0.96125] lower=[ 1.         -0.45        0.68750001] upper=[ 1.5        -0.05        1.23499999] inside=False
[obj_inside_of] obj=obj obj_pos=[ 1.8035966  -0.46503207  0.9661589 ] fixture_pos=[ 1.25    -0.3      0.96125] fsize=[0.91666663 0.55       0.24749999] shifted_fpos=[ 1.25    -0.25     0.96125] lower=[ 1.         -0.45        0.68750001] upper=[ 1.5        -0.05        1.23499999] inside=False
[obj_inside_of] obj=obj obj_pos=[ 1.8035966  -0.46503207  0.9661589 ] fixture_pos=[ 1.25    -0.3      0.96125] fsize=[0.91666663 0.55       0.24749999] shifted_fpos=[ 1.25    -0.25     0.96125] lower=[ 1.         -0.45        0.68750001] upper=[ 1.5        -0.05        1.23499999] inside=False
[obj_inside_of] obj=obj obj_pos=[ 1.8035966  -0.46503207  0.9661589 ] fixture_pos=[ 1.25    -0.3      0.96125] fsize=[0.91666663 0.55       0.24749999] shifted_fpos=[ 1.25    -0.25     0.96125] lower=[ 1.         -0.45        0.68750001] upper=[ 1.5        -0.05        1.23499999] inside=False
[obj_inside_of] obj=obj obj_pos=[ 1.8035966  -0.46503207  0.9661589 ] fixture_pos=[ 1.25    -0.3      0.96125] fsize=[0.91666663 0.55       0.24749999] shifted_fpos=[ 1.25    -0.25     0.96125] lower=[ 1.         -0.45        0.68750001] upper=[ 1.5        -0.05        1.23499999] inside=False
[obj_inside_of] obj=obj obj_pos=[ 1.8035966  -0.46503207  0.9661589 ] fixture_pos=[ 1.25    -0.3      0.96125] fsize=[0.91666663 0.55       0.24749999] shifted_fpos=[ 1.25    -0.25     0.96125] lower=[ 1.         -0.45        0.68750001] upper=[ 1.5        -0.05        1.23499999] inside=False
[obj_inside_of] obj=obj obj_pos=[ 1.8035966  -0.46503207  0.9661589 ] fixture_pos=[ 1.25    -0.3      0.96125] fsize=[0.91666663 0.55       0.24749999] shifted_fpos=[ 1.25    -0.25     0.96125] lower=[ 1.         -0.45        0.68750001] upper=[ 1.5        -0.05        1.23499999] inside=False
[obj_inside_of] obj=obj obj_pos=[ 1.8035966  -0.46503207  0.9661589 ] fixture_pos=[ 1.25    -0.3      0.96125] fsize=[0.91666663 0.55       0.24749999] shifted_fpos=[ 1.25    -0.25     0.96125] lower=[ 1.         -0.45        0.68750001] upper=[ 1.5        -0.05        1.23499999] inside=False
[obj_inside_of] obj=obj obj_pos=[ 1.8035966  -0.46503207  0.9661589 ] fixture_pos=[ 1.25    -0.3      0.96125] fsize=[0.91666663 0.55       0.24749999] shifted_fpos=[ 1.25    -0.25     0.96125] lower=[ 1.         -0.45        0.68750001] upper=[ 1.5        -0.05        1.23499999] inside=False
[obj_inside_of] obj=obj obj_pos=[ 1.8035966  -0.46503207  0.9661589 ] fixture_pos=[ 1.25    -0.3      0.96125] fsize=[0.91666663 0.55       0.24749999] shifted_fpos=[ 1.25    -0.25     0.96125] lower=[ 1.         -0.45        0.68750001] upper=[ 1.5        -0.05        1.23499999] inside=False
[obj_inside_of] obj=obj obj_pos=[ 1.8035966  -0.46503207  0.9661589 ] fixture_pos=[ 1.25    -0.3      0.96125] fsize=[0.91666663 0.55       0.24749999] shifted_fpos=[ 1.25    -0.25     0.96125] lower=[ 1.         -0.45        0.68750001] upper=[ 1.5        -0.05        1.23499999] inside=False
[obj_inside_of] obj=obj obj_pos=[ 1.8035966  -0.46503207  0.9661589 ] fixture_pos=[ 1.25    -0.3      0.96125] fsize=[0.91666663 0.55       0.24749999] shifted_fpos=[ 1.25    -0.25     0.96125] lower=[ 1.         -0.45        0.68750001] upper=[ 1.5        -0.05        1.23499999] inside=False
[obj_inside_of] obj=obj obj_pos=[ 1.8035966  -0.46503207  0.9661589 ] fixture_pos=[ 1.25    -0.3      0.96125] fsize=[0.91666663 0.55       0.24749999] shifted_fpos=[ 1.25    -0.25     0.96125] lower=[ 1.         -0.45        0.68750001] upper=[ 1.5        -0.05        1.23499999] inside=False
[obj_inside_of] obj=obj obj_pos=[ 1.8035966  -0.46503207  0.9661589 ] fixture_pos=[ 1.25    -0.3      0.96125] fsize=[0.91666663 0.55       0.24749999] shifted_fpos=[ 1.25    -0.25     0.96125] lower=[ 1.         -0.45        0.68750001] upper=[ 1.5        -0.05        1.23499999] inside=False
[obj_inside_of] obj=obj obj_pos=[ 1.8035966  -0.46503207  0.9661589 ] fixture_pos=[ 1.25    -0.3      0.96125] fsize=[0.91666663 0.55       0.24749999] shifted_fpos=[ 1.25    -0.25     0.96125] lower=[ 1.         -0.45        0.68750001] upper=[ 1.5        -0.05        1.23499999] inside=False
[obj_inside_of] obj=obj obj_pos=[ 1.8035966  -0.46503207  0.9661589 ] fixture_pos=[ 1.25    -0.3      0.96125] fsize=[0.91666663 0.55       0.24749999] shifted_fpos=[ 1.25    -0.25     0.96125] lower=[ 1.         -0.45        0.68750001] upper=[ 1.5        -0.05        1.23499999] inside=False
[obj_inside_of] obj=obj obj_pos=[ 1.8035966  -0.46503207  0.9661589 ] fixture_pos=[ 1.25    -0.3      0.96125] fsize=[0.91666663 0.55       0.24749999] shifted_fpos=[ 1.25    -0.25     0.96125] lower=[ 1.         -0.45        0.68750001] upper=[ 1.5        -0.05        1.23499999] inside=False
[obj_inside_of] obj=obj obj_pos=[ 1.8035966  -0.46503207  0.9661589 ] fixture_pos=[ 1.25    -0.3      0.96125] fsize=[0.91666663 0.55       0.24749999] shifted_fpos=[ 1.25    -0.25     0.96125] lower=[ 1.         -0.45        0.68750001] upper=[ 1.5        -0.05        1.23499999] inside=False
[obj_inside_of] obj=obj obj_pos=[ 1.8035966  -0.46503207  0.9661589 ] fixture_pos=[ 1.25    -0.3      0.96125] fsize=[0.91666663 0.55       0.24749999] shifted_fpos=[ 1.25    -0.25     0.96125] lower=[ 1.         -0.45        0.68750001] upper=[ 1.5        -0.05        1.23499999] inside=False
[obj_inside_of] obj=obj obj_pos=[ 1.8035966  -0.46503207  0.9661589 ] fixture_pos=[ 1.25    -0.3      0.96125] fsize=[0.91666663 0.55       0.24749999] shifted_fpos=[ 1.25    -0.25     0.96125] lower=[ 1.         -0.45        0.68750001] upper=[ 1.5        -0.05        1.23499999] inside=False
[obj_inside_of] obj=obj obj_pos=[ 1.8035966  -0.46503207  0.9661589 ] fixture_pos=[ 1.25    -0.3      0.96125] fsize=[0.91666663 0.55       0.24749999] shifted_fpos=[ 1.25    -0.25     0.96125] lower=[ 1.         -0.45        0.68750001] upper=[ 1.5        -0.05        1.23499999] inside=False
[obj_inside_of] obj=obj obj_pos=[ 1.8035966  -0.46503207  0.9661589 ] fixture_pos=[ 1.25    -0.3      0.96125] fsize=[0.91666663 0.55       0.24749999] shifted_fpos=[ 1.25    -0.25     0.96125] lower=[ 1.         -0.45        0.68750001] upper=[ 1.5        -0.05        1.23499999] inside=False
[obj_inside_of] obj=obj obj_pos=[ 1.8035966  -0.46503207  0.9661589 ] fixture_pos=[ 1.25    -0.3      0.96125] fsize=[0.91666663 0.55       0.24749999] shifted_fpos=[ 1.25    -0.25     0.96125] lower=[ 1.         -0.45        0.68750001] upper=[ 1.5        -0.05        1.23499999] inside=False
[obj_inside_of] obj=obj obj_pos=[ 1.8035966  -0.46503207  0.9661589 ] fixture_pos=[ 1.25    -0.3      0.96125] fsize=[0.91666663 0.55       0.24749999] shifted_fpos=[ 1.25    -0.25     0.96125] lower=[ 1.         -0.45        0.68750001] upper=[ 1.5        -0.05        1.23499999] inside=False
[obj_inside_of] obj=obj obj_pos=[ 1.8035966  -0.46503207  0.9661589 ] fixture_pos=[ 1.25    -0.3      0.96125] fsize=[0.91666663 0.55       0.24749999] shifted_fpos=[ 1.25    -0.25     0.96125] lower=[ 1.         -0.45        0.68750001] upper=[ 1.5        -0.05        1.23499999] inside=False
[obj_inside_of] obj=obj obj_pos=[ 1.8035966  -0.46503207  0.9661589 ] fixture_pos=[ 1.25    -0.3      0.96125] fsize=[0.91666663 0.55       0.24749999] shifted_fpos=[ 1.25    -0.25     0.96125] lower=[ 1.         -0.45        0.68750001] upper=[ 1.5        -0.05        1.23499999] inside=False
[obj_inside_of] obj=obj obj_pos=[ 1.8035966  -0.46503207  0.9661589 ] fixture_pos=[ 1.25    -0.3      0.96125] fsize=[0.91666663 0.55       0.24749999] shifted_fpos=[ 1.25    -0.25     0.96125] lower=[ 1.         -0.45        0.68750001] upper=[ 1.5        -0.05        1.23499999] inside=False
[obj_inside_of] obj=obj obj_pos=[ 1.8035966  -0.46503207  0.9661589 ] fixture_pos=[ 1.25    -0.3      0.96125] fsize=[0.91666663 0.55       0.24749999] shifted_fpos=[ 1.25    -0.25     0.96125] lower=[ 1.         -0.45        0.68750001] upper=[ 1.5        -0.05        1.23499999] inside=False
[obj_inside_of] obj=obj obj_pos=[ 1.8035966  -0.46503207  0.9661589 ] fixture_pos=[ 1.25    -0.3      0.96125] fsize=[0.91666663 0.55       0.24749999] shifted_fpos=[ 1.25    -0.25     0.96125] lower=[ 1.         -0.45        0.68750001] upper=[ 1.5        -0.05        1.23499999] inside=False
[obj_inside_of] obj=obj obj_pos=[ 1.8035966  -0.46503207  0.9661589 ] fixture_pos=[ 1.25    -0.3      0.96125] fsize=[0.91666663 0.55       0.24749999] shifted_fpos=[ 1.25    -0.25     0.96125] lower=[ 1.         -0.45        0.68750001] upper=[ 1.5        -0.05        1.23499999] inside=False
[obj_inside_of] obj=obj obj_pos=[ 1.8035966  -0.46503207  0.9661589 ] fixture_pos=[ 1.25    -0.3      0.96125] fsize=[0.91666663 0.55       0.24749999] shifted_fpos=[ 1.25    -0.25     0.96125] lower=[ 1.         -0.45        0.68750001] upper=[ 1.5        -0.05        1.23499999] inside=False
[obj_inside_of] obj=obj obj_pos=[ 1.8035966  -0.46503207  0.9661589 ] fixture_pos=[ 1.25    -0.3      0.96125] fsize=[0.91666663 0.55       0.24749999] shifted_fpos=[ 1.25    -0.25     0.96125] lower=[ 1.         -0.45        0.68750001] upper=[ 1.5        -0.05        1.23499999] inside=False
[obj_inside_of] obj=obj obj_pos=[ 1.8035966  -0.46503207  0.9661589 ] fixture_pos=[ 1.25    -0.3      0.96125] fsize=[0.91666663 0.55       0.24749999] shifted_fpos=[ 1.25    -0.25     0.96125] lower=[ 1.         -0.45        0.68750001] upper=[ 1.5        -0.05        1.23499999] inside=False
[obj_inside_of] obj=obj obj_pos=[ 1.8035966  -0.46503207  0.9661589 ] fixture_pos=[ 1.25    -0.3      0.96125] fsize=[0.91666663 0.55       0.24749999] shifted_fpos=[ 1.25    -0.25     0.96125] lower=[ 1.         -0.45        0.68750001] upper=[ 1.5        -0.05        1.23499999] inside=False
[obj_inside_of] obj=obj obj_pos=[ 1.8035966  -0.46503207  0.9661589 ] fixture_pos=[ 1.25    -0.3      0.96125] fsize=[0.91666663 0.55       0.24749999] shifted_fpos=[ 1.25    -0.25     0.96125] lower=[ 1.         -0.45        0.68750001] upper=[ 1.5        -0.05        1.23499999] inside=False
[obj_inside_of] obj=obj obj_pos=[ 1.8035966  -0.46503207  0.9661589 ] fixture_pos=[ 1.25    -0.3      0.96125] fsize=[0.91666663 0.55       0.24749999] shifted_fpos=[ 1.25    -0.25     0.96125] lower=[ 1.         -0.45        0.68750001] upper=[ 1.5        -0.05        1.23499999] inside=False
[obj_inside_of] obj=obj obj_pos=[ 1.8035966  -0.46503207  0.9661589 ] fixture_pos=[ 1.25    -0.3      0.96125] fsize=[0.91666663 0.55       0.24749999] shifted_fpos=[ 1.25    -0.25     0.96125] lower=[ 1.         -0.45        0.68750001] upper=[ 1.5        -0.05        1.23499999] inside=False
[obj_inside_of] obj=obj obj_pos=[ 1.8035966  -0.46503207  0.9661589 ] fixture_pos=[ 1.25    -0.3      0.96125] fsize=[0.91666663 0.55       0.24749999] shifted_fpos=[ 1.25    -0.25     0.96125] lower=[ 1.         -0.45        0.68750001] upper=[ 1.5        -0.05        1.23499999] inside=False
[obj_inside_of] obj=obj obj_pos=[ 1.8035966  -0.46503207  0.9661589 ] fixture_pos=[ 1.25    -0.3      0.96125] fsize=[0.91666663 0.55       0.24749999] shifted_fpos=[ 1.25    -0.25     0.96125] lower=[ 1.         -0.45        0.68750001] upper=[ 1.5        -0.05        1.23499999] inside=False
[obj_inside_of] obj=obj obj_pos=[ 1.8035966  -0.46503207  0.9661589 ] fixture_pos=[ 1.25    -0.3      0.96125] fsize=[0.91666663 0.55       0.24749999] shifted_fpos=[ 1.25    -0.25     0.96125] lower=[ 1.         -0.45        0.68750001] upper=[ 1.5        -0.05        1.23499999] inside=False
[obj_inside_of] obj=obj obj_pos=[ 1.8035966  -0.46503207  0.9661589 ] fixture_pos=[ 1.25    -0.3      0.96125] fsize=[0.91666663 0.55       0.24749999] shifted_fpos=[ 1.25    -0.25     0.96125] lower=[ 1.         -0.45        0.68750001] upper=[ 1.5        -0.05        1.23499999] inside=False
[obj_inside_of] obj=obj obj_pos=[ 1.8035966  -0.46503207  0.9661589 ] fixture_pos=[ 1.25    -0.3      0.96125] fsize=[0.91666663 0.55       0.24749999] shifted_fpos=[ 1.25    -0.25     0.96125] lower=[ 1.         -0.45        0.68750001] upper=[ 1.5        -0.05        1.23499999] inside=False
[obj_inside_of] obj=obj obj_pos=[ 1.8035966  -0.46503207  0.9661589 ] fixture_pos=[ 1.25    -0.3      0.96125] fsize=[0.91666663 0.55       0.24749999] shifted_fpos=[ 1.25    -0.25     0.96125] lower=[ 1.         -0.45        0.68750001] upper=[ 1.5        -0.05        1.23499999] inside=False
[obj_inside_of] obj=obj obj_pos=[ 1.8035966  -0.46503207  0.9661589 ] fixture_pos=[ 1.25    -0.3      0.96125] fsize=[0.91666663 0.55       0.24749999] shifted_fpos=[ 1.25    -0.25     0.96125] lower=[ 1.         -0.45        0.68750001] upper=[ 1.5        -0.05        1.23499999] inside=False
[obj_inside_of] obj=obj obj_pos=[ 1.8035966  -0.46503207  0.9661589 ] fixture_pos=[ 1.25    -0.3      0.96125] fsize=[0.91666663 0.55       0.24749999] shifted_fpos=[ 1.25    -0.25     0.96125] lower=[ 1.         -0.45        0.68750001] upper=[ 1.5        -0.05        1.23499999] inside=False
[obj_inside_of] obj=obj obj_pos=[ 1.8035966  -0.46503207  0.9661589 ] fixture_pos=[ 1.25    -0.3      0.96125] fsize=[0.91666663 0.55       0.24749999] shifted_fpos=[ 1.25    -0.25     0.96125] lower=[ 1.         -0.45        0.68750001] upper=[ 1.5        -0.05        1.23499999] inside=False
[obj_inside_of] obj=obj obj_pos=[ 1.8035966  -0.46503207  0.9661589 ] fixture_pos=[ 1.25    -0.3      0.96125] fsize=[0.91666663 0.55       0.24749999] shifted_fpos=[ 1.25    -0.25     0.96125] lower=[ 1.         -0.45        0.68750001] upper=[ 1.5        -0.05        1.23499999] inside=False
[obj_inside_of] obj=obj obj_pos=[ 1.8035966  -0.46503207  0.9661589 ] fixture_pos=[ 1.25    -0.3      0.96125] fsize=[0.91666663 0.55       0.24749999] shifted_fpos=[ 1.25    -0.25     0.96125] lower=[ 1.         -0.45        0.68750001] upper=[ 1.5        -0.05        1.23499999] inside=False
[obj_inside_of] obj=obj obj_pos=[ 1.8035966  -0.46503207  0.9661589 ] fixture_pos=[ 1.25    -0.3      0.96125] fsize=[0.91666663 0.55       0.24749999] shifted_fpos=[ 1.25    -0.25     0.96125] lower=[ 1.         -0.45        0.68750001] upper=[ 1.5        -0.05        1.23499999] inside=False
[obj_inside_of] obj=obj obj_pos=[ 1.8035966  -0.46503207  0.9661589 ] fixture_pos=[ 1.25    -0.3      0.96125] fsize=[0.91666663 0.55       0.24749999] shifted_fpos=[ 1.25    -0.25     0.96125] lower=[ 1.         -0.45        0.68750001] upper=[ 1.5        -0.05        1.23499999] inside=False
[obj_inside_of] obj=obj obj_pos=[ 1.8035966  -0.46503207  0.9661589 ] fixture_pos=[ 1.25    -0.3      0.96125] fsize=[0.91666663 0.55       0.24749999] shifted_fpos=[ 1.25    -0.25     0.96125] lower=[ 1.         -0.45        0.68750001] upper=[ 1.5        -0.05        1.23499999] inside=False
[obj_inside_of] obj=obj obj_pos=[ 1.8035966  -0.46503207  0.9661589 ] fixture_pos=[ 1.25    -0.3      0.96125] fsize=[0.91666663 0.55       0.24749999] shifted_fpos=[ 1.25    -0.25     0.96125] lower=[ 1.         -0.45        0.68750001] upper=[ 1.5        -0.05        1.23499999] inside=False
[obj_inside_of] obj=obj obj_pos=[ 1.8035966  -0.46503207  0.9661589 ] fixture_pos=[ 1.25    -0.3      0.96125] fsize=[0.91666663 0.55       0.24749999] shifted_fpos=[ 1.25    -0.25     0.96125] lower=[ 1.         -0.45        0.68750001] upper=[ 1.5        -0.05        1.23499999] inside=False
[obj_inside_of] obj=obj obj_pos=[ 1.8035966  -0.46503207  0.9661589 ] fixture_pos=[ 1.25    -0.3      0.96125] fsize=[0.91666663 0.55       0.24749999] shifted_fpos=[ 1.25    -0.25     0.96125] lower=[ 1.         -0.45        0.68750001] upper=[ 1.5        -0.05        1.23499999] inside=False
[obj_inside_of] obj=obj obj_pos=[ 1.8035966  -0.46503207  0.9661589 ] fixture_pos=[ 1.25    -0.3      0.96125] fsize=[0.91666663 0.55       0.24749999] shifted_fpos=[ 1.25    -0.25     0.96125] lower=[ 1.         -0.45        0.68750001] upper=[ 1.5        -0.05        1.23499999] inside=False
[obj_inside_of] obj=obj obj_pos=[ 1.8035966  -0.46503207  0.9661589 ] fixture_pos=[ 1.25    -0.3      0.96125] fsize=[0.91666663 0.55       0.24749999] shifted_fpos=[ 1.25    -0.25     0.96125] lower=[ 1.         -0.45        0.68750001] upper=[ 1.5        -0.05        1.23499999] inside=False
[obj_inside_of] obj=obj obj_pos=[ 1.8035966  -0.46503207  0.9661589 ] fixture_pos=[ 1.25    -0.3      0.96125] fsize=[0.91666663 0.55       0.24749999] shifted_fpos=[ 1.25    -0.25     0.96125] lower=[ 1.         -0.45        0.68750001] upper=[ 1.5        -0.05        1.23499999] inside=False
[obj_inside_of] obj=obj obj_pos=[ 1.8035966  -0.46503207  0.9661589 ] fixture_pos=[ 1.25    -0.3      0.96125] fsize=[0.91666663 0.55       0.24749999] shifted_fpos=[ 1.25    -0.25     0.96125] lower=[ 1.         -0.45        0.68750001] upper=[ 1.5        -0.05        1.23499999] inside=False
[obj_inside_of] obj=obj obj_pos=[ 1.8035966  -0.46503207  0.9661589 ] fixture_pos=[ 1.25    -0.3      0.96125] fsize=[0.91666663 0.55       0.24749999] shifted_fpos=[ 1.25    -0.25     0.96125] lower=[ 1.         -0.45        0.68750001] upper=[ 1.5        -0.05        1.23499999] inside=False
[obj_inside_of] obj=obj obj_pos=[ 1.8035966  -0.46503207  0.9661589 ] fixture_pos=[ 1.25    -0.3      0.96125] fsize=[0.91666663 0.55       0.24749999] shifted_fpos=[ 1.25    -0.25     0.96125] lower=[ 1.         -0.45        0.68750001] upper=[ 1.5        -0.05        1.23499999] inside=False
[obj_inside_of] obj=obj obj_pos=[ 1.8035966  -0.46503207  0.9661589 ] fixture_pos=[ 1.25    -0.3      0.96125] fsize=[0.91666663 0.55       0.24749999] shifted_fpos=[ 1.25    -0.25     0.96125] lower=[ 1.         -0.45        0.68750001] upper=[ 1.5        -0.05        1.23499999] inside=False
[obj_inside_of] obj=obj obj_pos=[ 1.8035966  -0.46503207  0.9661589 ] fixture_pos=[ 1.25    -0.3      0.96125] fsize=[0.91666663 0.55       0.24749999] shifted_fpos=[ 1.25    -0.25     0.96125] lower=[ 1.         -0.45        0.68750001] upper=[ 1.5        -0.05        1.23499999] inside=False
[obj_inside_of] obj=obj obj_pos=[ 1.8035966  -0.46503207  0.9661589 ] fixture_pos=[ 1.25    -0.3      0.96125] fsize=[0.91666663 0.55       0.24749999] shifted_fpos=[ 1.25    -0.25     0.96125] lower=[ 1.         -0.45        0.68750001] upper=[ 1.5        -0.05        1.23499999] inside=False
[obj_inside_of] obj=obj obj_pos=[ 1.8035966  -0.46503207  0.9661589 ] fixture_pos=[ 1.25    -0.3      0.96125] fsize=[0.91666663 0.55       0.24749999] shifted_fpos=[ 1.25    -0.25     0.96125] lower=[ 1.         -0.45        0.68750001] upper=[ 1.5        -0.05        1.23499999] inside=False
[obj_inside_of] obj=obj obj_pos=[ 1.8035966  -0.46503207  0.9661589 ] fixture_pos=[ 1.25    -0.3      0.96125] fsize=[0.91666663 0.55       0.24749999] shifted_fpos=[ 1.25    -0.25     0.96125] lower=[ 1.         -0.45        0.68750001] upper=[ 1.5        -0.05        1.23499999] inside=False
[obj_inside_of] obj=obj obj_pos=[ 1.8035966  -0.46503207  0.9661589 ] fixture_pos=[ 1.25    -0.3      0.96125] fsize=[0.91666663 0.55       0.24749999] shifted_fpos=[ 1.25    -0.25     0.96125] lower=[ 1.         -0.45        0.68750001] upper=[ 1.5        -0.05        1.23499999] inside=False
[obj_inside_of] obj=obj obj_pos=[ 1.8035966  -0.46503207  0.9661589 ] fixture_pos=[ 1.25    -0.3      0.96125] fsize=[0.91666663 0.55       0.24749999] shifted_fpos=[ 1.25    -0.25     0.96125] lower=[ 1.         -0.45        0.68750001] upper=[ 1.5        -0.05        1.23499999] inside=False
[obj_inside_of] obj=obj obj_pos=[ 1.8035966  -0.46503207  0.9661589 ] fixture_pos=[ 1.25    -0.3      0.96125] fsize=[0.91666663 0.55       0.24749999] shifted_fpos=[ 1.25    -0.25     0.96125] lower=[ 1.         -0.45        0.68750001] upper=[ 1.5        -0.05        1.23499999] inside=False
[obj_inside_of] obj=obj obj_pos=[ 1.8035966  -0.46503207  0.9661589 ] fixture_pos=[ 1.25    -0.3      0.96125] fsize=[0.91666663 0.55       0.24749999] shifted_fpos=[ 1.25    -0.25     0.96125] lower=[ 1.         -0.45        0.68750001] upper=[ 1.5        -0.05        1.23499999] inside=False
[obj_inside_of] obj=obj obj_pos=[ 1.8035966  -0.46503207  0.9661589 ] fixture_pos=[ 1.25    -0.3      0.96125] fsize=[0.91666663 0.55       0.24749999] shifted_fpos=[ 1.25    -0.25     0.96125] lower=[ 1.         -0.45        0.68750001] upper=[ 1.5        -0.05        1.23499999] inside=False
[obj_inside_of] obj=obj obj_pos=[ 1.8035966  -0.46503207  0.9661589 ] fixture_pos=[ 1.25    -0.3      0.96125] fsize=[0.91666663 0.55       0.24749999] shifted_fpos=[ 1.25    -0.25     0.96125] lower=[ 1.         -0.45        0.68750001] upper=[ 1.5        -0.05        1.23499999] inside=False
[obj_inside_of] obj=obj obj_pos=[ 1.8035966  -0.46503207  0.9661589 ] fixture_pos=[ 1.25    -0.3      0.96125] fsize=[0.91666663 0.55       0.24749999] shifted_fpos=[ 1.25    -0.25     0.96125] lower=[ 1.         -0.45        0.68750001] upper=[ 1.5        -0.05        1.23499999] inside=False
[obj_inside_of] obj=obj obj_pos=[ 1.8035966  -0.46503207  0.9661589 ] fixture_pos=[ 1.25    -0.3      0.96125] fsize=[0.91666663 0.55       0.24749999] shifted_fpos=[ 1.25    -0.25     0.96125] lower=[ 1.         -0.45        0.68750001] upper=[ 1.5        -0.05        1.23499999] inside=False
[obj_inside_of] obj=obj obj_pos=[ 1.8035966  -0.46503207  0.9661589 ] fixture_pos=[ 1.25    -0.3      0.96125] fsize=[0.91666663 0.55       0.24749999] shifted_fpos=[ 1.25    -0.25     0.96125] lower=[ 1.         -0.45        0.68750001] upper=[ 1.5        -0.05        1.23499999] inside=False
[obj_inside_of] obj=obj obj_pos=[ 1.8035966  -0.46503207  0.9661589 ] fixture_pos=[ 1.25    -0.3      0.96125] fsize=[0.91666663 0.55       0.24749999] shifted_fpos=[ 1.25    -0.25     0.96125] lower=[ 1.         -0.45        0.68750001] upper=[ 1.5        -0.05        1.23499999] inside=False
[obj_inside_of] obj=obj obj_pos=[ 1.8035966  -0.46503207  0.9661589 ] fixture_pos=[ 1.25    -0.3      0.96125] fsize=[0.91666663 0.55       0.24749999] shifted_fpos=[ 1.25    -0.25     0.96125] lower=[ 1.         -0.45        0.68750001] upper=[ 1.5        -0.05        1.23499999] inside=False
[obj_inside_of] obj=obj obj_pos=[ 1.8035966  -0.46503207  0.9661589 ] fixture_pos=[ 1.25    -0.3      0.96125] fsize=[0.91666663 0.55       0.24749999] shifted_fpos=[ 1.25    -0.25     0.96125] lower=[ 1.         -0.45        0.68750001] upper=[ 1.5        -0.05        1.23499999] inside=False
[obj_inside_of] obj=obj obj_pos=[ 1.8035966  -0.46503207  0.9661589 ] fixture_pos=[ 1.25    -0.3      0.96125] fsize=[0.91666663 0.55       0.24749999] shifted_fpos=[ 1.25    -0.25     0.96125] lower=[ 1.         -0.45        0.68750001] upper=[ 1.5        -0.05        1.23499999] inside=False
[obj_inside_of] obj=obj obj_pos=[ 1.8035966  -0.46503207  0.9661589 ] fixture_pos=[ 1.25    -0.3      0.96125] fsize=[0.91666663 0.55       0.24749999] shifted_fpos=[ 1.25    -0.25     0.96125] lower=[ 1.         -0.45        0.68750001] upper=[ 1.5        -0.05        1.23499999] inside=False
[obj_inside_of] obj=obj obj_pos=[ 1.8035966  -0.46503207  0.9661589 ] fixture_pos=[ 1.25    -0.3      0.96125] fsize=[0.91666663 0.55       0.24749999] shifted_fpos=[ 1.25    -0.25     0.96125] lower=[ 1.         -0.45        0.68750001] upper=[ 1.5        -0.05        1.23499999] inside=False
[obj_inside_of] obj=obj obj_pos=[ 1.8035966  -0.46503207  0.9661589 ] fixture_pos=[ 1.25    -0.3      0.96125] fsize=[0.91666663 0.55       0.24749999] shifted_fpos=[ 1.25    -0.25     0.96125] lower=[ 1.         -0.45        0.68750001] upper=[ 1.5        -0.05        1.23499999] inside=False
[obj_inside_of] obj=obj obj_pos=[ 1.8035966  -0.46503207  0.9661589 ] fixture_pos=[ 1.25    -0.3      0.96125] fsize=[0.91666663 0.55       0.24749999] shifted_fpos=[ 1.25    -0.25     0.96125] lower=[ 1.         -0.45        0.68750001] upper=[ 1.5        -0.05        1.23499999] inside=False
[obj_inside_of] obj=obj obj_pos=[ 1.8035966  -0.46503207  0.9661589 ] fixture_pos=[ 1.25    -0.3      0.96125] fsize=[0.91666663 0.55       0.24749999] shifted_fpos=[ 1.25    -0.25     0.96125] lower=[ 1.         -0.45        0.68750001] upper=[ 1.5        -0.05        1.23499999] inside=False
[obj_inside_of] obj=obj obj_pos=[ 1.8035966  -0.46503207  0.9661589 ] fixture_pos=[ 1.25    -0.3      0.96125] fsize=[0.91666663 0.55       0.24749999] shifted_fpos=[ 1.25    -0.25     0.96125] lower=[ 1.         -0.45        0.68750001] upper=[ 1.5        -0.05        1.23499999] inside=False
[viz-debug] base_link.pose=(1.595,-0.857) q=(0.707,0.000,0.000,0.708) qpos[0:3]=(0.543,-0.345,0.001)
[obj_inside_of] obj=obj obj_pos=[ 1.8035966  -0.46503207  0.9661589 ] fixture_pos=[ 1.25    -0.3      0.96125] fsize=[0.91666663 0.55       0.24749999] shifted_fpos=[ 1.25    -0.25     0.96125] lower=[ 1.         -0.45        0.68750001] upper=[ 1.5        -0.05        1.23499999] inside=False
[obj_inside_of] obj=obj obj_pos=[ 1.8035966  -0.46503207  0.9661589 ] fixture_pos=[ 1.25    -0.3      0.96125] fsize=[0.91666663 0.55       0.24749999] shifted_fpos=[ 1.25    -0.25     0.96125] lower=[ 1.         -0.45        0.68750001] upper=[ 1.5        -0.05        1.23499999] inside=False
[obj_inside_of] obj=obj obj_pos=[ 1.8035966  -0.46503207  0.9661589 ] fixture_pos=[ 1.25    -0.3      0.96125] fsize=[0.91666663 0.55       0.24749999] shifted_fpos=[ 1.25    -0.25     0.96125] lower=[ 1.         -0.45        0.68750001] upper=[ 1.5        -0.05        1.23499999] inside=False
[obj_inside_of] obj=obj obj_pos=[ 1.8035966  -0.46503207  0.9661589 ] fixture_pos=[ 1.25    -0.3      0.96125] fsize=[0.91666663 0.55       0.24749999] shifted_fpos=[ 1.25    -0.25     0.96125] lower=[ 1.         -0.45        0.68750001] upper=[ 1.5        -0.05        1.23499999] inside=False
[obj_inside_of] obj=obj obj_pos=[ 1.8035966  -0.46503207  0.9661589 ] fixture_pos=[ 1.25    -0.3      0.96125] fsize=[0.91666663 0.55       0.24749999] shifted_fpos=[ 1.25    -0.25     0.96125] lower=[ 1.         -0.45        0.68750001] upper=[ 1.5        -0.05        1.23499999] inside=False
[obj_inside_of] obj=obj obj_pos=[ 1.8035966  -0.46503207  0.9661589 ] fixture_pos=[ 1.25    -0.3      0.96125] fsize=[0.91666663 0.55       0.24749999] shifted_fpos=[ 1.25    -0.25     0.96125] lower=[ 1.         -0.45        0.68750001] upper=[ 1.5        -0.05        1.23499999] inside=False
[obj_inside_of] obj=obj obj_pos=[ 1.8035966  -0.46503207  0.9661589 ] fixture_pos=[ 1.25    -0.3      0.96125] fsize=[0.91666663 0.55       0.24749999] shifted_fpos=[ 1.25    -0.25     0.96125] lower=[ 1.         -0.45        0.68750001] upper=[ 1.5        -0.05        1.23499999] inside=False
[obj_inside_of] obj=obj obj_pos=[ 1.8035966  -0.46503207  0.9661589 ] fixture_pos=[ 1.25    -0.3      0.96125] fsize=[0.91666663 0.55       0.24749999] shifted_fpos=[ 1.25    -0.25     0.96125] lower=[ 1.         -0.45        0.68750001] upper=[ 1.5        -0.05        1.23499999] inside=False
[obj_inside_of] obj=obj obj_pos=[ 1.8035966  -0.46503207  0.9661589 ] fixture_pos=[ 1.25    -0.3      0.96125] fsize=[0.91666663 0.55       0.24749999] shifted_fpos=[ 1.25    -0.25     0.96125] lower=[ 1.         -0.45        0.68750001] upper=[ 1.5        -0.05        1.23499999] inside=False
[obj_inside_of] obj=obj obj_pos=[ 1.8035966  -0.46503207  0.9661589 ] fixture_pos=[ 1.25    -0.3      0.96125] fsize=[0.91666663 0.55       0.24749999] shifted_fpos=[ 1.25    -0.25     0.96125] lower=[ 1.         -0.45        0.68750001] upper=[ 1.5        -0.05        1.23499999] inside=False
[obj_inside_of] obj=obj obj_pos=[ 1.8035966  -0.46503207  0.9661589 ] fixture_pos=[ 1.25    -0.3      0.96125] fsize=[0.91666663 0.55       0.24749999] shifted_fpos=[ 1.25    -0.25     0.96125] lower=[ 1.         -0.45        0.68750001] upper=[ 1.5        -0.05        1.23499999] inside=False
[obj_inside_of] obj=obj obj_pos=[ 1.8035966  -0.46503207  0.9661589 ] fixture_pos=[ 1.25    -0.3      0.96125] fsize=[0.91666663 0.55       0.24749999] shifted_fpos=[ 1.25    -0.25     0.96125] lower=[ 1.         -0.45        0.68750001] upper=[ 1.5        -0.05        1.23499999] inside=False
[obj_inside_of] obj=obj obj_pos=[ 1.8035966  -0.46503207  0.9661589 ] fixture_pos=[ 1.25    -0.3      0.96125] fsize=[0.91666663 0.55       0.24749999] shifted_fpos=[ 1.25    -0.25     0.96125] lower=[ 1.         -0.45        0.68750001] upper=[ 1.5        -0.05        1.23499999] inside=False
[obj_inside_of] obj=obj obj_pos=[ 1.8035966  -0.46503207  0.9661589 ] fixture_pos=[ 1.25    -0.3      0.96125] fsize=[0.91666663 0.55       0.24749999] shifted_fpos=[ 1.25    -0.25     0.96125] lower=[ 1.         -0.45        0.68750001] upper=[ 1.5        -0.05        1.23499999] inside=False
[obj_inside_of] obj=obj obj_pos=[ 1.8035966  -0.46503207  0.9661589 ] fixture_pos=[ 1.25    -0.3      0.96125] fsize=[0.91666663 0.55       0.24749999] shifted_fpos=[ 1.25    -0.25     0.96125] lower=[ 1.         -0.45        0.68750001] upper=[ 1.5        -0.05        1.23499999] inside=False
[obj_inside_of] obj=obj obj_pos=[ 1.8035966  -0.46503207  0.9661589 ] fixture_pos=[ 1.25    -0.3      0.96125] fsize=[0.91666663 0.55       0.24749999] shifted_fpos=[ 1.25    -0.25     0.96125] lower=[ 1.         -0.45        0.68750001] upper=[ 1.5        -0.05        1.23499999] inside=False
[obj_inside_of] obj=obj obj_pos=[ 1.8035966  -0.46503207  0.9661589 ] fixture_pos=[ 1.25    -0.3      0.96125] fsize=[0.91666663 0.55       0.24749999] shifted_fpos=[ 1.25    -0.25     0.96125] lower=[ 1.         -0.45        0.68750001] upper=[ 1.5        -0.05        1.23499999] inside=False
[obj_inside_of] obj=obj obj_pos=[ 1.8035966  -0.46503207  0.9661589 ] fixture_pos=[ 1.25    -0.3      0.96125] fsize=[0.91666663 0.55       0.24749999] shifted_fpos=[ 1.25    -0.25     0.96125] lower=[ 1.         -0.45        0.68750001] upper=[ 1.5        -0.05        1.23499999] inside=False
[obj_inside_of] obj=obj obj_pos=[ 1.8035966  -0.46503207  0.9661589 ] fixture_pos=[ 1.25    -0.3      0.96125] fsize=[0.91666663 0.55       0.24749999] shifted_fpos=[ 1.25    -0.25     0.96125] lower=[ 1.         -0.45        0.68750001] upper=[ 1.5        -0.05        1.23499999] inside=False
[obj_inside_of] obj=obj obj_pos=[ 1.8035966  -0.46503207  0.9661589 ] fixture_pos=[ 1.25    -0.3      0.96125] fsize=[0.91666663 0.55       0.24749999] shifted_fpos=[ 1.25    -0.25     0.96125] lower=[ 1.         -0.45        0.68750001] upper=[ 1.5        -0.05        1.23499999] inside=False
[obj_inside_of] obj=obj obj_pos=[ 1.8035966  -0.46503207  0.9661589 ] fixture_pos=[ 1.25    -0.3      0.96125] fsize=[0.91666663 0.55       0.24749999] shifted_fpos=[ 1.25    -0.25     0.96125] lower=[ 1.         -0.45        0.68750001] upper=[ 1.5        -0.05        1.23499999] inside=False
[obj_inside_of] obj=obj obj_pos=[ 1.8035966  -0.46503207  0.9661589 ] fixture_pos=[ 1.25    -0.3      0.96125] fsize=[0.91666663 0.55       0.24749999] shifted_fpos=[ 1.25    -0.25     0.96125] lower=[ 1.         -0.45        0.68750001] upper=[ 1.5        -0.05        1.23499999] inside=False
[obj_inside_of] obj=obj obj_pos=[ 1.8035966  -0.46503207  0.9661589 ] fixture_pos=[ 1.25    -0.3      0.96125] fsize=[0.91666663 0.55       0.24749999] shifted_fpos=[ 1.25    -0.25     0.96125] lower=[ 1.         -0.45        0.68750001] upper=[ 1.5        -0.05        1.23499999] inside=False
[obj_inside_of] obj=obj obj_pos=[ 1.8035966  -0.46503207  0.9661589 ] fixture_pos=[ 1.25    -0.3      0.96125] fsize=[0.91666663 0.55       0.24749999] shifted_fpos=[ 1.25    -0.25     0.96125] lower=[ 1.         -0.45        0.68750001] upper=[ 1.5        -0.05        1.23499999] inside=False
[obj_inside_of] obj=obj obj_pos=[ 1.8035966  -0.46503207  0.9661589 ] fixture_pos=[ 1.25    -0.3      0.96125] fsize=[0.91666663 0.55       0.24749999] shifted_fpos=[ 1.25    -0.25     0.96125] lower=[ 1.         -0.45        0.68750001] upper=[ 1.5        -0.05        1.23499999] inside=False
[obj_inside_of] obj=obj obj_pos=[ 1.8035966  -0.46503207  0.9661589 ] fixture_pos=[ 1.25    -0.3      0.96125] fsize=[0.91666663 0.55       0.24749999] shifted_fpos=[ 1.25    -0.25     0.96125] lower=[ 1.         -0.45        0.68750001] upper=[ 1.5        -0.05        1.23499999] inside=False
[obj_inside_of] obj=obj obj_pos=[ 1.8035966  -0.46503207  0.9661589 ] fixture_pos=[ 1.25    -0.3      0.96125] fsize=[0.91666663 0.55       0.24749999] shifted_fpos=[ 1.25    -0.25     0.96125] lower=[ 1.         -0.45        0.68750001] upper=[ 1.5        -0.05        1.23499999] inside=False
[obj_inside_of] obj=obj obj_pos=[ 1.8035966  -0.46503207  0.9661589 ] fixture_pos=[ 1.25    -0.3      0.96125] fsize=[0.91666663 0.55       0.24749999] shifted_fpos=[ 1.25    -0.25     0.96125] lower=[ 1.         -0.45        0.68750001] upper=[ 1.5        -0.05        1.23499999] inside=False
[obj_inside_of] obj=obj obj_pos=[ 1.8035966  -0.46503207  0.9661589 ] fixture_pos=[ 1.25    -0.3      0.96125] fsize=[0.91666663 0.55       0.24749999] shifted_fpos=[ 1.25    -0.25     0.96125] lower=[ 1.         -0.45        0.68750001] upper=[ 1.5        -0.05        1.23499999] inside=False
[obj_inside_of] obj=obj obj_pos=[ 1.8035966  -0.46503207  0.9661589 ] fixture_pos=[ 1.25    -0.3      0.96125] fsize=[0.91666663 0.55       0.24749999] shifted_fpos=[ 1.25    -0.25     0.96125] lower=[ 1.         -0.45        0.68750001] upper=[ 1.5        -0.05        1.23499999] inside=False
[obj_inside_of] obj=obj obj_pos=[ 1.8035966  -0.46503207  0.9661589 ] fixture_pos=[ 1.25    -0.3      0.96125] fsize=[0.91666663 0.55       0.24749999] shifted_fpos=[ 1.25    -0.25     0.96125] lower=[ 1.         -0.45        0.68750001] upper=[ 1.5        -0.05        1.23499999] inside=False
[obj_inside_of] obj=obj obj_pos=[ 1.8035966  -0.46503207  0.9661589 ] fixture_pos=[ 1.25    -0.3      0.96125] fsize=[0.91666663 0.55       0.24749999] shifted_fpos=[ 1.25    -0.25     0.96125] lower=[ 1.         -0.45        0.68750001] upper=[ 1.5        -0.05        1.23499999] inside=False
[obj_inside_of] obj=obj obj_pos=[ 1.8035966  -0.46503207  0.9661589 ] fixture_pos=[ 1.25    -0.3      0.96125] fsize=[0.91666663 0.55       0.24749999] shifted_fpos=[ 1.25    -0.25     0.96125] lower=[ 1.         -0.45        0.68750001] upper=[ 1.5        -0.05        1.23499999] inside=False
[obj_inside_of] obj=obj obj_pos=[ 1.8035966  -0.46503207  0.9661589 ] fixture_pos=[ 1.25    -0.3      0.96125] fsize=[0.91666663 0.55       0.24749999] shifted_fpos=[ 1.25    -0.25     0.96125] lower=[ 1.         -0.45        0.68750001] upper=[ 1.5        -0.05        1.23499999] inside=False
[obj_inside_of] obj=obj obj_pos=[ 1.8035966  -0.46503207  0.9661589 ] fixture_pos=[ 1.25    -0.3      0.96125] fsize=[0.91666663 0.55       0.24749999] shifted_fpos=[ 1.25    -0.25     0.96125] lower=[ 1.         -0.45        0.68750001] upper=[ 1.5        -0.05        1.23499999] inside=False
[obj_inside_of] obj=obj obj_pos=[ 1.8035966  -0.46503207  0.9661589 ] fixture_pos=[ 1.25    -0.3      0.96125] fsize=[0.91666663 0.55       0.24749999] shifted_fpos=[ 1.25    -0.25     0.96125] lower=[ 1.         -0.45        0.68750001] upper=[ 1.5        -0.05        1.23499999] inside=False
[obj_inside_of] obj=obj obj_pos=[ 1.8035966  -0.46503207  0.9661589 ] fixture_pos=[ 1.25    -0.3      0.96125] fsize=[0.91666663 0.55       0.24749999] shifted_fpos=[ 1.25    -0.25     0.96125] lower=[ 1.         -0.45        0.68750001] upper=[ 1.5        -0.05        1.23499999] inside=False
[obj_inside_of] obj=obj obj_pos=[ 1.8035966  -0.46503207  0.9661589 ] fixture_pos=[ 1.25    -0.3      0.96125] fsize=[0.91666663 0.55       0.24749999] shifted_fpos=[ 1.25    -0.25     0.96125] lower=[ 1.         -0.45        0.68750001] upper=[ 1.5        -0.05        1.23499999] inside=False
[obj_inside_of] obj=obj obj_pos=[ 1.8035966  -0.46503207  0.9661589 ] fixture_pos=[ 1.25    -0.3      0.96125] fsize=[0.91666663 0.55       0.24749999] shifted_fpos=[ 1.25    -0.25     0.96125] lower=[ 1.         -0.45        0.68750001] upper=[ 1.5        -0.05        1.23499999] inside=False
[obj_inside_of] obj=obj obj_pos=[ 1.8035966  -0.46503207  0.9661589 ] fixture_pos=[ 1.25    -0.3      0.96125] fsize=[0.91666663 0.55       0.24749999] shifted_fpos=[ 1.25    -0.25     0.96125] lower=[ 1.         -0.45        0.68750001] upper=[ 1.5        -0.05        1.23499999] inside=False
[obj_inside_of] obj=obj obj_pos=[ 1.8035966  -0.46503207  0.9661589 ] fixture_pos=[ 1.25    -0.3      0.96125] fsize=[0.91666663 0.55       0.24749999] shifted_fpos=[ 1.25    -0.25     0.96125] lower=[ 1.         -0.45        0.68750001] upper=[ 1.5        -0.05        1.23499999] inside=False
[obj_inside_of] obj=obj obj_pos=[ 1.8035966  -0.46503207  0.9661589 ] fixture_pos=[ 1.25    -0.3      0.96125] fsize=[0.91666663 0.55       0.24749999] shifted_fpos=[ 1.25    -0.25     0.96125] lower=[ 1.         -0.45        0.68750001] upper=[ 1.5        -0.05        1.23499999] inside=False
[obj_inside_of] obj=obj obj_pos=[ 1.8035966  -0.46503207  0.9661589 ] fixture_pos=[ 1.25    -0.3      0.96125] fsize=[0.91666663 0.55       0.24749999] shifted_fpos=[ 1.25    -0.25     0.96125] lower=[ 1.         -0.45        0.68750001] upper=[ 1.5        -0.05        1.23499999] inside=False
[perceive] 1 objects from ['base_camera', 'wrist_camera']: ['mango']
[obj_inside_of] obj=obj obj_pos=[ 1.8035966  -0.46503207  0.9661589 ] fixture_pos=[ 1.25    -0.3      0.96125] fsize=[0.91666663 0.55       0.24749999] shifted_fpos=[ 1.25    -0.25     0.96125] lower=[ 1.         -0.45        0.68750001] upper=[ 1.5        -0.05        1.23499999] inside=False
[obj_inside_of] obj=obj obj_pos=[ 1.8035966  -0.46503207  0.9661589 ] fixture_pos=[ 1.25    -0.3      0.96125] fsize=[0.91666663 0.55       0.24749999] shifted_fpos=[ 1.25    -0.25     0.96125] lower=[ 1.         -0.45        0.68750001] upper=[ 1.5        -0.05        1.23499999] inside=False
[obj_inside_of] obj=obj obj_pos=[ 1.8035966  -0.46503207  0.9661589 ] fixture_pos=[ 1.25    -0.3      0.96125] fsize=[0.91666663 0.55       0.24749999] shifted_fpos=[ 1.25    -0.25     0.96125] lower=[ 1.         -0.45        0.68750001] upper=[ 1.5        -0.05        1.23499999] inside=False
[obj_inside_of] obj=obj obj_pos=[ 1.8035966  -0.46503207  0.9661589 ] fixture_pos=[ 1.25    -0.3      0.96125] fsize=[0.91666663 0.55       0.24749999] shifted_fpos=[ 1.25    -0.25     0.96125] lower=[ 1.         -0.45        0.68750001] upper=[ 1.5        -0.05        1.23499999] inside=False
[obj_inside_of] obj=obj obj_pos=[ 1.8035966  -0.46503207  0.9661589 ] fixture_pos=[ 1.25    -0.3      0.96125] fsize=[0.91666663 0.55       0.24749999] shifted_fpos=[ 1.25    -0.25     0.96125] lower=[ 1.         -0.45        0.68750001] upper=[ 1.5        -0.05        1.23499999] inside=False
[obj_inside_of] obj=obj obj_pos=[ 1.8035966  -0.46503207  0.9661589 ] fixture_pos=[ 1.25    -0.3      0.96125] fsize=[0.91666663 0.55       0.24749999] shifted_fpos=[ 1.25    -0.25     0.96125] lower=[ 1.         -0.45        0.68750001] upper=[ 1.5        -0.05        1.23499999] inside=False
[obj_inside_of] obj=obj obj_pos=[ 1.8035966  -0.46503207  0.9661589 ] fixture_pos=[ 1.25    -0.3      0.96125] fsize=[0.91666663 0.55       0.24749999] shifted_fpos=[ 1.25    -0.25     0.96125] lower=[ 1.         -0.45        0.68750001] upper=[ 1.5        -0.05        1.23499999] inside=False
[obj_inside_of] obj=obj obj_pos=[ 1.8035966  -0.46503207  0.9661589 ] fixture_pos=[ 1.25    -0.3      0.96125] fsize=[0.91666663 0.55       0.24749999] shifted_fpos=[ 1.25    -0.25     0.96125] lower=[ 1.         -0.45        0.68750001] upper=[ 1.5        -0.05        1.23499999] inside=False
[obj_inside_of] obj=obj obj_pos=[ 1.8035966  -0.46503207  0.9661589 ] fixture_pos=[ 1.25    -0.3      0.96125] fsize=[0.91666663 0.55       0.24749999] shifted_fpos=[ 1.25    -0.25     0.96125] lower=[ 1.         -0.45        0.68750001] upper=[ 1.5        -0.05        1.23499999] inside=False
[obj_inside_of] obj=obj obj_pos=[ 1.8035966  -0.46503207  0.9661589 ] fixture_pos=[ 1.25    -0.3      0.96125] fsize=[0.91666663 0.55       0.24749999] shifted_fpos=[ 1.25    -0.25     0.96125] lower=[ 1.         -0.45        0.68750001] upper=[ 1.5        -0.05        1.23499999] inside=False
[obj_inside_of] obj=obj obj_pos=[ 1.8035966  -0.46503207  0.9661589 ] fixture_pos=[ 1.25    -0.3      0.96125] fsize=[0.91666663 0.55       0.24749999] shifted_fpos=[ 1.25    -0.25     0.96125] lower=[ 1.         -0.45        0.68750001] upper=[ 1.5        -0.05        1.23499999] inside=False
[obj_inside_of] obj=obj obj_pos=[ 1.8035966  -0.46503207  0.9661589 ] fixture_pos=[ 1.25    -0.3      0.96125] fsize=[0.91666663 0.55       0.24749999] shifted_fpos=[ 1.25    -0.25     0.96125] lower=[ 1.         -0.45        0.68750001] upper=[ 1.5        -0.05        1.23499999] inside=False
[obj_inside_of] obj=obj obj_pos=[ 1.8035966  -0.46503207  0.9661589 ] fixture_pos=[ 1.25    -0.3      0.96125] fsize=[0.91666663 0.55       0.24749999] shifted_fpos=[ 1.25    -0.25     0.96125] lower=[ 1.         -0.45        0.68750001] upper=[ 1.5        -0.05        1.23499999] inside=False
[obj_inside_of] obj=obj obj_pos=[ 1.8035966  -0.46503207  0.9661589 ] fixture_pos=[ 1.25    -0.3      0.96125] fsize=[0.91666663 0.55       0.24749999] shifted_fpos=[ 1.25    -0.25     0.96125] lower=[ 1.         -0.45        0.68750001] upper=[ 1.5        -0.05        1.23499999] inside=False
[obj_inside_of] obj=obj obj_pos=[ 1.8035966  -0.46503207  0.9661589 ] fixture_pos=[ 1.25    -0.3      0.96125] fsize=[0.91666663 0.55       0.24749999] shifted_fpos=[ 1.25    -0.25     0.96125] lower=[ 1.         -0.45        0.68750001] upper=[ 1.5        -0.05        1.23499999] inside=False
[obj_inside_of] obj=obj obj_pos=[ 1.8035966  -0.46503207  0.9661589 ] fixture_pos=[ 1.25    -0.3      0.96125] fsize=[0.91666663 0.55       0.24749999] shifted_fpos=[ 1.25    -0.25     0.96125] lower=[ 1.         -0.45        0.68750001] upper=[ 1.5        -0.05        1.23499999] inside=False
[obj_inside_of] obj=obj obj_pos=[ 1.8035966  -0.46503207  0.9661589 ] fixture_pos=[ 1.25    -0.3      0.96125] fsize=[0.91666663 0.55       0.24749999] shifted_fpos=[ 1.25    -0.25     0.96125] lower=[ 1.         -0.45        0.68750001] upper=[ 1.5        -0.05        1.23499999] inside=False
[obj_inside_of] obj=obj obj_pos=[ 1.8035966  -0.46503207  0.9661589 ] fixture_pos=[ 1.25    -0.3      0.96125] fsize=[0.91666663 0.55       0.24749999] shifted_fpos=[ 1.25    -0.25     0.96125] lower=[ 1.         -0.45        0.68750001] upper=[ 1.5        -0.05        1.23499999] inside=False
[obj_inside_of] obj=obj obj_pos=[ 1.8035966  -0.46503207  0.9661589 ] fixture_pos=[ 1.25    -0.3      0.96125] fsize=[0.91666663 0.55       0.24749999] shifted_fpos=[ 1.25    -0.25     0.96125] lower=[ 1.         -0.45        0.68750001] upper=[ 1.5        -0.05        1.23499999] inside=False
[obj_inside_of] obj=obj obj_pos=[ 1.8035966  -0.46503207  0.9661589 ] fixture_pos=[ 1.25    -0.3      0.96125] fsize=[0.91666663 0.55       0.24749999] shifted_fpos=[ 1.25    -0.25     0.96125] lower=[ 1.         -0.45        0.68750001] upper=[ 1.5        -0.05        1.23499999] inside=False
[obj_inside_of] obj=obj obj_pos=[ 1.8035966  -0.46503207  0.9661589 ] fixture_pos=[ 1.25    -0.3      0.96125] fsize=[0.91666663 0.55       0.24749999] shifted_fpos=[ 1.25    -0.25     0.96125] lower=[ 1.         -0.45        0.68750001] upper=[ 1.5        -0.05        1.23499999] inside=False
[obj_inside_of] obj=obj obj_pos=[ 1.8035966  -0.46503207  0.9661589 ] fixture_pos=[ 1.25    -0.3      0.96125] fsize=[0.91666663 0.55       0.24749999] shifted_fpos=[ 1.25    -0.25     0.96125] lower=[ 1.         -0.45        0.68750001] upper=[ 1.5        -0.05        1.23499999] inside=False
[obj_inside_of] obj=obj obj_pos=[ 1.8035966  -0.46503207  0.9661589 ] fixture_pos=[ 1.25    -0.3      0.96125] fsize=[0.91666663 0.55       0.24749999] shifted_fpos=[ 1.25    -0.25     0.96125] lower=[ 1.         -0.45        0.68750001] upper=[ 1.5        -0.05        1.23499999] inside=False
[obj_inside_of] obj=obj obj_pos=[ 1.8035966  -0.46503207  0.9661589 ] fixture_pos=[ 1.25    -0.3      0.96125] fsize=[0.91666663 0.55       0.24749999] shifted_fpos=[ 1.25    -0.25     0.96125] lower=[ 1.         -0.45        0.68750001] upper=[ 1.5        -0.05        1.23499999] inside=False
[obj_inside_of] obj=obj obj_pos=[ 1.8035966  -0.46503207  0.9661589 ] fixture_pos=[ 1.25    -0.3      0.96125] fsize=[0.91666663 0.55       0.24749999] shifted_fpos=[ 1.25    -0.25     0.96125] lower=[ 1.         -0.45        0.68750001] upper=[ 1.5        -0.05        1.23499999] inside=False
[obj_inside_of] obj=obj obj_pos=[ 1.8035966  -0.46503207  0.9661589 ] fixture_pos=[ 1.25    -0.3      0.96125] fsize=[0.91666663 0.55       0.24749999] shifted_fpos=[ 1.25    -0.25     0.96125] lower=[ 1.         -0.45        0.68750001] upper=[ 1.5        -0.05        1.23499999] inside=False
[obj_inside_of] obj=obj obj_pos=[ 1.8035966  -0.46503207  0.9661589 ] fixture_pos=[ 1.25    -0.3      0.96125] fsize=[0.91666663 0.55       0.24749999] shifted_fpos=[ 1.25    -0.25     0.96125] lower=[ 1.         -0.45        0.68750001] upper=[ 1.5        -0.05        1.23499999] inside=False
[obj_inside_of] obj=obj obj_pos=[ 1.8035966  -0.46503207  0.9661589 ] fixture_pos=[ 1.25    -0.3      0.96125] fsize=[0.91666663 0.55       0.24749999] shifted_fpos=[ 1.25    -0.25     0.96125] lower=[ 1.         -0.45        0.68750001] upper=[ 1.5        -0.05        1.23499999] inside=False
[obj_inside_of] obj=obj obj_pos=[ 1.8035966  -0.46503207  0.9661589 ] fixture_pos=[ 1.25    -0.3      0.96125] fsize=[0.91666663 0.55       0.24749999] shifted_fpos=[ 1.25    -0.25     0.96125] lower=[ 1.         -0.45        0.68750001] upper=[ 1.5        -0.05        1.23499999] inside=False
[obj_inside_of] obj=obj obj_pos=[ 1.8035966  -0.46503207  0.9661589 ] fixture_pos=[ 1.25    -0.3      0.96125] fsize=[0.91666663 0.55       0.24749999] shifted_fpos=[ 1.25    -0.25     0.96125] lower=[ 1.         -0.45        0.68750001] upper=[ 1.5        -0.05        1.23499999] inside=False
[obj_inside_of] obj=obj obj_pos=[ 1.8035966  -0.46503207  0.9661589 ] fixture_pos=[ 1.25    -0.3      0.96125] fsize=[0.91666663 0.55       0.24749999] shifted_fpos=[ 1.25    -0.25     0.96125] lower=[ 1.         -0.45        0.68750001] upper=[ 1.5        -0.05        1.23499999] inside=False
[obj_inside_of] obj=obj obj_pos=[ 1.8035966  -0.46503207  0.9661589 ] fixture_pos=[ 1.25    -0.3      0.96125] fsize=[0.91666663 0.55       0.24749999] shifted_fpos=[ 1.25    -0.25     0.96125] lower=[ 1.         -0.45        0.68750001] upper=[ 1.5        -0.05        1.23499999] inside=False
[obj_inside_of] obj=obj obj_pos=[ 1.8035966  -0.46503207  0.9661589 ] fixture_pos=[ 1.25    -0.3      0.96125] fsize=[0.91666663 0.55       0.24749999] shifted_fpos=[ 1.25    -0.25     0.96125] lower=[ 1.         -0.45        0.68750001] upper=[ 1.5        -0.05        1.23499999] inside=False
[obj_inside_of] obj=obj obj_pos=[ 1.8035966  -0.46503207  0.9661589 ] fixture_pos=[ 1.25    -0.3      0.96125] fsize=[0.91666663 0.55       0.24749999] shifted_fpos=[ 1.25    -0.25     0.96125] lower=[ 1.         -0.45        0.68750001] upper=[ 1.5        -0.05        1.23499999] inside=False
[obj_inside_of] obj=obj obj_pos=[ 1.8035966  -0.46503207  0.9661589 ] fixture_pos=[ 1.25    -0.3      0.96125] fsize=[0.91666663 0.55       0.24749999] shifted_fpos=[ 1.25    -0.25     0.96125] lower=[ 1.         -0.45        0.68750001] upper=[ 1.5        -0.05        1.23499999] inside=False
[obj_inside_of] obj=obj obj_pos=[ 1.8035966  -0.46503207  0.9661589 ] fixture_pos=[ 1.25    -0.3      0.96125] fsize=[0.91666663 0.55       0.24749999] shifted_fpos=[ 1.25    -0.25     0.96125] lower=[ 1.         -0.45        0.68750001] upper=[ 1.5        -0.05        1.23499999] inside=False
[obj_inside_of] obj=obj obj_pos=[ 1.8035966  -0.46503207  0.9661589 ] fixture_pos=[ 1.25    -0.3      0.96125] fsize=[0.91666663 0.55       0.24749999] shifted_fpos=[ 1.25    -0.25     0.96125] lower=[ 1.         -0.45        0.68750001] upper=[ 1.5        -0.05        1.23499999] inside=False
[obj_inside_of] obj=obj obj_pos=[ 1.8035966  -0.46503207  0.9661589 ] fixture_pos=[ 1.25    -0.3      0.96125] fsize=[0.91666663 0.55       0.24749999] shifted_fpos=[ 1.25    -0.25     0.96125] lower=[ 1.         -0.45        0.68750001] upper=[ 1.5        -0.05        1.23499999] inside=False
[obj_inside_of] obj=obj obj_pos=[ 1.8035966  -0.46503207  0.9661589 ] fixture_pos=[ 1.25    -0.3      0.96125] fsize=[0.91666663 0.55       0.24749999] shifted_fpos=[ 1.25    -0.25     0.96125] lower=[ 1.         -0.45        0.68750001] upper=[ 1.5        -0.05        1.23499999] inside=False
[obj_inside_of] obj=obj obj_pos=[ 1.8035966  -0.46503207  0.9661589 ] fixture_pos=[ 1.25    -0.3      0.96125] fsize=[0.91666663 0.55       0.24749999] shifted_fpos=[ 1.25    -0.25     0.96125] lower=[ 1.         -0.45        0.68750001] upper=[ 1.5        -0.05        1.23499999] inside=False
[obj_inside_of] obj=obj obj_pos=[ 1.8035966  -0.46503207  0.9661589 ] fixture_pos=[ 1.25    -0.3      0.96125] fsize=[0.91666663 0.55       0.24749999] shifted_fpos=[ 1.25    -0.25     0.96125] lower=[ 1.         -0.45        0.68750001] upper=[ 1.5        -0.05        1.23499999] inside=False
[obj_inside_of] obj=obj obj_pos=[ 1.8035966  -0.46503207  0.9661589 ] fixture_pos=[ 1.25    -0.3      0.96125] fsize=[0.91666663 0.55       0.24749999] shifted_fpos=[ 1.25    -0.25     0.96125] lower=[ 1.         -0.45        0.68750001] upper=[ 1.5        -0.05        1.23499999] inside=False
[obj_inside_of] obj=obj obj_pos=[ 1.8035966  -0.46503207  0.9661589 ] fixture_pos=[ 1.25    -0.3      0.96125] fsize=[0.91666663 0.55       0.24749999] shifted_fpos=[ 1.25    -0.25     0.96125] lower=[ 1.         -0.45        0.68750001] upper=[ 1.5        -0.05        1.23499999] inside=False
[obj_inside_of] obj=obj obj_pos=[ 1.8035966  -0.46503207  0.9661589 ] fixture_pos=[ 1.25    -0.3      0.96125] fsize=[0.91666663 0.55       0.24749999] shifted_fpos=[ 1.25    -0.25     0.96125] lower=[ 1.         -0.45        0.68750001] upper=[ 1.5        -0.05        1.23499999] inside=False
[obj_inside_of] obj=obj obj_pos=[ 1.8035966  -0.46503207  0.9661589 ] fixture_pos=[ 1.25    -0.3      0.96125] fsize=[0.91666663 0.55       0.24749999] shifted_fpos=[ 1.25    -0.25     0.96125] lower=[ 1.         -0.45        0.68750001] upper=[ 1.5        -0.05        1.23499999] inside=False
[obj_inside_of] obj=obj obj_pos=[ 1.8035966  -0.46503207  0.9661589 ] fixture_pos=[ 1.25    -0.3      0.96125] fsize=[0.91666663 0.55       0.24749999] shifted_fpos=[ 1.25    -0.25     0.96125] lower=[ 1.         -0.45        0.68750001] upper=[ 1.5        -0.05        1.23499999] inside=False
[obj_inside_of] obj=obj obj_pos=[ 1.8035966  -0.46503207  0.9661589 ] fixture_pos=[ 1.25    -0.3      0.96125] fsize=[0.91666663 0.55       0.24749999] shifted_fpos=[ 1.25    -0.25     0.96125] lower=[ 1.         -0.45        0.68750001] upper=[ 1.5        -0.05        1.23499999] inside=False
[obj_inside_of] obj=obj obj_pos=[ 1.8035966  -0.46503207  0.9661589 ] fixture_pos=[ 1.25    -0.3      0.96125] fsize=[0.91666663 0.55       0.24749999] shifted_fpos=[ 1.25    -0.25     0.96125] lower=[ 1.         -0.45        0.68750001] upper=[ 1.5        -0.05        1.23499999] inside=False
[obj_inside_of] obj=obj obj_pos=[ 1.8035966  -0.46503207  0.9661589 ] fixture_pos=[ 1.25    -0.3      0.96125] fsize=[0.91666663 0.55       0.24749999] shifted_fpos=[ 1.25    -0.25     0.96125] lower=[ 1.         -0.45        0.68750001] upper=[ 1.5        -0.05        1.23499999] inside=False
[obj_inside_of] obj=obj obj_pos=[ 1.8035966  -0.46503207  0.9661589 ] fixture_pos=[ 1.25    -0.3      0.96125] fsize=[0.91666663 0.55       0.24749999] shifted_fpos=[ 1.25    -0.25     0.96125] lower=[ 1.         -0.45        0.68750001] upper=[ 1.5        -0.05        1.23499999] inside=False
[obj_inside_of] obj=obj obj_pos=[ 1.8035966  -0.46503207  0.9661589 ] fixture_pos=[ 1.25    -0.3      0.96125] fsize=[0.91666663 0.55       0.24749999] shifted_fpos=[ 1.25    -0.25     0.96125] lower=[ 1.         -0.45        0.68750001] upper=[ 1.5        -0.05        1.23499999] inside=False
[obj_inside_of] obj=obj obj_pos=[ 1.8035966  -0.46503207  0.9661589 ] fixture_pos=[ 1.25    -0.3      0.96125] fsize=[0.91666663 0.55       0.24749999] shifted_fpos=[ 1.25    -0.25     0.96125] lower=[ 1.         -0.45        0.68750001] upper=[ 1.5        -0.05        1.23499999] inside=False
[obj_inside_of] obj=obj obj_pos=[ 1.8035966  -0.46503207  0.9661589 ] fixture_pos=[ 1.25    -0.3      0.96125] fsize=[0.91666663 0.55       0.24749999] shifted_fpos=[ 1.25    -0.25     0.96125] lower=[ 1.         -0.45        0.68750001] upper=[ 1.5        -0.05        1.23499999] inside=False
[obj_inside_of] obj=obj obj_pos=[ 1.8035966  -0.46503207  0.9661589 ] fixture_pos=[ 1.25    -0.3      0.96125] fsize=[0.91666663 0.55       0.24749999] shifted_fpos=[ 1.25    -0.25     0.96125] lower=[ 1.         -0.45        0.68750001] upper=[ 1.5        -0.05        1.23499999] inside=False
[obj_inside_of] obj=obj obj_pos=[ 1.8035966  -0.46503207  0.9661589 ] fixture_pos=[ 1.25    -0.3      0.96125] fsize=[0.91666663 0.55       0.24749999] shifted_fpos=[ 1.25    -0.25     0.96125] lower=[ 1.         -0.45        0.68750001] upper=[ 1.5        -0.05        1.23499999] inside=False
[obj_inside_of] obj=obj obj_pos=[ 1.8035966  -0.46503207  0.9661589 ] fixture_pos=[ 1.25    -0.3      0.96125] fsize=[0.91666663 0.55       0.24749999] shifted_fpos=[ 1.25    -0.25     0.96125] lower=[ 1.         -0.45        0.68750001] upper=[ 1.5        -0.05        1.23499999] inside=False
[obj_inside_of] obj=obj obj_pos=[ 1.8035966  -0.46503207  0.9661589 ] fixture_pos=[ 1.25    -0.3      0.96125] fsize=[0.91666663 0.55       0.24749999] shifted_fpos=[ 1.25    -0.25     0.96125] lower=[ 1.         -0.45        0.68750001] upper=[ 1.5        -0.05        1.23499999] inside=False
[obj_inside_of] obj=obj obj_pos=[ 1.8035966  -0.46503207  0.9661589 ] fixture_pos=[ 1.25    -0.3      0.96125] fsize=[0.91666663 0.55       0.24749999] shifted_fpos=[ 1.25    -0.25     0.96125] lower=[ 1.         -0.45        0.68750001] upper=[ 1.5        -0.05        1.23499999] inside=False
[obj_inside_of] obj=obj obj_pos=[ 1.8035966  -0.46503207  0.9661589 ] fixture_pos=[ 1.25    -0.3      0.96125] fsize=[0.91666663 0.55       0.24749999] shifted_fpos=[ 1.25    -0.25     0.96125] lower=[ 1.         -0.45        0.68750001] upper=[ 1.5        -0.05        1.23499999] inside=False
[obj_inside_of] obj=obj obj_pos=[ 1.8035966  -0.46503207  0.9661589 ] fixture_pos=[ 1.25    -0.3      0.96125] fsize=[0.91666663 0.55       0.24749999] shifted_fpos=[ 1.25    -0.25     0.96125] lower=[ 1.         -0.45        0.68750001] upper=[ 1.5        -0.05        1.23499999] inside=False
[obj_inside_of] obj=obj obj_pos=[ 1.8035966  -0.46503207  0.9661589 ] fixture_pos=[ 1.25    -0.3      0.96125] fsize=[0.91666663 0.55       0.24749999] shifted_fpos=[ 1.25    -0.25     0.96125] lower=[ 1.         -0.45        0.68750001] upper=[ 1.5        -0.05        1.23499999] inside=False
[obj_inside_of] obj=obj obj_pos=[ 1.8035966  -0.46503207  0.9661589 ] fixture_pos=[ 1.25    -0.3      0.96125] fsize=[0.91666663 0.55       0.24749999] shifted_fpos=[ 1.25    -0.25     0.96125] lower=[ 1.         -0.45        0.68750001] upper=[ 1.5        -0.05        1.23499999] inside=False
[obj_inside_of] obj=obj obj_pos=[ 1.8035966  -0.46503207  0.9661589 ] fixture_pos=[ 1.25    -0.3      0.96125] fsize=[0.91666663 0.55       0.24749999] shifted_fpos=[ 1.25    -0.25     0.96125] lower=[ 1.         -0.45        0.68750001] upper=[ 1.5        -0.05        1.23499999] inside=False
[obj_inside_of] obj=obj obj_pos=[ 1.8035966  -0.46503207  0.9661589 ] fixture_pos=[ 1.25    -0.3      0.96125] fsize=[0.91666663 0.55       0.24749999] shifted_fpos=[ 1.25    -0.25     0.96125] lower=[ 1.         -0.45        0.68750001] upper=[ 1.5        -0.05        1.23499999] inside=False
[obj_inside_of] obj=obj obj_pos=[ 1.8035966  -0.46503207  0.9661589 ] fixture_pos=[ 1.25    -0.3      0.96125] fsize=[0.91666663 0.55       0.24749999] shifted_fpos=[ 1.25    -0.25     0.96125] lower=[ 1.         -0.45        0.68750001] upper=[ 1.5        -0.05        1.23499999] inside=False
[obj_inside_of] obj=obj obj_pos=[ 1.8035966  -0.46503207  0.9661589 ] fixture_pos=[ 1.25    -0.3      0.96125] fsize=[0.91666663 0.55       0.24749999] shifted_fpos=[ 1.25    -0.25     0.96125] lower=[ 1.         -0.45        0.68750001] upper=[ 1.5        -0.05        1.23499999] inside=False
[obj_inside_of] obj=obj obj_pos=[ 1.8035966  -0.46503207  0.9661589 ] fixture_pos=[ 1.25    -0.3      0.96125] fsize=[0.91666663 0.55       0.24749999] shifted_fpos=[ 1.25    -0.25     0.96125] lower=[ 1.         -0.45        0.68750001] upper=[ 1.5        -0.05        1.23499999] inside=False
[obj_inside_of] obj=obj obj_pos=[ 1.8035966  -0.46503207  0.9661589 ] fixture_pos=[ 1.25    -0.3      0.96125] fsize=[0.91666663 0.55       0.24749999] shifted_fpos=[ 1.25    -0.25     0.96125] lower=[ 1.         -0.45        0.68750001] upper=[ 1.5        -0.05        1.23499999] inside=False
[obj_inside_of] obj=obj obj_pos=[ 1.8035966  -0.46503207  0.9661589 ] fixture_pos=[ 1.25    -0.3      0.96125] fsize=[0.91666663 0.55       0.24749999] shifted_fpos=[ 1.25    -0.25     0.96125] lower=[ 1.         -0.45        0.68750001] upper=[ 1.5        -0.05        1.23499999] inside=False
[obj_inside_of] obj=obj obj_pos=[ 1.8035966  -0.46503207  0.9661589 ] fixture_pos=[ 1.25    -0.3      0.96125] fsize=[0.91666663 0.55       0.24749999] shifted_fpos=[ 1.25    -0.25     0.96125] lower=[ 1.         -0.45        0.68750001] upper=[ 1.5        -0.05        1.23499999] inside=False
[obj_inside_of] obj=obj obj_pos=[ 1.8035966  -0.46503207  0.9661589 ] fixture_pos=[ 1.25    -0.3      0.96125] fsize=[0.91666663 0.55       0.24749999] shifted_fpos=[ 1.25    -0.25     0.96125] lower=[ 1.         -0.45        0.68750001] upper=[ 1.5        -0.05        1.23499999] inside=False
[obj_inside_of] obj=obj obj_pos=[ 1.8035966  -0.46503207  0.9661589 ] fixture_pos=[ 1.25    -0.3      0.96125] fsize=[0.91666663 0.55       0.24749999] shifted_fpos=[ 1.25    -0.25     0.96125] lower=[ 1.         -0.45        0.68750001] upper=[ 1.5        -0.05        1.23499999] inside=False
[obj_inside_of] obj=obj obj_pos=[ 1.8035966  -0.46503207  0.9661589 ] fixture_pos=[ 1.25    -0.3      0.96125] fsize=[0.91666663 0.55       0.24749999] shifted_fpos=[ 1.25    -0.25     0.96125] lower=[ 1.         -0.45        0.68750001] upper=[ 1.5        -0.05        1.23499999] inside=False
[obj_inside_of] obj=obj obj_pos=[ 1.8035966  -0.46503207  0.9661589 ] fixture_pos=[ 1.25    -0.3      0.96125] fsize=[0.91666663 0.55       0.24749999] shifted_fpos=[ 1.25    -0.25     0.96125] lower=[ 1.         -0.45        0.68750001] upper=[ 1.5        -0.05        1.23499999] inside=False
[obj_inside_of] obj=obj obj_pos=[ 1.8035966  -0.46503207  0.9661589 ] fixture_pos=[ 1.25    -0.3      0.96125] fsize=[0.91666663 0.55       0.24749999] shifted_fpos=[ 1.25    -0.25     0.96125] lower=[ 1.         -0.45        0.68750001] upper=[ 1.5        -0.05        1.23499999] inside=False
[obj_inside_of] obj=obj obj_pos=[ 1.8035966  -0.46503207  0.9661589 ] fixture_pos=[ 1.25    -0.3      0.96125] fsize=[0.91666663 0.55       0.24749999] shifted_fpos=[ 1.25    -0.25     0.96125] lower=[ 1.         -0.45        0.68750001] upper=[ 1.5        -0.05        1.23499999] inside=False
[obj_inside_of] obj=obj obj_pos=[ 1.8035966  -0.46503207  0.9661589 ] fixture_pos=[ 1.25    -0.3      0.96125] fsize=[0.91666663 0.55       0.24749999] shifted_fpos=[ 1.25    -0.25     0.96125] lower=[ 1.         -0.45        0.68750001] upper=[ 1.5        -0.05        1.23499999] inside=False
[obj_inside_of] obj=obj obj_pos=[ 1.8035966  -0.46503207  0.9661589 ] fixture_pos=[ 1.25    -0.3      0.96125] fsize=[0.91666663 0.55       0.24749999] shifted_fpos=[ 1.25    -0.25     0.96125] lower=[ 1.         -0.45        0.68750001] upper=[ 1.5        -0.05        1.23499999] inside=False
[obj_inside_of] obj=obj obj_pos=[ 1.8035966  -0.46503207  0.9661589 ] fixture_pos=[ 1.25    -0.3      0.96125] fsize=[0.91666663 0.55       0.24749999] shifted_fpos=[ 1.25    -0.25     0.96125] lower=[ 1.         -0.45        0.68750001] upper=[ 1.5        -0.05        1.23499999] inside=False
[obj_inside_of] obj=obj obj_pos=[ 1.8035966  -0.46503207  0.9661589 ] fixture_pos=[ 1.25    -0.3      0.96125] fsize=[0.91666663 0.55       0.24749999] shifted_fpos=[ 1.25    -0.25     0.96125] lower=[ 1.         -0.45        0.68750001] upper=[ 1.5        -0.05        1.23499999] inside=False
[obj_inside_of] obj=obj obj_pos=[ 1.8035966  -0.46503207  0.9661589 ] fixture_pos=[ 1.25    -0.3      0.96125] fsize=[0.91666663 0.55       0.24749999] shifted_fpos=[ 1.25    -0.25     0.96125] lower=[ 1.         -0.45        0.68750001] upper=[ 1.5        -0.05        1.23499999] inside=False
[obj_inside_of] obj=obj obj_pos=[ 1.8035966  -0.46503207  0.9661589 ] fixture_pos=[ 1.25    -0.3      0.96125] fsize=[0.91666663 0.55       0.24749999] shifted_fpos=[ 1.25    -0.25     0.96125] lower=[ 1.         -0.45        0.68750001] upper=[ 1.5        -0.05        1.23499999] inside=False
[obj_inside_of] obj=obj obj_pos=[ 1.8035966  -0.46503207  0.9661589 ] fixture_pos=[ 1.25    -0.3      0.96125] fsize=[0.91666663 0.55       0.24749999] shifted_fpos=[ 1.25    -0.25     0.96125] lower=[ 1.         -0.45        0.68750001] upper=[ 1.5        -0.05        1.23499999] inside=False
[obj_inside_of] obj=obj obj_pos=[ 1.8035966  -0.46503207  0.9661589 ] fixture_pos=[ 1.25    -0.3      0.96125] fsize=[0.91666663 0.55       0.24749999] shifted_fpos=[ 1.25    -0.25     0.96125] lower=[ 1.         -0.45        0.68750001] upper=[ 1.5        -0.05        1.23499999] inside=False
[obj_inside_of] obj=obj obj_pos=[ 1.8035966  -0.46503207  0.9661589 ] fixture_pos=[ 1.25    -0.3      0.96125] fsize=[0.91666663 0.55       0.24749999] shifted_fpos=[ 1.25    -0.25     0.96125] lower=[ 1.         -0.45        0.68750001] upper=[ 1.5        -0.05        1.23499999] inside=False
[obj_inside_of] obj=obj obj_pos=[ 1.8035966  -0.46503207  0.9661589 ] fixture_pos=[ 1.25    -0.3      0.96125] fsize=[0.91666663 0.55       0.24749999] shifted_fpos=[ 1.25    -0.25     0.96125] lower=[ 1.         -0.45        0.68750001] upper=[ 1.5        -0.05        1.23499999] inside=False
[obj_inside_of] obj=obj obj_pos=[ 1.8035966  -0.46503207  0.9661589 ] fixture_pos=[ 1.25    -0.3      0.96125] fsize=[0.91666663 0.55       0.24749999] shifted_fpos=[ 1.25    -0.25     0.96125] lower=[ 1.         -0.45        0.68750001] upper=[ 1.5        -0.05        1.23499999] inside=False
[obj_inside_of] obj=obj obj_pos=[ 1.8035966  -0.46503207  0.9661589 ] fixture_pos=[ 1.25    -0.3      0.96125] fsize=[0.91666663 0.55       0.24749999] shifted_fpos=[ 1.25    -0.25     0.96125] lower=[ 1.         -0.45        0.68750001] upper=[ 1.5        -0.05        1.23499999] inside=False
[obj_inside_of] obj=obj obj_pos=[ 1.8035966  -0.46503207  0.9661589 ] fixture_pos=[ 1.25    -0.3      0.96125] fsize=[0.91666663 0.55       0.24749999] shifted_fpos=[ 1.25    -0.25     0.96125] lower=[ 1.         -0.45        0.68750001] upper=[ 1.5        -0.05        1.23499999] inside=False
[obj_inside_of] obj=obj obj_pos=[ 1.8035966  -0.46503207  0.9661589 ] fixture_pos=[ 1.25    -0.3      0.96125] fsize=[0.91666663 0.55       0.24749999] shifted_fpos=[ 1.25    -0.25     0.96125] lower=[ 1.         -0.45        0.68750001] upper=[ 1.5        -0.05        1.23499999] inside=False
[obj_inside_of] obj=obj obj_pos=[ 1.8035966  -0.46503207  0.9661589 ] fixture_pos=[ 1.25    -0.3      0.96125] fsize=[0.91666663 0.55       0.24749999] shifted_fpos=[ 1.25    -0.25     0.96125] lower=[ 1.         -0.45        0.68750001] upper=[ 1.5        -0.05        1.23499999] inside=False
[obj_inside_of] obj=obj obj_pos=[ 1.8035966  -0.46503207  0.9661589 ] fixture_pos=[ 1.25    -0.3      0.96125] fsize=[0.91666663 0.55       0.24749999] shifted_fpos=[ 1.25    -0.25     0.96125] lower=[ 1.         -0.45        0.68750001] upper=[ 1.5        -0.05        1.23499999] inside=False
[obj_inside_of] obj=obj obj_pos=[ 1.8035966  -0.46503207  0.9661589 ] fixture_pos=[ 1.25    -0.3      0.96125] fsize=[0.91666663 0.55       0.24749999] shifted_fpos=[ 1.25    -0.25     0.96125] lower=[ 1.         -0.45        0.68750001] upper=[ 1.5        -0.05        1.23499999] inside=False
[obj_inside_of] obj=obj obj_pos=[ 1.8035966  -0.46503207  0.9661589 ] fixture_pos=[ 1.25    -0.3      0.96125] fsize=[0.91666663 0.55       0.24749999] shifted_fpos=[ 1.25    -0.25     0.96125] lower=[ 1.         -0.45        0.68750001] upper=[ 1.5        -0.05        1.23499999] inside=False
[obj_inside_of] obj=obj obj_pos=[ 1.8035966  -0.46503207  0.9661589 ] fixture_pos=[ 1.25    -0.3      0.96125] fsize=[0.91666663 0.55       0.24749999] shifted_fpos=[ 1.25    -0.25     0.96125] lower=[ 1.         -0.45        0.68750001] upper=[ 1.5        -0.05        1.23499999] inside=False
[obj_inside_of] obj=obj obj_pos=[ 1.8035966  -0.46503207  0.9661589 ] fixture_pos=[ 1.25    -0.3      0.96125] fsize=[0.91666663 0.55       0.24749999] shifted_fpos=[ 1.25    -0.25     0.96125] lower=[ 1.         -0.45        0.68750001] upper=[ 1.5        -0.05        1.23499999] inside=False
[obj_inside_of] obj=obj obj_pos=[ 1.8035966  -0.46503207  0.9661589 ] fixture_pos=[ 1.25    -0.3      0.96125] fsize=[0.91666663 0.55       0.24749999] shifted_fpos=[ 1.25    -0.25     0.96125] lower=[ 1.         -0.45        0.68750001] upper=[ 1.5        -0.05        1.23499999] inside=False
[obj_inside_of] obj=obj obj_pos=[ 1.8035966  -0.46503207  0.9661589 ] fixture_pos=[ 1.25    -0.3      0.96125] fsize=[0.91666663 0.55       0.24749999] shifted_fpos=[ 1.25    -0.25     0.96125] lower=[ 1.         -0.45        0.68750001] upper=[ 1.5        -0.05        1.23499999] inside=False
[obj_inside_of] obj=obj obj_pos=[ 1.8035966  -0.46503207  0.9661589 ] fixture_pos=[ 1.25    -0.3      0.96125] fsize=[0.91666663 0.55       0.24749999] shifted_fpos=[ 1.25    -0.25     0.96125] lower=[ 1.         -0.45        0.68750001] upper=[ 1.5        -0.05        1.23499999] inside=False
[obj_inside_of] obj=obj obj_pos=[ 1.8035966  -0.46503207  0.9661589 ] fixture_pos=[ 1.25    -0.3      0.96125] fsize=[0.91666663 0.55       0.24749999] shifted_fpos=[ 1.25    -0.25     0.96125] lower=[ 1.         -0.45        0.68750001] upper=[ 1.5        -0.05        1.23499999] inside=False
[obj_inside_of] obj=obj obj_pos=[ 1.8035966  -0.46503207  0.9661589 ] fixture_pos=[ 1.25    -0.3      0.96125] fsize=[0.91666663 0.55       0.24749999] shifted_fpos=[ 1.25    -0.25     0.96125] lower=[ 1.         -0.45        0.68750001] upper=[ 1.5        -0.05        1.23499999] inside=False
[obj_inside_of] obj=obj obj_pos=[ 1.8035966  -0.46503207  0.9661589 ] fixture_pos=[ 1.25    -0.3      0.96125] fsize=[0.91666663 0.55       0.24749999] shifted_fpos=[ 1.25    -0.25     0.96125] lower=[ 1.         -0.45        0.68750001] upper=[ 1.5        -0.05        1.23499999] inside=False
[obj_inside_of] obj=obj obj_pos=[ 1.8035966  -0.46503207  0.9661589 ] fixture_pos=[ 1.25    -0.3      0.96125] fsize=[0.91666663 0.55       0.24749999] shifted_fpos=[ 1.25    -0.25     0.96125] lower=[ 1.         -0.45        0.68750001] upper=[ 1.5        -0.05        1.23499999] inside=False
[obj_inside_of] obj=obj obj_pos=[ 1.8035966  -0.46503207  0.9661589 ] fixture_pos=[ 1.25    -0.3      0.96125] fsize=[0.91666663 0.55       0.24749999] shifted_fpos=[ 1.25    -0.25     0.96125] lower=[ 1.         -0.45        0.68750001] upper=[ 1.5        -0.05        1.23499999] inside=False
[obj_inside_of] obj=obj obj_pos=[ 1.8035966  -0.46503207  0.9661589 ] fixture_pos=[ 1.25    -0.3      0.96125] fsize=[0.91666663 0.55       0.24749999] shifted_fpos=[ 1.25    -0.25     0.96125] lower=[ 1.         -0.45        0.68750001] upper=[ 1.5        -0.05        1.23499999] inside=False
[obj_inside_of] obj=obj obj_pos=[ 1.8035966  -0.46503207  0.9661589 ] fixture_pos=[ 1.25    -0.3      0.96125] fsize=[0.91666663 0.55       0.24749999] shifted_fpos=[ 1.25    -0.25     0.96125] lower=[ 1.         -0.45        0.68750001] upper=[ 1.5        -0.05        1.23499999] inside=False
[obj_inside_of] obj=obj obj_pos=[ 1.8035966  -0.46503207  0.9661589 ] fixture_pos=[ 1.25    -0.3      0.96125] fsize=[0.91666663 0.55       0.24749999] shifted_fpos=[ 1.25    -0.25     0.96125] lower=[ 1.         -0.45        0.68750001] upper=[ 1.5        -0.05        1.23499999] inside=False
[obj_inside_of] obj=obj obj_pos=[ 1.8035966  -0.46503207  0.9661589 ] fixture_pos=[ 1.25    -0.3      0.96125] fsize=[0.91666663 0.55       0.24749999] shifted_fpos=[ 1.25    -0.25     0.96125] lower=[ 1.         -0.45        0.68750001] upper=[ 1.5        -0.05        1.23499999] inside=False
[obj_inside_of] obj=obj obj_pos=[ 1.8035966  -0.46503207  0.9661589 ] fixture_pos=[ 1.25    -0.3      0.96125] fsize=[0.91666663 0.55       0.24749999] shifted_fpos=[ 1.25    -0.25     0.96125] lower=[ 1.         -0.45        0.68750001] upper=[ 1.5        -0.05        1.23499999] inside=False
[obj_inside_of] obj=obj obj_pos=[ 1.8035966  -0.46503207  0.9661589 ] fixture_pos=[ 1.25    -0.3      0.96125] fsize=[0.91666663 0.55       0.24749999] shifted_fpos=[ 1.25    -0.25     0.96125] lower=[ 1.         -0.45        0.68750001] upper=[ 1.5        -0.05        1.23499999] inside=False
[obj_inside_of] obj=obj obj_pos=[ 1.8035966  -0.46503207  0.9661589 ] fixture_pos=[ 1.25    -0.3      0.96125] fsize=[0.91666663 0.55       0.24749999] shifted_fpos=[ 1.25    -0.25     0.96125] lower=[ 1.         -0.45        0.68750001] upper=[ 1.5        -0.05        1.23499999] inside=False
[obj_inside_of] obj=obj obj_pos=[ 1.8035966  -0.46503207  0.9661589 ] fixture_pos=[ 1.25    -0.3      0.96125] fsize=[0.91666663 0.55       0.24749999] shifted_fpos=[ 1.25    -0.25     0.96125] lower=[ 1.         -0.45        0.68750001] upper=[ 1.5        -0.05        1.23499999] inside=False
[obj_inside_of] obj=obj obj_pos=[ 1.8035966  -0.46503207  0.9661589 ] fixture_pos=[ 1.25    -0.3      0.96125] fsize=[0.91666663 0.55       0.24749999] shifted_fpos=[ 1.25    -0.25     0.96125] lower=[ 1.         -0.45        0.68750001] upper=[ 1.5        -0.05        1.23499999] inside=False
[obj_inside_of] obj=obj obj_pos=[ 1.8035966  -0.46503207  0.9661589 ] fixture_pos=[ 1.25    -0.3      0.96125] fsize=[0.91666663 0.55       0.24749999] shifted_fpos=[ 1.25    -0.25     0.96125] lower=[ 1.         -0.45        0.68750001] upper=[ 1.5        -0.05        1.23499999] inside=False
[obj_inside_of] obj=obj obj_pos=[ 1.8035966  -0.46503207  0.9661589 ] fixture_pos=[ 1.25    -0.3      0.96125] fsize=[0.91666663 0.55       0.24749999] shifted_fpos=[ 1.25    -0.25     0.96125] lower=[ 1.         -0.45        0.68750001] upper=[ 1.5        -0.05        1.23499999] inside=False
[obj_inside_of] obj=obj obj_pos=[ 1.8035966  -0.46503207  0.9661589 ] fixture_pos=[ 1.25    -0.3      0.96125] fsize=[0.91666663 0.55       0.24749999] shifted_fpos=[ 1.25    -0.25     0.96125] lower=[ 1.         -0.45        0.68750001] upper=[ 1.5        -0.05        1.23499999] inside=False
[obj_inside_of] obj=obj obj_pos=[ 1.8035966  -0.46503207  0.9661589 ] fixture_pos=[ 1.25    -0.3      0.96125] fsize=[0.91666663 0.55       0.24749999] shifted_fpos=[ 1.25    -0.25     0.96125] lower=[ 1.         -0.45        0.68750001] upper=[ 1.5        -0.05        1.23499999] inside=False
[obj_inside_of] obj=obj obj_pos=[ 1.8035966  -0.46503207  0.9661589 ] fixture_pos=[ 1.25    -0.3      0.96125] fsize=[0.91666663 0.55       0.24749999] shifted_fpos=[ 1.25    -0.25     0.96125] lower=[ 1.         -0.45        0.68750001] upper=[ 1.5        -0.05        1.23499999] inside=False
[obj_inside_of] obj=obj obj_pos=[ 1.8035966  -0.46503207  0.9661589 ] fixture_pos=[ 1.25    -0.3      0.96125] fsize=[0.91666663 0.55       0.24749999] shifted_fpos=[ 1.25    -0.25     0.96125] lower=[ 1.         -0.45        0.68750001] upper=[ 1.5        -0.05        1.23499999] inside=False
[obj_inside_of] obj=obj obj_pos=[ 1.8035966  -0.46503207  0.9661589 ] fixture_pos=[ 1.25    -0.3      0.96125] fsize=[0.91666663 0.55       0.24749999] shifted_fpos=[ 1.25    -0.25     0.96125] lower=[ 1.         -0.45        0.68750001] upper=[ 1.5        -0.05        1.23499999] inside=False
[obj_inside_of] obj=obj obj_pos=[ 1.8035966  -0.46503207  0.9661589 ] fixture_pos=[ 1.25    -0.3      0.96125] fsize=[0.91666663 0.55       0.24749999] shifted_fpos=[ 1.25    -0.25     0.96125] lower=[ 1.         -0.45        0.68750001] upper=[ 1.5        -0.05        1.23499999] inside=False
[obj_inside_of] obj=obj obj_pos=[ 1.8035966  -0.46503207  0.9661589 ] fixture_pos=[ 1.25    -0.3      0.96125] fsize=[0.91666663 0.55       0.24749999] shifted_fpos=[ 1.25    -0.25     0.96125] lower=[ 1.         -0.45        0.68750001] upper=[ 1.5        -0.05        1.23499999] inside=False
[obj_inside_of] obj=obj obj_pos=[ 1.8042063  -0.46532682  0.9660841 ] fixture_pos=[ 1.25    -0.3      0.96125] fsize=[0.91666663 0.55       0.24749999] shifted_fpos=[ 1.25    -0.25     0.96125] lower=[ 1.         -0.45        0.68750001] upper=[ 1.5        -0.05        1.23499999] inside=False
[obj_inside_of] obj=obj obj_pos=[ 1.8059307  -0.46503162  0.9660124 ] fixture_pos=[ 1.25    -0.3      0.96125] fsize=[0.91666663 0.55       0.24749999] shifted_fpos=[ 1.25    -0.25     0.96125] lower=[ 1.         -0.45        0.68750001] upper=[ 1.5        -0.05        1.23499999] inside=False
[obj_inside_of] obj=obj obj_pos=[ 1.8066825  -0.46300393  0.96592265] fixture_pos=[ 1.25    -0.3      0.96125] fsize=[0.91666663 0.55       0.24749999] shifted_fpos=[ 1.25    -0.25     0.96125] lower=[ 1.         -0.45        0.68750001] upper=[ 1.5        -0.05        1.23499999] inside=False
[obj_inside_of] obj=obj obj_pos=[ 1.8059006  -0.46174332  0.9661663 ] fixture_pos=[ 1.25    -0.3      0.96125] fsize=[0.91666663 0.55       0.24749999] shifted_fpos=[ 1.25    -0.25     0.96125] lower=[ 1.         -0.45        0.68750001] upper=[ 1.5        -0.05        1.23499999] inside=False
[obj_inside_of] obj=obj obj_pos=[ 1.8060492  -0.46306643  0.9660361 ] fixture_pos=[ 1.25    -0.3      0.96125] fsize=[0.91666663 0.55       0.24749999] shifted_fpos=[ 1.25    -0.25     0.96125] lower=[ 1.         -0.45        0.68750001] upper=[ 1.5        -0.05        1.23499999] inside=False
[obj_inside_of] obj=obj obj_pos=[ 1.8058283  -0.46521392  0.966021  ] fixture_pos=[ 1.25    -0.3      0.96125] fsize=[0.91666663 0.55       0.24749999] shifted_fpos=[ 1.25    -0.25     0.96125] lower=[ 1.         -0.45        0.68750001] upper=[ 1.5        -0.05        1.23499999] inside=False
[obj_inside_of] obj=obj obj_pos=[ 1.8053768  -0.46559536  0.96607614] fixture_pos=[ 1.25    -0.3      0.96125] fsize=[0.91666663 0.55       0.24749999] shifted_fpos=[ 1.25    -0.25     0.96125] lower=[ 1.         -0.45        0.68750001] upper=[ 1.5        -0.05        1.23499999] inside=False
[obj_inside_of] obj=obj obj_pos=[ 1.8058794  -0.46437818  0.96594125] fixture_pos=[ 1.25    -0.3      0.96125] fsize=[0.91666663 0.55       0.24749999] shifted_fpos=[ 1.25    -0.25     0.96125] lower=[ 1.         -0.45        0.68750001] upper=[ 1.5        -0.05        1.23499999] inside=False
[obj_inside_of] obj=obj obj_pos=[ 1.8060472  -0.46309593  0.9659117 ] fixture_pos=[ 1.25    -0.3      0.96125] fsize=[0.91666663 0.55       0.24749999] shifted_fpos=[ 1.25    -0.25     0.96125] lower=[ 1.         -0.45        0.68750001] upper=[ 1.5        -0.05        1.23499999] inside=False
[obj_inside_of] obj=obj obj_pos=[ 1.8061365  -0.4635969   0.96588236] fixture_pos=[ 1.25    -0.3      0.96125] fsize=[0.91666663 0.55       0.24749999] shifted_fpos=[ 1.25    -0.25     0.96125] lower=[ 1.         -0.45        0.68750001] upper=[ 1.5        -0.05        1.23499999] inside=False
[obj_inside_of] obj=obj obj_pos=[ 1.8058635  -0.46457362  0.9659541 ] fixture_pos=[ 1.25    -0.3      0.96125] fsize=[0.91666663 0.55       0.24749999] shifted_fpos=[ 1.25    -0.25     0.96125] lower=[ 1.         -0.45        0.68750001] upper=[ 1.5        -0.05        1.23499999] inside=False
[obj_inside_of] obj=obj obj_pos=[ 1.8061432  -0.46377558  0.96590805] fixture_pos=[ 1.25    -0.3      0.96125] fsize=[0.91666663 0.55       0.24749999] shifted_fpos=[ 1.25    -0.25     0.96125] lower=[ 1.         -0.45        0.68750001] upper=[ 1.5        -0.05        1.23499999] inside=False
[obj_inside_of] obj=obj obj_pos=[ 1.806532   -0.46349952  0.96593434] fixture_pos=[ 1.25    -0.3      0.96125] fsize=[0.91666663 0.55       0.24749999] shifted_fpos=[ 1.25    -0.25     0.96125] lower=[ 1.         -0.45        0.68750001] upper=[ 1.5        -0.05        1.23499999] inside=False
[obj_inside_of] obj=obj obj_pos=[ 1.806132   -0.4640962   0.96591526] fixture_pos=[ 1.25    -0.3      0.96125] fsize=[0.91666663 0.55       0.24749999] shifted_fpos=[ 1.25    -0.25     0.96125] lower=[ 1.         -0.45        0.68750001] upper=[ 1.5        -0.05        1.23499999] inside=False
[obj_inside_of] obj=obj obj_pos=[ 1.8058707  -0.46443298  0.9659381 ] fixture_pos=[ 1.25    -0.3      0.96125] fsize=[0.91666663 0.55       0.24749999] shifted_fpos=[ 1.25    -0.25     0.96125] lower=[ 1.         -0.45        0.68750001] upper=[ 1.5        -0.05        1.23499999] inside=False
[obj_inside_of] obj=obj obj_pos=[ 1.8061554  -0.46410292  0.9659198 ] fixture_pos=[ 1.25    -0.3      0.96125] fsize=[0.91666663 0.55       0.24749999] shifted_fpos=[ 1.25    -0.25     0.96125] lower=[ 1.         -0.45        0.68750001] upper=[ 1.5        -0.05        1.23499999] inside=False
[obj_inside_of] obj=obj obj_pos=[ 1.8059684 -0.4642345  0.9659102] fixture_pos=[ 1.25    -0.3      0.96125] fsize=[0.91666663 0.55       0.24749999] shifted_fpos=[ 1.25    -0.25     0.96125] lower=[ 1.         -0.45        0.68750001] upper=[ 1.5        -0.05        1.23499999] inside=False
[obj_inside_of] obj=obj obj_pos=[ 1.8060048  -0.46416825  0.96590114] fixture_pos=[ 1.25    -0.3      0.96125] fsize=[0.91666663 0.55       0.24749999] shifted_fpos=[ 1.25    -0.25     0.96125] lower=[ 1.         -0.45        0.68750001] upper=[ 1.5        -0.05        1.23499999] inside=False
[obj_inside_of] obj=obj obj_pos=[ 1.8059913 -0.4641931  0.965904 ] fixture_pos=[ 1.25    -0.3      0.96125] fsize=[0.91666663 0.55       0.24749999] shifted_fpos=[ 1.25    -0.25     0.96125] lower=[ 1.         -0.45        0.68750001] upper=[ 1.5        -0.05        1.23499999] inside=False
[obj_inside_of] obj=obj obj_pos=[ 1.8060194 -0.4642032  0.9659036] fixture_pos=[ 1.25    -0.3      0.96125] fsize=[0.91666663 0.55       0.24749999] shifted_fpos=[ 1.25    -0.25     0.96125] lower=[ 1.         -0.45        0.68750001] upper=[ 1.5        -0.05        1.23499999] inside=False
[obj_inside_of] obj=obj obj_pos=[ 1.8060004  -0.46418616  0.96590275] fixture_pos=[ 1.25    -0.3      0.96125] fsize=[0.91666663 0.55       0.24749999] shifted_fpos=[ 1.25    -0.25     0.96125] lower=[ 1.         -0.45        0.68750001] upper=[ 1.5        -0.05        1.23499999] inside=False
[obj_inside_of] obj=obj obj_pos=[ 1.806019   -0.46420234  0.9659034 ] fixture_pos=[ 1.25    -0.3      0.96125] fsize=[0.91666663 0.55       0.24749999] shifted_fpos=[ 1.25    -0.25     0.96125] lower=[ 1.         -0.45        0.68750001] upper=[ 1.5        -0.05        1.23499999] inside=False
[obj_inside_of] obj=obj obj_pos=[ 1.8059974  -0.4641867   0.96590304] fixture_pos=[ 1.25    -0.3      0.96125] fsize=[0.91666663 0.55       0.24749999] shifted_fpos=[ 1.25    -0.25     0.96125] lower=[ 1.         -0.45        0.68750001] upper=[ 1.5        -0.05        1.23499999] inside=False
[obj_inside_of] obj=obj obj_pos=[ 1.806019   -0.46420234  0.96590346] fixture_pos=[ 1.25    -0.3      0.96125] fsize=[0.91666663 0.55       0.24749999] shifted_fpos=[ 1.25    -0.25     0.96125] lower=[ 1.         -0.45        0.68750001] upper=[ 1.5        -0.05        1.23499999] inside=False
[obj_inside_of] obj=obj obj_pos=[ 1.806001   -0.46418583  0.9659027 ] fixture_pos=[ 1.25    -0.3      0.96125] fsize=[0.91666663 0.55       0.24749999] shifted_fpos=[ 1.25    -0.25     0.96125] lower=[ 1.         -0.45        0.68750001] upper=[ 1.5        -0.05        1.23499999] inside=False
[obj_inside_of] obj=obj obj_pos=[ 1.8060193 -0.4642022  0.9659035] fixture_pos=[ 1.25    -0.3      0.96125] fsize=[0.91666663 0.55       0.24749999] shifted_fpos=[ 1.25    -0.25     0.96125] lower=[ 1.         -0.45        0.68750001] upper=[ 1.5        -0.05        1.23499999] inside=False
[obj_inside_of] obj=obj obj_pos=[ 1.8060015  -0.4641857   0.96590257] fixture_pos=[ 1.25    -0.3      0.96125] fsize=[0.91666663 0.55       0.24749999] shifted_fpos=[ 1.25    -0.25     0.96125] lower=[ 1.         -0.45        0.68750001] upper=[ 1.5        -0.05        1.23499999] inside=False
[obj_inside_of] obj=obj obj_pos=[ 1.8060194  -0.4642022   0.96590346] fixture_pos=[ 1.25    -0.3      0.96125] fsize=[0.91666663 0.55       0.24749999] shifted_fpos=[ 1.25    -0.25     0.96125] lower=[ 1.         -0.45        0.68750001] upper=[ 1.5        -0.05        1.23499999] inside=False
[obj_inside_of] obj=obj obj_pos=[ 1.8059999  -0.46418625  0.9659028 ] fixture_pos=[ 1.25    -0.3      0.96125] fsize=[0.91666663 0.55       0.24749999] shifted_fpos=[ 1.25    -0.25     0.96125] lower=[ 1.         -0.45        0.68750001] upper=[ 1.5        -0.05        1.23499999] inside=False
[obj_inside_of] obj=obj obj_pos=[ 1.80602    -0.46420178  0.9659033 ] fixture_pos=[ 1.25    -0.3      0.96125] fsize=[0.91666663 0.55       0.24749999] shifted_fpos=[ 1.25    -0.25     0.96125] lower=[ 1.         -0.45        0.68750001] upper=[ 1.5        -0.05        1.23499999] inside=False
[obj_inside_of] obj=obj obj_pos=[ 1.8059999  -0.4641861   0.96590275] fixture_pos=[ 1.25    -0.3      0.96125] fsize=[0.91666663 0.55       0.24749999] shifted_fpos=[ 1.25    -0.25     0.96125] lower=[ 1.         -0.45        0.68750001] upper=[ 1.5        -0.05        1.23499999] inside=False
[obj_inside_of] obj=obj obj_pos=[ 1.8060188  -0.46420246  0.9659034 ] fixture_pos=[ 1.25    -0.3      0.96125] fsize=[0.91666663 0.55       0.24749999] shifted_fpos=[ 1.25    -0.25     0.96125] lower=[ 1.         -0.45        0.68750001] upper=[ 1.5        -0.05        1.23499999] inside=False
[obj_inside_of] obj=obj obj_pos=[ 1.8069816  -0.4607239   0.96612465] fixture_pos=[ 1.25    -0.3      0.96125] fsize=[0.91666663 0.55       0.24749999] shifted_fpos=[ 1.25    -0.25     0.96125] lower=[ 1.         -0.45        0.68750001] upper=[ 1.5        -0.05        1.23499999] inside=False
[obj_inside_of] obj=obj obj_pos=[ 1.8069977 -0.4604412  0.9661563] fixture_pos=[ 1.25    -0.3      0.96125] fsize=[0.91666663 0.55       0.24749999] shifted_fpos=[ 1.25    -0.25     0.96125] lower=[ 1.         -0.45        0.68750001] upper=[ 1.5        -0.05        1.23499999] inside=False
[obj_inside_of] obj=obj obj_pos=[ 1.8069123  -0.46042386  0.96615106] fixture_pos=[ 1.25    -0.3      0.96125] fsize=[0.91666663 0.55       0.24749999] shifted_fpos=[ 1.25    -0.25     0.96125] lower=[ 1.         -0.45        0.68750001] upper=[ 1.5        -0.05        1.23499999] inside=False
[obj_inside_of] obj=obj obj_pos=[ 1.8068507  -0.46043     0.96615237] fixture_pos=[ 1.25    -0.3      0.96125] fsize=[0.91666663 0.55       0.24749999] shifted_fpos=[ 1.25    -0.25     0.96125] lower=[ 1.         -0.45        0.68750001] upper=[ 1.5        -0.05        1.23499999] inside=False
[viz-debug] base_link.pose=(1.595,-0.857) q=(0.707,0.000,0.000,0.708) qpos[0:3]=(0.543,-0.345,0.001)
[obj_inside_of] obj=obj obj_pos=[ 1.8067938 -0.4604415  0.9661456] fixture_pos=[ 1.25    -0.3      0.96125] fsize=[0.91666663 0.55       0.24749999] shifted_fpos=[ 1.25    -0.25     0.96125] lower=[ 1.         -0.45        0.68750001] upper=[ 1.5        -0.05        1.23499999] inside=False
[obj_inside_of] obj=obj obj_pos=[ 1.8078672  -0.45948637  0.9662129 ] fixture_pos=[ 1.25    -0.3      0.96125] fsize=[0.91666663 0.55       0.24749999] shifted_fpos=[ 1.25    -0.25     0.96125] lower=[ 1.         -0.45        0.68750001] upper=[ 1.5        -0.05        1.23499999] inside=False
[obj_inside_of] obj=obj obj_pos=[ 1.8082987  -0.45773235  0.9662582 ] fixture_pos=[ 1.25    -0.3      0.96125] fsize=[0.91666663 0.55       0.24749999] shifted_fpos=[ 1.25    -0.25     0.96125] lower=[ 1.         -0.45        0.68750001] upper=[ 1.5        -0.05        1.23499999] inside=False
[obj_inside_of] obj=obj obj_pos=[ 1.8083626 -0.4579717  0.966226 ] fixture_pos=[ 1.25    -0.3      0.96125] fsize=[0.91666663 0.55       0.24749999] shifted_fpos=[ 1.25    -0.25     0.96125] lower=[ 1.         -0.45        0.68750001] upper=[ 1.5        -0.05        1.23499999] inside=False
[obj_inside_of] obj=obj obj_pos=[ 1.8084409 -0.4578116  0.9662394] fixture_pos=[ 1.25    -0.3      0.96125] fsize=[0.91666663 0.55       0.24749999] shifted_fpos=[ 1.25    -0.25     0.96125] lower=[ 1.         -0.45        0.68750001] upper=[ 1.5        -0.05        1.23499999] inside=False
[obj_inside_of] obj=obj obj_pos=[ 1.8085182  -0.457785    0.96622884] fixture_pos=[ 1.25    -0.3      0.96125] fsize=[0.91666663 0.55       0.24749999] shifted_fpos=[ 1.25    -0.25     0.96125] lower=[ 1.         -0.45        0.68750001] upper=[ 1.5        -0.05        1.23499999] inside=False
[obj_inside_of] obj=obj obj_pos=[ 1.8086932  -0.45721912  0.96626574] fixture_pos=[ 1.25    -0.3      0.96125] fsize=[0.91666663 0.55       0.24749999] shifted_fpos=[ 1.25    -0.25     0.96125] lower=[ 1.         -0.45        0.68750001] upper=[ 1.5        -0.05        1.23499999] inside=False
[obj_inside_of] obj=obj obj_pos=[ 1.8088485  -0.45739287  0.96628934] fixture_pos=[ 1.25    -0.3      0.96125] fsize=[0.91666663 0.55       0.24749999] shifted_fpos=[ 1.25    -0.25     0.96125] lower=[ 1.         -0.45        0.68750001] upper=[ 1.5        -0.05        1.23499999] inside=False
[obj_inside_of] obj=obj obj_pos=[ 1.8088984  -0.45738575  0.9662928 ] fixture_pos=[ 1.25    -0.3      0.96125] fsize=[0.91666663 0.55       0.24749999] shifted_fpos=[ 1.25    -0.25     0.96125] lower=[ 1.         -0.45        0.68750001] upper=[ 1.5        -0.05        1.23499999] inside=False
[obj_inside_of] obj=obj obj_pos=[ 1.8089169  -0.45736834  0.9662933 ] fixture_pos=[ 1.25    -0.3      0.96125] fsize=[0.91666663 0.55       0.24749999] shifted_fpos=[ 1.25    -0.25     0.96125] lower=[ 1.         -0.45        0.68750001] upper=[ 1.5        -0.05        1.23499999] inside=False
[obj_inside_of] obj=obj obj_pos=[ 1.8089324  -0.45736727  0.9662946 ] fixture_pos=[ 1.25    -0.3      0.96125] fsize=[0.91666663 0.55       0.24749999] shifted_fpos=[ 1.25    -0.25     0.96125] lower=[ 1.         -0.45        0.68750001] upper=[ 1.5        -0.05        1.23499999] inside=False
[obj_inside_of] obj=obj obj_pos=[ 1.8089466 -0.4573647  0.9662956] fixture_pos=[ 1.25    -0.3      0.96125] fsize=[0.91666663 0.55       0.24749999] shifted_fpos=[ 1.25    -0.25     0.96125] lower=[ 1.         -0.45        0.68750001] upper=[ 1.5        -0.05        1.23499999] inside=False
[obj_inside_of] obj=obj obj_pos=[ 1.8089576  -0.4573655   0.96629655] fixture_pos=[ 1.25    -0.3      0.96125] fsize=[0.91666663 0.55       0.24749999] shifted_fpos=[ 1.25    -0.25     0.96125] lower=[ 1.         -0.45        0.68750001] upper=[ 1.5        -0.05        1.23499999] inside=False
[obj_inside_of] obj=obj obj_pos=[ 1.8089672  -0.45736113  0.966299  ] fixture_pos=[ 1.25    -0.3      0.96125] fsize=[0.91666663 0.55       0.24749999] shifted_fpos=[ 1.25    -0.25     0.96125] lower=[ 1.         -0.45        0.68750001] upper=[ 1.5        -0.05        1.23499999] inside=False
[obj_inside_of] obj=obj obj_pos=[ 1.8089721  -0.4573649   0.96629757] fixture_pos=[ 1.25    -0.3      0.96125] fsize=[0.91666663 0.55       0.24749999] shifted_fpos=[ 1.25    -0.25     0.96125] lower=[ 1.         -0.45        0.68750001] upper=[ 1.5        -0.05        1.23499999] inside=False
[obj_inside_of] obj=obj obj_pos=[ 1.808975  -0.4573663  0.9662983] fixture_pos=[ 1.25    -0.3      0.96125] fsize=[0.91666663 0.55       0.24749999] shifted_fpos=[ 1.25    -0.25     0.96125] lower=[ 1.         -0.45        0.68750001] upper=[ 1.5        -0.05        1.23499999] inside=False
[obj_inside_of] obj=obj obj_pos=[ 1.808977   -0.45736662  0.9662983 ] fixture_pos=[ 1.25    -0.3      0.96125] fsize=[0.91666663 0.55       0.24749999] shifted_fpos=[ 1.25    -0.25     0.96125] lower=[ 1.         -0.45        0.68750001] upper=[ 1.5        -0.05        1.23499999] inside=False
[obj_inside_of] obj=obj obj_pos=[ 1.8089782  -0.45736766  0.9662985 ] fixture_pos=[ 1.25    -0.3      0.96125] fsize=[0.91666663 0.55       0.24749999] shifted_fpos=[ 1.25    -0.25     0.96125] lower=[ 1.         -0.45        0.68750001] upper=[ 1.5        -0.05        1.23499999] inside=False
[obj_inside_of] obj=obj obj_pos=[ 1.808978   -0.4573689   0.96629846] fixture_pos=[ 1.25    -0.3      0.96125] fsize=[0.91666663 0.55       0.24749999] shifted_fpos=[ 1.25    -0.25     0.96125] lower=[ 1.         -0.45        0.68750001] upper=[ 1.5        -0.05        1.23499999] inside=False
[obj_inside_of] obj=obj obj_pos=[ 1.808978   -0.4573683   0.96629864] fixture_pos=[ 1.25    -0.3      0.96125] fsize=[0.91666663 0.55       0.24749999] shifted_fpos=[ 1.25    -0.25     0.96125] lower=[ 1.         -0.45        0.68750001] upper=[ 1.5        -0.05        1.23499999] inside=False
[obj_inside_of] obj=obj obj_pos=[ 1.808978   -0.45736784  0.9662985 ] fixture_pos=[ 1.25    -0.3      0.96125] fsize=[0.91666663 0.55       0.24749999] shifted_fpos=[ 1.25    -0.25     0.96125] lower=[ 1.         -0.45        0.68750001] upper=[ 1.5        -0.05        1.23499999] inside=False
[obj_inside_of] obj=obj obj_pos=[ 1.8089782  -0.45736778  0.96629846] fixture_pos=[ 1.25    -0.3      0.96125] fsize=[0.91666663 0.55       0.24749999] shifted_fpos=[ 1.25    -0.25     0.96125] lower=[ 1.         -0.45        0.68750001] upper=[ 1.5        -0.05        1.23499999] inside=False
[obj_inside_of] obj=obj obj_pos=[ 1.8089777  -0.4573678   0.96629846] fixture_pos=[ 1.25    -0.3      0.96125] fsize=[0.91666663 0.55       0.24749999] shifted_fpos=[ 1.25    -0.25     0.96125] lower=[ 1.         -0.45        0.68750001] upper=[ 1.5        -0.05        1.23499999] inside=False
[obj_inside_of] obj=obj obj_pos=[ 1.8089777  -0.45736822  0.9662984 ] fixture_pos=[ 1.25    -0.3      0.96125] fsize=[0.91666663 0.55       0.24749999] shifted_fpos=[ 1.25    -0.25     0.96125] lower=[ 1.         -0.45        0.68750001] upper=[ 1.5        -0.05        1.23499999] inside=False
[obj_inside_of] obj=obj obj_pos=[ 1.8089778 -0.4573682  0.9662985] fixture_pos=[ 1.25    -0.3      0.96125] fsize=[0.91666663 0.55       0.24749999] shifted_fpos=[ 1.25    -0.25     0.96125] lower=[ 1.         -0.45        0.68750001] upper=[ 1.5        -0.05        1.23499999] inside=False
[obj_inside_of] obj=obj obj_pos=[ 1.8091736  -0.45854908  0.96648055] fixture_pos=[ 1.25    -0.3      0.96125] fsize=[0.91666663 0.55       0.24749999] shifted_fpos=[ 1.25    -0.25     0.96125] lower=[ 1.         -0.45        0.68750001] upper=[ 1.5        -0.05        1.23499999] inside=False
[obj_inside_of] obj=obj obj_pos=[ 1.8092886  -0.45830014  0.9669197 ] fixture_pos=[ 1.25    -0.3      0.96125] fsize=[0.91666663 0.55       0.24749999] shifted_fpos=[ 1.25    -0.25     0.96125] lower=[ 1.         -0.45        0.68750001] upper=[ 1.5        -0.05        1.23499999] inside=False
[obj_inside_of] obj=obj obj_pos=[ 1.8093888  -0.45794094  0.96736634] fixture_pos=[ 1.25    -0.3      0.96125] fsize=[0.91666663 0.55       0.24749999] shifted_fpos=[ 1.25    -0.25     0.96125] lower=[ 1.         -0.45        0.68750001] upper=[ 1.5        -0.05        1.23499999] inside=False
[obj_inside_of] obj=obj obj_pos=[ 1.8094863 -0.4575729  0.9678116] fixture_pos=[ 1.25    -0.3      0.96125] fsize=[0.91666663 0.55       0.24749999] shifted_fpos=[ 1.25    -0.25     0.96125] lower=[ 1.         -0.45        0.68750001] upper=[ 1.5        -0.05        1.23499999] inside=False
[obj_inside_of] obj=obj obj_pos=[ 1.8095828  -0.45719862  0.96825594] fixture_pos=[ 1.25    -0.3      0.96125] fsize=[0.91666663 0.55       0.24749999] shifted_fpos=[ 1.25    -0.25     0.96125] lower=[ 1.         -0.45        0.68750001] upper=[ 1.5        -0.05        1.23499999] inside=False
[obj_inside_of] obj=obj obj_pos=[ 1.809551   -0.45704797  0.9694177 ] fixture_pos=[ 1.25    -0.3      0.96125] fsize=[0.91666663 0.55       0.24749999] shifted_fpos=[ 1.25    -0.25     0.96125] lower=[ 1.         -0.45        0.68750001] upper=[ 1.5        -0.05        1.23499999] inside=False
[obj_inside_of] obj=obj obj_pos=[ 1.8094752 -0.4570247  0.9722204] fixture_pos=[ 1.25    -0.3      0.96125] fsize=[0.91666663 0.55       0.24749999] shifted_fpos=[ 1.25    -0.25     0.96125] lower=[ 1.         -0.45        0.68750001] upper=[ 1.5        -0.05        1.23499999] inside=False
[obj_inside_of] obj=obj obj_pos=[ 1.809421  -0.4570343  0.9781207] fixture_pos=[ 1.25    -0.3      0.96125] fsize=[0.91666663 0.55       0.24749999] shifted_fpos=[ 1.25    -0.25     0.96125] lower=[ 1.         -0.45        0.68750001] upper=[ 1.5        -0.05        1.23499999] inside=False
[obj_inside_of] obj=obj obj_pos=[ 1.8094152  -0.45697662  0.9852031 ] fixture_pos=[ 1.25    -0.3      0.96125] fsize=[0.91666663 0.55       0.24749999] shifted_fpos=[ 1.25    -0.25     0.96125] lower=[ 1.         -0.45        0.68750001] upper=[ 1.5        -0.05        1.23499999] inside=False
[obj_inside_of] obj=obj obj_pos=[ 1.8093905  -0.45693544  0.99136555] fixture_pos=[ 1.25    -0.3      0.96125] fsize=[0.91666663 0.55       0.24749999] shifted_fpos=[ 1.25    -0.25     0.96125] lower=[ 1.         -0.45        0.68750001] upper=[ 1.5        -0.05        1.23499999] inside=False
[obj_inside_of] obj=obj obj_pos=[ 1.8093762 -0.4568719  0.995424 ] fixture_pos=[ 1.25    -0.3      0.96125] fsize=[0.91666663 0.55       0.24749999] shifted_fpos=[ 1.25    -0.25     0.96125] lower=[ 1.         -0.45        0.68750001] upper=[ 1.5        -0.05        1.23499999] inside=False
[obj_inside_of] obj=obj obj_pos=[ 1.8093421  -0.45683026  0.9977324 ] fixture_pos=[ 1.25    -0.3      0.96125] fsize=[0.91666663 0.55       0.24749999] shifted_fpos=[ 1.25    -0.25     0.96125] lower=[ 1.         -0.45        0.68750001] upper=[ 1.5        -0.05        1.23499999] inside=False
[obj_inside_of] obj=obj obj_pos=[ 1.8093162  -0.45679495  0.9989576 ] fixture_pos=[ 1.25    -0.3      0.96125] fsize=[0.91666663 0.55       0.24749999] shifted_fpos=[ 1.25    -0.25     0.96125] lower=[ 1.         -0.45        0.68750001] upper=[ 1.5        -0.05        1.23499999] inside=False
[obj_inside_of] obj=obj obj_pos=[ 1.8093007 -0.4567583  0.9995883] fixture_pos=[ 1.25    -0.3      0.96125] fsize=[0.91666663 0.55       0.24749999] shifted_fpos=[ 1.25    -0.25     0.96125] lower=[ 1.         -0.45        0.68750001] upper=[ 1.5        -0.05        1.23499999] inside=False
[obj_inside_of] obj=obj obj_pos=[ 1.8092918 -0.4567217  0.9999104] fixture_pos=[ 1.25    -0.3      0.96125] fsize=[0.91666663 0.55       0.24749999] shifted_fpos=[ 1.25    -0.25     0.96125] lower=[ 1.         -0.45        0.68750001] upper=[ 1.5        -0.05        1.23499999] inside=False
[obj_inside_of] obj=obj obj_pos=[ 1.8092861  -0.45668638  1.0000759 ] fixture_pos=[ 1.25    -0.3      0.96125] fsize=[0.91666663 0.55       0.24749999] shifted_fpos=[ 1.25    -0.25     0.96125] lower=[ 1.         -0.45        0.68750001] upper=[ 1.5        -0.05        1.23499999] inside=False
[obj_inside_of] obj=obj obj_pos=[ 1.8092823  -0.45665503  1.0001626 ] fixture_pos=[ 1.25    -0.3      0.96125] fsize=[0.91666663 0.55       0.24749999] shifted_fpos=[ 1.25    -0.25     0.96125] lower=[ 1.         -0.45        0.68750001] upper=[ 1.5        -0.05        1.23499999] inside=False
[obj_inside_of] obj=obj obj_pos=[ 1.8092796  -0.45662734  1.000209  ] fixture_pos=[ 1.25    -0.3      0.96125] fsize=[0.91666663 0.55       0.24749999] shifted_fpos=[ 1.25    -0.25     0.96125] lower=[ 1.         -0.45        0.68750001] upper=[ 1.5        -0.05        1.23499999] inside=False
[obj_inside_of] obj=obj obj_pos=[ 1.809276   -0.45660347  1.0002351 ] fixture_pos=[ 1.25    -0.3      0.96125] fsize=[0.91666663 0.55       0.24749999] shifted_fpos=[ 1.25    -0.25     0.96125] lower=[ 1.         -0.45        0.68750001] upper=[ 1.5        -0.05        1.23499999] inside=False
[obj_inside_of] obj=obj obj_pos=[ 1.809273   -0.45658404  1.000249  ] fixture_pos=[ 1.25    -0.3      0.96125] fsize=[0.91666663 0.55       0.24749999] shifted_fpos=[ 1.25    -0.25     0.96125] lower=[ 1.         -0.45        0.68750001] upper=[ 1.5        -0.05        1.23499999] inside=False
[obj_inside_of] obj=obj obj_pos=[ 1.8092699 -0.4565683  1.0002576] fixture_pos=[ 1.25    -0.3      0.96125] fsize=[0.91666663 0.55       0.24749999] shifted_fpos=[ 1.25    -0.25     0.96125] lower=[ 1.         -0.45        0.68750001] upper=[ 1.5        -0.05        1.23499999] inside=False
[obj_inside_of] obj=obj obj_pos=[ 1.8092673 -0.4565551  1.0002629] fixture_pos=[ 1.25    -0.3      0.96125] fsize=[0.91666663 0.55       0.24749999] shifted_fpos=[ 1.25    -0.25     0.96125] lower=[ 1.         -0.45        0.68750001] upper=[ 1.5        -0.05        1.23499999] inside=False
[obj_inside_of] obj=obj obj_pos=[ 1.8092645  -0.45654568  1.0002661 ] fixture_pos=[ 1.25    -0.3      0.96125] fsize=[0.91666663 0.55       0.24749999] shifted_fpos=[ 1.25    -0.25     0.96125] lower=[ 1.         -0.45        0.68750001] upper=[ 1.5        -0.05        1.23499999] inside=False
[obj_inside_of] obj=obj obj_pos=[ 1.8092622  -0.45653704  1.0002681 ] fixture_pos=[ 1.25    -0.3      0.96125] fsize=[0.91666663 0.55       0.24749999] shifted_fpos=[ 1.25    -0.25     0.96125] lower=[ 1.         -0.45        0.68750001] upper=[ 1.5        -0.05        1.23499999] inside=False
[obj_inside_of] obj=obj obj_pos=[ 1.80926    -0.45653227  1.0002692 ] fixture_pos=[ 1.25    -0.3      0.96125] fsize=[0.91666663 0.55       0.24749999] shifted_fpos=[ 1.25    -0.25     0.96125] lower=[ 1.         -0.45        0.68750001] upper=[ 1.5        -0.05        1.23499999] inside=False
[obj_inside_of] obj=obj obj_pos=[ 1.8092577 -0.4565275  1.0002695] fixture_pos=[ 1.25    -0.3      0.96125] fsize=[0.91666663 0.55       0.24749999] shifted_fpos=[ 1.25    -0.25     0.96125] lower=[ 1.         -0.45        0.68750001] upper=[ 1.5        -0.05        1.23499999] inside=False
[obj_inside_of] obj=obj obj_pos=[ 1.8094003  -0.45623052  1.0006351 ] fixture_pos=[ 1.25    -0.3      0.96125] fsize=[0.91666663 0.55       0.24749999] shifted_fpos=[ 1.25    -0.25     0.96125] lower=[ 1.         -0.45        0.68750001] upper=[ 1.5        -0.05        1.23499999] inside=False
[obj_inside_of] obj=obj obj_pos=[ 1.8095193 -0.4559201  1.0010828] fixture_pos=[ 1.25    -0.3      0.96125] fsize=[0.91666663 0.55       0.24749999] shifted_fpos=[ 1.25    -0.25     0.96125] lower=[ 1.         -0.45        0.68750001] upper=[ 1.5        -0.05        1.23499999] inside=False
[obj_inside_of] obj=obj obj_pos=[ 1.8096354  -0.45561022  1.0015309 ] fixture_pos=[ 1.25    -0.3      0.96125] fsize=[0.91666663 0.55       0.24749999] shifted_fpos=[ 1.25    -0.25     0.96125] lower=[ 1.         -0.45        0.68750001] upper=[ 1.5        -0.05        1.23499999] inside=False
[obj_inside_of] obj=obj obj_pos=[ 1.8097506  -0.45530248  1.0019796 ] fixture_pos=[ 1.25    -0.3      0.96125] fsize=[0.91666663 0.55       0.24749999] shifted_fpos=[ 1.25    -0.25     0.96125] lower=[ 1.         -0.45        0.68750001] upper=[ 1.5        -0.05        1.23499999] inside=False
[obj_inside_of] obj=obj obj_pos=[ 1.8098643  -0.45499456  1.0024292 ] fixture_pos=[ 1.25    -0.3      0.96125] fsize=[0.91666663 0.55       0.24749999] shifted_fpos=[ 1.25    -0.25     0.96125] lower=[ 1.         -0.45        0.68750001] upper=[ 1.5        -0.05        1.23499999] inside=False
[obj_inside_of] obj=obj obj_pos=[ 1.8098537 -0.4548968  1.0036118] fixture_pos=[ 1.25    -0.3      0.96125] fsize=[0.91666663 0.55       0.24749999] shifted_fpos=[ 1.25    -0.25     0.96125] lower=[ 1.         -0.45        0.68750001] upper=[ 1.5        -0.05        1.23499999] inside=False
[obj_inside_of] obj=obj obj_pos=[ 1.8097969 -0.4549284  1.0064471] fixture_pos=[ 1.25    -0.3      0.96125] fsize=[0.91666663 0.55       0.24749999] shifted_fpos=[ 1.25    -0.25     0.96125] lower=[ 1.         -0.45        0.68750001] upper=[ 1.5        -0.05        1.23499999] inside=False
[obj_inside_of] obj=obj obj_pos=[ 1.8097581  -0.45499095  1.0123985 ] fixture_pos=[ 1.25    -0.3      0.96125] fsize=[0.91666663 0.55       0.24749999] shifted_fpos=[ 1.25    -0.25     0.96125] lower=[ 1.         -0.45        0.68750001] upper=[ 1.5        -0.05        1.23499999] inside=False
[obj_inside_of] obj=obj obj_pos=[ 1.8097558 -0.4550279  1.0194643] fixture_pos=[ 1.25    -0.3      0.96125] fsize=[0.91666663 0.55       0.24749999] shifted_fpos=[ 1.25    -0.25     0.96125] lower=[ 1.         -0.45        0.68750001] upper=[ 1.5        -0.05        1.23499999] inside=False
[obj_inside_of] obj=obj obj_pos=[ 1.8097311 -0.4550835  1.0255879] fixture_pos=[ 1.25    -0.3      0.96125] fsize=[0.91666663 0.55       0.24749999] shifted_fpos=[ 1.25    -0.25     0.96125] lower=[ 1.         -0.45        0.68750001] upper=[ 1.5        -0.05        1.23499999] inside=False
[obj_inside_of] obj=obj obj_pos=[ 1.8097233  -0.45509166  1.0296139 ] fixture_pos=[ 1.25    -0.3      0.96125] fsize=[0.91666663 0.55       0.24749999] shifted_fpos=[ 1.25    -0.25     0.96125] lower=[ 1.         -0.45        0.68750001] upper=[ 1.5        -0.05        1.23499999] inside=False
[obj_inside_of] obj=obj obj_pos=[ 1.8097029 -0.4550798  1.0319023] fixture_pos=[ 1.25    -0.3      0.96125] fsize=[0.91666663 0.55       0.24749999] shifted_fpos=[ 1.25    -0.25     0.96125] lower=[ 1.         -0.45        0.68750001] upper=[ 1.5        -0.05        1.23499999] inside=False
[obj_inside_of] obj=obj obj_pos=[ 1.8096915  -0.45507845  1.0331185 ] fixture_pos=[ 1.25    -0.3      0.96125] fsize=[0.91666663 0.55       0.24749999] shifted_fpos=[ 1.25    -0.25     0.96125] lower=[ 1.         -0.45        0.68750001] upper=[ 1.5        -0.05        1.23499999] inside=False
[obj_inside_of] obj=obj obj_pos=[ 1.8096914  -0.45505595  1.0337452 ] fixture_pos=[ 1.25    -0.3      0.96125] fsize=[0.91666663 0.55       0.24749999] shifted_fpos=[ 1.25    -0.25     0.96125] lower=[ 1.         -0.45        0.68750001] upper=[ 1.5        -0.05        1.23499999] inside=False
[obj_inside_of] obj=obj obj_pos=[ 1.8096969 -0.4550306  1.0340676] fixture_pos=[ 1.25    -0.3      0.96125] fsize=[0.91666663 0.55       0.24749999] shifted_fpos=[ 1.25    -0.25     0.96125] lower=[ 1.         -0.45        0.68750001] upper=[ 1.5        -0.05        1.23499999] inside=False
[obj_inside_of] obj=obj obj_pos=[ 1.8097032  -0.45500746  1.0342344 ] fixture_pos=[ 1.25    -0.3      0.96125] fsize=[0.91666663 0.55       0.24749999] shifted_fpos=[ 1.25    -0.25     0.96125] lower=[ 1.         -0.45        0.68750001] upper=[ 1.5        -0.05        1.23499999] inside=False
[obj_inside_of] obj=obj obj_pos=[ 1.809709   -0.45498922  1.0343232 ] fixture_pos=[ 1.25    -0.3      0.96125] fsize=[0.91666663 0.55       0.24749999] shifted_fpos=[ 1.25    -0.25     0.96125] lower=[ 1.         -0.45        0.68750001] upper=[ 1.5        -0.05        1.23499999] inside=False
[obj_inside_of] obj=obj obj_pos=[ 1.8097132  -0.45497513  1.0343713 ] fixture_pos=[ 1.25    -0.3      0.96125] fsize=[0.91666663 0.55       0.24749999] shifted_fpos=[ 1.25    -0.25     0.96125] lower=[ 1.         -0.45        0.68750001] upper=[ 1.5        -0.05        1.23499999] inside=False
[obj_inside_of] obj=obj obj_pos=[ 1.8097168  -0.45496544  1.0343978 ] fixture_pos=[ 1.25    -0.3      0.96125] fsize=[0.91666663 0.55       0.24749999] shifted_fpos=[ 1.25    -0.25     0.96125] lower=[ 1.         -0.45        0.68750001] upper=[ 1.5        -0.05        1.23499999] inside=False
[obj_inside_of] obj=obj obj_pos=[ 1.8097185  -0.45496005  1.0344138 ] fixture_pos=[ 1.25    -0.3      0.96125] fsize=[0.91666663 0.55       0.24749999] shifted_fpos=[ 1.25    -0.25     0.96125] lower=[ 1.         -0.45        0.68750001] upper=[ 1.5        -0.05        1.23499999] inside=False
[obj_inside_of] obj=obj obj_pos=[ 1.8097198 -0.4549566  1.0344234] fixture_pos=[ 1.25    -0.3      0.96125] fsize=[0.91666663 0.55       0.24749999] shifted_fpos=[ 1.25    -0.25     0.96125] lower=[ 1.         -0.45        0.68750001] upper=[ 1.5        -0.05        1.23499999] inside=False
[obj_inside_of] obj=obj obj_pos=[ 1.8097202 -0.454957   1.0344294] fixture_pos=[ 1.25    -0.3      0.96125] fsize=[0.91666663 0.55       0.24749999] shifted_fpos=[ 1.25    -0.25     0.96125] lower=[ 1.         -0.45        0.68750001] upper=[ 1.5        -0.05        1.23499999] inside=False
[obj_inside_of] obj=obj obj_pos=[ 1.8097206  -0.45495674  1.0344332 ] fixture_pos=[ 1.25    -0.3      0.96125] fsize=[0.91666663 0.55       0.24749999] shifted_fpos=[ 1.25    -0.25     0.96125] lower=[ 1.         -0.45        0.68750001] upper=[ 1.5        -0.05        1.23499999] inside=False
[obj_inside_of] obj=obj obj_pos=[ 1.8097209 -0.4549591  1.0344354] fixture_pos=[ 1.25    -0.3      0.96125] fsize=[0.91666663 0.55       0.24749999] shifted_fpos=[ 1.25    -0.25     0.96125] lower=[ 1.         -0.45        0.68750001] upper=[ 1.5        -0.05        1.23499999] inside=False
[obj_inside_of] obj=obj obj_pos=[ 1.80972    -0.45496392  1.0344372 ] fixture_pos=[ 1.25    -0.3      0.96125] fsize=[0.91666663 0.55       0.24749999] shifted_fpos=[ 1.25    -0.25     0.96125] lower=[ 1.         -0.45        0.68750001] upper=[ 1.5        -0.05        1.23499999] inside=False
[obj_inside_of] obj=obj obj_pos=[ 1.8097191 -0.4549684  1.0344383] fixture_pos=[ 1.25    -0.3      0.96125] fsize=[0.91666663 0.55       0.24749999] shifted_fpos=[ 1.25    -0.25     0.96125] lower=[ 1.         -0.45        0.68750001] upper=[ 1.5        -0.05        1.23499999] inside=False
[obj_inside_of] obj=obj obj_pos=[ 1.8098667 -0.4546815  1.0348114] fixture_pos=[ 1.25    -0.3      0.96125] fsize=[0.91666663 0.55       0.24749999] shifted_fpos=[ 1.25    -0.25     0.96125] lower=[ 1.         -0.45        0.68750001] upper=[ 1.5        -0.05        1.23499999] inside=False
[obj_inside_of] obj=obj obj_pos=[ 1.8099877  -0.45438462  1.0352634 ] fixture_pos=[ 1.25    -0.3      0.96125] fsize=[0.91666663 0.55       0.24749999] shifted_fpos=[ 1.25    -0.25     0.96125] lower=[ 1.         -0.45        0.68750001] upper=[ 1.5        -0.05        1.23499999] inside=False
[obj_inside_of] obj=obj obj_pos=[ 1.8101053  -0.45408747  1.0357187 ] fixture_pos=[ 1.25    -0.3      0.96125] fsize=[0.91666663 0.55       0.24749999] shifted_fpos=[ 1.25    -0.25     0.96125] lower=[ 1.         -0.45        0.68750001] upper=[ 1.5        -0.05        1.23499999] inside=False
[obj_inside_of] obj=obj obj_pos=[ 1.8102227 -0.4537896  1.036172 ] fixture_pos=[ 1.25    -0.3      0.96125] fsize=[0.91666663 0.55       0.24749999] shifted_fpos=[ 1.25    -0.25     0.96125] lower=[ 1.         -0.45        0.68750001] upper=[ 1.5        -0.05        1.23499999] inside=False
[obj_inside_of] obj=obj obj_pos=[ 1.8103366  -0.45349595  1.0366298 ] fixture_pos=[ 1.25    -0.3      0.96125] fsize=[0.91666663 0.55       0.24749999] shifted_fpos=[ 1.25    -0.25     0.96125] lower=[ 1.         -0.45        0.68750001] upper=[ 1.5        -0.05        1.23499999] inside=False
[obj_inside_of] obj=obj obj_pos=[ 1.810326   -0.45339817  1.0378257 ] fixture_pos=[ 1.25    -0.3      0.96125] fsize=[0.91666663 0.55       0.24749999] shifted_fpos=[ 1.25    -0.25     0.96125] lower=[ 1.         -0.45        0.68750001] upper=[ 1.5        -0.05        1.23499999] inside=False
[obj_inside_of] obj=obj obj_pos=[ 1.8102685 -0.4534282  1.0406805] fixture_pos=[ 1.25    -0.3      0.96125] fsize=[0.91666663 0.55       0.24749999] shifted_fpos=[ 1.25    -0.25     0.96125] lower=[ 1.         -0.45        0.68750001] upper=[ 1.5        -0.05        1.23499999] inside=False
[obj_inside_of] obj=obj obj_pos=[ 1.810226  -0.453492   1.0466758] fixture_pos=[ 1.25    -0.3      0.96125] fsize=[0.91666663 0.55       0.24749999] shifted_fpos=[ 1.25    -0.25     0.96125] lower=[ 1.         -0.45        0.68750001] upper=[ 1.5        -0.05        1.23499999] inside=False
[obj_inside_of] obj=obj obj_pos=[ 1.8102117  -0.45356798  1.0537218 ] fixture_pos=[ 1.25    -0.3      0.96125] fsize=[0.91666663 0.55       0.24749999] shifted_fpos=[ 1.25    -0.25     0.96125] lower=[ 1.         -0.45        0.68750001] upper=[ 1.5        -0.05        1.23499999] inside=False
[obj_inside_of] obj=obj obj_pos=[ 1.8101737  -0.45366755  1.0598066 ] fixture_pos=[ 1.25    -0.3      0.96125] fsize=[0.91666663 0.55       0.24749999] shifted_fpos=[ 1.25    -0.25     0.96125] lower=[ 1.         -0.45        0.68750001] upper=[ 1.5        -0.05        1.23499999] inside=False
[obj_inside_of] obj=obj obj_pos=[ 1.810162   -0.45370045  1.0637678 ] fixture_pos=[ 1.25    -0.3      0.96125] fsize=[0.91666663 0.55       0.24749999] shifted_fpos=[ 1.25    -0.25     0.96125] lower=[ 1.         -0.45        0.68750001] upper=[ 1.5        -0.05        1.23499999] inside=False
[obj_inside_of] obj=obj obj_pos=[ 1.8101441  -0.45370263  1.0660343 ] fixture_pos=[ 1.25    -0.3      0.96125] fsize=[0.91666663 0.55       0.24749999] shifted_fpos=[ 1.25    -0.25     0.96125] lower=[ 1.         -0.45        0.68750001] upper=[ 1.5        -0.05        1.23499999] inside=False
[obj_inside_of] obj=obj obj_pos=[ 1.8101405  -0.45367256  1.0672487 ] fixture_pos=[ 1.25    -0.3      0.96125] fsize=[0.91666663 0.55       0.24749999] shifted_fpos=[ 1.25    -0.25     0.96125] lower=[ 1.         -0.45        0.68750001] upper=[ 1.5        -0.05        1.23499999] inside=False
[obj_inside_of] obj=obj obj_pos=[ 1.8101481 -0.4536289  1.0678798] fixture_pos=[ 1.25    -0.3      0.96125] fsize=[0.91666663 0.55       0.24749999] shifted_fpos=[ 1.25    -0.25     0.96125] lower=[ 1.         -0.45        0.68750001] upper=[ 1.5        -0.05        1.23499999] inside=False
[obj_inside_of] obj=obj obj_pos=[ 1.8101604  -0.45358554  1.0682058 ] fixture_pos=[ 1.25    -0.3      0.96125] fsize=[0.91666663 0.55       0.24749999] shifted_fpos=[ 1.25    -0.25     0.96125] lower=[ 1.         -0.45        0.68750001] upper=[ 1.5        -0.05        1.23499999] inside=False
[obj_inside_of] obj=obj obj_pos=[ 1.8101721  -0.45354813  1.0683765 ] fixture_pos=[ 1.25    -0.3      0.96125] fsize=[0.91666663 0.55       0.24749999] shifted_fpos=[ 1.25    -0.25     0.96125] lower=[ 1.         -0.45        0.68750001] upper=[ 1.5        -0.05        1.23499999] inside=False
[obj_inside_of] obj=obj obj_pos=[ 1.8101816  -0.45351937  1.0684687 ] fixture_pos=[ 1.25    -0.3      0.96125] fsize=[0.91666663 0.55       0.24749999] shifted_fpos=[ 1.25    -0.25     0.96125] lower=[ 1.         -0.45        0.68750001] upper=[ 1.5        -0.05        1.23499999] inside=False
[obj_inside_of] obj=obj obj_pos=[ 1.8101888  -0.45349893  1.0685203 ] fixture_pos=[ 1.25    -0.3      0.96125] fsize=[0.91666663 0.55       0.24749999] shifted_fpos=[ 1.25    -0.25     0.96125] lower=[ 1.         -0.45        0.68750001] upper=[ 1.5        -0.05        1.23499999] inside=False
[obj_inside_of] obj=obj obj_pos=[ 1.8101935  -0.45348594  1.0685502 ] fixture_pos=[ 1.25    -0.3      0.96125] fsize=[0.91666663 0.55       0.24749999] shifted_fpos=[ 1.25    -0.25     0.96125] lower=[ 1.         -0.45        0.68750001] upper=[ 1.5        -0.05        1.23499999] inside=False
[obj_inside_of] obj=obj obj_pos=[ 1.8101965 -0.4534785  1.0685681] fixture_pos=[ 1.25    -0.3      0.96125] fsize=[0.91666663 0.55       0.24749999] shifted_fpos=[ 1.25    -0.25     0.96125] lower=[ 1.         -0.45        0.68750001] upper=[ 1.5        -0.05        1.23499999] inside=False
[obj_inside_of] obj=obj obj_pos=[ 1.8101976  -0.45347562  1.0685793 ] fixture_pos=[ 1.25    -0.3      0.96125] fsize=[0.91666663 0.55       0.24749999] shifted_fpos=[ 1.25    -0.25     0.96125] lower=[ 1.         -0.45        0.68750001] upper=[ 1.5        -0.05        1.23499999] inside=False
[obj_inside_of] obj=obj obj_pos=[ 1.8101984  -0.45347556  1.0685865 ] fixture_pos=[ 1.25    -0.3      0.96125] fsize=[0.91666663 0.55       0.24749999] shifted_fpos=[ 1.25    -0.25     0.96125] lower=[ 1.         -0.45        0.68750001] upper=[ 1.5        -0.05        1.23499999] inside=False
[obj_inside_of] obj=obj obj_pos=[ 1.8101984 -0.4534781  1.0685905] fixture_pos=[ 1.25    -0.3      0.96125] fsize=[0.91666663 0.55       0.24749999] shifted_fpos=[ 1.25    -0.25     0.96125] lower=[ 1.         -0.45        0.68750001] upper=[ 1.5        -0.05        1.23499999] inside=False
[obj_inside_of] obj=obj obj_pos=[ 1.810198  -0.4534827  1.0685935] fixture_pos=[ 1.25    -0.3      0.96125] fsize=[0.91666663 0.55       0.24749999] shifted_fpos=[ 1.25    -0.25     0.96125] lower=[ 1.         -0.45        0.68750001] upper=[ 1.5        -0.05        1.23499999] inside=False
[obj_inside_of] obj=obj obj_pos=[ 1.810197   -0.45348775  1.0685954 ] fixture_pos=[ 1.25    -0.3      0.96125] fsize=[0.91666663 0.55       0.24749999] shifted_fpos=[ 1.25    -0.25     0.96125] lower=[ 1.         -0.45        0.68750001] upper=[ 1.5        -0.05        1.23499999] inside=False
[obj_inside_of] obj=obj obj_pos=[ 1.8101956  -0.45349276  1.0685962 ] fixture_pos=[ 1.25    -0.3      0.96125] fsize=[0.91666663 0.55       0.24749999] shifted_fpos=[ 1.25    -0.25     0.96125] lower=[ 1.         -0.45        0.68750001] upper=[ 1.5        -0.05        1.23499999] inside=False
[obj_inside_of] obj=obj obj_pos=[ 1.8103458  -0.45320883  1.0689778 ] fixture_pos=[ 1.25    -0.3      0.96125] fsize=[0.91666663 0.55       0.24749999] shifted_fpos=[ 1.25    -0.25     0.96125] lower=[ 1.         -0.45        0.68750001] upper=[ 1.5        -0.05        1.23499999] inside=False
[obj_inside_of] obj=obj obj_pos=[ 1.8104672 -0.4529198  1.0694345] fixture_pos=[ 1.25    -0.3      0.96125] fsize=[0.91666663 0.55       0.24749999] shifted_fpos=[ 1.25    -0.25     0.96125] lower=[ 1.         -0.45        0.68750001] upper=[ 1.5        -0.05        1.23499999] inside=False
[obj_inside_of] obj=obj obj_pos=[ 1.8105851 -0.452632   1.0698944] fixture_pos=[ 1.25    -0.3      0.96125] fsize=[0.91666663 0.55       0.24749999] shifted_fpos=[ 1.25    -0.25     0.96125] lower=[ 1.         -0.45        0.68750001] upper=[ 1.5        -0.05        1.23499999] inside=False
[obj_inside_of] obj=obj obj_pos=[ 1.8107003  -0.45234236  1.0703562 ] fixture_pos=[ 1.25    -0.3      0.96125] fsize=[0.91666663 0.55       0.24749999] shifted_fpos=[ 1.25    -0.25     0.96125] lower=[ 1.         -0.45        0.68750001] upper=[ 1.5        -0.05        1.23499999] inside=False
[obj_inside_of] obj=obj obj_pos=[ 1.8108149  -0.45205462  1.0708165 ] fixture_pos=[ 1.25    -0.3      0.96125] fsize=[0.91666663 0.55       0.24749999] shifted_fpos=[ 1.25    -0.25     0.96125] lower=[ 1.         -0.45        0.68750001] upper=[ 1.5        -0.05        1.23499999] inside=False
[obj_inside_of] obj=obj obj_pos=[ 1.8107661  -0.45201987  1.071934  ] fixture_pos=[ 1.25    -0.3      0.96125] fsize=[0.91666663 0.55       0.24749999] shifted_fpos=[ 1.25    -0.25     0.96125] lower=[ 1.         -0.45        0.68750001] upper=[ 1.5        -0.05        1.23499999] inside=False
[obj_inside_of] obj=obj obj_pos=[ 1.8106683  -0.45212314  1.0746806 ] fixture_pos=[ 1.25    -0.3      0.96125] fsize=[0.91666663 0.55       0.24749999] shifted_fpos=[ 1.25    -0.25     0.96125] lower=[ 1.         -0.45        0.68750001] upper=[ 1.5        -0.05        1.23499999] inside=False
[obj_inside_of] obj=obj obj_pos=[ 1.8105928  -0.45225134  1.0806044 ] fixture_pos=[ 1.25    -0.3      0.96125] fsize=[0.91666663 0.55       0.24749999] shifted_fpos=[ 1.25    -0.25     0.96125] lower=[ 1.         -0.45        0.68750001] upper=[ 1.5        -0.05        1.23499999] inside=False
[obj_inside_of] obj=obj obj_pos=[ 1.8105502  -0.45240176  1.087563  ] fixture_pos=[ 1.25    -0.3      0.96125] fsize=[0.91666663 0.55       0.24749999] shifted_fpos=[ 1.25    -0.25     0.96125] lower=[ 1.         -0.45        0.68750001] upper=[ 1.5        -0.05        1.23499999] inside=False
[obj_inside_of] obj=obj obj_pos=[ 1.8104906  -0.45256525  1.0935855 ] fixture_pos=[ 1.25    -0.3      0.96125] fsize=[0.91666663 0.55       0.24749999] shifted_fpos=[ 1.25    -0.25     0.96125] lower=[ 1.         -0.45        0.68750001] upper=[ 1.5        -0.05        1.23499999] inside=False
[obj_inside_of] obj=obj obj_pos=[ 1.8104727  -0.45263097  1.0975066 ] fixture_pos=[ 1.25    -0.3      0.96125] fsize=[0.91666663 0.55       0.24749999] shifted_fpos=[ 1.25    -0.25     0.96125] lower=[ 1.         -0.45        0.68750001] upper=[ 1.5        -0.05        1.23499999] inside=False
[obj_inside_of] obj=obj obj_pos=[ 1.8104546 -0.4526384  1.0997533] fixture_pos=[ 1.25    -0.3      0.96125] fsize=[0.91666663 0.55       0.24749999] shifted_fpos=[ 1.25    -0.25     0.96125] lower=[ 1.         -0.45        0.68750001] upper=[ 1.5        -0.05        1.23499999] inside=False
[obj_inside_of] obj=obj obj_pos=[ 1.8104551  -0.45259485  1.1009619 ] fixture_pos=[ 1.25    -0.3      0.96125] fsize=[0.91666663 0.55       0.24749999] shifted_fpos=[ 1.25    -0.25     0.96125] lower=[ 1.         -0.45        0.68750001] upper=[ 1.5        -0.05        1.23499999] inside=False
[obj_inside_of] obj=obj obj_pos=[ 1.8104683 -0.4525329  1.1015939] fixture_pos=[ 1.25    -0.3      0.96125] fsize=[0.91666663 0.55       0.24749999] shifted_fpos=[ 1.25    -0.25     0.96125] lower=[ 1.         -0.45        0.68750001] upper=[ 1.5        -0.05        1.23499999] inside=False
[perceive] 1 objects from ['base_camera', 'wrist_camera']: ['spout']
[obj_inside_of] obj=obj obj_pos=[ 1.8104863  -0.45247152  1.1019233 ] fixture_pos=[ 1.25    -0.3      0.96125] fsize=[0.91666663 0.55       0.24749999] shifted_fpos=[ 1.25    -0.25     0.96125] lower=[ 1.         -0.45        0.68750001] upper=[ 1.5        -0.05        1.23499999] inside=False
[obj_inside_of] obj=obj obj_pos=[ 1.8105026  -0.45242038  1.1020979 ] fixture_pos=[ 1.25    -0.3      0.96125] fsize=[0.91666663 0.55       0.24749999] shifted_fpos=[ 1.25    -0.25     0.96125] lower=[ 1.         -0.45        0.68750001] upper=[ 1.5        -0.05        1.23499999] inside=False
[obj_inside_of] obj=obj obj_pos=[ 1.8105155  -0.45238236  1.1021932 ] fixture_pos=[ 1.25    -0.3      0.96125] fsize=[0.91666663 0.55       0.24749999] shifted_fpos=[ 1.25    -0.25     0.96125] lower=[ 1.         -0.45        0.68750001] upper=[ 1.5        -0.05        1.23499999] inside=False
[obj_inside_of] obj=obj obj_pos=[ 1.810524   -0.45235524  1.1022478 ] fixture_pos=[ 1.25    -0.3      0.96125] fsize=[0.91666663 0.55       0.24749999] shifted_fpos=[ 1.25    -0.25     0.96125] lower=[ 1.         -0.45        0.68750001] upper=[ 1.5        -0.05        1.23499999] inside=False
[obj_inside_of] obj=obj obj_pos=[ 1.8105301  -0.45233884  1.1022807 ] fixture_pos=[ 1.25    -0.3      0.96125] fsize=[0.91666663 0.55       0.24749999] shifted_fpos=[ 1.25    -0.25     0.96125] lower=[ 1.         -0.45        0.68750001] upper=[ 1.5        -0.05        1.23499999] inside=False
[obj_inside_of] obj=obj obj_pos=[ 1.8105329  -0.45232987  1.1023012 ] fixture_pos=[ 1.25    -0.3      0.96125] fsize=[0.91666663 0.55       0.24749999] shifted_fpos=[ 1.25    -0.25     0.96125] lower=[ 1.         -0.45        0.68750001] upper=[ 1.5        -0.05        1.23499999] inside=False
[obj_inside_of] obj=obj obj_pos=[ 1.8105347  -0.45232657  1.1023133 ] fixture_pos=[ 1.25    -0.3      0.96125] fsize=[0.91666663 0.55       0.24749999] shifted_fpos=[ 1.25    -0.25     0.96125] lower=[ 1.         -0.45        0.68750001] upper=[ 1.5        -0.05        1.23499999] inside=False
[obj_inside_of] obj=obj obj_pos=[ 1.8105342  -0.45232686  1.1023215 ] fixture_pos=[ 1.25    -0.3      0.96125] fsize=[0.91666663 0.55       0.24749999] shifted_fpos=[ 1.25    -0.25     0.96125] lower=[ 1.         -0.45        0.68750001] upper=[ 1.5        -0.05        1.23499999] inside=False
[obj_inside_of] obj=obj obj_pos=[ 1.8105341 -0.4523312  1.1023273] fixture_pos=[ 1.25    -0.3      0.96125] fsize=[0.91666663 0.55       0.24749999] shifted_fpos=[ 1.25    -0.25     0.96125] lower=[ 1.         -0.45        0.68750001] upper=[ 1.5        -0.05        1.23499999] inside=False
[obj_inside_of] obj=obj obj_pos=[ 1.810533   -0.45233622  1.1023308 ] fixture_pos=[ 1.25    -0.3      0.96125] fsize=[0.91666663 0.55       0.24749999] shifted_fpos=[ 1.25    -0.25     0.96125] lower=[ 1.         -0.45        0.68750001] upper=[ 1.5        -0.05        1.23499999] inside=False
[obj_inside_of] obj=obj obj_pos=[ 1.8105314  -0.45234194  1.1023335 ] fixture_pos=[ 1.25    -0.3      0.96125] fsize=[0.91666663 0.55       0.24749999] shifted_fpos=[ 1.25    -0.25     0.96125] lower=[ 1.         -0.45        0.68750001] upper=[ 1.5        -0.05        1.23499999] inside=False
[obj_inside_of] obj=obj obj_pos=[ 1.8105295 -0.4523487  1.1023356] fixture_pos=[ 1.25    -0.3      0.96125] fsize=[0.91666663 0.55       0.24749999] shifted_fpos=[ 1.25    -0.25     0.96125] lower=[ 1.         -0.45        0.68750001] upper=[ 1.5        -0.05        1.23499999] inside=False
[obj_inside_of] obj=obj obj_pos=[ 1.8105273  -0.45235762  1.1023364 ] fixture_pos=[ 1.25    -0.3      0.96125] fsize=[0.91666663 0.55       0.24749999] shifted_fpos=[ 1.25    -0.25     0.96125] lower=[ 1.         -0.45        0.68750001] upper=[ 1.5        -0.05        1.23499999] inside=False
[obj_inside_of] obj=obj obj_pos=[ 1.810525   -0.45236576  1.102337  ] fixture_pos=[ 1.25    -0.3      0.96125] fsize=[0.91666663 0.55       0.24749999] shifted_fpos=[ 1.25    -0.25     0.96125] lower=[ 1.         -0.45        0.68750001] upper=[ 1.5        -0.05        1.23499999] inside=False
[obj_inside_of] obj=obj obj_pos=[ 1.810678   -0.45208275  1.1027257 ] fixture_pos=[ 1.25    -0.3      0.96125] fsize=[0.91666663 0.55       0.24749999] shifted_fpos=[ 1.25    -0.25     0.96125] lower=[ 1.         -0.45        0.68750001] upper=[ 1.5        -0.05        1.23499999] inside=False
[obj_inside_of] obj=obj obj_pos=[ 1.8108002  -0.45179778  1.1031872 ] fixture_pos=[ 1.25    -0.3      0.96125] fsize=[0.91666663 0.55       0.24749999] shifted_fpos=[ 1.25    -0.25     0.96125] lower=[ 1.         -0.45        0.68750001] upper=[ 1.5        -0.05        1.23499999] inside=False
[obj_inside_of] obj=obj obj_pos=[ 1.8109179 -0.451513   1.1036533] fixture_pos=[ 1.25    -0.3      0.96125] fsize=[0.91666663 0.55       0.24749999] shifted_fpos=[ 1.25    -0.25     0.96125] lower=[ 1.         -0.45        0.68750001] upper=[ 1.5        -0.05        1.23499999] inside=False
[obj_inside_of] obj=obj obj_pos=[ 1.8110336  -0.45122877  1.1041194 ] fixture_pos=[ 1.25    -0.3      0.96125] fsize=[0.91666663 0.55       0.24749999] shifted_fpos=[ 1.25    -0.25     0.96125] lower=[ 1.         -0.45        0.68750001] upper=[ 1.5        -0.05        1.23499999] inside=False
[obj_inside_of] obj=obj obj_pos=[ 1.8109525  -0.45112044  1.1041406 ] fixture_pos=[ 1.25    -0.3      0.96125] fsize=[0.91666663 0.55       0.24749999] shifted_fpos=[ 1.25    -0.25     0.96125] lower=[ 1.         -0.45        0.68750001] upper=[ 1.5        -0.05        1.23499999] inside=False
[obj_inside_of] obj=obj obj_pos=[ 1.8108138  -0.45097482  1.1040517 ] fixture_pos=[ 1.25    -0.3      0.96125] fsize=[0.91666663 0.55       0.24749999] shifted_fpos=[ 1.25    -0.25     0.96125] lower=[ 1.         -0.45        0.68750001] upper=[ 1.5        -0.05        1.23499999] inside=False
[obj_inside_of] obj=obj obj_pos=[ 1.8105246  -0.45077103  1.1039869 ] fixture_pos=[ 1.25    -0.3      0.96125] fsize=[0.91666663 0.55       0.24749999] shifted_fpos=[ 1.25    -0.25     0.96125] lower=[ 1.         -0.45        0.68750001] upper=[ 1.5        -0.05        1.23499999] inside=False
[obj_inside_of] obj=obj obj_pos=[ 1.8098556  -0.45040512  1.1039845 ] fixture_pos=[ 1.25    -0.3      0.96125] fsize=[0.91666663 0.55       0.24749999] shifted_fpos=[ 1.25    -0.25     0.96125] lower=[ 1.         -0.45        0.68750001] upper=[ 1.5        -0.05        1.23499999] inside=False
[obj_inside_of] obj=obj obj_pos=[ 1.808305   -0.44977278  1.1039274 ] fixture_pos=[ 1.25    -0.3      0.96125] fsize=[0.91666663 0.55       0.24749999] shifted_fpos=[ 1.25    -0.25     0.96125] lower=[ 1.         -0.45        0.68750001] upper=[ 1.5        -0.05        1.23499999] inside=False
[obj_inside_of] obj=obj obj_pos=[ 1.8062371 -0.448832   1.1039203] fixture_pos=[ 1.25    -0.3      0.96125] fsize=[0.91666663 0.55       0.24749999] shifted_fpos=[ 1.25    -0.25     0.96125] lower=[ 1.         -0.45        0.68750001] upper=[ 1.5        -0.05        1.23499999] inside=False
[obj_inside_of] obj=obj obj_pos=[ 1.8024337  -0.44711566  1.1041846 ] fixture_pos=[ 1.25    -0.3      0.96125] fsize=[0.91666663 0.55       0.24749999] shifted_fpos=[ 1.25    -0.25     0.96125] lower=[ 1.         -0.45        0.68750001] upper=[ 1.5        -0.05        1.23499999] inside=False
[obj_inside_of] obj=obj obj_pos=[ 1.7976203  -0.44482663  1.1044774 ] fixture_pos=[ 1.25    -0.3      0.96125] fsize=[0.91666663 0.55       0.24749999] shifted_fpos=[ 1.25    -0.25     0.96125] lower=[ 1.         -0.45        0.68750001] upper=[ 1.5        -0.05        1.23499999] inside=False
[obj_inside_of] obj=obj obj_pos=[ 1.7919799 -0.4421381  1.1049529] fixture_pos=[ 1.25    -0.3      0.96125] fsize=[0.91666663 0.55       0.24749999] shifted_fpos=[ 1.25    -0.25     0.96125] lower=[ 1.         -0.45        0.68750001] upper=[ 1.5        -0.05        1.23499999] inside=False
[obj_inside_of] obj=obj obj_pos=[ 1.785021   -0.43879104  1.1056007 ] fixture_pos=[ 1.25    -0.3      0.96125] fsize=[0.91666663 0.55       0.24749999] shifted_fpos=[ 1.25    -0.25     0.96125] lower=[ 1.         -0.45        0.68750001] upper=[ 1.5        -0.05        1.23499999] inside=False
[obj_inside_of] obj=obj obj_pos=[ 1.7765061 -0.4346719  1.1064235] fixture_pos=[ 1.25    -0.3      0.96125] fsize=[0.91666663 0.55       0.24749999] shifted_fpos=[ 1.25    -0.25     0.96125] lower=[ 1.         -0.45        0.68750001] upper=[ 1.5        -0.05        1.23499999] inside=False
[obj_inside_of] obj=obj obj_pos=[ 1.765975  -0.4295681  1.1075418] fixture_pos=[ 1.25    -0.3      0.96125] fsize=[0.91666663 0.55       0.24749999] shifted_fpos=[ 1.25    -0.25     0.96125] lower=[ 1.         -0.45        0.68750001] upper=[ 1.5        -0.05        1.23499999] inside=False
[obj_inside_of] obj=obj obj_pos=[ 1.7534435 -0.4234518  1.1087742] fixture_pos=[ 1.25    -0.3      0.96125] fsize=[0.91666663 0.55       0.24749999] shifted_fpos=[ 1.25    -0.25     0.96125] lower=[ 1.         -0.45        0.68750001] upper=[ 1.5        -0.05        1.23499999] inside=False
[obj_inside_of] obj=obj obj_pos=[ 1.7397473  -0.41682848  1.1100076 ] fixture_pos=[ 1.25    -0.3      0.96125] fsize=[0.91666663 0.55       0.24749999] shifted_fpos=[ 1.25    -0.25     0.96125] lower=[ 1.         -0.45        0.68750001] upper=[ 1.5        -0.05        1.23499999] inside=False
[obj_inside_of] obj=obj obj_pos=[ 1.7251866  -0.40980804  1.1113714 ] fixture_pos=[ 1.25    -0.3      0.96125] fsize=[0.91666663 0.55       0.24749999] shifted_fpos=[ 1.25    -0.25     0.96125] lower=[ 1.         -0.45        0.68750001] upper=[ 1.5        -0.05        1.23499999] inside=False
[obj_inside_of] obj=obj obj_pos=[ 1.7151066  -0.40646914  1.115139  ] fixture_pos=[ 1.25    -0.3      0.96125] fsize=[0.91666663 0.55       0.24749999] shifted_fpos=[ 1.25    -0.25     0.96125] lower=[ 1.         -0.45        0.68750001] upper=[ 1.5        -0.05        1.23499999] inside=False
[obj_inside_of] obj=obj obj_pos=[ 1.7079775  -0.40575564  1.1196979 ] fixture_pos=[ 1.25    -0.3      0.96125] fsize=[0.91666663 0.55       0.24749999] shifted_fpos=[ 1.25    -0.25     0.96125] lower=[ 1.         -0.45        0.68750001] upper=[ 1.5        -0.05        1.23499999] inside=False
[obj_inside_of] obj=obj obj_pos=[ 1.7007214  -0.40529934  1.1225578 ] fixture_pos=[ 1.25    -0.3      0.96125] fsize=[0.91666663 0.55       0.24749999] shifted_fpos=[ 1.25    -0.25     0.96125] lower=[ 1.         -0.45        0.68750001] upper=[ 1.5        -0.05        1.23499999] inside=False
[obj_inside_of] obj=obj obj_pos=[ 1.693507  -0.4050267  1.1243793] fixture_pos=[ 1.25    -0.3      0.96125] fsize=[0.91666663 0.55       0.24749999] shifted_fpos=[ 1.25    -0.25     0.96125] lower=[ 1.         -0.45        0.68750001] upper=[ 1.5        -0.05        1.23499999] inside=False
[obj_inside_of] obj=obj obj_pos=[ 1.6871659 -0.4047607  1.125086 ] fixture_pos=[ 1.25    -0.3      0.96125] fsize=[0.91666663 0.55       0.24749999] shifted_fpos=[ 1.25    -0.25     0.96125] lower=[ 1.         -0.45        0.68750001] upper=[ 1.5        -0.05        1.23499999] inside=False
[obj_inside_of] obj=obj obj_pos=[ 1.6822083  -0.40470028  1.125495  ] fixture_pos=[ 1.25    -0.3      0.96125] fsize=[0.91666663 0.55       0.24749999] shifted_fpos=[ 1.25    -0.25     0.96125] lower=[ 1.         -0.45        0.68750001] upper=[ 1.5        -0.05        1.23499999] inside=False
[obj_inside_of] obj=obj obj_pos=[ 1.6784811 -0.4047754  1.1256869] fixture_pos=[ 1.25    -0.3      0.96125] fsize=[0.91666663 0.55       0.24749999] shifted_fpos=[ 1.25    -0.25     0.96125] lower=[ 1.         -0.45        0.68750001] upper=[ 1.5        -0.05        1.23499999] inside=False
[obj_inside_of] obj=obj obj_pos=[ 1.6757132 -0.4049173  1.1257727] fixture_pos=[ 1.25    -0.3      0.96125] fsize=[0.91666663 0.55       0.24749999] shifted_fpos=[ 1.25    -0.25     0.96125] lower=[ 1.         -0.45        0.68750001] upper=[ 1.5        -0.05        1.23499999] inside=False
[obj_inside_of] obj=obj obj_pos=[ 1.6737496  -0.40512192  1.1257312 ] fixture_pos=[ 1.25    -0.3      0.96125] fsize=[0.91666663 0.55       0.24749999] shifted_fpos=[ 1.25    -0.25     0.96125] lower=[ 1.         -0.45        0.68750001] upper=[ 1.5        -0.05        1.23499999] inside=False
[obj_inside_of] obj=obj obj_pos=[ 1.6724652  -0.40534657  1.1256257 ] fixture_pos=[ 1.25    -0.3      0.96125] fsize=[0.91666663 0.55       0.24749999] shifted_fpos=[ 1.25    -0.25     0.96125] lower=[ 1.         -0.45        0.68750001] upper=[ 1.5        -0.05        1.23499999] inside=False
[obj_inside_of] obj=obj obj_pos=[ 1.6716877  -0.40555897  1.125503  ] fixture_pos=[ 1.25    -0.3      0.96125] fsize=[0.91666663 0.55       0.24749999] shifted_fpos=[ 1.25    -0.25     0.96125] lower=[ 1.         -0.45        0.68750001] upper=[ 1.5        -0.05        1.23499999] inside=False
[obj_inside_of] obj=obj obj_pos=[ 1.671212  -0.4056938  1.125362 ] fixture_pos=[ 1.25    -0.3      0.96125] fsize=[0.91666663 0.55       0.24749999] shifted_fpos=[ 1.25    -0.25     0.96125] lower=[ 1.         -0.45        0.68750001] upper=[ 1.5        -0.05        1.23499999] inside=False
[obj_inside_of] obj=obj obj_pos=[ 1.6709429  -0.40577382  1.1252444 ] fixture_pos=[ 1.25    -0.3      0.96125] fsize=[0.91666663 0.55       0.24749999] shifted_fpos=[ 1.25    -0.25     0.96125] lower=[ 1.         -0.45        0.68750001] upper=[ 1.5        -0.05        1.23499999] inside=False
[obj_inside_of] obj=obj obj_pos=[ 1.670868  -0.4058417  1.1251633] fixture_pos=[ 1.25    -0.3      0.96125] fsize=[0.91666663 0.55       0.24749999] shifted_fpos=[ 1.25    -0.25     0.96125] lower=[ 1.         -0.45        0.68750001] upper=[ 1.5        -0.05        1.23499999] inside=False
[obj_inside_of] obj=obj obj_pos=[ 1.6708099 -0.4058932  1.1250855] fixture_pos=[ 1.25    -0.3      0.96125] fsize=[0.91666663 0.55       0.24749999] shifted_fpos=[ 1.25    -0.25     0.96125] lower=[ 1.         -0.45        0.68750001] upper=[ 1.5        -0.05        1.23499999] inside=False
[obj_inside_of] obj=obj obj_pos=[ 1.6707513  -0.40593076  1.1250101 ] fixture_pos=[ 1.25    -0.3      0.96125] fsize=[0.91666663 0.55       0.24749999] shifted_fpos=[ 1.25    -0.25     0.96125] lower=[ 1.         -0.45        0.68750001] upper=[ 1.5        -0.05        1.23499999] inside=False
[obj_inside_of] obj=obj obj_pos=[ 1.6706915 -0.4059615  1.1249361] fixture_pos=[ 1.25    -0.3      0.96125] fsize=[0.91666663 0.55       0.24749999] shifted_fpos=[ 1.25    -0.25     0.96125] lower=[ 1.         -0.45        0.68750001] upper=[ 1.5        -0.05        1.23499999] inside=False
[obj_inside_of] obj=obj obj_pos=[ 1.6706288  -0.40600014  1.1248614 ] fixture_pos=[ 1.25    -0.3      0.96125] fsize=[0.91666663 0.55       0.24749999] shifted_fpos=[ 1.25    -0.25     0.96125] lower=[ 1.         -0.45        0.68750001] upper=[ 1.5        -0.05        1.23499999] inside=False
[obj_inside_of] obj=obj obj_pos=[ 1.6705667  -0.40602022  1.1247886 ] fixture_pos=[ 1.25    -0.3      0.96125] fsize=[0.91666663 0.55       0.24749999] shifted_fpos=[ 1.25    -0.25     0.96125] lower=[ 1.         -0.45        0.68750001] upper=[ 1.5        -0.05        1.23499999] inside=False
[obj_inside_of] obj=obj obj_pos=[ 1.6705055 -0.4060404  1.1247168] fixture_pos=[ 1.25    -0.3      0.96125] fsize=[0.91666663 0.55       0.24749999] shifted_fpos=[ 1.25    -0.25     0.96125] lower=[ 1.         -0.45        0.68750001] upper=[ 1.5        -0.05        1.23499999] inside=False
[obj_inside_of] obj=obj obj_pos=[ 1.670444   -0.40606192  1.1246476 ] fixture_pos=[ 1.25    -0.3      0.96125] fsize=[0.91666663 0.55       0.24749999] shifted_fpos=[ 1.25    -0.25     0.96125] lower=[ 1.         -0.45        0.68750001] upper=[ 1.5        -0.05        1.23499999] inside=False
[obj_inside_of] obj=obj obj_pos=[ 1.6703838  -0.40608275  1.1245794 ] fixture_pos=[ 1.25    -0.3      0.96125] fsize=[0.91666663 0.55       0.24749999] shifted_fpos=[ 1.25    -0.25     0.96125] lower=[ 1.         -0.45        0.68750001] upper=[ 1.5        -0.05        1.23499999] inside=False
[obj_inside_of] obj=obj obj_pos=[ 1.670324   -0.40610355  1.1245137 ] fixture_pos=[ 1.25    -0.3      0.96125] fsize=[0.91666663 0.55       0.24749999] shifted_fpos=[ 1.25    -0.25     0.96125] lower=[ 1.         -0.45        0.68750001] upper=[ 1.5        -0.05        1.23499999] inside=False
[obj_inside_of] obj=obj obj_pos=[ 1.670265  -0.4061235  1.1244504] fixture_pos=[ 1.25    -0.3      0.96125] fsize=[0.91666663 0.55       0.24749999] shifted_fpos=[ 1.25    -0.25     0.96125] lower=[ 1.         -0.45        0.68750001] upper=[ 1.5        -0.05        1.23499999] inside=False
[obj_inside_of] obj=obj obj_pos=[ 1.6702062  -0.40613428  1.1243877 ] fixture_pos=[ 1.25    -0.3      0.96125] fsize=[0.91666663 0.55       0.24749999] shifted_fpos=[ 1.25    -0.25     0.96125] lower=[ 1.         -0.45        0.68750001] upper=[ 1.5        -0.05        1.23499999] inside=False
[obj_inside_of] obj=obj obj_pos=[ 1.670151   -0.40614256  1.124331  ] fixture_pos=[ 1.25    -0.3      0.96125] fsize=[0.91666663 0.55       0.24749999] shifted_fpos=[ 1.25    -0.25     0.96125] lower=[ 1.         -0.45        0.68750001] upper=[ 1.5        -0.05        1.23499999] inside=False
[obj_inside_of] obj=obj obj_pos=[ 1.670074  -0.4057653  1.1250845] fixture_pos=[ 1.25    -0.3      0.96125] fsize=[0.91666663 0.55       0.24749999] shifted_fpos=[ 1.25    -0.25     0.96125] lower=[ 1.         -0.45        0.68750001] upper=[ 1.5        -0.05        1.23499999] inside=False
[obj_inside_of] obj=obj obj_pos=[ 1.6699134  -0.40514442  1.126117  ] fixture_pos=[ 1.25    -0.3      0.96125] fsize=[0.91666663 0.55       0.24749999] shifted_fpos=[ 1.25    -0.25     0.96125] lower=[ 1.         -0.45        0.68750001] upper=[ 1.5        -0.05        1.23499999] inside=False
[obj_inside_of] obj=obj obj_pos=[ 1.6697303  -0.40463415  1.1270415 ] fixture_pos=[ 1.25    -0.3      0.96125] fsize=[0.91666663 0.55       0.24749999] shifted_fpos=[ 1.25    -0.25     0.96125] lower=[ 1.         -0.45        0.68750001] upper=[ 1.5        -0.05        1.23499999] inside=False
[obj_inside_of] obj=obj obj_pos=[ 1.66954    -0.40423208  1.1278447 ] fixture_pos=[ 1.25    -0.3      0.96125] fsize=[0.91666663 0.55       0.24749999] shifted_fpos=[ 1.25    -0.25     0.96125] lower=[ 1.         -0.45        0.68750001] upper=[ 1.5        -0.05        1.23499999] inside=False
[obj_inside_of] obj=obj obj_pos=[ 1.6693746 -0.403952   1.1285096] fixture_pos=[ 1.25    -0.3      0.96125] fsize=[0.91666663 0.55       0.24749999] shifted_fpos=[ 1.25    -0.25     0.96125] lower=[ 1.         -0.45        0.68750001] upper=[ 1.5        -0.05        1.23499999] inside=False
[obj_inside_of] obj=obj obj_pos=[ 1.6692096 -0.4037914  1.1288869] fixture_pos=[ 1.25    -0.3      0.96125] fsize=[0.91666663 0.55       0.24749999] shifted_fpos=[ 1.25    -0.25     0.96125] lower=[ 1.         -0.45        0.68750001] upper=[ 1.5        -0.05        1.23499999] inside=False
[obj_inside_of] obj=obj obj_pos=[ 1.6690403  -0.40370992  1.1292018 ] fixture_pos=[ 1.25    -0.3      0.96125] fsize=[0.91666663 0.55       0.24749999] shifted_fpos=[ 1.25    -0.25     0.96125] lower=[ 1.         -0.45        0.68750001] upper=[ 1.5        -0.05        1.23499999] inside=False
[obj_inside_of] obj=obj obj_pos=[ 1.668767   -0.40361276  1.1295459 ] fixture_pos=[ 1.25    -0.3      0.96125] fsize=[0.91666663 0.55       0.24749999] shifted_fpos=[ 1.25    -0.25     0.96125] lower=[ 1.         -0.45        0.68750001] upper=[ 1.5        -0.05        1.23499999] inside=False
[obj_inside_of] obj=obj obj_pos=[ 1.6682191  -0.40343642  1.1299901 ] fixture_pos=[ 1.25    -0.3      0.96125] fsize=[0.91666663 0.55       0.24749999] shifted_fpos=[ 1.25    -0.25     0.96125] lower=[ 1.         -0.45        0.68750001] upper=[ 1.5        -0.05        1.23499999] inside=False
[obj_inside_of] obj=obj obj_pos=[ 1.6670303  -0.40323937  1.1308165 ] fixture_pos=[ 1.25    -0.3      0.96125] fsize=[0.91666663 0.55       0.24749999] shifted_fpos=[ 1.25    -0.25     0.96125] lower=[ 1.         -0.45        0.68750001] upper=[ 1.5        -0.05        1.23499999] inside=False
[obj_inside_of] obj=obj obj_pos=[ 1.6650865  -0.40292713  1.1315331 ] fixture_pos=[ 1.25    -0.3      0.96125] fsize=[0.91666663 0.55       0.24749999] shifted_fpos=[ 1.25    -0.25     0.96125] lower=[ 1.         -0.45        0.68750001] upper=[ 1.5        -0.05        1.23499999] inside=False
[obj_inside_of] obj=obj obj_pos=[ 1.6625303 -0.4025313  1.132449 ] fixture_pos=[ 1.25    -0.3      0.96125] fsize=[0.91666663 0.55       0.24749999] shifted_fpos=[ 1.25    -0.25     0.96125] lower=[ 1.         -0.45        0.68750001] upper=[ 1.5        -0.05        1.23499999] inside=False
[obj_inside_of] obj=obj obj_pos=[ 1.65907   -0.4019837  1.1335554] fixture_pos=[ 1.25    -0.3      0.96125] fsize=[0.91666663 0.55       0.24749999] shifted_fpos=[ 1.25    -0.25     0.96125] lower=[ 1.         -0.45        0.68750001] upper=[ 1.5        -0.05        1.23499999] inside=False
[obj_inside_of] obj=obj obj_pos=[ 1.6531972  -0.40097293  1.1356751 ] fixture_pos=[ 1.25    -0.3      0.96125] fsize=[0.91666663 0.55       0.24749999] shifted_fpos=[ 1.25    -0.25     0.96125] lower=[ 1.         -0.45        0.68750001] upper=[ 1.5        -0.05        1.23499999] inside=False
[obj_inside_of] obj=obj obj_pos=[ 1.6451539  -0.39972523  1.1377873 ] fixture_pos=[ 1.25    -0.3      0.96125] fsize=[0.91666663 0.55       0.24749999] shifted_fpos=[ 1.25    -0.25     0.96125] lower=[ 1.         -0.45        0.68750001] upper=[ 1.5        -0.05        1.23499999] inside=False
[obj_inside_of] obj=obj obj_pos=[ 1.6364706  -0.39856502  1.1401055 ] fixture_pos=[ 1.25    -0.3      0.96125] fsize=[0.91666663 0.55       0.24749999] shifted_fpos=[ 1.25    -0.25     0.96125] lower=[ 1.         -0.45        0.68750001] upper=[ 1.5        -0.05        1.23499999] inside=False
[obj_inside_of] obj=obj obj_pos=[ 1.6274393  -0.39759523  1.1429721 ] fixture_pos=[ 1.25    -0.3      0.96125] fsize=[0.91666663 0.55       0.24749999] shifted_fpos=[ 1.25    -0.25     0.96125] lower=[ 1.         -0.45        0.68750001] upper=[ 1.5        -0.05        1.23499999] inside=False
[obj_inside_of] obj=obj obj_pos=[ 1.6180959  -0.39659798  1.1451894 ] fixture_pos=[ 1.25    -0.3      0.96125] fsize=[0.91666663 0.55       0.24749999] shifted_fpos=[ 1.25    -0.25     0.96125] lower=[ 1.         -0.45        0.68750001] upper=[ 1.5        -0.05        1.23499999] inside=False
[obj_inside_of] obj=obj obj_pos=[ 1.6089743  -0.39566374  1.1466445 ] fixture_pos=[ 1.25    -0.3      0.96125] fsize=[0.91666663 0.55       0.24749999] shifted_fpos=[ 1.25    -0.25     0.96125] lower=[ 1.         -0.45        0.68750001] upper=[ 1.5        -0.05        1.23499999] inside=False
[obj_inside_of] obj=obj obj_pos=[ 1.5969542  -0.39436567  1.1466806 ] fixture_pos=[ 1.25    -0.3      0.96125] fsize=[0.91666663 0.55       0.24749999] shifted_fpos=[ 1.25    -0.25     0.96125] lower=[ 1.         -0.45        0.68750001] upper=[ 1.5        -0.05        1.23499999] inside=False
[obj_inside_of] obj=obj obj_pos=[ 1.5819522 -0.3927975  1.1460913] fixture_pos=[ 1.25    -0.3      0.96125] fsize=[0.91666663 0.55       0.24749999] shifted_fpos=[ 1.25    -0.25     0.96125] lower=[ 1.         -0.45        0.68750001] upper=[ 1.5        -0.05        1.23499999] inside=False
[obj_inside_of] obj=obj obj_pos=[ 1.5680206  -0.39158162  1.1451688 ] fixture_pos=[ 1.25    -0.3      0.96125] fsize=[0.91666663 0.55       0.24749999] shifted_fpos=[ 1.25    -0.25     0.96125] lower=[ 1.         -0.45        0.68750001] upper=[ 1.5        -0.05        1.23499999] inside=False
[obj_inside_of] obj=obj obj_pos=[ 1.5572327 -0.3906555  1.1444827] fixture_pos=[ 1.25    -0.3      0.96125] fsize=[0.91666663 0.55       0.24749999] shifted_fpos=[ 1.25    -0.25     0.96125] lower=[ 1.         -0.45        0.68750001] upper=[ 1.5        -0.05        1.23499999] inside=False
[obj_inside_of] obj=obj obj_pos=[ 1.5495361 -0.3899094  1.143919 ] fixture_pos=[ 1.25    -0.3      0.96125] fsize=[0.91666663 0.55       0.24749999] shifted_fpos=[ 1.25    -0.25     0.96125] lower=[ 1.         -0.45        0.68750001] upper=[ 1.5        -0.05        1.23499999] inside=False
[obj_inside_of] obj=obj obj_pos=[ 1.5441798  -0.38945693  1.1437796 ] fixture_pos=[ 1.25    -0.3      0.96125] fsize=[0.91666663 0.55       0.24749999] shifted_fpos=[ 1.25    -0.25     0.96125] lower=[ 1.         -0.45        0.68750001] upper=[ 1.5        -0.05        1.23499999] inside=False
[viz-debug] base_link.pose=(1.615,-0.920) q=(0.709,-0.000,-0.000,0.705) qpos[0:3]=(0.480,-0.365,-0.005)
[obj_inside_of] obj=obj obj_pos=[ 1.5403737 -0.3892774  1.1437684] fixture_pos=[ 1.25    -0.3      0.96125] fsize=[0.91666663 0.55       0.24749999] shifted_fpos=[ 1.25    -0.25     0.96125] lower=[ 1.         -0.45        0.68750001] upper=[ 1.5        -0.05        1.23499999] inside=False
[obj_inside_of] obj=obj obj_pos=[ 1.5378042 -0.3893149  1.1437523] fixture_pos=[ 1.25    -0.3      0.96125] fsize=[0.91666663 0.55       0.24749999] shifted_fpos=[ 1.25    -0.25     0.96125] lower=[ 1.         -0.45        0.68750001] upper=[ 1.5        -0.05        1.23499999] inside=False
[obj_inside_of] obj=obj obj_pos=[ 1.5361357  -0.38950616  1.1436671 ] fixture_pos=[ 1.25    -0.3      0.96125] fsize=[0.91666663 0.55       0.24749999] shifted_fpos=[ 1.25    -0.25     0.96125] lower=[ 1.         -0.45        0.68750001] upper=[ 1.5        -0.05        1.23499999] inside=False
[obj_inside_of] obj=obj obj_pos=[ 1.5351062  -0.38983408  1.1434938 ] fixture_pos=[ 1.25    -0.3      0.96125] fsize=[0.91666663 0.55       0.24749999] shifted_fpos=[ 1.25    -0.25     0.96125] lower=[ 1.         -0.45        0.68750001] upper=[ 1.5        -0.05        1.23499999] inside=False
[obj_inside_of] obj=obj obj_pos=[ 1.5346813  -0.39018202  1.1432248 ] fixture_pos=[ 1.25    -0.3      0.96125] fsize=[0.91666663 0.55       0.24749999] shifted_fpos=[ 1.25    -0.25     0.96125] lower=[ 1.         -0.45        0.68750001] upper=[ 1.5        -0.05        1.23499999] inside=False
[obj_inside_of] obj=obj obj_pos=[ 1.5342507 -0.3906443  1.1429619] fixture_pos=[ 1.25    -0.3      0.96125] fsize=[0.91666663 0.55       0.24749999] shifted_fpos=[ 1.25    -0.25     0.96125] lower=[ 1.         -0.45        0.68750001] upper=[ 1.5        -0.05        1.23499999] inside=False
[obj_inside_of] obj=obj obj_pos=[ 1.5341122  -0.39067304  1.1426606 ] fixture_pos=[ 1.25    -0.3      0.96125] fsize=[0.91666663 0.55       0.24749999] shifted_fpos=[ 1.25    -0.25     0.96125] lower=[ 1.         -0.45        0.68750001] upper=[ 1.5        -0.05        1.23499999] inside=False
[obj_inside_of] obj=obj obj_pos=[ 1.5340197  -0.39075494  1.1424685 ] fixture_pos=[ 1.25    -0.3      0.96125] fsize=[0.91666663 0.55       0.24749999] shifted_fpos=[ 1.25    -0.25     0.96125] lower=[ 1.         -0.45        0.68750001] upper=[ 1.5        -0.05        1.23499999] inside=False
[obj_inside_of] obj=obj obj_pos=[ 1.5338546  -0.39088896  1.1422327 ] fixture_pos=[ 1.25    -0.3      0.96125] fsize=[0.91666663 0.55       0.24749999] shifted_fpos=[ 1.25    -0.25     0.96125] lower=[ 1.         -0.45        0.68750001] upper=[ 1.5        -0.05        1.23499999] inside=False
[obj_inside_of] obj=obj obj_pos=[ 1.5336453 -0.3911379  1.1420904] fixture_pos=[ 1.25    -0.3      0.96125] fsize=[0.91666663 0.55       0.24749999] shifted_fpos=[ 1.25    -0.25     0.96125] lower=[ 1.         -0.45        0.68750001] upper=[ 1.5        -0.05        1.23499999] inside=False
[obj_inside_of] obj=obj obj_pos=[ 1.5332457  -0.39113384  1.1417184 ] fixture_pos=[ 1.25    -0.3      0.96125] fsize=[0.91666663 0.55       0.24749999] shifted_fpos=[ 1.25    -0.25     0.96125] lower=[ 1.         -0.45        0.68750001] upper=[ 1.5        -0.05        1.23499999] inside=False
[obj_inside_of] obj=obj obj_pos=[ 1.5319247  -0.39099082  1.1414272 ] fixture_pos=[ 1.25    -0.3      0.96125] fsize=[0.91666663 0.55       0.24749999] shifted_fpos=[ 1.25    -0.25     0.96125] lower=[ 1.         -0.45        0.68750001] upper=[ 1.5        -0.05        1.23499999] inside=False
[obj_inside_of] obj=obj obj_pos=[ 1.5304431  -0.39079118  1.1411927 ] fixture_pos=[ 1.25    -0.3      0.96125] fsize=[0.91666663 0.55       0.24749999] shifted_fpos=[ 1.25    -0.25     0.96125] lower=[ 1.         -0.45        0.68750001] upper=[ 1.5        -0.05        1.23499999] inside=False
[obj_inside_of] obj=obj obj_pos=[ 1.529093   -0.39071813  1.1410867 ] fixture_pos=[ 1.25    -0.3      0.96125] fsize=[0.91666663 0.55       0.24749999] shifted_fpos=[ 1.25    -0.25     0.96125] lower=[ 1.         -0.45        0.68750001] upper=[ 1.5        -0.05        1.23499999] inside=False
[obj_inside_of] obj=obj obj_pos=[ 1.5280019 -0.3906446  1.140966 ] fixture_pos=[ 1.25    -0.3      0.96125] fsize=[0.91666663 0.55       0.24749999] shifted_fpos=[ 1.25    -0.25     0.96125] lower=[ 1.         -0.45        0.68750001] upper=[ 1.5        -0.05        1.23499999] inside=False
[obj_inside_of] obj=obj obj_pos=[ 1.5270684 -0.3906069  1.1408422] fixture_pos=[ 1.25    -0.3      0.96125] fsize=[0.91666663 0.55       0.24749999] shifted_fpos=[ 1.25    -0.25     0.96125] lower=[ 1.         -0.45        0.68750001] upper=[ 1.5        -0.05        1.23499999] inside=False
[obj_inside_of] obj=obj obj_pos=[ 1.5262693  -0.39062962  1.1406745 ] fixture_pos=[ 1.25    -0.3      0.96125] fsize=[0.91666663 0.55       0.24749999] shifted_fpos=[ 1.25    -0.25     0.96125] lower=[ 1.         -0.45        0.68750001] upper=[ 1.5        -0.05        1.23499999] inside=False
[obj_inside_of] obj=obj obj_pos=[ 1.5255466  -0.39052448  1.1404663 ] fixture_pos=[ 1.25    -0.3      0.96125] fsize=[0.91666663 0.55       0.24749999] shifted_fpos=[ 1.25    -0.25     0.96125] lower=[ 1.         -0.45        0.68750001] upper=[ 1.5        -0.05        1.23499999] inside=False
[obj_inside_of] obj=obj obj_pos=[ 1.5247614 -0.3906465  1.1403371] fixture_pos=[ 1.25    -0.3      0.96125] fsize=[0.91666663 0.55       0.24749999] shifted_fpos=[ 1.25    -0.25     0.96125] lower=[ 1.         -0.45        0.68750001] upper=[ 1.5        -0.05        1.23499999] inside=False
[obj_inside_of] obj=obj obj_pos=[ 1.5242016 -0.3906477  1.1400939] fixture_pos=[ 1.25    -0.3      0.96125] fsize=[0.91666663 0.55       0.24749999] shifted_fpos=[ 1.25    -0.25     0.96125] lower=[ 1.         -0.45        0.68750001] upper=[ 1.5        -0.05        1.23499999] inside=False
[obj_inside_of] obj=obj obj_pos=[ 1.5226035 -0.390818   1.1422043] fixture_pos=[ 1.25    -0.3      0.96125] fsize=[0.91666663 0.55       0.24749999] shifted_fpos=[ 1.25    -0.25     0.96125] lower=[ 1.         -0.45        0.68750001] upper=[ 1.5        -0.05        1.23499999] inside=False
[obj_inside_of] obj=obj obj_pos=[ 1.5209817  -0.38903177  1.1437374 ] fixture_pos=[ 1.25    -0.3      0.96125] fsize=[0.91666663 0.55       0.24749999] shifted_fpos=[ 1.25    -0.25     0.96125] lower=[ 1.         -0.45        0.68750001] upper=[ 1.5        -0.05        1.23499999] inside=False
[obj_inside_of] obj=obj obj_pos=[ 1.5184546  -0.38816744  1.1463234 ] fixture_pos=[ 1.25    -0.3      0.96125] fsize=[0.91666663 0.55       0.24749999] shifted_fpos=[ 1.25    -0.25     0.96125] lower=[ 1.         -0.45        0.68750001] upper=[ 1.5        -0.05        1.23499999] inside=False
[obj_inside_of] obj=obj obj_pos=[ 1.516129   -0.38712537  1.1483727 ] fixture_pos=[ 1.25    -0.3      0.96125] fsize=[0.91666663 0.55       0.24749999] shifted_fpos=[ 1.25    -0.25     0.96125] lower=[ 1.         -0.45        0.68750001] upper=[ 1.5        -0.05        1.23499999] inside=False
[obj_inside_of] obj=obj obj_pos=[ 1.5142697 -0.38658    1.1498164] fixture_pos=[ 1.25    -0.3      0.96125] fsize=[0.91666663 0.55       0.24749999] shifted_fpos=[ 1.25    -0.25     0.96125] lower=[ 1.         -0.45        0.68750001] upper=[ 1.5        -0.05        1.23499999] inside=False
[obj_inside_of] obj=obj obj_pos=[ 1.5132768  -0.38633606  1.1501954 ] fixture_pos=[ 1.25    -0.3      0.96125] fsize=[0.91666663 0.55       0.24749999] shifted_fpos=[ 1.25    -0.25     0.96125] lower=[ 1.         -0.45        0.68750001] upper=[ 1.5        -0.05        1.23499999] inside=False
[obj_inside_of] obj=obj obj_pos=[ 1.5131751  -0.38594857  1.1494478 ] fixture_pos=[ 1.25    -0.3      0.96125] fsize=[0.91666663 0.55       0.24749999] shifted_fpos=[ 1.25    -0.25     0.96125] lower=[ 1.         -0.45        0.68750001] upper=[ 1.5        -0.05        1.23499999] inside=False
[obj_inside_of] obj=obj obj_pos=[ 1.5124577  -0.38367245  1.142504  ] fixture_pos=[ 1.25    -0.3      0.96125] fsize=[0.91666663 0.55       0.24749999] shifted_fpos=[ 1.25    -0.25     0.96125] lower=[ 1.         -0.45        0.68750001] upper=[ 1.5        -0.05        1.23499999] inside=False
[obj_inside_of] obj=obj obj_pos=[ 1.5116398 -0.3809705  1.1315943] fixture_pos=[ 1.25    -0.3      0.96125] fsize=[0.91666663 0.55       0.24749999] shifted_fpos=[ 1.25    -0.25     0.96125] lower=[ 1.         -0.45        0.68750001] upper=[ 1.5        -0.05        1.23499999] inside=False
[obj_inside_of] obj=obj obj_pos=[ 1.5113648  -0.37828562  1.1192687 ] fixture_pos=[ 1.25    -0.3      0.96125] fsize=[0.91666663 0.55       0.24749999] shifted_fpos=[ 1.25    -0.25     0.96125] lower=[ 1.         -0.45        0.68750001] upper=[ 1.5        -0.05        1.23499999] inside=False
[obj_inside_of] obj=obj obj_pos=[ 1.5121766  -0.37546587  1.1068255 ] fixture_pos=[ 1.25    -0.3      0.96125] fsize=[0.91666663 0.55       0.24749999] shifted_fpos=[ 1.25    -0.25     0.96125] lower=[ 1.         -0.45        0.68750001] upper=[ 1.5        -0.05        1.23499999] inside=False
[obj_inside_of] obj=obj obj_pos=[ 1.5127143 -0.373318   1.0981752] fixture_pos=[ 1.25    -0.3      0.96125] fsize=[0.91666663 0.55       0.24749999] shifted_fpos=[ 1.25    -0.25     0.96125] lower=[ 1.         -0.45        0.68750001] upper=[ 1.5        -0.05        1.23499999] inside=False
[obj_inside_of] obj=obj obj_pos=[ 1.5134463  -0.37101677  1.0912178 ] fixture_pos=[ 1.25    -0.3      0.96125] fsize=[0.91666663 0.55       0.24749999] shifted_fpos=[ 1.25    -0.25     0.96125] lower=[ 1.         -0.45        0.68750001] upper=[ 1.5        -0.05        1.23499999] inside=False
[obj_inside_of] obj=obj obj_pos=[ 1.5130702  -0.36951727  1.0881338 ] fixture_pos=[ 1.25    -0.3      0.96125] fsize=[0.91666663 0.55       0.24749999] shifted_fpos=[ 1.25    -0.25     0.96125] lower=[ 1.         -0.45        0.68750001] upper=[ 1.5        -0.05        1.23499999] inside=False
[obj_inside_of] obj=obj obj_pos=[ 1.5126112  -0.36828625  1.0865537 ] fixture_pos=[ 1.25    -0.3      0.96125] fsize=[0.91666663 0.55       0.24749999] shifted_fpos=[ 1.25    -0.25     0.96125] lower=[ 1.         -0.45        0.68750001] upper=[ 1.5        -0.05        1.23499999] inside=False
[obj_inside_of] obj=obj obj_pos=[ 1.5125005  -0.36753318  1.0860169 ] fixture_pos=[ 1.25    -0.3      0.96125] fsize=[0.91666663 0.55       0.24749999] shifted_fpos=[ 1.25    -0.25     0.96125] lower=[ 1.         -0.45        0.68750001] upper=[ 1.5        -0.05        1.23499999] inside=False
[obj_inside_of] obj=obj obj_pos=[ 1.5124395  -0.36716712  1.0854958 ] fixture_pos=[ 1.25    -0.3      0.96125] fsize=[0.91666663 0.55       0.24749999] shifted_fpos=[ 1.25    -0.25     0.96125] lower=[ 1.         -0.45        0.68750001] upper=[ 1.5        -0.05        1.23499999] inside=False
[obj_inside_of] obj=obj obj_pos=[ 1.5123786  -0.36698917  1.0850036 ] fixture_pos=[ 1.25    -0.3      0.96125] fsize=[0.91666663 0.55       0.24749999] shifted_fpos=[ 1.25    -0.25     0.96125] lower=[ 1.         -0.45        0.68750001] upper=[ 1.5        -0.05        1.23499999] inside=False
[obj_inside_of] obj=obj obj_pos=[ 1.5123413  -0.36697137  1.08447   ] fixture_pos=[ 1.25    -0.3      0.96125] fsize=[0.91666663 0.55       0.24749999] shifted_fpos=[ 1.25    -0.25     0.96125] lower=[ 1.         -0.45        0.68750001] upper=[ 1.5        -0.05        1.23499999] inside=False
[obj_inside_of] obj=obj obj_pos=[ 1.512395   -0.36693648  1.0839959 ] fixture_pos=[ 1.25    -0.3      0.96125] fsize=[0.91666663 0.55       0.24749999] shifted_fpos=[ 1.25    -0.25     0.96125] lower=[ 1.         -0.45        0.68750001] upper=[ 1.5        -0.05        1.23499999] inside=False
[obj_inside_of] obj=obj obj_pos=[ 1.5123477 -0.3669581  1.0840123] fixture_pos=[ 1.25    -0.3      0.96125] fsize=[0.91666663 0.55       0.24749999] shifted_fpos=[ 1.25    -0.25     0.96125] lower=[ 1.         -0.45        0.68750001] upper=[ 1.5        -0.05        1.23499999] inside=False
[obj_inside_of] obj=obj obj_pos=[ 1.5123178 -0.3668844  1.0840129] fixture_pos=[ 1.25    -0.3      0.96125] fsize=[0.91666663 0.55       0.24749999] shifted_fpos=[ 1.25    -0.25     0.96125] lower=[ 1.         -0.45        0.68750001] upper=[ 1.5        -0.05        1.23499999] inside=False
[obj_inside_of] obj=obj obj_pos=[ 1.5123122  -0.36682555  1.0840225 ] fixture_pos=[ 1.25    -0.3      0.96125] fsize=[0.91666663 0.55       0.24749999] shifted_fpos=[ 1.25    -0.25     0.96125] lower=[ 1.         -0.45        0.68750001] upper=[ 1.5        -0.05        1.23499999] inside=False
[obj_inside_of] obj=obj obj_pos=[ 1.512315   -0.36682284  1.0840216 ] fixture_pos=[ 1.25    -0.3      0.96125] fsize=[0.91666663 0.55       0.24749999] shifted_fpos=[ 1.25    -0.25     0.96125] lower=[ 1.         -0.45        0.68750001] upper=[ 1.5        -0.05        1.23499999] inside=False
[obj_inside_of] obj=obj obj_pos=[ 1.5123111  -0.36682293  1.0840205 ] fixture_pos=[ 1.25    -0.3      0.96125] fsize=[0.91666663 0.55       0.24749999] shifted_fpos=[ 1.25    -0.25     0.96125] lower=[ 1.         -0.45        0.68750001] upper=[ 1.5        -0.05        1.23499999] inside=False
[obj_inside_of] obj=obj obj_pos=[ 1.5123067  -0.36681822  1.0840179 ] fixture_pos=[ 1.25    -0.3      0.96125] fsize=[0.91666663 0.55       0.24749999] shifted_fpos=[ 1.25    -0.25     0.96125] lower=[ 1.         -0.45        0.68750001] upper=[ 1.5        -0.05        1.23499999] inside=False
[obj_inside_of] obj=obj obj_pos=[ 1.5123036  -0.36680636  1.0840203 ] fixture_pos=[ 1.25    -0.3      0.96125] fsize=[0.91666663 0.55       0.24749999] shifted_fpos=[ 1.25    -0.25     0.96125] lower=[ 1.         -0.45        0.68750001] upper=[ 1.5        -0.05        1.23499999] inside=False
[obj_inside_of] obj=obj obj_pos=[ 1.512303  -0.3668046  1.0840185] fixture_pos=[ 1.25    -0.3      0.96125] fsize=[0.91666663 0.55       0.24749999] shifted_fpos=[ 1.25    -0.25     0.96125] lower=[ 1.         -0.45        0.68750001] upper=[ 1.5        -0.05        1.23499999] inside=False
[obj_inside_of] obj=obj obj_pos=[ 1.5115045  -0.38426962  1.0965911 ] fixture_pos=[ 1.25    -0.3      0.96125] fsize=[0.91666663 0.55       0.24749999] shifted_fpos=[ 1.25    -0.25     0.96125] lower=[ 1.         -0.45        0.68750001] upper=[ 1.5        -0.05        1.23499999] inside=False
[obj_inside_of] obj=obj obj_pos=[ 1.5166146  -0.38290107  1.0856112 ] fixture_pos=[ 1.25    -0.3      0.96125] fsize=[0.91666663 0.55       0.24749999] shifted_fpos=[ 1.25    -0.25     0.96125] lower=[ 1.         -0.45        0.68750001] upper=[ 1.5        -0.05        1.23499999] inside=False
[obj_inside_of] obj=obj obj_pos=[ 1.5255713  -0.37938952  1.0572708 ] fixture_pos=[ 1.25    -0.3      0.96125] fsize=[0.91666663 0.55       0.24749999] shifted_fpos=[ 1.25    -0.25     0.96125] lower=[ 1.         -0.45        0.68750001] upper=[ 1.5        -0.05        1.23499999] inside=False
[obj_inside_of] obj=obj obj_pos=[ 1.5351423  -0.37712654  1.0052608 ] fixture_pos=[ 1.25    -0.3      0.96125] fsize=[0.91666663 0.55       0.24749999] shifted_fpos=[ 1.25    -0.25     0.96125] lower=[ 1.         -0.45        0.68750001] upper=[ 1.5        -0.05        1.23499999] inside=False
[obj_inside_of] obj=obj obj_pos=[ 1.5444702  -0.37585834  0.92993903] fixture_pos=[ 1.25    -0.3      0.96125] fsize=[0.91666663 0.55       0.24749999] shifted_fpos=[ 1.25    -0.25     0.96125] lower=[ 1.         -0.45        0.68750001] upper=[ 1.5        -0.05        1.23499999] inside=False
[obj_inside_of] obj=obj obj_pos=[ 1.5528293  -0.37501618  0.8311737 ] fixture_pos=[ 1.25    -0.3      0.96125] fsize=[0.91666663 0.55       0.24749999] shifted_fpos=[ 1.25    -0.25     0.96125] lower=[ 1.         -0.45        0.68750001] upper=[ 1.5        -0.05        1.23499999] inside=False
[obj_inside_of] obj=obj obj_pos=[ 1.5576206  -0.37232986  0.769945  ] fixture_pos=[ 1.25    -0.3      0.96125] fsize=[0.91666663 0.55       0.24749999] shifted_fpos=[ 1.25    -0.25     0.96125] lower=[ 1.         -0.45        0.68750001] upper=[ 1.5        -0.05        1.23499999] inside=False
[obj_inside_of] obj=obj obj_pos=[ 1.5527273  -0.35623065  0.76948696] fixture_pos=[ 1.25    -0.3      0.96125] fsize=[0.91666663 0.55       0.24749999] shifted_fpos=[ 1.25    -0.25     0.96125] lower=[ 1.         -0.45        0.68750001] upper=[ 1.5        -0.05        1.23499999] inside=False
[obj_inside_of] obj=obj obj_pos=[ 1.5489309  -0.34403375  0.7745817 ] fixture_pos=[ 1.25    -0.3      0.96125] fsize=[0.91666663 0.55       0.24749999] shifted_fpos=[ 1.25    -0.25     0.96125] lower=[ 1.         -0.45        0.68750001] upper=[ 1.5        -0.05        1.23499999] inside=False
[obj_inside_of] obj=obj obj_pos=[ 1.5489309  -0.34403375  0.7745817 ] fixture_pos=[ 1.25    -0.3      0.96125] fsize=[0.91666663 0.55       0.24749999] shifted_fpos=[ 1.25    -0.25     0.96125] lower=[ 1.         -0.45        0.68750001] upper=[ 1.5        -0.05        1.23499999] inside=False
[obj_inside_of] obj=obj obj_pos=[ 1.5456009  -0.3375801   0.77684003] fixture_pos=[ 1.25    -0.3      0.96125] fsize=[0.91666663 0.55       0.24749999] shifted_fpos=[ 1.25    -0.25     0.96125] lower=[ 1.         -0.45        0.68750001] upper=[ 1.5        -0.05        1.23499999] inside=False
[obj_inside_of] obj=obj obj_pos=[ 1.5423201  -0.3364533   0.77701294] fixture_pos=[ 1.25    -0.3      0.96125] fsize=[0.91666663 0.55       0.24749999] shifted_fpos=[ 1.25    -0.25     0.96125] lower=[ 1.         -0.45        0.68750001] upper=[ 1.5        -0.05        1.23499999] inside=False
[obj_inside_of] obj=obj obj_pos=[ 1.5379266 -0.3404692  0.7751416] fixture_pos=[ 1.25    -0.3      0.96125] fsize=[0.91666663 0.55       0.24749999] shifted_fpos=[ 1.25    -0.25     0.96125] lower=[ 1.         -0.45        0.68750001] upper=[ 1.5        -0.05        1.23499999] inside=False
[obj_inside_of] obj=obj obj_pos=[ 1.532764   -0.34977275  0.7712087 ] fixture_pos=[ 1.25    -0.3      0.96125] fsize=[0.91666663 0.55       0.24749999] shifted_fpos=[ 1.25    -0.25     0.96125] lower=[ 1.         -0.45        0.68750001] upper=[ 1.5        -0.05        1.23499999] inside=False
