Unknown attribute "D" in /robot[@name='tidyverse']/joint[@name='panda_joint1']/dynamics
Unknown attribute "K" in /robot[@name='tidyverse']/joint[@name='panda_joint1']/dynamics
Unknown attribute "mu_coulomb" in /robot[@name='tidyverse']/joint[@name='panda_joint1']/dynamics
Unknown attribute "mu_viscous" in /robot[@name='tidyverse']/joint[@name='panda_joint1']/dynamics
Unknown attribute "D" in /robot[@name='tidyverse']/joint[@name='panda_joint2']/dynamics
Unknown attribute "K" in /robot[@name='tidyverse']/joint[@name='panda_joint2']/dynamics
Unknown attribute "mu_coulomb" in /robot[@name='tidyverse']/joint[@name='panda_joint2']/dynamics
Unknown attribute "mu_viscous" in /robot[@name='tidyverse']/joint[@name='panda_joint2']/dynamics
Unknown attribute "D" in /robot[@name='tidyverse']/joint[@name='panda_joint3']/dynamics
Unknown attribute "K" in /robot[@name='tidyverse']/joint[@name='panda_joint3']/dynamics
Unknown attribute "mu_coulomb" in /robot[@name='tidyverse']/joint[@name='panda_joint3']/dynamics
Unknown attribute "mu_viscous" in /robot[@name='tidyverse']/joint[@name='panda_joint3']/dynamics
Unknown attribute "D" in /robot[@name='tidyverse']/joint[@name='panda_joint4']/dynamics
Unknown attribute "K" in /robot[@name='tidyverse']/joint[@name='panda_joint4']/dynamics
Unknown attribute "mu_coulomb" in /robot[@name='tidyverse']/joint[@name='panda_joint4']/dynamics
Unknown attribute "mu_viscous" in /robot[@name='tidyverse']/joint[@name='panda_joint4']/dynamics
Unknown attribute "D" in /robot[@name='tidyverse']/joint[@name='panda_joint5']/dynamics
Unknown attribute "K" in /robot[@name='tidyverse']/joint[@name='panda_joint5']/dynamics
Unknown attribute "mu_coulomb" in /robot[@name='tidyverse']/joint[@name='panda_joint5']/dynamics
Unknown attribute "mu_viscous" in /robot[@name='tidyverse']/joint[@name='panda_joint5']/dynamics
Unknown attribute "D" in /robot[@name='tidyverse']/joint[@name='panda_joint6']/dynamics
Unknown attribute "K" in /robot[@name='tidyverse']/joint[@name='panda_joint6']/dynamics
Unknown attribute "mu_coulomb" in /robot[@name='tidyverse']/joint[@name='panda_joint6']/dynamics
Unknown attribute "mu_viscous" in /robot[@name='tidyverse']/joint[@name='panda_joint6']/dynamics
Unknown attribute "D" in /robot[@name='tidyverse']/joint[@name='panda_joint7']/dynamics
Unknown attribute "K" in /robot[@name='tidyverse']/joint[@name='panda_joint7']/dynamics
Unknown attribute "mu_coulomb" in /robot[@name='tidyverse']/joint[@name='panda_joint7']/dynamics
Unknown attribute "mu_viscous" in /robot[@name='tidyverse']/joint[@name='panda_joint7']/dynamics
[33;1m2026-09-28 00:08:04,222 - mani_skill  - WARNING - tidyverse is not in the task's list of supported robots. Code may not run as intended[0m
[franka-bridge] IK solver loaded from /home/truares/文档/maniskill-tidyverse/arm_franka_maniskill_service/franka_server/tidyverse_arm_only.urdf
[maniskill] Creating env: task=RoboCasa-Pn-P-Counter-To-Sink-v0, control_mode=whole_body, obs_mode=rgb+depth+segmentation, num_envs=1
Could not place objects. Trying again with new objects
Could not place objects. Trying again with new objects
[obj_inside_of] obj=obj obj_pos=[ 3.9280279 -1.8760474  1.0890545] fixture_pos=[ 4.09999816 -1.1997989   0.96125   ] fsize=[0.91666663 0.55       0.24749999] shifted_fpos=[ 4.09999816 -1.1497989   0.96125   ] lower=[ 3.84999816 -1.3497989   0.68750001] upper=[ 4.34999816 -0.9497989   1.23499999] inside=False
[obj_inside_of] obj=obj obj_pos=[ 0.5072005 -2.75566    1.0069567] fixture_pos=[ 0.29999284 -2.1999989   0.96125   ] fsize=[0.91666663 0.55       0.24749999] shifted_fpos=[ 0.29999284 -2.1499989   0.96125   ] lower=[ 0.04999284 -2.3499989   0.68750001] upper=[ 0.54999284 -1.9499989   1.23499999] inside=False
[maniskill] Env reset with seed=0 (reconfigure=True)
[maniskill] Simulation device: cpu
[viz-debug] all robot links:
  root: pos=(1.400,-2.200,0.000) q=(-0.000,0.000,0.000,1.000)
  base_x_link: pos=(1.400,-2.200,0.000) q=(-0.000,0.000,0.000,1.000)
  base_y_link: pos=(1.400,-2.200,0.000) q=(-0.000,0.000,0.000,1.000)
  base_link: pos=(1.400,-2.200,0.000) q=(-0.000,0.000,0.000,1.000)
  panda_link0: pos=(1.400,-2.200,0.472) q=(-0.000,0.000,0.000,1.000)
  panda_link1: pos=(1.400,-2.200,0.805) q=(-0.000,0.000,0.000,1.000)
  panda_link2: pos=(1.400,-2.200,0.805) q=(0.270,0.270,-0.653,0.653)
  panda_link3: pos=(1.623,-2.200,1.029) q=(-0.000,0.382,0.000,0.924)
  panda_link4: pos=(1.565,-2.200,1.087) q=(0.500,-0.500,0.500,0.500)
  panda_link5: pos=(1.181,-2.200,1.170) q=(-0.000,-0.707,-0.000,0.707)
  panda_link6: pos=(1.181,-2.200,1.170) q=(-0.120,0.120,0.697,0.697)
  panda_link7: pos=(1.098,-2.200,1.199) q=(-0.157,0.377,0.910,-0.065)
  panda_link8: pos=(1.062,-2.200,1.098) q=(-0.157,0.377,0.910,-0.065)
  robotiq_arg2f_base_link: pos=(1.062,-2.200,1.098) q=(-0.157,0.377,0.910,-0.065)
  eef: pos=(1.014,-2.200,0.962) q=(-0.157,0.377,0.910,-0.065)
  left_outer_knuckle: pos=(1.023,-2.222,1.054) q=(0.065,0.910,-0.377,-0.157)
  left_inner_knuckle: pos=(1.033,-2.209,1.043) q=(0.065,0.910,-0.377,-0.157)
  right_outer_knuckle: pos=(1.064,-2.178,1.039) q=(-0.157,0.377,0.910,-0.065)
  right_inner_knuckle: pos=(1.050,-2.191,1.037) q=(-0.157,0.377,0.910,-0.065)
  left_outer_finger: pos=(1.004,-2.244,1.065) q=(0.065,0.910,-0.377,-0.157)
  right_outer_finger: pos=(1.086,-2.156,1.036) q=(-0.157,0.377,0.910,-0.065)
  left_inner_finger: pos=(0.984,-2.248,1.022) q=(0.065,0.910,-0.377,-0.157)
  right_inner_finger: pos=(1.075,-2.152,0.990) q=(-0.157,0.377,0.910,-0.065)
  left_inner_finger_pad: pos=(0.988,-2.233,0.986) q=(0.065,0.910,-0.377,-0.157)
  right_inner_finger_pad: pos=(1.049,-2.167,0.965) q=(-0.157,0.377,0.910,-0.065)
[viz] cuRobo OBB visualization created (0.734m x 0.524m, red transparent)
[planner] base_link home: pos=[1.3999928, -2.1999948, 0.0] q=[-1.8366026e-06, 0.0, 0.0, 1.0]
[planner] Creating SapienPlanningWorld...

  Planning world contents (ACM mode=strict):
    Robot links (25): ['scene-0-tidyverse_root', 'scene-0-tidyverse_base_x_link', 'scene-0-tidyverse_base_y_link', 'scene-0-tidyverse_base_link', 'scene-0-tidyverse_panda_link0']...
    Articulations (24):
      [PENDING] scene-0_stack_3_left_group_3_0_141 (3 links)
      [PENDING] scene-0_stack_3_left_group_2_0_138 (3 links)
      [PENDING] scene-0_top_left_group_0_119 (4 links)
      [PENDING] scene-0_bottom_left_group_1_0_107 (3 links)
      [PENDING] scene-0_sink_left_group_0_98 (5 links)
      [ROBOT] scene-0_tidyverse_1
      [PENDING] scene-0_cab_1_left_group_0_89 (3 links)
      [PENDING] scene-0_stovetop_main_group_0_36 (8 links)
      [PENDING] scene-0_cab_2_left_group_0_93 (3 links)
      [PENDING] scene-0_stack_1_main_group_1_0_48 (3 links)
      [PENDING] scene-0_stack_2_left_group_1_0_128 (4 links)
      [PENDING] scene-0_stack_1_main_group_3_0_54 (3 links)
      [PENDING] scene-0_stack_1_main_group_4_0_57 (3 links)
      [PENDING] scene-0_stack_2_main_group_1_0_61 (4 links)
      [PENDING] scene-0_stack_3_left_group_1_0_134 (4 links)
      [PENDING] scene-0_stack_1_main_group_2_0_51 (3 links)
      [PENDING] scene-0_stack_3_main_group_1_0_67 (4 links)
      [PENDING] scene-0_cab_main_main_group_0_78 (4 links)
      [PENDING] scene-0_microwave_left_group_0_115 (3 links)
      [PENDING] scene-0_stack_3_main_group_2_0_71 (3 links)
      [PENDING] scene-0_fridge_cab_main_group_0_83 (4 links)
      [PENDING] scene-0_stack_1_left_group_0_123 (3 links)
      [PENDING] scene-0_bottom_left_group_2_0_110 (3 links)
      [PENDING] scene-0_stack_3_main_group_3_0_74 (3 links)
    Static objects (94 total):
      Targets (always checked): 0
      Collision-checked (near, <1.5m): 94
        - fixture_box_stool_3_stool_group  dist=-1.00m
        - fixture_box_stool_2_stool_group  dist=-1.00m
        - fixture_box_stool_1_stool_group  dist=-1.00m
        - fixture_box_knife_block_left_group  dist=-1.00m
        - fixture_box_paper_towel_left_group  dist=-1.00m
        - fixture_box_coffee_machine_left_group  dist=-1.00m
        - fixture_box_stack_3_left_group_3  dist=-1.00m
        - fixture_box_stack_3_left_group_2  dist=-1.00m
        - fixture_box_stack_3_left_group_1  dist=-1.00m
        - fixture_box_stack_3_left_group_base  dist=-1.00m
        - fixture_box_stack_2_left_group_2  dist=-1.00m
        - fixture_box_stack_2_left_group_1  dist=-1.00m
        - fixture_box_micro_housing_left_group  dist=-1.00m
        - fixture_box_microwave_left_group  dist=-1.00m
        - fixture_box_oven_left_group  dist=-1.00m
        - fixture_box_bottom_left_group_1  dist=-1.00m
        - fixture_box_bottom_left_group_base  dist=-1.00m
        - fixture_box_stack_2_left_group_base  dist=-1.00m
        - fixture_box_counter_corner_left_group  dist=-1.00m
        - fixture_box_sink_left_group  dist=-1.00m
        - fixture_box_cab_corner_4_left_group  dist=-1.00m
        - fixture_box_cab_corner_3_left_group  dist=-1.00m
        - fixture_box_cab_2_left_group  dist=-1.00m
        - fixture_box_window_group_left_group  dist=-1.00m
        - fixture_box_oven_housing_left_group  dist=-1.00m
        - fixture_box_utensil_holder_main_group  dist=-1.00m
        - fixture_box_toaster_main_group  dist=-1.00m
        - scene-0_dishwasher_left_group_0_126  dist=-1.00m
        - fixture_box_fridge_main_group  dist=-1.00m
        - scene-0_bottom_left_group_base_0_106  dist=-1.00m
        - fixture_box_stack_1_main_group_base  dist=-1.00m
        - fixture_box_cab_1_left_group  dist=-1.00m
        - scene-0_counter_corner_left_group_0_104  dist=-1.00m
        - scene-0_window_group_left_group_0_92  dist=-1.00m
        - fixture_box_counter_1_left_left_group  dist=-1.00m
        - scene-0_utensil_holder_main_group_0_88  dist=-1.00m
        - scene-0_shelves_main_group_0_82  dist=-1.00m
        - scene-0_cab_corner_4_left_group_0_97  dist=-1.00m
        - scene-0_stack_2_left_group_base_0_127  dist=-1.00m
        - fixture_box_stack_1_main_group_4  dist=-1.00m
        - scene-0_floor_room_0_32  dist=-1.00m
        - scene-0_island_left_group_0_105  dist=-1.00m
        - scene-0_stool_3_stool_group_0_150  dist=-1.00m
        - scene-0_distr_counter_0_152  dist=-1.00m
        - scene-0_stack_2_left_group_2_0_132  dist=-1.00m
        - fixture_box_dishwasher_left_group  dist=-1.00m
        - fixture_box_bottom_left_group_2  dist=-1.00m
        - scene-0_hood_main_group_0_77  dist=-1.00m
        - scene-0_wall_room_0_26  dist=-1.00m
        - fixture_box_plant_left_group  dist=-1.00m
        - fixture_box_stack_1_left_group  dist=-1.00m
        - scene-0_wall_left_room_0_27  dist=-1.00m
        - scene-0_counter_corner_main_main_group_0_34  dist=-1.00m
        - scene-0_distr_sink_0_153  dist=-1.00m
        - fixture_box_counter_1_right_main_group  dist=-1.00m
        - scene-0_counter_1_right_main_group_0_44  dist=-1.00m
        - fixture_box_stack_1_main_group_2  dist=-1.00m
        - scene-0_stack_2_main_group_2_0_65  dist=-1.00m
        - scene-0_toaster_main_group_0_87  dist=-1.00m
        - scene-0_stack_1_main_group_base_0_47  dist=-1.00m
        - scene-0_oven_left_group_0_113  dist=-1.00m
        - scene-0_coffee_machine_left_group_0_144  dist=-1.00m
        - scene-0_cab_corner_3_left_group_0_96  dist=-1.00m
        - fixture_box_fridge_cab_main_group  dist=-1.00m
        - scene-0_stack_2_main_group_base_0_60  dist=-1.00m
        - scene-0_obj_0_151  dist=-1.00m
        - fixture_box_hood_main_group  dist=-1.00m
        - scene-0_stack_3_left_group_base_0_133  dist=-1.00m
        - scene-0_paper_towel_left_group_0_145  dist=-1.00m
        - scene-0_knife_block_left_group_0_146  dist=-1.00m
        - scene-0_stool_2_stool_group_0_149  dist=-1.00m
        - fixture_box_stack_2_main_group_1  dist=-1.00m
        - scene-0_plant_left_group_0_147  dist=-1.00m
        - scene-0_counter_main_main_group_0_35  dist=-1.00m
        - scene-0_stool_1_stool_group_0_148  dist=-1.00m
        - fixture_box_top_left_group  dist=-1.00m
        - fixture_box_counter_corner_main_main_group  dist=-1.00m
        - fixture_box_island_left_group  dist=-1.00m
        - scene-0_counter_1_left_left_group_0_103  dist=-1.00m
        - fixture_box_counter_main_main_group  dist=-1.00m
        - fixture_box_stovetop_main_group  dist=-1.00m
        - fixture_box_stack_2_main_group_2  dist=-1.00m
        - fixture_box_stack_1_main_group_3  dist=-1.00m
        - fixture_box_stack_2_main_group_base  dist=-1.00m
        - scene-0_fridge_main_group_0_45  dist=-1.00m
        - fixture_box_fridge_housing_main_group  dist=-1.00m
        - fixture_box_stack_3_main_group_base  dist=-1.00m
        - fixture_box_stack_3_main_group_2  dist=-1.00m
        - fixture_box_stack_1_main_group_1  dist=-1.00m
        - fixture_box_stack_3_main_group_1  dist=-1.00m
        - fixture_box_stack_3_main_group_3  dist=-1.00m
        - fixture_box_cab_main_main_group  dist=-1.00m
        - scene-0_stack_3_main_group_base_0_66  dist=-1.00m
        - fixture_box_shelves_main_group  dist=-1.00m
      ACM-relaxed (far): 0

  No initial collisions.
[planner] Added 57 fixture boxes (cached 57 cuboids for cuRobo)
[planner] mplib ready
[curobo] Using in-process planner (set CUROBO_SERVICE_URL to switch)
[curobo] Loading franka_mobile config...
Warp DeprecationWarning: The symbol `warp.torch.device_from_torch` will soon be removed from the public API. Use `warp.device_from_torch` instead.
[curobo] Warming up CUDA kernels...
[curobo] Loading arm-only config (base joints locked)...
[curobo] Ready (15.1s, whole_body + arm_only)
[curobo] Updated collision world: 54 cuboids (skipped 0 overlap, 3 far)
[curobo] Loaded 57 cuboids (transformed world→local)
[curobo] Collision world for target: 54 cuboids (excl 0 at target, 0 overlap, 3 far)
[curobo] Plan OK (2.53s, whole_body): 31 waypoints
[planner] dummy plan JIT warmup done (2.5s)
[maniskill] Environment ready (1 env(s))
[franka-bridge] State PUB on 6356, CMD REP on 6355, Stream SUB on 6357
[gripper-bridge] State PUB on 6371, CMD REP on 6370
[base-bridge] Using world-frame poses (no local conversion)
[maniskill] Started 3 bridge(s)
[base-bridge] RPC server listening on port 50800 (env 0)
[maniskill] HTTP API on port 6300 (env 0: /task/success, /task/info, /plan, /perceive, /reset)
[maniskill] Entering physics loop (1 env(s), Ctrl+C to stop)
[obj_inside_of] obj=obj obj_pos=[ 0.5072005 -2.75566    0.9922421] fixture_pos=[ 0.29999284 -2.1999989   0.96125   ] fsize=[0.91666663 0.55       0.24749999] shifted_fpos=[ 0.29999284 -2.1499989   0.96125   ] lower=[ 0.04999284 -2.3499989   0.68750001] upper=[ 0.54999284 -1.9499989   1.23499999] inside=False
[viz-debug] base_link.pose=(1.400,-2.200) q=(-0.000,-0.000,0.000,1.000) qpos[0:3]=(0.000,0.000,0.000)
[obj_inside_of] obj=obj obj_pos=[ 0.507529  -2.7553966  0.9647855] fixture_pos=[ 0.29999284 -2.1999989   0.96125   ] fsize=[0.91666663 0.55       0.24749999] shifted_fpos=[ 0.29999284 -2.1499989   0.96125   ] lower=[ 0.04999284 -2.3499989   0.68750001] upper=[ 0.54999284 -1.9499989   1.23499999] inside=False
[obj_inside_of] obj=obj obj_pos=[ 0.5072301 -2.7556841  0.9647163] fixture_pos=[ 0.29999284 -2.1999989   0.96125   ] fsize=[0.91666663 0.55       0.24749999] shifted_fpos=[ 0.29999284 -2.1499989   0.96125   ] lower=[ 0.04999284 -2.3499989   0.68750001] upper=[ 0.54999284 -1.9499989   1.23499999] inside=False
[obj_inside_of] obj=obj obj_pos=[ 0.5073308 -2.755629   0.9647054] fixture_pos=[ 0.29999284 -2.1999989   0.96125   ] fsize=[0.91666663 0.55       0.24749999] shifted_fpos=[ 0.29999284 -2.1499989   0.96125   ] lower=[ 0.04999284 -2.3499989   0.68750001] upper=[ 0.54999284 -1.9499989   1.23499999] inside=False
[obj_inside_of] obj=obj obj_pos=[ 0.5073328 -2.7556305  0.9647035] fixture_pos=[ 0.29999284 -2.1999989   0.96125   ] fsize=[0.91666663 0.55       0.24749999] shifted_fpos=[ 0.29999284 -2.1499989   0.96125   ] lower=[ 0.04999284 -2.3499989   0.68750001] upper=[ 0.54999284 -1.9499989   1.23499999] inside=False
[obj_inside_of] obj=obj obj_pos=[ 0.50733274 -2.7556305   0.96470356] fixture_pos=[ 0.29999284 -2.1999989   0.96125   ] fsize=[0.91666663 0.55       0.24749999] shifted_fpos=[ 0.29999284 -2.1499989   0.96125   ] lower=[ 0.04999284 -2.3499989   0.68750001] upper=[ 0.54999284 -1.9499989   1.23499999] inside=False
[obj_inside_of] obj=obj obj_pos=[ 0.5073327  -2.7556307   0.96470356] fixture_pos=[ 0.29999284 -2.1999989   0.96125   ] fsize=[0.91666663 0.55       0.24749999] shifted_fpos=[ 0.29999284 -2.1499989   0.96125   ] lower=[ 0.04999284 -2.3499989   0.68750001] upper=[ 0.54999284 -1.9499989   1.23499999] inside=False
[obj_inside_of] obj=obj obj_pos=[ 0.50733286 -2.7556305   0.96470356] fixture_pos=[ 0.29999284 -2.1999989   0.96125   ] fsize=[0.91666663 0.55       0.24749999] shifted_fpos=[ 0.29999284 -2.1499989   0.96125   ] lower=[ 0.04999284 -2.3499989   0.68750001] upper=[ 0.54999284 -1.9499989   1.23499999] inside=False
[obj_inside_of] obj=obj obj_pos=[ 0.50733256 -2.7556307   0.9647036 ] fixture_pos=[ 0.29999284 -2.1999989   0.96125   ] fsize=[0.91666663 0.55       0.24749999] shifted_fpos=[ 0.29999284 -2.1499989   0.96125   ] lower=[ 0.04999284 -2.3499989   0.68750001] upper=[ 0.54999284 -1.9499989   1.23499999] inside=False
[obj_inside_of] obj=obj obj_pos=[ 0.50733256 -2.7556307   0.9647036 ] fixture_pos=[ 0.29999284 -2.1999989   0.96125   ] fsize=[0.91666663 0.55       0.24749999] shifted_fpos=[ 0.29999284 -2.1499989   0.96125   ] lower=[ 0.04999284 -2.3499989   0.68750001] upper=[ 0.54999284 -1.9499989   1.23499999] inside=False
[obj_inside_of] obj=obj obj_pos=[ 0.50733256 -2.7556307   0.9647036 ] fixture_pos=[ 0.29999284 -2.1999989   0.96125   ] fsize=[0.91666663 0.55       0.24749999] shifted_fpos=[ 0.29999284 -2.1499989   0.96125   ] lower=[ 0.04999284 -2.3499989   0.68750001] upper=[ 0.54999284 -1.9499989   1.23499999] inside=False
[obj_inside_of] obj=obj obj_pos=[ 0.50733256 -2.7556307   0.9647036 ] fixture_pos=[ 0.29999284 -2.1999989   0.96125   ] fsize=[0.91666663 0.55       0.24749999] shifted_fpos=[ 0.29999284 -2.1499989   0.96125   ] lower=[ 0.04999284 -2.3499989   0.68750001] upper=[ 0.54999284 -1.9499989   1.23499999] inside=False
[obj_inside_of] obj=obj obj_pos=[ 0.50733256 -2.7556307   0.9647036 ] fixture_pos=[ 0.29999284 -2.1999989   0.96125   ] fsize=[0.91666663 0.55       0.24749999] shifted_fpos=[ 0.29999284 -2.1499989   0.96125   ] lower=[ 0.04999284 -2.3499989   0.68750001] upper=[ 0.54999284 -1.9499989   1.23499999] inside=False
[obj_inside_of] obj=obj obj_pos=[ 0.50733256 -2.7556307   0.9647036 ] fixture_pos=[ 0.29999284 -2.1999989   0.96125   ] fsize=[0.91666663 0.55       0.24749999] shifted_fpos=[ 0.29999284 -2.1499989   0.96125   ] lower=[ 0.04999284 -2.3499989   0.68750001] upper=[ 0.54999284 -1.9499989   1.23499999] inside=False
[obj_inside_of] obj=obj obj_pos=[ 0.50733256 -2.7556307   0.9647036 ] fixture_pos=[ 0.29999284 -2.1999989   0.96125   ] fsize=[0.91666663 0.55       0.24749999] shifted_fpos=[ 0.29999284 -2.1499989   0.96125   ] lower=[ 0.04999284 -2.3499989   0.68750001] upper=[ 0.54999284 -1.9499989   1.23499999] inside=False
[obj_inside_of] obj=obj obj_pos=[ 0.50733256 -2.7556307   0.9647036 ] fixture_pos=[ 0.29999284 -2.1999989   0.96125   ] fsize=[0.91666663 0.55       0.24749999] shifted_fpos=[ 0.29999284 -2.1499989   0.96125   ] lower=[ 0.04999284 -2.3499989   0.68750001] upper=[ 0.54999284 -1.9499989   1.23499999] inside=False
[obj_inside_of] obj=obj obj_pos=[ 0.50733256 -2.7556307   0.9647036 ] fixture_pos=[ 0.29999284 -2.1999989   0.96125   ] fsize=[0.91666663 0.55       0.24749999] shifted_fpos=[ 0.29999284 -2.1499989   0.96125   ] lower=[ 0.04999284 -2.3499989   0.68750001] upper=[ 0.54999284 -1.9499989   1.23499999] inside=False
[obj_inside_of] obj=obj obj_pos=[ 0.50733256 -2.7556307   0.9647036 ] fixture_pos=[ 0.29999284 -2.1999989   0.96125   ] fsize=[0.91666663 0.55       0.24749999] shifted_fpos=[ 0.29999284 -2.1499989   0.96125   ] lower=[ 0.04999284 -2.3499989   0.68750001] upper=[ 0.54999284 -1.9499989   1.23499999] inside=False
[obj_inside_of] obj=obj obj_pos=[ 0.50733256 -2.7556307   0.9647036 ] fixture_pos=[ 0.29999284 -2.1999989   0.96125   ] fsize=[0.91666663 0.55       0.24749999] shifted_fpos=[ 0.29999284 -2.1499989   0.96125   ] lower=[ 0.04999284 -2.3499989   0.68750001] upper=[ 0.54999284 -1.9499989   1.23499999] inside=False
[obj_inside_of] obj=obj obj_pos=[ 1.9667873  -0.47850013  1.047     ] fixture_pos=[ 1.25    -0.3      0.96125] fsize=[0.91666663 0.55       0.24749999] shifted_fpos=[ 1.25    -0.25     0.96125] lower=[ 1.         -0.45        0.68750001] upper=[ 1.5        -0.05        1.23499999] inside=False
[obj_inside_of] obj=obj obj_pos=[ 1.9667873  -0.47850013  1.0322855 ] fixture_pos=[ 1.25    -0.3      0.96125] fsize=[0.91666663 0.55       0.24749999] shifted_fpos=[ 1.25    -0.25     0.96125] lower=[ 1.         -0.45        0.68750001] upper=[ 1.5        -0.05        1.23499999] inside=False
[obj_inside_of] obj=obj obj_pos=[ 1.9667873  -0.47850013  0.9930448 ] fixture_pos=[ 1.25    -0.3      0.96125] fsize=[0.91666663 0.55       0.24749999] shifted_fpos=[ 1.25    -0.25     0.96125] lower=[ 1.         -0.45        0.68750001] upper=[ 1.5        -0.05        1.23499999] inside=False
[obj_inside_of] obj=obj obj_pos=[ 1.9667872  -0.47850034  0.97750014] fixture_pos=[ 1.25    -0.3      0.96125] fsize=[0.91666663 0.55       0.24749999] shifted_fpos=[ 1.25    -0.25     0.96125] lower=[ 1.         -0.45        0.68750001] upper=[ 1.5        -0.05        1.23499999] inside=False
[perceive] 19 objects from ['base_camera', 'wrist_camera']: ['floor_room_0', 'stack_2_main_group_2_0', 'inner_box', 'dishwasher_main_group_0', 'object', 'counter_main_main_group_0', 'jam', 'cup', 'spout', 'wall_room_0']...
[obj_inside_of] obj=obj obj_pos=[ 1.9667875  -0.47850016  0.97749996] fixture_pos=[ 1.25    -0.3      0.96125] fsize=[0.91666663 0.55       0.24749999] shifted_fpos=[ 1.25    -0.25     0.96125] lower=[ 1.         -0.45        0.68750001] upper=[ 1.5        -0.05        1.23499999] inside=False
[obj_inside_of] obj=obj obj_pos=[ 1.9667875  -0.47850016  0.97749996] fixture_pos=[ 1.25    -0.3      0.96125] fsize=[0.91666663 0.55       0.24749999] shifted_fpos=[ 1.25    -0.25     0.96125] lower=[ 1.         -0.45        0.68750001] upper=[ 1.5        -0.05        1.23499999] inside=False
[obj_inside_of] obj=obj obj_pos=[ 1.9667875  -0.4785002   0.97749984] fixture_pos=[ 1.25    -0.3      0.96125] fsize=[0.91666663 0.55       0.24749999] shifted_fpos=[ 1.25    -0.25     0.96125] lower=[ 1.         -0.45        0.68750001] upper=[ 1.5        -0.05        1.23499999] inside=False
[obj_inside_of] obj=obj obj_pos=[ 1.9667871  -0.47850028  0.9775    ] fixture_pos=[ 1.25    -0.3      0.96125] fsize=[0.91666663 0.55       0.24749999] shifted_fpos=[ 1.25    -0.25     0.96125] lower=[ 1.         -0.45        0.68750001] upper=[ 1.5        -0.05        1.23499999] inside=False
[perceive] 19 objects from ['base_camera']: ['stack_2_main_group_2_0', 'floor_room_0', 'inner_box', 'dishwasher_main_group_0', 'object', 'counter_main_main_group_0', 'jam', 'cup', 'spout', 'wall_room_0']...
[obj_inside_of] obj=obj obj_pos=[ 1.9667873  -0.47850013  0.9775    ] fixture_pos=[ 1.25    -0.3      0.96125] fsize=[0.91666663 0.55       0.24749999] shifted_fpos=[ 1.25    -0.25     0.96125] lower=[ 1.         -0.45        0.68750001] upper=[ 1.5        -0.05        1.23499999] inside=False
[obj_inside_of] obj=obj obj_pos=[ 1.9667869  -0.47850007  0.97750014] fixture_pos=[ 1.25    -0.3      0.96125] fsize=[0.91666663 0.55       0.24749999] shifted_fpos=[ 1.25    -0.25     0.96125] lower=[ 1.         -0.45        0.68750001] upper=[ 1.5        -0.05        1.23499999] inside=False
[obj_inside_of] obj=obj obj_pos=[ 1.9667871  -0.47850016  0.97749996] fixture_pos=[ 1.25    -0.3      0.96125] fsize=[0.91666663 0.55       0.24749999] shifted_fpos=[ 1.25    -0.25     0.96125] lower=[ 1.         -0.45        0.68750001] upper=[ 1.5        -0.05        1.23499999] inside=False
[obj_inside_of] obj=obj obj_pos=[ 1.9667871  -0.47850016  0.97749996] fixture_pos=[ 1.25    -0.3      0.96125] fsize=[0.91666663 0.55       0.24749999] shifted_fpos=[ 1.25    -0.25     0.96125] lower=[ 1.         -0.45        0.68750001] upper=[ 1.5        -0.05        1.23499999] inside=False
[obj_inside_of] obj=obj obj_pos=[ 1.9667871  -0.47850016  0.97749996] fixture_pos=[ 1.25    -0.3      0.96125] fsize=[0.91666663 0.55       0.24749999] shifted_fpos=[ 1.25    -0.25     0.96125] lower=[ 1.         -0.45        0.68750001] upper=[ 1.5        -0.05        1.23499999] inside=False
[obj_inside_of] obj=obj obj_pos=[ 1.9667871  -0.47850016  0.97749996] fixture_pos=[ 1.25    -0.3      0.96125] fsize=[0.91666663 0.55       0.24749999] shifted_fpos=[ 1.25    -0.25     0.96125] lower=[ 1.         -0.45        0.68750001] upper=[ 1.5        -0.05        1.23499999] inside=False
[obj_inside_of] obj=obj obj_pos=[ 1.9667871  -0.47850016  0.97749996] fixture_pos=[ 1.25    -0.3      0.96125] fsize=[0.91666663 0.55       0.24749999] shifted_fpos=[ 1.25    -0.25     0.96125] lower=[ 1.         -0.45        0.68750001] upper=[ 1.5        -0.05        1.23499999] inside=False
[obj_inside_of] obj=obj obj_pos=[ 1.9667871  -0.47850016  0.97749996] fixture_pos=[ 1.25    -0.3      0.96125] fsize=[0.91666663 0.55       0.24749999] shifted_fpos=[ 1.25    -0.25     0.96125] lower=[ 1.         -0.45        0.68750001] upper=[ 1.5        -0.05        1.23499999] inside=False
[obj_inside_of] obj=obj obj_pos=[ 1.9667871  -0.47850016  0.97749996] fixture_pos=[ 1.25    -0.3      0.96125] fsize=[0.91666663 0.55       0.24749999] shifted_fpos=[ 1.25    -0.25     0.96125] lower=[ 1.         -0.45        0.68750001] upper=[ 1.5        -0.05        1.23499999] inside=False
[obj_inside_of] obj=obj obj_pos=[ 1.9667871  -0.47850016  0.97749996] fixture_pos=[ 1.25    -0.3      0.96125] fsize=[0.91666663 0.55       0.24749999] shifted_fpos=[ 1.25    -0.25     0.96125] lower=[ 1.         -0.45        0.68750001] upper=[ 1.5        -0.05        1.23499999] inside=False
[obj_inside_of] obj=obj obj_pos=[ 1.9667871  -0.47850016  0.97749996] fixture_pos=[ 1.25    -0.3      0.96125] fsize=[0.91666663 0.55       0.24749999] shifted_fpos=[ 1.25    -0.25     0.96125] lower=[ 1.         -0.45        0.68750001] upper=[ 1.5        -0.05        1.23499999] inside=False
[obj_inside_of] obj=obj obj_pos=[ 1.9667871  -0.47850016  0.97749996] fixture_pos=[ 1.25    -0.3      0.96125] fsize=[0.91666663 0.55       0.24749999] shifted_fpos=[ 1.25    -0.25     0.96125] lower=[ 1.         -0.45        0.68750001] upper=[ 1.5        -0.05        1.23499999] inside=False
[obj_inside_of] obj=obj obj_pos=[ 1.9667871  -0.47850016  0.97749996] fixture_pos=[ 1.25    -0.3      0.96125] fsize=[0.91666663 0.55       0.24749999] shifted_fpos=[ 1.25    -0.25     0.96125] lower=[ 1.         -0.45        0.68750001] upper=[ 1.5        -0.05        1.23499999] inside=False
[obj_inside_of] obj=obj obj_pos=[ 1.9667871  -0.47850016  0.97749996] fixture_pos=[ 1.25    -0.3      0.96125] fsize=[0.91666663 0.55       0.24749999] shifted_fpos=[ 1.25    -0.25     0.96125] lower=[ 1.         -0.45        0.68750001] upper=[ 1.5        -0.05        1.23499999] inside=False
[obj_inside_of] obj=obj obj_pos=[ 1.9667871  -0.47850016  0.97749996] fixture_pos=[ 1.25    -0.3      0.96125] fsize=[0.91666663 0.55       0.24749999] shifted_fpos=[ 1.25    -0.25     0.96125] lower=[ 1.         -0.45        0.68750001] upper=[ 1.5        -0.05        1.23499999] inside=False
[obj_inside_of] obj=obj obj_pos=[ 1.9667871  -0.47850016  0.97749996] fixture_pos=[ 1.25    -0.3      0.96125] fsize=[0.91666663 0.55       0.24749999] shifted_fpos=[ 1.25    -0.25     0.96125] lower=[ 1.         -0.45        0.68750001] upper=[ 1.5        -0.05        1.23499999] inside=False
[obj_inside_of] obj=obj obj_pos=[ 1.9667871  -0.47850016  0.97749996] fixture_pos=[ 1.25    -0.3      0.96125] fsize=[0.91666663 0.55       0.24749999] shifted_fpos=[ 1.25    -0.25     0.96125] lower=[ 1.         -0.45        0.68750001] upper=[ 1.5        -0.05        1.23499999] inside=False
[obj_inside_of] obj=obj obj_pos=[ 1.9667871  -0.47850016  0.97749996] fixture_pos=[ 1.25    -0.3      0.96125] fsize=[0.91666663 0.55       0.24749999] shifted_fpos=[ 1.25    -0.25     0.96125] lower=[ 1.         -0.45        0.68750001] upper=[ 1.5        -0.05        1.23499999] inside=False
[obj_inside_of] obj=obj obj_pos=[ 1.9667871  -0.47850016  0.97749996] fixture_pos=[ 1.25    -0.3      0.96125] fsize=[0.91666663 0.55       0.24749999] shifted_fpos=[ 1.25    -0.25     0.96125] lower=[ 1.         -0.45        0.68750001] upper=[ 1.5        -0.05        1.23499999] inside=False
[obj_inside_of] obj=obj obj_pos=[ 1.9667871  -0.47850016  0.97749996] fixture_pos=[ 1.25    -0.3      0.96125] fsize=[0.91666663 0.55       0.24749999] shifted_fpos=[ 1.25    -0.25     0.96125] lower=[ 1.         -0.45        0.68750001] upper=[ 1.5        -0.05        1.23499999] inside=False
[obj_inside_of] obj=obj obj_pos=[ 1.9667871  -0.47850016  0.97749996] fixture_pos=[ 1.25    -0.3      0.96125] fsize=[0.91666663 0.55       0.24749999] shifted_fpos=[ 1.25    -0.25     0.96125] lower=[ 1.         -0.45        0.68750001] upper=[ 1.5        -0.05        1.23499999] inside=False
[obj_inside_of] obj=obj obj_pos=[ 1.9667871  -0.47850016  0.97749996] fixture_pos=[ 1.25    -0.3      0.96125] fsize=[0.91666663 0.55       0.24749999] shifted_fpos=[ 1.25    -0.25     0.96125] lower=[ 1.         -0.45        0.68750001] upper=[ 1.5        -0.05        1.23499999] inside=False
[obj_inside_of] obj=obj obj_pos=[ 1.9667871  -0.47850016  0.97749996] fixture_pos=[ 1.25    -0.3      0.96125] fsize=[0.91666663 0.55       0.24749999] shifted_fpos=[ 1.25    -0.25     0.96125] lower=[ 1.         -0.45        0.68750001] upper=[ 1.5        -0.05        1.23499999] inside=False
[obj_inside_of] obj=obj obj_pos=[ 1.9667871  -0.47850016  0.97749996] fixture_pos=[ 1.25    -0.3      0.96125] fsize=[0.91666663 0.55       0.24749999] shifted_fpos=[ 1.25    -0.25     0.96125] lower=[ 1.         -0.45        0.68750001] upper=[ 1.5        -0.05        1.23499999] inside=False
[obj_inside_of] obj=obj obj_pos=[ 1.9667871  -0.47850016  0.97749996] fixture_pos=[ 1.25    -0.3      0.96125] fsize=[0.91666663 0.55       0.24749999] shifted_fpos=[ 1.25    -0.25     0.96125] lower=[ 1.         -0.45        0.68750001] upper=[ 1.5        -0.05        1.23499999] inside=False
[obj_inside_of] obj=obj obj_pos=[ 1.9667871  -0.47850016  0.97749996] fixture_pos=[ 1.25    -0.3      0.96125] fsize=[0.91666663 0.55       0.24749999] shifted_fpos=[ 1.25    -0.25     0.96125] lower=[ 1.         -0.45        0.68750001] upper=[ 1.5        -0.05        1.23499999] inside=False
[obj_inside_of] obj=obj obj_pos=[ 1.9667871  -0.47850016  0.97749996] fixture_pos=[ 1.25    -0.3      0.96125] fsize=[0.91666663 0.55       0.24749999] shifted_fpos=[ 1.25    -0.25     0.96125] lower=[ 1.         -0.45        0.68750001] upper=[ 1.5        -0.05        1.23499999] inside=False
[obj_inside_of] obj=obj obj_pos=[ 1.9667871  -0.47850016  0.97749996] fixture_pos=[ 1.25    -0.3      0.96125] fsize=[0.91666663 0.55       0.24749999] shifted_fpos=[ 1.25    -0.25     0.96125] lower=[ 1.         -0.45        0.68750001] upper=[ 1.5        -0.05        1.23499999] inside=False
[obj_inside_of] obj=obj obj_pos=[ 1.9667871  -0.47850016  0.97749996] fixture_pos=[ 1.25    -0.3      0.96125] fsize=[0.91666663 0.55       0.24749999] shifted_fpos=[ 1.25    -0.25     0.96125] lower=[ 1.         -0.45        0.68750001] upper=[ 1.5        -0.05        1.23499999] inside=False
[obj_inside_of] obj=obj obj_pos=[ 1.9667871  -0.47850016  0.97749996] fixture_pos=[ 1.25    -0.3      0.96125] fsize=[0.91666663 0.55       0.24749999] shifted_fpos=[ 1.25    -0.25     0.96125] lower=[ 1.         -0.45        0.68750001] upper=[ 1.5        -0.05        1.23499999] inside=False
[obj_inside_of] obj=obj obj_pos=[ 1.9667871  -0.47850016  0.97749996] fixture_pos=[ 1.25    -0.3      0.96125] fsize=[0.91666663 0.55       0.24749999] shifted_fpos=[ 1.25    -0.25     0.96125] lower=[ 1.         -0.45        0.68750001] upper=[ 1.5        -0.05        1.23499999] inside=False
[obj_inside_of] obj=obj obj_pos=[ 1.9667871  -0.47850016  0.97749996] fixture_pos=[ 1.25    -0.3      0.96125] fsize=[0.91666663 0.55       0.24749999] shifted_fpos=[ 1.25    -0.25     0.96125] lower=[ 1.         -0.45        0.68750001] upper=[ 1.5        -0.05        1.23499999] inside=False
[obj_inside_of] obj=obj obj_pos=[ 1.9667871  -0.47850016  0.97749996] fixture_pos=[ 1.25    -0.3      0.96125] fsize=[0.91666663 0.55       0.24749999] shifted_fpos=[ 1.25    -0.25     0.96125] lower=[ 1.         -0.45        0.68750001] upper=[ 1.5        -0.05        1.23499999] inside=False
[obj_inside_of] obj=obj obj_pos=[ 1.9667871  -0.47850016  0.97749996] fixture_pos=[ 1.25    -0.3      0.96125] fsize=[0.91666663 0.55       0.24749999] shifted_fpos=[ 1.25    -0.25     0.96125] lower=[ 1.         -0.45        0.68750001] upper=[ 1.5        -0.05        1.23499999] inside=False
[obj_inside_of] obj=obj obj_pos=[ 1.9667871  -0.47850016  0.97749996] fixture_pos=[ 1.25    -0.3      0.96125] fsize=[0.91666663 0.55       0.24749999] shifted_fpos=[ 1.25    -0.25     0.96125] lower=[ 1.         -0.45        0.68750001] upper=[ 1.5        -0.05        1.23499999] inside=False
[obj_inside_of] obj=obj obj_pos=[ 1.9667871  -0.47850016  0.97749996] fixture_pos=[ 1.25    -0.3      0.96125] fsize=[0.91666663 0.55       0.24749999] shifted_fpos=[ 1.25    -0.25     0.96125] lower=[ 1.         -0.45        0.68750001] upper=[ 1.5        -0.05        1.23499999] inside=False
[obj_inside_of] obj=obj obj_pos=[ 1.9667871  -0.47850016  0.97749996] fixture_pos=[ 1.25    -0.3      0.96125] fsize=[0.91666663 0.55       0.24749999] shifted_fpos=[ 1.25    -0.25     0.96125] lower=[ 1.         -0.45        0.68750001] upper=[ 1.5        -0.05        1.23499999] inside=False
[obj_inside_of] obj=obj obj_pos=[ 1.9667871  -0.47850016  0.97749996] fixture_pos=[ 1.25    -0.3      0.96125] fsize=[0.91666663 0.55       0.24749999] shifted_fpos=[ 1.25    -0.25     0.96125] lower=[ 1.         -0.45        0.68750001] upper=[ 1.5        -0.05        1.23499999] inside=False
[obj_inside_of] obj=obj obj_pos=[ 1.9667871  -0.47850016  0.97749996] fixture_pos=[ 1.25    -0.3      0.96125] fsize=[0.91666663 0.55       0.24749999] shifted_fpos=[ 1.25    -0.25     0.96125] lower=[ 1.         -0.45        0.68750001] upper=[ 1.5        -0.05        1.23499999] inside=False
[obj_inside_of] obj=obj obj_pos=[ 1.9667871  -0.47850016  0.97749996] fixture_pos=[ 1.25    -0.3      0.96125] fsize=[0.91666663 0.55       0.24749999] shifted_fpos=[ 1.25    -0.25     0.96125] lower=[ 1.         -0.45        0.68750001] upper=[ 1.5        -0.05        1.23499999] inside=False
[obj_inside_of] obj=obj obj_pos=[ 1.9667871  -0.47850016  0.97749996] fixture_pos=[ 1.25    -0.3      0.96125] fsize=[0.91666663 0.55       0.24749999] shifted_fpos=[ 1.25    -0.25     0.96125] lower=[ 1.         -0.45        0.68750001] upper=[ 1.5        -0.05        1.23499999] inside=False
[obj_inside_of] obj=obj obj_pos=[ 1.9667871  -0.47850016  0.97749996] fixture_pos=[ 1.25    -0.3      0.96125] fsize=[0.91666663 0.55       0.24749999] shifted_fpos=[ 1.25    -0.25     0.96125] lower=[ 1.         -0.45        0.68750001] upper=[ 1.5        -0.05        1.23499999] inside=False
[obj_inside_of] obj=obj obj_pos=[ 1.9667871  -0.47850016  0.97749996] fixture_pos=[ 1.25    -0.3      0.96125] fsize=[0.91666663 0.55       0.24749999] shifted_fpos=[ 1.25    -0.25     0.96125] lower=[ 1.         -0.45        0.68750001] upper=[ 1.5        -0.05        1.23499999] inside=False
[obj_inside_of] obj=obj obj_pos=[ 1.9667871  -0.47850016  0.97749996] fixture_pos=[ 1.25    -0.3      0.96125] fsize=[0.91666663 0.55       0.24749999] shifted_fpos=[ 1.25    -0.25     0.96125] lower=[ 1.         -0.45        0.68750001] upper=[ 1.5        -0.05        1.23499999] inside=False
[obj_inside_of] obj=obj obj_pos=[ 1.9667871  -0.47850016  0.97749996] fixture_pos=[ 1.25    -0.3      0.96125] fsize=[0.91666663 0.55       0.24749999] shifted_fpos=[ 1.25    -0.25     0.96125] lower=[ 1.         -0.45        0.68750001] upper=[ 1.5        -0.05        1.23499999] inside=False
[obj_inside_of] obj=obj obj_pos=[ 1.9667871  -0.47850016  0.97749996] fixture_pos=[ 1.25    -0.3      0.96125] fsize=[0.91666663 0.55       0.24749999] shifted_fpos=[ 1.25    -0.25     0.96125] lower=[ 1.         -0.45        0.68750001] upper=[ 1.5        -0.05        1.23499999] inside=False
[obj_inside_of] obj=obj obj_pos=[ 1.9667871  -0.47850016  0.97749996] fixture_pos=[ 1.25    -0.3      0.96125] fsize=[0.91666663 0.55       0.24749999] shifted_fpos=[ 1.25    -0.25     0.96125] lower=[ 1.         -0.45        0.68750001] upper=[ 1.5        -0.05        1.23499999] inside=False
[obj_inside_of] obj=obj obj_pos=[ 1.9667871  -0.47850016  0.97749996] fixture_pos=[ 1.25    -0.3      0.96125] fsize=[0.91666663 0.55       0.24749999] shifted_fpos=[ 1.25    -0.25     0.96125] lower=[ 1.         -0.45        0.68750001] upper=[ 1.5        -0.05        1.23499999] inside=False
[obj_inside_of] obj=obj obj_pos=[ 1.9667871  -0.47850016  0.97749996] fixture_pos=[ 1.25    -0.3      0.96125] fsize=[0.91666663 0.55       0.24749999] shifted_fpos=[ 1.25    -0.25     0.96125] lower=[ 1.         -0.45        0.68750001] upper=[ 1.5        -0.05        1.23499999] inside=False
[obj_inside_of] obj=obj obj_pos=[ 1.9667871  -0.47850016  0.97749996] fixture_pos=[ 1.25    -0.3      0.96125] fsize=[0.91666663 0.55       0.24749999] shifted_fpos=[ 1.25    -0.25     0.96125] lower=[ 1.         -0.45        0.68750001] upper=[ 1.5        -0.05        1.23499999] inside=False
[obj_inside_of] obj=obj obj_pos=[ 1.9667871  -0.47850016  0.97749996] fixture_pos=[ 1.25    -0.3      0.96125] fsize=[0.91666663 0.55       0.24749999] shifted_fpos=[ 1.25    -0.25     0.96125] lower=[ 1.         -0.45        0.68750001] upper=[ 1.5        -0.05        1.23499999] inside=False
[obj_inside_of] obj=obj obj_pos=[ 1.9667871  -0.47850016  0.97749996] fixture_pos=[ 1.25    -0.3      0.96125] fsize=[0.91666663 0.55       0.24749999] shifted_fpos=[ 1.25    -0.25     0.96125] lower=[ 1.         -0.45        0.68750001] upper=[ 1.5        -0.05        1.23499999] inside=False
[obj_inside_of] obj=obj obj_pos=[ 1.9667871  -0.47850016  0.97749996] fixture_pos=[ 1.25    -0.3      0.96125] fsize=[0.91666663 0.55       0.24749999] shifted_fpos=[ 1.25    -0.25     0.96125] lower=[ 1.         -0.45        0.68750001] upper=[ 1.5        -0.05        1.23499999] inside=False
[obj_inside_of] obj=obj obj_pos=[ 1.9667871  -0.47850016  0.97749996] fixture_pos=[ 1.25    -0.3      0.96125] fsize=[0.91666663 0.55       0.24749999] shifted_fpos=[ 1.25    -0.25     0.96125] lower=[ 1.         -0.45        0.68750001] upper=[ 1.5        -0.05        1.23499999] inside=False
[obj_inside_of] obj=obj obj_pos=[ 1.9667871  -0.47850016  0.97749996] fixture_pos=[ 1.25    -0.3      0.96125] fsize=[0.91666663 0.55       0.24749999] shifted_fpos=[ 1.25    -0.25     0.96125] lower=[ 1.         -0.45        0.68750001] upper=[ 1.5        -0.05        1.23499999] inside=False
[obj_inside_of] obj=obj obj_pos=[ 1.9667871  -0.47850016  0.97749996] fixture_pos=[ 1.25    -0.3      0.96125] fsize=[0.91666663 0.55       0.24749999] shifted_fpos=[ 1.25    -0.25     0.96125] lower=[ 1.         -0.45        0.68750001] upper=[ 1.5        -0.05        1.23499999] inside=False
[obj_inside_of] obj=obj obj_pos=[ 1.9667871  -0.47850016  0.97749996] fixture_pos=[ 1.25    -0.3      0.96125] fsize=[0.91666663 0.55       0.24749999] shifted_fpos=[ 1.25    -0.25     0.96125] lower=[ 1.         -0.45        0.68750001] upper=[ 1.5        -0.05        1.23499999] inside=False
[obj_inside_of] obj=obj obj_pos=[ 1.9667871  -0.47850016  0.97749996] fixture_pos=[ 1.25    -0.3      0.96125] fsize=[0.91666663 0.55       0.24749999] shifted_fpos=[ 1.25    -0.25     0.96125] lower=[ 1.         -0.45        0.68750001] upper=[ 1.5        -0.05        1.23499999] inside=False
[obj_inside_of] obj=obj obj_pos=[ 1.9667871  -0.47850016  0.97749996] fixture_pos=[ 1.25    -0.3      0.96125] fsize=[0.91666663 0.55       0.24749999] shifted_fpos=[ 1.25    -0.25     0.96125] lower=[ 1.         -0.45        0.68750001] upper=[ 1.5        -0.05        1.23499999] inside=False
[obj_inside_of] obj=obj obj_pos=[ 1.9667871  -0.47850016  0.97749996] fixture_pos=[ 1.25    -0.3      0.96125] fsize=[0.91666663 0.55       0.24749999] shifted_fpos=[ 1.25    -0.25     0.96125] lower=[ 1.         -0.45        0.68750001] upper=[ 1.5        -0.05        1.23499999] inside=False
[obj_inside_of] obj=obj obj_pos=[ 1.9667871  -0.47850016  0.97749996] fixture_pos=[ 1.25    -0.3      0.96125] fsize=[0.91666663 0.55       0.24749999] shifted_fpos=[ 1.25    -0.25     0.96125] lower=[ 1.         -0.45        0.68750001] upper=[ 1.5        -0.05        1.23499999] inside=False
[obj_inside_of] obj=obj obj_pos=[ 1.9667871  -0.47850016  0.97749996] fixture_pos=[ 1.25    -0.3      0.96125] fsize=[0.91666663 0.55       0.24749999] shifted_fpos=[ 1.25    -0.25     0.96125] lower=[ 1.         -0.45        0.68750001] upper=[ 1.5        -0.05        1.23499999] inside=False
[obj_inside_of] obj=obj obj_pos=[ 1.9667871  -0.47850016  0.97749996] fixture_pos=[ 1.25    -0.3      0.96125] fsize=[0.91666663 0.55       0.24749999] shifted_fpos=[ 1.25    -0.25     0.96125] lower=[ 1.         -0.45        0.68750001] upper=[ 1.5        -0.05        1.23499999] inside=False
[obj_inside_of] obj=obj obj_pos=[ 1.9667871  -0.47850016  0.97749996] fixture_pos=[ 1.25    -0.3      0.96125] fsize=[0.91666663 0.55       0.24749999] shifted_fpos=[ 1.25    -0.25     0.96125] lower=[ 1.         -0.45        0.68750001] upper=[ 1.5        -0.05        1.23499999] inside=False
[obj_inside_of] obj=obj obj_pos=[ 1.9667871  -0.47850016  0.97749996] fixture_pos=[ 1.25    -0.3      0.96125] fsize=[0.91666663 0.55       0.24749999] shifted_fpos=[ 1.25    -0.25     0.96125] lower=[ 1.         -0.45        0.68750001] upper=[ 1.5        -0.05        1.23499999] inside=False
[obj_inside_of] obj=obj obj_pos=[ 1.9667871  -0.47850016  0.97749996] fixture_pos=[ 1.25    -0.3      0.96125] fsize=[0.91666663 0.55       0.24749999] shifted_fpos=[ 1.25    -0.25     0.96125] lower=[ 1.         -0.45        0.68750001] upper=[ 1.5        -0.05        1.23499999] inside=False
[obj_inside_of] obj=obj obj_pos=[ 1.9667871  -0.47850016  0.97749996] fixture_pos=[ 1.25    -0.3      0.96125] fsize=[0.91666663 0.55       0.24749999] shifted_fpos=[ 1.25    -0.25     0.96125] lower=[ 1.         -0.45        0.68750001] upper=[ 1.5        -0.05        1.23499999] inside=False
[obj_inside_of] obj=obj obj_pos=[ 1.9667871  -0.47850016  0.97749996] fixture_pos=[ 1.25    -0.3      0.96125] fsize=[0.91666663 0.55       0.24749999] shifted_fpos=[ 1.25    -0.25     0.96125] lower=[ 1.         -0.45        0.68750001] upper=[ 1.5        -0.05        1.23499999] inside=False
[obj_inside_of] obj=obj obj_pos=[ 1.9667871  -0.47850016  0.97749996] fixture_pos=[ 1.25    -0.3      0.96125] fsize=[0.91666663 0.55       0.24749999] shifted_fpos=[ 1.25    -0.25     0.96125] lower=[ 1.         -0.45        0.68750001] upper=[ 1.5        -0.05        1.23499999] inside=False
[obj_inside_of] obj=obj obj_pos=[ 1.9667871  -0.47850016  0.97749996] fixture_pos=[ 1.25    -0.3      0.96125] fsize=[0.91666663 0.55       0.24749999] shifted_fpos=[ 1.25    -0.25     0.96125] lower=[ 1.         -0.45        0.68750001] upper=[ 1.5        -0.05        1.23499999] inside=False
[obj_inside_of] obj=obj obj_pos=[ 1.9667871  -0.47850016  0.97749996] fixture_pos=[ 1.25    -0.3      0.96125] fsize=[0.91666663 0.55       0.24749999] shifted_fpos=[ 1.25    -0.25     0.96125] lower=[ 1.         -0.45        0.68750001] upper=[ 1.5        -0.05        1.23499999] inside=False
[obj_inside_of] obj=obj obj_pos=[ 1.9667871  -0.47850016  0.97749996] fixture_pos=[ 1.25    -0.3      0.96125] fsize=[0.91666663 0.55       0.24749999] shifted_fpos=[ 1.25    -0.25     0.96125] lower=[ 1.         -0.45        0.68750001] upper=[ 1.5        -0.05        1.23499999] inside=False
[obj_inside_of] obj=obj obj_pos=[ 1.9667871  -0.47850016  0.97749996] fixture_pos=[ 1.25    -0.3      0.96125] fsize=[0.91666663 0.55       0.24749999] shifted_fpos=[ 1.25    -0.25     0.96125] lower=[ 1.         -0.45        0.68750001] upper=[ 1.5        -0.05        1.23499999] inside=False
[obj_inside_of] obj=obj obj_pos=[ 1.9667871  -0.47850016  0.97749996] fixture_pos=[ 1.25    -0.3      0.96125] fsize=[0.91666663 0.55       0.24749999] shifted_fpos=[ 1.25    -0.25     0.96125] lower=[ 1.         -0.45        0.68750001] upper=[ 1.5        -0.05        1.23499999] inside=False
[obj_inside_of] obj=obj obj_pos=[ 1.9667871  -0.47850016  0.97749996] fixture_pos=[ 1.25    -0.3      0.96125] fsize=[0.91666663 0.55       0.24749999] shifted_fpos=[ 1.25    -0.25     0.96125] lower=[ 1.         -0.45        0.68750001] upper=[ 1.5        -0.05        1.23499999] inside=False
[obj_inside_of] obj=obj obj_pos=[ 1.9667871  -0.47850016  0.97749996] fixture_pos=[ 1.25    -0.3      0.96125] fsize=[0.91666663 0.55       0.24749999] shifted_fpos=[ 1.25    -0.25     0.96125] lower=[ 1.         -0.45        0.68750001] upper=[ 1.5        -0.05        1.23499999] inside=False
[obj_inside_of] obj=obj obj_pos=[ 1.9667871  -0.47850016  0.97749996] fixture_pos=[ 1.25    -0.3      0.96125] fsize=[0.91666663 0.55       0.24749999] shifted_fpos=[ 1.25    -0.25     0.96125] lower=[ 1.         -0.45        0.68750001] upper=[ 1.5        -0.05        1.23499999] inside=False
[obj_inside_of] obj=obj obj_pos=[ 1.9667871  -0.47850016  0.97749996] fixture_pos=[ 1.25    -0.3      0.96125] fsize=[0.91666663 0.55       0.24749999] shifted_fpos=[ 1.25    -0.25     0.96125] lower=[ 1.         -0.45        0.68750001] upper=[ 1.5        -0.05        1.23499999] inside=False
[obj_inside_of] obj=obj obj_pos=[ 1.9667871  -0.47850016  0.97749996] fixture_pos=[ 1.25    -0.3      0.96125] fsize=[0.91666663 0.55       0.24749999] shifted_fpos=[ 1.25    -0.25     0.96125] lower=[ 1.         -0.45        0.68750001] upper=[ 1.5        -0.05        1.23499999] inside=False
[obj_inside_of] obj=obj obj_pos=[ 1.9667871  -0.47850016  0.97749996] fixture_pos=[ 1.25    -0.3      0.96125] fsize=[0.91666663 0.55       0.24749999] shifted_fpos=[ 1.25    -0.25     0.96125] lower=[ 1.         -0.45        0.68750001] upper=[ 1.5        -0.05        1.23499999] inside=False
[obj_inside_of] obj=obj obj_pos=[ 1.9667871  -0.47850016  0.97749996] fixture_pos=[ 1.25    -0.3      0.96125] fsize=[0.91666663 0.55       0.24749999] shifted_fpos=[ 1.25    -0.25     0.96125] lower=[ 1.         -0.45        0.68750001] upper=[ 1.5        -0.05        1.23499999] inside=False
[obj_inside_of] obj=obj obj_pos=[ 1.9667871  -0.47850016  0.97749996] fixture_pos=[ 1.25    -0.3      0.96125] fsize=[0.91666663 0.55       0.24749999] shifted_fpos=[ 1.25    -0.25     0.96125] lower=[ 1.         -0.45        0.68750001] upper=[ 1.5        -0.05        1.23499999] inside=False
[obj_inside_of] obj=obj obj_pos=[ 1.9667871  -0.47850016  0.97749996] fixture_pos=[ 1.25    -0.3      0.96125] fsize=[0.91666663 0.55       0.24749999] shifted_fpos=[ 1.25    -0.25     0.96125] lower=[ 1.         -0.45        0.68750001] upper=[ 1.5        -0.05        1.23499999] inside=False
[obj_inside_of] obj=obj obj_pos=[ 1.9667871  -0.47850016  0.97749996] fixture_pos=[ 1.25    -0.3      0.96125] fsize=[0.91666663 0.55       0.24749999] shifted_fpos=[ 1.25    -0.25     0.96125] lower=[ 1.         -0.45        0.68750001] upper=[ 1.5        -0.05        1.23499999] inside=False
[obj_inside_of] obj=obj obj_pos=[ 1.9667871  -0.47850016  0.97749996] fixture_pos=[ 1.25    -0.3      0.96125] fsize=[0.91666663 0.55       0.24749999] shifted_fpos=[ 1.25    -0.25     0.96125] lower=[ 1.         -0.45        0.68750001] upper=[ 1.5        -0.05        1.23499999] inside=False
[obj_inside_of] obj=obj obj_pos=[ 1.9667871  -0.47850016  0.97749996] fixture_pos=[ 1.25    -0.3      0.96125] fsize=[0.91666663 0.55       0.24749999] shifted_fpos=[ 1.25    -0.25     0.96125] lower=[ 1.         -0.45        0.68750001] upper=[ 1.5        -0.05        1.23499999] inside=False
[obj_inside_of] obj=obj obj_pos=[ 1.9667871  -0.47850016  0.97749996] fixture_pos=[ 1.25    -0.3      0.96125] fsize=[0.91666663 0.55       0.24749999] shifted_fpos=[ 1.25    -0.25     0.96125] lower=[ 1.         -0.45        0.68750001] upper=[ 1.5        -0.05        1.23499999] inside=False
[obj_inside_of] obj=obj obj_pos=[ 1.9667871  -0.47850016  0.97749996] fixture_pos=[ 1.25    -0.3      0.96125] fsize=[0.91666663 0.55       0.24749999] shifted_fpos=[ 1.25    -0.25     0.96125] lower=[ 1.         -0.45        0.68750001] upper=[ 1.5        -0.05        1.23499999] inside=False
[obj_inside_of] obj=obj obj_pos=[ 1.9667871  -0.47850016  0.97749996] fixture_pos=[ 1.25    -0.3      0.96125] fsize=[0.91666663 0.55       0.24749999] shifted_fpos=[ 1.25    -0.25     0.96125] lower=[ 1.         -0.45        0.68750001] upper=[ 1.5        -0.05        1.23499999] inside=False
[obj_inside_of] obj=obj obj_pos=[ 1.9667871  -0.47850016  0.97749996] fixture_pos=[ 1.25    -0.3      0.96125] fsize=[0.91666663 0.55       0.24749999] shifted_fpos=[ 1.25    -0.25     0.96125] lower=[ 1.         -0.45        0.68750001] upper=[ 1.5        -0.05        1.23499999] inside=False
[obj_inside_of] obj=obj obj_pos=[ 1.9667871  -0.47850016  0.97749996] fixture_pos=[ 1.25    -0.3      0.96125] fsize=[0.91666663 0.55       0.24749999] shifted_fpos=[ 1.25    -0.25     0.96125] lower=[ 1.         -0.45        0.68750001] upper=[ 1.5        -0.05        1.23499999] inside=False
[obj_inside_of] obj=obj obj_pos=[ 1.9667871  -0.47850016  0.97749996] fixture_pos=[ 1.25    -0.3      0.96125] fsize=[0.91666663 0.55       0.24749999] shifted_fpos=[ 1.25    -0.25     0.96125] lower=[ 1.         -0.45        0.68750001] upper=[ 1.5        -0.05        1.23499999] inside=False
[obj_inside_of] obj=obj obj_pos=[ 1.9667871  -0.47850016  0.97749996] fixture_pos=[ 1.25    -0.3      0.96125] fsize=[0.91666663 0.55       0.24749999] shifted_fpos=[ 1.25    -0.25     0.96125] lower=[ 1.         -0.45        0.68750001] upper=[ 1.5        -0.05        1.23499999] inside=False
[obj_inside_of] obj=obj obj_pos=[ 1.9667871  -0.47850016  0.97749996] fixture_pos=[ 1.25    -0.3      0.96125] fsize=[0.91666663 0.55       0.24749999] shifted_fpos=[ 1.25    -0.25     0.96125] lower=[ 1.         -0.45        0.68750001] upper=[ 1.5        -0.05        1.23499999] inside=False
[obj_inside_of] obj=obj obj_pos=[ 1.9667871  -0.47850016  0.97749996] fixture_pos=[ 1.25    -0.3      0.96125] fsize=[0.91666663 0.55       0.24749999] shifted_fpos=[ 1.25    -0.25     0.96125] lower=[ 1.         -0.45        0.68750001] upper=[ 1.5        -0.05        1.23499999] inside=False
[obj_inside_of] obj=obj obj_pos=[ 1.9667871  -0.47850016  0.97749996] fixture_pos=[ 1.25    -0.3      0.96125] fsize=[0.91666663 0.55       0.24749999] shifted_fpos=[ 1.25    -0.25     0.96125] lower=[ 1.         -0.45        0.68750001] upper=[ 1.5        -0.05        1.23499999] inside=False
[obj_inside_of] obj=obj obj_pos=[ 1.9667871  -0.47850016  0.97749996] fixture_pos=[ 1.25    -0.3      0.96125] fsize=[0.91666663 0.55       0.24749999] shifted_fpos=[ 1.25    -0.25     0.96125] lower=[ 1.         -0.45        0.68750001] upper=[ 1.5        -0.05        1.23499999] inside=False
[obj_inside_of] obj=obj obj_pos=[ 1.9667871  -0.47850016  0.97749996] fixture_pos=[ 1.25    -0.3      0.96125] fsize=[0.91666663 0.55       0.24749999] shifted_fpos=[ 1.25    -0.25     0.96125] lower=[ 1.         -0.45        0.68750001] upper=[ 1.5        -0.05        1.23499999] inside=False
[obj_inside_of] obj=obj obj_pos=[ 1.9667871  -0.47850016  0.97749996] fixture_pos=[ 1.25    -0.3      0.96125] fsize=[0.91666663 0.55       0.24749999] shifted_fpos=[ 1.25    -0.25     0.96125] lower=[ 1.         -0.45        0.68750001] upper=[ 1.5        -0.05        1.23499999] inside=False
[obj_inside_of] obj=obj obj_pos=[ 1.9667871  -0.47850016  0.97749996] fixture_pos=[ 1.25    -0.3      0.96125] fsize=[0.91666663 0.55       0.24749999] shifted_fpos=[ 1.25    -0.25     0.96125] lower=[ 1.         -0.45        0.68750001] upper=[ 1.5        -0.05        1.23499999] inside=False
[obj_inside_of] obj=obj obj_pos=[ 1.9667871  -0.47850016  0.97749996] fixture_pos=[ 1.25    -0.3      0.96125] fsize=[0.91666663 0.55       0.24749999] shifted_fpos=[ 1.25    -0.25     0.96125] lower=[ 1.         -0.45        0.68750001] upper=[ 1.5        -0.05        1.23499999] inside=False
[obj_inside_of] obj=obj obj_pos=[ 1.9667871  -0.47850016  0.97749996] fixture_pos=[ 1.25    -0.3      0.96125] fsize=[0.91666663 0.55       0.24749999] shifted_fpos=[ 1.25    -0.25     0.96125] lower=[ 1.         -0.45        0.68750001] upper=[ 1.5        -0.05        1.23499999] inside=False
[obj_inside_of] obj=obj obj_pos=[ 1.9667871  -0.47850016  0.97749996] fixture_pos=[ 1.25    -0.3      0.96125] fsize=[0.91666663 0.55       0.24749999] shifted_fpos=[ 1.25    -0.25     0.96125] lower=[ 1.         -0.45        0.68750001] upper=[ 1.5        -0.05        1.23499999] inside=False
[obj_inside_of] obj=obj obj_pos=[ 1.9667871  -0.47850016  0.97749996] fixture_pos=[ 1.25    -0.3      0.96125] fsize=[0.91666663 0.55       0.24749999] shifted_fpos=[ 1.25    -0.25     0.96125] lower=[ 1.         -0.45        0.68750001] upper=[ 1.5        -0.05        1.23499999] inside=False
[obj_inside_of] obj=obj obj_pos=[ 1.9667871  -0.47850016  0.97749996] fixture_pos=[ 1.25    -0.3      0.96125] fsize=[0.91666663 0.55       0.24749999] shifted_fpos=[ 1.25    -0.25     0.96125] lower=[ 1.         -0.45        0.68750001] upper=[ 1.5        -0.05        1.23499999] inside=False
[obj_inside_of] obj=obj obj_pos=[ 1.9667871  -0.47850016  0.97749996] fixture_pos=[ 1.25    -0.3      0.96125] fsize=[0.91666663 0.55       0.24749999] shifted_fpos=[ 1.25    -0.25     0.96125] lower=[ 1.         -0.45        0.68750001] upper=[ 1.5        -0.05        1.23499999] inside=False
[obj_inside_of] obj=obj obj_pos=[ 1.9667871  -0.47850016  0.97749996] fixture_pos=[ 1.25    -0.3      0.96125] fsize=[0.91666663 0.55       0.24749999] shifted_fpos=[ 1.25    -0.25     0.96125] lower=[ 1.         -0.45        0.68750001] upper=[ 1.5        -0.05        1.23499999] inside=False
[obj_inside_of] obj=obj obj_pos=[ 1.9667871  -0.47850016  0.97749996] fixture_pos=[ 1.25    -0.3      0.96125] fsize=[0.91666663 0.55       0.24749999] shifted_fpos=[ 1.25    -0.25     0.96125] lower=[ 1.         -0.45        0.68750001] upper=[ 1.5        -0.05        1.23499999] inside=False
[obj_inside_of] obj=obj obj_pos=[ 1.9667871  -0.47850016  0.97749996] fixture_pos=[ 1.25    -0.3      0.96125] fsize=[0.91666663 0.55       0.24749999] shifted_fpos=[ 1.25    -0.25     0.96125] lower=[ 1.         -0.45        0.68750001] upper=[ 1.5        -0.05        1.23499999] inside=False
[obj_inside_of] obj=obj obj_pos=[ 1.9667871  -0.47850016  0.97749996] fixture_pos=[ 1.25    -0.3      0.96125] fsize=[0.91666663 0.55       0.24749999] shifted_fpos=[ 1.25    -0.25     0.96125] lower=[ 1.         -0.45        0.68750001] upper=[ 1.5        -0.05        1.23499999] inside=False
[obj_inside_of] obj=obj obj_pos=[ 1.9667871  -0.47850016  0.97749996] fixture_pos=[ 1.25    -0.3      0.96125] fsize=[0.91666663 0.55       0.24749999] shifted_fpos=[ 1.25    -0.25     0.96125] lower=[ 1.         -0.45        0.68750001] upper=[ 1.5        -0.05        1.23499999] inside=False
[obj_inside_of] obj=obj obj_pos=[ 1.9667871  -0.47850016  0.97749996] fixture_pos=[ 1.25    -0.3      0.96125] fsize=[0.91666663 0.55       0.24749999] shifted_fpos=[ 1.25    -0.25     0.96125] lower=[ 1.         -0.45        0.68750001] upper=[ 1.5        -0.05        1.23499999] inside=False
[obj_inside_of] obj=obj obj_pos=[ 1.9667871  -0.47850016  0.97749996] fixture_pos=[ 1.25    -0.3      0.96125] fsize=[0.91666663 0.55       0.24749999] shifted_fpos=[ 1.25    -0.25     0.96125] lower=[ 1.         -0.45        0.68750001] upper=[ 1.5        -0.05        1.23499999] inside=False
[obj_inside_of] obj=obj obj_pos=[ 1.9667871  -0.47850016  0.97749996] fixture_pos=[ 1.25    -0.3      0.96125] fsize=[0.91666663 0.55       0.24749999] shifted_fpos=[ 1.25    -0.25     0.96125] lower=[ 1.         -0.45        0.68750001] upper=[ 1.5        -0.05        1.23499999] inside=False
[obj_inside_of] obj=obj obj_pos=[ 1.9667871  -0.47850016  0.97749996] fixture_pos=[ 1.25    -0.3      0.96125] fsize=[0.91666663 0.55       0.24749999] shifted_fpos=[ 1.25    -0.25     0.96125] lower=[ 1.         -0.45        0.68750001] upper=[ 1.5        -0.05        1.23499999] inside=False
[obj_inside_of] obj=obj obj_pos=[ 1.9667871  -0.47850016  0.97749996] fixture_pos=[ 1.25    -0.3      0.96125] fsize=[0.91666663 0.55       0.24749999] shifted_fpos=[ 1.25    -0.25     0.96125] lower=[ 1.         -0.45        0.68750001] upper=[ 1.5        -0.05        1.23499999] inside=False
[obj_inside_of] obj=obj obj_pos=[ 1.9667871  -0.47850016  0.97749996] fixture_pos=[ 1.25    -0.3      0.96125] fsize=[0.91666663 0.55       0.24749999] shifted_fpos=[ 1.25    -0.25     0.96125] lower=[ 1.         -0.45        0.68750001] upper=[ 1.5        -0.05        1.23499999] inside=False
[obj_inside_of] obj=obj obj_pos=[ 1.9667871  -0.47850016  0.97749996] fixture_pos=[ 1.25    -0.3      0.96125] fsize=[0.91666663 0.55       0.24749999] shifted_fpos=[ 1.25    -0.25     0.96125] lower=[ 1.         -0.45        0.68750001] upper=[ 1.5        -0.05        1.23499999] inside=False
[obj_inside_of] obj=obj obj_pos=[ 1.9667871  -0.47850016  0.97749996] fixture_pos=[ 1.25    -0.3      0.96125] fsize=[0.91666663 0.55       0.24749999] shifted_fpos=[ 1.25    -0.25     0.96125] lower=[ 1.         -0.45        0.68750001] upper=[ 1.5        -0.05        1.23499999] inside=False
[obj_inside_of] obj=obj obj_pos=[ 1.9667871  -0.47850016  0.97749996] fixture_pos=[ 1.25    -0.3      0.96125] fsize=[0.91666663 0.55       0.24749999] shifted_fpos=[ 1.25    -0.25     0.96125] lower=[ 1.         -0.45        0.68750001] upper=[ 1.5        -0.05        1.23499999] inside=False
[obj_inside_of] obj=obj obj_pos=[ 1.9667871  -0.47850016  0.97749996] fixture_pos=[ 1.25    -0.3      0.96125] fsize=[0.91666663 0.55       0.24749999] shifted_fpos=[ 1.25    -0.25     0.96125] lower=[ 1.         -0.45        0.68750001] upper=[ 1.5        -0.05        1.23499999] inside=False
[obj_inside_of] obj=obj obj_pos=[ 1.9667871  -0.47850016  0.97749996] fixture_pos=[ 1.25    -0.3      0.96125] fsize=[0.91666663 0.55       0.24749999] shifted_fpos=[ 1.25    -0.25     0.96125] lower=[ 1.         -0.45        0.68750001] upper=[ 1.5        -0.05        1.23499999] inside=False
[obj_inside_of] obj=obj obj_pos=[ 1.9667871  -0.47850016  0.97749996] fixture_pos=[ 1.25    -0.3      0.96125] fsize=[0.91666663 0.55       0.24749999] shifted_fpos=[ 1.25    -0.25     0.96125] lower=[ 1.         -0.45        0.68750001] upper=[ 1.5        -0.05        1.23499999] inside=False
[obj_inside_of] obj=obj obj_pos=[ 1.9667871  -0.47850016  0.97749996] fixture_pos=[ 1.25    -0.3      0.96125] fsize=[0.91666663 0.55       0.24749999] shifted_fpos=[ 1.25    -0.25     0.96125] lower=[ 1.         -0.45        0.68750001] upper=[ 1.5        -0.05        1.23499999] inside=False
[obj_inside_of] obj=obj obj_pos=[ 1.9667871  -0.47850016  0.97749996] fixture_pos=[ 1.25    -0.3      0.96125] fsize=[0.91666663 0.55       0.24749999] shifted_fpos=[ 1.25    -0.25     0.96125] lower=[ 1.         -0.45        0.68750001] upper=[ 1.5        -0.05        1.23499999] inside=False
[obj_inside_of] obj=obj obj_pos=[ 1.9667871  -0.47850016  0.97749996] fixture_pos=[ 1.25    -0.3      0.96125] fsize=[0.91666663 0.55       0.24749999] shifted_fpos=[ 1.25    -0.25     0.96125] lower=[ 1.         -0.45        0.68750001] upper=[ 1.5        -0.05        1.23499999] inside=False
[obj_inside_of] obj=obj obj_pos=[ 1.9667871  -0.47850016  0.97749996] fixture_pos=[ 1.25    -0.3      0.96125] fsize=[0.91666663 0.55       0.24749999] shifted_fpos=[ 1.25    -0.25     0.96125] lower=[ 1.         -0.45        0.68750001] upper=[ 1.5        -0.05        1.23499999] inside=False
[obj_inside_of] obj=obj obj_pos=[ 1.9667871  -0.47850016  0.97749996] fixture_pos=[ 1.25    -0.3      0.96125] fsize=[0.91666663 0.55       0.24749999] shifted_fpos=[ 1.25    -0.25     0.96125] lower=[ 1.         -0.45        0.68750001] upper=[ 1.5        -0.05        1.23499999] inside=False
[obj_inside_of] obj=obj obj_pos=[ 1.9667871  -0.47850016  0.97749996] fixture_pos=[ 1.25    -0.3      0.96125] fsize=[0.91666663 0.55       0.24749999] shifted_fpos=[ 1.25    -0.25     0.96125] lower=[ 1.         -0.45        0.68750001] upper=[ 1.5        -0.05        1.23499999] inside=False
[obj_inside_of] obj=obj obj_pos=[ 1.9667871  -0.47850016  0.97749996] fixture_pos=[ 1.25    -0.3      0.96125] fsize=[0.91666663 0.55       0.24749999] shifted_fpos=[ 1.25    -0.25     0.96125] lower=[ 1.         -0.45        0.68750001] upper=[ 1.5        -0.05        1.23499999] inside=False
[obj_inside_of] obj=obj obj_pos=[ 1.9667871  -0.47850016  0.97749996] fixture_pos=[ 1.25    -0.3      0.96125] fsize=[0.91666663 0.55       0.24749999] shifted_fpos=[ 1.25    -0.25     0.96125] lower=[ 1.         -0.45        0.68750001] upper=[ 1.5        -0.05        1.23499999] inside=False
[obj_inside_of] obj=obj obj_pos=[ 1.9667871  -0.47850016  0.97749996] fixture_pos=[ 1.25    -0.3      0.96125] fsize=[0.91666663 0.55       0.24749999] shifted_fpos=[ 1.25    -0.25     0.96125] lower=[ 1.         -0.45        0.68750001] upper=[ 1.5        -0.05        1.23499999] inside=False
[obj_inside_of] obj=obj obj_pos=[ 1.9667871  -0.47850016  0.97749996] fixture_pos=[ 1.25    -0.3      0.96125] fsize=[0.91666663 0.55       0.24749999] shifted_fpos=[ 1.25    -0.25     0.96125] lower=[ 1.         -0.45        0.68750001] upper=[ 1.5        -0.05        1.23499999] inside=False
[obj_inside_of] obj=obj obj_pos=[ 1.9667871  -0.47850016  0.97749996] fixture_pos=[ 1.25    -0.3      0.96125] fsize=[0.91666663 0.55       0.24749999] shifted_fpos=[ 1.25    -0.25     0.96125] lower=[ 1.         -0.45        0.68750001] upper=[ 1.5        -0.05        1.23499999] inside=False
[obj_inside_of] obj=obj obj_pos=[ 1.9667871  -0.47850016  0.97749996] fixture_pos=[ 1.25    -0.3      0.96125] fsize=[0.91666663 0.55       0.24749999] shifted_fpos=[ 1.25    -0.25     0.96125] lower=[ 1.         -0.45        0.68750001] upper=[ 1.5        -0.05        1.23499999] inside=False
[obj_inside_of] obj=obj obj_pos=[ 1.9667871  -0.47850016  0.97749996] fixture_pos=[ 1.25    -0.3      0.96125] fsize=[0.91666663 0.55       0.24749999] shifted_fpos=[ 1.25    -0.25     0.96125] lower=[ 1.         -0.45        0.68750001] upper=[ 1.5        -0.05        1.23499999] inside=False
[obj_inside_of] obj=obj obj_pos=[ 1.9667871  -0.47850016  0.97749996] fixture_pos=[ 1.25    -0.3      0.96125] fsize=[0.91666663 0.55       0.24749999] shifted_fpos=[ 1.25    -0.25     0.96125] lower=[ 1.         -0.45        0.68750001] upper=[ 1.5        -0.05        1.23499999] inside=False
[obj_inside_of] obj=obj obj_pos=[ 1.9667871  -0.47850016  0.97749996] fixture_pos=[ 1.25    -0.3      0.96125] fsize=[0.91666663 0.55       0.24749999] shifted_fpos=[ 1.25    -0.25     0.96125] lower=[ 1.         -0.45        0.68750001] upper=[ 1.5        -0.05        1.23499999] inside=False
[obj_inside_of] obj=obj obj_pos=[ 1.9667871  -0.47850016  0.97749996] fixture_pos=[ 1.25    -0.3      0.96125] fsize=[0.91666663 0.55       0.24749999] shifted_fpos=[ 1.25    -0.25     0.96125] lower=[ 1.         -0.45        0.68750001] upper=[ 1.5        -0.05        1.23499999] inside=False
[obj_inside_of] obj=obj obj_pos=[ 1.9667871  -0.47850016  0.97749996] fixture_pos=[ 1.25    -0.3      0.96125] fsize=[0.91666663 0.55       0.24749999] shifted_fpos=[ 1.25    -0.25     0.96125] lower=[ 1.         -0.45        0.68750001] upper=[ 1.5        -0.05        1.23499999] inside=False
[obj_inside_of] obj=obj obj_pos=[ 1.9667871  -0.47850016  0.97749996] fixture_pos=[ 1.25    -0.3      0.96125] fsize=[0.91666663 0.55       0.24749999] shifted_fpos=[ 1.25    -0.25     0.96125] lower=[ 1.         -0.45        0.68750001] upper=[ 1.5        -0.05        1.23499999] inside=False
[obj_inside_of] obj=obj obj_pos=[ 1.9667871  -0.47850016  0.97749996] fixture_pos=[ 1.25    -0.3      0.96125] fsize=[0.91666663 0.55       0.24749999] shifted_fpos=[ 1.25    -0.25     0.96125] lower=[ 1.         -0.45        0.68750001] upper=[ 1.5        -0.05        1.23499999] inside=False
[obj_inside_of] obj=obj obj_pos=[ 1.9667871  -0.47850016  0.97749996] fixture_pos=[ 1.25    -0.3      0.96125] fsize=[0.91666663 0.55       0.24749999] shifted_fpos=[ 1.25    -0.25     0.96125] lower=[ 1.         -0.45        0.68750001] upper=[ 1.5        -0.05        1.23499999] inside=False
[obj_inside_of] obj=obj obj_pos=[ 1.9667871  -0.47850016  0.97749996] fixture_pos=[ 1.25    -0.3      0.96125] fsize=[0.91666663 0.55       0.24749999] shifted_fpos=[ 1.25    -0.25     0.96125] lower=[ 1.         -0.45        0.68750001] upper=[ 1.5        -0.05        1.23499999] inside=False
[obj_inside_of] obj=obj obj_pos=[ 1.9667871  -0.47850016  0.97749996] fixture_pos=[ 1.25    -0.3      0.96125] fsize=[0.91666663 0.55       0.24749999] shifted_fpos=[ 1.25    -0.25     0.96125] lower=[ 1.         -0.45        0.68750001] upper=[ 1.5        -0.05        1.23499999] inside=False
[obj_inside_of] obj=obj obj_pos=[ 1.9667871  -0.47850016  0.97749996] fixture_pos=[ 1.25    -0.3      0.96125] fsize=[0.91666663 0.55       0.24749999] shifted_fpos=[ 1.25    -0.25     0.96125] lower=[ 1.         -0.45        0.68750001] upper=[ 1.5        -0.05        1.23499999] inside=False
[obj_inside_of] obj=obj obj_pos=[ 1.9667871  -0.47850016  0.97749996] fixture_pos=[ 1.25    -0.3      0.96125] fsize=[0.91666663 0.55       0.24749999] shifted_fpos=[ 1.25    -0.25     0.96125] lower=[ 1.         -0.45        0.68750001] upper=[ 1.5        -0.05        1.23499999] inside=False
[obj_inside_of] obj=obj obj_pos=[ 1.9667871  -0.47850016  0.97749996] fixture_pos=[ 1.25    -0.3      0.96125] fsize=[0.91666663 0.55       0.24749999] shifted_fpos=[ 1.25    -0.25     0.96125] lower=[ 1.         -0.45        0.68750001] upper=[ 1.5        -0.05        1.23499999] inside=False
[obj_inside_of] obj=obj obj_pos=[ 1.9667871  -0.47850016  0.97749996] fixture_pos=[ 1.25    -0.3      0.96125] fsize=[0.91666663 0.55       0.24749999] shifted_fpos=[ 1.25    -0.25     0.96125] lower=[ 1.         -0.45        0.68750001] upper=[ 1.5        -0.05        1.23499999] inside=False
[obj_inside_of] obj=obj obj_pos=[ 1.9667871  -0.47850016  0.97749996] fixture_pos=[ 1.25    -0.3      0.96125] fsize=[0.91666663 0.55       0.24749999] shifted_fpos=[ 1.25    -0.25     0.96125] lower=[ 1.         -0.45        0.68750001] upper=[ 1.5        -0.05        1.23499999] inside=False
[obj_inside_of] obj=obj obj_pos=[ 1.9667871  -0.47850016  0.97749996] fixture_pos=[ 1.25    -0.3      0.96125] fsize=[0.91666663 0.55       0.24749999] shifted_fpos=[ 1.25    -0.25     0.96125] lower=[ 1.         -0.45        0.68750001] upper=[ 1.5        -0.05        1.23499999] inside=False
[obj_inside_of] obj=obj obj_pos=[ 1.9667871  -0.47850016  0.97749996] fixture_pos=[ 1.25    -0.3      0.96125] fsize=[0.91666663 0.55       0.24749999] shifted_fpos=[ 1.25    -0.25     0.96125] lower=[ 1.         -0.45        0.68750001] upper=[ 1.5        -0.05        1.23499999] inside=False
[obj_inside_of] obj=obj obj_pos=[ 1.9667871  -0.47850016  0.97749996] fixture_pos=[ 1.25    -0.3      0.96125] fsize=[0.91666663 0.55       0.24749999] shifted_fpos=[ 1.25    -0.25     0.96125] lower=[ 1.         -0.45        0.68750001] upper=[ 1.5        -0.05        1.23499999] inside=False
[obj_inside_of] obj=obj obj_pos=[ 1.9667871  -0.47850016  0.97749996] fixture_pos=[ 1.25    -0.3      0.96125] fsize=[0.91666663 0.55       0.24749999] shifted_fpos=[ 1.25    -0.25     0.96125] lower=[ 1.         -0.45        0.68750001] upper=[ 1.5        -0.05        1.23499999] inside=False
[obj_inside_of] obj=obj obj_pos=[ 1.9667871  -0.47850016  0.97749996] fixture_pos=[ 1.25    -0.3      0.96125] fsize=[0.91666663 0.55       0.24749999] shifted_fpos=[ 1.25    -0.25     0.96125] lower=[ 1.         -0.45        0.68750001] upper=[ 1.5        -0.05        1.23499999] inside=False
[obj_inside_of] obj=obj obj_pos=[ 1.9667871  -0.47850016  0.97749996] fixture_pos=[ 1.25    -0.3      0.96125] fsize=[0.91666663 0.55       0.24749999] shifted_fpos=[ 1.25    -0.25     0.96125] lower=[ 1.         -0.45        0.68750001] upper=[ 1.5        -0.05        1.23499999] inside=False
[obj_inside_of] obj=obj obj_pos=[ 1.9667871  -0.47850016  0.97749996] fixture_pos=[ 1.25    -0.3      0.96125] fsize=[0.91666663 0.55       0.24749999] shifted_fpos=[ 1.25    -0.25     0.96125] lower=[ 1.         -0.45        0.68750001] upper=[ 1.5        -0.05        1.23499999] inside=False
[obj_inside_of] obj=obj obj_pos=[ 1.9667871  -0.47850016  0.97749996] fixture_pos=[ 1.25    -0.3      0.96125] fsize=[0.91666663 0.55       0.24749999] shifted_fpos=[ 1.25    -0.25     0.96125] lower=[ 1.         -0.45        0.68750001] upper=[ 1.5        -0.05        1.23499999] inside=False
[obj_inside_of] obj=obj obj_pos=[ 1.9667871  -0.47850016  0.97749996] fixture_pos=[ 1.25    -0.3      0.96125] fsize=[0.91666663 0.55       0.24749999] shifted_fpos=[ 1.25    -0.25     0.96125] lower=[ 1.         -0.45        0.68750001] upper=[ 1.5        -0.05        1.23499999] inside=False
[obj_inside_of] obj=obj obj_pos=[ 1.9667871  -0.47850016  0.97749996] fixture_pos=[ 1.25    -0.3      0.96125] fsize=[0.91666663 0.55       0.24749999] shifted_fpos=[ 1.25    -0.25     0.96125] lower=[ 1.         -0.45        0.68750001] upper=[ 1.5        -0.05        1.23499999] inside=False
[obj_inside_of] obj=obj obj_pos=[ 1.9667871  -0.47850016  0.97749996] fixture_pos=[ 1.25    -0.3      0.96125] fsize=[0.91666663 0.55       0.24749999] shifted_fpos=[ 1.25    -0.25     0.96125] lower=[ 1.         -0.45        0.68750001] upper=[ 1.5        -0.05        1.23499999] inside=False
[obj_inside_of] obj=obj obj_pos=[ 1.9667871  -0.47850016  0.97749996] fixture_pos=[ 1.25    -0.3      0.96125] fsize=[0.91666663 0.55       0.24749999] shifted_fpos=[ 1.25    -0.25     0.96125] lower=[ 1.         -0.45        0.68750001] upper=[ 1.5        -0.05        1.23499999] inside=False
[obj_inside_of] obj=obj obj_pos=[ 1.9667871  -0.47850016  0.97749996] fixture_pos=[ 1.25    -0.3      0.96125] fsize=[0.91666663 0.55       0.24749999] shifted_fpos=[ 1.25    -0.25     0.96125] lower=[ 1.         -0.45        0.68750001] upper=[ 1.5        -0.05        1.23499999] inside=False
[obj_inside_of] obj=obj obj_pos=[ 1.9667871  -0.47850016  0.97749996] fixture_pos=[ 1.25    -0.3      0.96125] fsize=[0.91666663 0.55       0.24749999] shifted_fpos=[ 1.25    -0.25     0.96125] lower=[ 1.         -0.45        0.68750001] upper=[ 1.5        -0.05        1.23499999] inside=False
[obj_inside_of] obj=obj obj_pos=[ 1.9667871  -0.47850016  0.97749996] fixture_pos=[ 1.25    -0.3      0.96125] fsize=[0.91666663 0.55       0.24749999] shifted_fpos=[ 1.25    -0.25     0.96125] lower=[ 1.         -0.45        0.68750001] upper=[ 1.5        -0.05        1.23499999] inside=False
[obj_inside_of] obj=obj obj_pos=[ 1.9667871  -0.47850016  0.97749996] fixture_pos=[ 1.25    -0.3      0.96125] fsize=[0.91666663 0.55       0.24749999] shifted_fpos=[ 1.25    -0.25     0.96125] lower=[ 1.         -0.45        0.68750001] upper=[ 1.5        -0.05        1.23499999] inside=False
[obj_inside_of] obj=obj obj_pos=[ 1.9667871  -0.47850016  0.97749996] fixture_pos=[ 1.25    -0.3      0.96125] fsize=[0.91666663 0.55       0.24749999] shifted_fpos=[ 1.25    -0.25     0.96125] lower=[ 1.         -0.45        0.68750001] upper=[ 1.5        -0.05        1.23499999] inside=False
[obj_inside_of] obj=obj obj_pos=[ 1.9667871  -0.47850016  0.97749996] fixture_pos=[ 1.25    -0.3      0.96125] fsize=[0.91666663 0.55       0.24749999] shifted_fpos=[ 1.25    -0.25     0.96125] lower=[ 1.         -0.45        0.68750001] upper=[ 1.5        -0.05        1.23499999] inside=False
[obj_inside_of] obj=obj obj_pos=[ 1.9667871  -0.47850016  0.97749996] fixture_pos=[ 1.25    -0.3      0.96125] fsize=[0.91666663 0.55       0.24749999] shifted_fpos=[ 1.25    -0.25     0.96125] lower=[ 1.         -0.45        0.68750001] upper=[ 1.5        -0.05        1.23499999] inside=False
[obj_inside_of] obj=obj obj_pos=[ 1.9667871  -0.47850016  0.97749996] fixture_pos=[ 1.25    -0.3      0.96125] fsize=[0.91666663 0.55       0.24749999] shifted_fpos=[ 1.25    -0.25     0.96125] lower=[ 1.         -0.45        0.68750001] upper=[ 1.5        -0.05        1.23499999] inside=False
[obj_inside_of] obj=obj obj_pos=[ 1.9667871  -0.47850016  0.97749996] fixture_pos=[ 1.25    -0.3      0.96125] fsize=[0.91666663 0.55       0.24749999] shifted_fpos=[ 1.25    -0.25     0.96125] lower=[ 1.         -0.45        0.68750001] upper=[ 1.5        -0.05        1.23499999] inside=False
[obj_inside_of] obj=obj obj_pos=[ 1.9667871  -0.47850016  0.97749996] fixture_pos=[ 1.25    -0.3      0.96125] fsize=[0.91666663 0.55       0.24749999] shifted_fpos=[ 1.25    -0.25     0.96125] lower=[ 1.         -0.45        0.68750001] upper=[ 1.5        -0.05        1.23499999] inside=False
[obj_inside_of] obj=obj obj_pos=[ 1.9667871  -0.47850016  0.97749996] fixture_pos=[ 1.25    -0.3      0.96125] fsize=[0.91666663 0.55       0.24749999] shifted_fpos=[ 1.25    -0.25     0.96125] lower=[ 1.         -0.45        0.68750001] upper=[ 1.5        -0.05        1.23499999] inside=False
[obj_inside_of] obj=obj obj_pos=[ 1.9667871  -0.47850016  0.97749996] fixture_pos=[ 1.25    -0.3      0.96125] fsize=[0.91666663 0.55       0.24749999] shifted_fpos=[ 1.25    -0.25     0.96125] lower=[ 1.         -0.45        0.68750001] upper=[ 1.5        -0.05        1.23499999] inside=False
[obj_inside_of] obj=obj obj_pos=[ 1.9667871  -0.47850016  0.97749996] fixture_pos=[ 1.25    -0.3      0.96125] fsize=[0.91666663 0.55       0.24749999] shifted_fpos=[ 1.25    -0.25     0.96125] lower=[ 1.         -0.45        0.68750001] upper=[ 1.5        -0.05        1.23499999] inside=False
[obj_inside_of] obj=obj obj_pos=[ 1.9667871  -0.47850016  0.97749996] fixture_pos=[ 1.25    -0.3      0.96125] fsize=[0.91666663 0.55       0.24749999] shifted_fpos=[ 1.25    -0.25     0.96125] lower=[ 1.         -0.45        0.68750001] upper=[ 1.5        -0.05        1.23499999] inside=False
[obj_inside_of] obj=obj obj_pos=[ 1.9667871  -0.47850016  0.97749996] fixture_pos=[ 1.25    -0.3      0.96125] fsize=[0.91666663 0.55       0.24749999] shifted_fpos=[ 1.25    -0.25     0.96125] lower=[ 1.         -0.45        0.68750001] upper=[ 1.5        -0.05        1.23499999] inside=False
[obj_inside_of] obj=obj obj_pos=[ 1.9667871  -0.47850016  0.97749996] fixture_pos=[ 1.25    -0.3      0.96125] fsize=[0.91666663 0.55       0.24749999] shifted_fpos=[ 1.25    -0.25     0.96125] lower=[ 1.         -0.45        0.68750001] upper=[ 1.5        -0.05        1.23499999] inside=False
[viz-debug] base_link.pose=(1.595,-0.857) q=(0.707,0.000,0.000,0.707) qpos[0:3]=(0.543,-0.345,0.001)
[obj_inside_of] obj=obj obj_pos=[ 1.9667871  -0.47850016  0.97749996] fixture_pos=[ 1.25    -0.3      0.96125] fsize=[0.91666663 0.55       0.24749999] shifted_fpos=[ 1.25    -0.25     0.96125] lower=[ 1.         -0.45        0.68750001] upper=[ 1.5        -0.05        1.23499999] inside=False
[obj_inside_of] obj=obj obj_pos=[ 1.9667871  -0.47850016  0.97749996] fixture_pos=[ 1.25    -0.3      0.96125] fsize=[0.91666663 0.55       0.24749999] shifted_fpos=[ 1.25    -0.25     0.96125] lower=[ 1.         -0.45        0.68750001] upper=[ 1.5        -0.05        1.23499999] inside=False
[obj_inside_of] obj=obj obj_pos=[ 1.9667871  -0.47850016  0.97749996] fixture_pos=[ 1.25    -0.3      0.96125] fsize=[0.91666663 0.55       0.24749999] shifted_fpos=[ 1.25    -0.25     0.96125] lower=[ 1.         -0.45        0.68750001] upper=[ 1.5        -0.05        1.23499999] inside=False
[obj_inside_of] obj=obj obj_pos=[ 1.9667871  -0.47850016  0.97749996] fixture_pos=[ 1.25    -0.3      0.96125] fsize=[0.91666663 0.55       0.24749999] shifted_fpos=[ 1.25    -0.25     0.96125] lower=[ 1.         -0.45        0.68750001] upper=[ 1.5        -0.05        1.23499999] inside=False
[obj_inside_of] obj=obj obj_pos=[ 1.9667871  -0.47850016  0.97749996] fixture_pos=[ 1.25    -0.3      0.96125] fsize=[0.91666663 0.55       0.24749999] shifted_fpos=[ 1.25    -0.25     0.96125] lower=[ 1.         -0.45        0.68750001] upper=[ 1.5        -0.05        1.23499999] inside=False
[obj_inside_of] obj=obj obj_pos=[ 1.9667871  -0.47850016  0.97749996] fixture_pos=[ 1.25    -0.3      0.96125] fsize=[0.91666663 0.55       0.24749999] shifted_fpos=[ 1.25    -0.25     0.96125] lower=[ 1.         -0.45        0.68750001] upper=[ 1.5        -0.05        1.23499999] inside=False
[obj_inside_of] obj=obj obj_pos=[ 1.9667871  -0.47850016  0.97749996] fixture_pos=[ 1.25    -0.3      0.96125] fsize=[0.91666663 0.55       0.24749999] shifted_fpos=[ 1.25    -0.25     0.96125] lower=[ 1.         -0.45        0.68750001] upper=[ 1.5        -0.05        1.23499999] inside=False
[obj_inside_of] obj=obj obj_pos=[ 1.9667871  -0.47850016  0.97749996] fixture_pos=[ 1.25    -0.3      0.96125] fsize=[0.91666663 0.55       0.24749999] shifted_fpos=[ 1.25    -0.25     0.96125] lower=[ 1.         -0.45        0.68750001] upper=[ 1.5        -0.05        1.23499999] inside=False
[obj_inside_of] obj=obj obj_pos=[ 1.9667871  -0.47850016  0.97749996] fixture_pos=[ 1.25    -0.3      0.96125] fsize=[0.91666663 0.55       0.24749999] shifted_fpos=[ 1.25    -0.25     0.96125] lower=[ 1.         -0.45        0.68750001] upper=[ 1.5        -0.05        1.23499999] inside=False
[obj_inside_of] obj=obj obj_pos=[ 1.9667871  -0.47850016  0.97749996] fixture_pos=[ 1.25    -0.3      0.96125] fsize=[0.91666663 0.55       0.24749999] shifted_fpos=[ 1.25    -0.25     0.96125] lower=[ 1.         -0.45        0.68750001] upper=[ 1.5        -0.05        1.23499999] inside=False
[obj_inside_of] obj=obj obj_pos=[ 1.9667871  -0.47850016  0.97749996] fixture_pos=[ 1.25    -0.3      0.96125] fsize=[0.91666663 0.55       0.24749999] shifted_fpos=[ 1.25    -0.25     0.96125] lower=[ 1.         -0.45        0.68750001] upper=[ 1.5        -0.05        1.23499999] inside=False
[obj_inside_of] obj=obj obj_pos=[ 1.9667871  -0.47850016  0.97749996] fixture_pos=[ 1.25    -0.3      0.96125] fsize=[0.91666663 0.55       0.24749999] shifted_fpos=[ 1.25    -0.25     0.96125] lower=[ 1.         -0.45        0.68750001] upper=[ 1.5        -0.05        1.23499999] inside=False
[obj_inside_of] obj=obj obj_pos=[ 1.9667871  -0.47850016  0.97749996] fixture_pos=[ 1.25    -0.3      0.96125] fsize=[0.91666663 0.55       0.24749999] shifted_fpos=[ 1.25    -0.25     0.96125] lower=[ 1.         -0.45        0.68750001] upper=[ 1.5        -0.05        1.23499999] inside=False
[obj_inside_of] obj=obj obj_pos=[ 1.9667871  -0.47850016  0.97749996] fixture_pos=[ 1.25    -0.3      0.96125] fsize=[0.91666663 0.55       0.24749999] shifted_fpos=[ 1.25    -0.25     0.96125] lower=[ 1.         -0.45        0.68750001] upper=[ 1.5        -0.05        1.23499999] inside=False
[obj_inside_of] obj=obj obj_pos=[ 1.9667871  -0.47850016  0.97749996] fixture_pos=[ 1.25    -0.3      0.96125] fsize=[0.91666663 0.55       0.24749999] shifted_fpos=[ 1.25    -0.25     0.96125] lower=[ 1.         -0.45        0.68750001] upper=[ 1.5        -0.05        1.23499999] inside=False
[obj_inside_of] obj=obj obj_pos=[ 1.9667871  -0.47850016  0.97749996] fixture_pos=[ 1.25    -0.3      0.96125] fsize=[0.91666663 0.55       0.24749999] shifted_fpos=[ 1.25    -0.25     0.96125] lower=[ 1.         -0.45        0.68750001] upper=[ 1.5        -0.05        1.23499999] inside=False
[obj_inside_of] obj=obj obj_pos=[ 1.9667871  -0.47850016  0.97749996] fixture_pos=[ 1.25    -0.3      0.96125] fsize=[0.91666663 0.55       0.24749999] shifted_fpos=[ 1.25    -0.25     0.96125] lower=[ 1.         -0.45        0.68750001] upper=[ 1.5        -0.05        1.23499999] inside=False
[obj_inside_of] obj=obj obj_pos=[ 1.9667871  -0.47850016  0.97749996] fixture_pos=[ 1.25    -0.3      0.96125] fsize=[0.91666663 0.55       0.24749999] shifted_fpos=[ 1.25    -0.25     0.96125] lower=[ 1.         -0.45        0.68750001] upper=[ 1.5        -0.05        1.23499999] inside=False
[obj_inside_of] obj=obj obj_pos=[ 1.9667871  -0.47850016  0.97749996] fixture_pos=[ 1.25    -0.3      0.96125] fsize=[0.91666663 0.55       0.24749999] shifted_fpos=[ 1.25    -0.25     0.96125] lower=[ 1.         -0.45        0.68750001] upper=[ 1.5        -0.05        1.23499999] inside=False
[obj_inside_of] obj=obj obj_pos=[ 1.9667871  -0.47850016  0.97749996] fixture_pos=[ 1.25    -0.3      0.96125] fsize=[0.91666663 0.55       0.24749999] shifted_fpos=[ 1.25    -0.25     0.96125] lower=[ 1.         -0.45        0.68750001] upper=[ 1.5        -0.05        1.23499999] inside=False
[obj_inside_of] obj=obj obj_pos=[ 1.9667871  -0.47850016  0.97749996] fixture_pos=[ 1.25    -0.3      0.96125] fsize=[0.91666663 0.55       0.24749999] shifted_fpos=[ 1.25    -0.25     0.96125] lower=[ 1.         -0.45        0.68750001] upper=[ 1.5        -0.05        1.23499999] inside=False
[obj_inside_of] obj=obj obj_pos=[ 1.9667871  -0.47850016  0.97749996] fixture_pos=[ 1.25    -0.3      0.96125] fsize=[0.91666663 0.55       0.24749999] shifted_fpos=[ 1.25    -0.25     0.96125] lower=[ 1.         -0.45        0.68750001] upper=[ 1.5        -0.05        1.23499999] inside=False
[obj_inside_of] obj=obj obj_pos=[ 1.9667871  -0.47850016  0.97749996] fixture_pos=[ 1.25    -0.3      0.96125] fsize=[0.91666663 0.55       0.24749999] shifted_fpos=[ 1.25    -0.25     0.96125] lower=[ 1.         -0.45        0.68750001] upper=[ 1.5        -0.05        1.23499999] inside=False
[obj_inside_of] obj=obj obj_pos=[ 1.9667871  -0.47850016  0.97749996] fixture_pos=[ 1.25    -0.3      0.96125] fsize=[0.91666663 0.55       0.24749999] shifted_fpos=[ 1.25    -0.25     0.96125] lower=[ 1.         -0.45        0.68750001] upper=[ 1.5        -0.05        1.23499999] inside=False
[obj_inside_of] obj=obj obj_pos=[ 1.9667871  -0.47850016  0.97749996] fixture_pos=[ 1.25    -0.3      0.96125] fsize=[0.91666663 0.55       0.24749999] shifted_fpos=[ 1.25    -0.25     0.96125] lower=[ 1.         -0.45        0.68750001] upper=[ 1.5        -0.05        1.23499999] inside=False
[obj_inside_of] obj=obj obj_pos=[ 1.9667871  -0.47850016  0.97749996] fixture_pos=[ 1.25    -0.3      0.96125] fsize=[0.91666663 0.55       0.24749999] shifted_fpos=[ 1.25    -0.25     0.96125] lower=[ 1.         -0.45        0.68750001] upper=[ 1.5        -0.05        1.23499999] inside=False
[obj_inside_of] obj=obj obj_pos=[ 1.9667871  -0.47850016  0.97749996] fixture_pos=[ 1.25    -0.3      0.96125] fsize=[0.91666663 0.55       0.24749999] shifted_fpos=[ 1.25    -0.25     0.96125] lower=[ 1.         -0.45        0.68750001] upper=[ 1.5        -0.05        1.23499999] inside=False
[obj_inside_of] obj=obj obj_pos=[ 1.9667871  -0.47850016  0.97749996] fixture_pos=[ 1.25    -0.3      0.96125] fsize=[0.91666663 0.55       0.24749999] shifted_fpos=[ 1.25    -0.25     0.96125] lower=[ 1.         -0.45        0.68750001] upper=[ 1.5        -0.05        1.23499999] inside=False
[obj_inside_of] obj=obj obj_pos=[ 1.9667871  -0.47850016  0.97749996] fixture_pos=[ 1.25    -0.3      0.96125] fsize=[0.91666663 0.55       0.24749999] shifted_fpos=[ 1.25    -0.25     0.96125] lower=[ 1.         -0.45        0.68750001] upper=[ 1.5        -0.05        1.23499999] inside=False
[obj_inside_of] obj=obj obj_pos=[ 1.9667871  -0.47850016  0.97749996] fixture_pos=[ 1.25    -0.3      0.96125] fsize=[0.91666663 0.55       0.24749999] shifted_fpos=[ 1.25    -0.25     0.96125] lower=[ 1.         -0.45        0.68750001] upper=[ 1.5        -0.05        1.23499999] inside=False
[obj_inside_of] obj=obj obj_pos=[ 1.9667871  -0.47850016  0.97749996] fixture_pos=[ 1.25    -0.3      0.96125] fsize=[0.91666663 0.55       0.24749999] shifted_fpos=[ 1.25    -0.25     0.96125] lower=[ 1.         -0.45        0.68750001] upper=[ 1.5        -0.05        1.23499999] inside=False
[obj_inside_of] obj=obj obj_pos=[ 1.9667871  -0.47850016  0.97749996] fixture_pos=[ 1.25    -0.3      0.96125] fsize=[0.91666663 0.55       0.24749999] shifted_fpos=[ 1.25    -0.25     0.96125] lower=[ 1.         -0.45        0.68750001] upper=[ 1.5        -0.05        1.23499999] inside=False
[obj_inside_of] obj=obj obj_pos=[ 1.9667871  -0.47850016  0.97749996] fixture_pos=[ 1.25    -0.3      0.96125] fsize=[0.91666663 0.55       0.24749999] shifted_fpos=[ 1.25    -0.25     0.96125] lower=[ 1.         -0.45        0.68750001] upper=[ 1.5        -0.05        1.23499999] inside=False
[obj_inside_of] obj=obj obj_pos=[ 1.9667871  -0.47850016  0.97749996] fixture_pos=[ 1.25    -0.3      0.96125] fsize=[0.91666663 0.55       0.24749999] shifted_fpos=[ 1.25    -0.25     0.96125] lower=[ 1.         -0.45        0.68750001] upper=[ 1.5        -0.05        1.23499999] inside=False
[obj_inside_of] obj=obj obj_pos=[ 1.9667871  -0.47850016  0.97749996] fixture_pos=[ 1.25    -0.3      0.96125] fsize=[0.91666663 0.55       0.24749999] shifted_fpos=[ 1.25    -0.25     0.96125] lower=[ 1.         -0.45        0.68750001] upper=[ 1.5        -0.05        1.23499999] inside=False
[obj_inside_of] obj=obj obj_pos=[ 1.9667871  -0.47850016  0.97749996] fixture_pos=[ 1.25    -0.3      0.96125] fsize=[0.91666663 0.55       0.24749999] shifted_fpos=[ 1.25    -0.25     0.96125] lower=[ 1.         -0.45        0.68750001] upper=[ 1.5        -0.05        1.23499999] inside=False
[obj_inside_of] obj=obj obj_pos=[ 1.9667871  -0.47850016  0.97749996] fixture_pos=[ 1.25    -0.3      0.96125] fsize=[0.91666663 0.55       0.24749999] shifted_fpos=[ 1.25    -0.25     0.96125] lower=[ 1.         -0.45        0.68750001] upper=[ 1.5        -0.05        1.23499999] inside=False
[obj_inside_of] obj=obj obj_pos=[ 1.9667871  -0.47850016  0.97749996] fixture_pos=[ 1.25    -0.3      0.96125] fsize=[0.91666663 0.55       0.24749999] shifted_fpos=[ 1.25    -0.25     0.96125] lower=[ 1.         -0.45        0.68750001] upper=[ 1.5        -0.05        1.23499999] inside=False
[obj_inside_of] obj=obj obj_pos=[ 1.9667871  -0.47850016  0.97749996] fixture_pos=[ 1.25    -0.3      0.96125] fsize=[0.91666663 0.55       0.24749999] shifted_fpos=[ 1.25    -0.25     0.96125] lower=[ 1.         -0.45        0.68750001] upper=[ 1.5        -0.05        1.23499999] inside=False
[obj_inside_of] obj=obj obj_pos=[ 1.9667871  -0.47850016  0.97749996] fixture_pos=[ 1.25    -0.3      0.96125] fsize=[0.91666663 0.55       0.24749999] shifted_fpos=[ 1.25    -0.25     0.96125] lower=[ 1.         -0.45        0.68750001] upper=[ 1.5        -0.05        1.23499999] inside=False
[obj_inside_of] obj=obj obj_pos=[ 1.9667871  -0.47850016  0.97749996] fixture_pos=[ 1.25    -0.3      0.96125] fsize=[0.91666663 0.55       0.24749999] shifted_fpos=[ 1.25    -0.25     0.96125] lower=[ 1.         -0.45        0.68750001] upper=[ 1.5        -0.05        1.23499999] inside=False
[obj_inside_of] obj=obj obj_pos=[ 1.9667871  -0.47850016  0.97749996] fixture_pos=[ 1.25    -0.3      0.96125] fsize=[0.91666663 0.55       0.24749999] shifted_fpos=[ 1.25    -0.25     0.96125] lower=[ 1.         -0.45        0.68750001] upper=[ 1.5        -0.05        1.23499999] inside=False
[obj_inside_of] obj=obj obj_pos=[ 1.9667871  -0.47850016  0.97749996] fixture_pos=[ 1.25    -0.3      0.96125] fsize=[0.91666663 0.55       0.24749999] shifted_fpos=[ 1.25    -0.25     0.96125] lower=[ 1.         -0.45        0.68750001] upper=[ 1.5        -0.05        1.23499999] inside=False
[obj_inside_of] obj=obj obj_pos=[ 1.9667871  -0.47850016  0.97749996] fixture_pos=[ 1.25    -0.3      0.96125] fsize=[0.91666663 0.55       0.24749999] shifted_fpos=[ 1.25    -0.25     0.96125] lower=[ 1.         -0.45        0.68750001] upper=[ 1.5        -0.05        1.23499999] inside=False
[obj_inside_of] obj=obj obj_pos=[ 1.9667871  -0.47850016  0.97749996] fixture_pos=[ 1.25    -0.3      0.96125] fsize=[0.91666663 0.55       0.24749999] shifted_fpos=[ 1.25    -0.25     0.96125] lower=[ 1.         -0.45        0.68750001] upper=[ 1.5        -0.05        1.23499999] inside=False
[perceive] 1 objects from ['base_camera']: ['cup']
[obj_inside_of] obj=obj obj_pos=[ 1.9667871  -0.47850016  0.97749996] fixture_pos=[ 1.25    -0.3      0.96125] fsize=[0.91666663 0.55       0.24749999] shifted_fpos=[ 1.25    -0.25     0.96125] lower=[ 1.         -0.45        0.68750001] upper=[ 1.5        -0.05        1.23499999] inside=False
[obj_inside_of] obj=obj obj_pos=[ 1.9667871  -0.47850016  0.97749996] fixture_pos=[ 1.25    -0.3      0.96125] fsize=[0.91666663 0.55       0.24749999] shifted_fpos=[ 1.25    -0.25     0.96125] lower=[ 1.         -0.45        0.68750001] upper=[ 1.5        -0.05        1.23499999] inside=False
[obj_inside_of] obj=obj obj_pos=[ 1.9667871  -0.47850016  0.97749996] fixture_pos=[ 1.25    -0.3      0.96125] fsize=[0.91666663 0.55       0.24749999] shifted_fpos=[ 1.25    -0.25     0.96125] lower=[ 1.         -0.45        0.68750001] upper=[ 1.5        -0.05        1.23499999] inside=False
[obj_inside_of] obj=obj obj_pos=[ 1.9667871  -0.47850016  0.97749996] fixture_pos=[ 1.25    -0.3      0.96125] fsize=[0.91666663 0.55       0.24749999] shifted_fpos=[ 1.25    -0.25     0.96125] lower=[ 1.         -0.45        0.68750001] upper=[ 1.5        -0.05        1.23499999] inside=False
[obj_inside_of] obj=obj obj_pos=[ 1.9667871  -0.47850016  0.97749996] fixture_pos=[ 1.25    -0.3      0.96125] fsize=[0.91666663 0.55       0.24749999] shifted_fpos=[ 1.25    -0.25     0.96125] lower=[ 1.         -0.45        0.68750001] upper=[ 1.5        -0.05        1.23499999] inside=False
[obj_inside_of] obj=obj obj_pos=[ 1.9667871  -0.47850016  0.97749996] fixture_pos=[ 1.25    -0.3      0.96125] fsize=[0.91666663 0.55       0.24749999] shifted_fpos=[ 1.25    -0.25     0.96125] lower=[ 1.         -0.45        0.68750001] upper=[ 1.5        -0.05        1.23499999] inside=False
[obj_inside_of] obj=obj obj_pos=[ 1.9667871  -0.47850016  0.97749996] fixture_pos=[ 1.25    -0.3      0.96125] fsize=[0.91666663 0.55       0.24749999] shifted_fpos=[ 1.25    -0.25     0.96125] lower=[ 1.         -0.45        0.68750001] upper=[ 1.5        -0.05        1.23499999] inside=False
[obj_inside_of] obj=obj obj_pos=[ 1.9667871  -0.47850016  0.97749996] fixture_pos=[ 1.25    -0.3      0.96125] fsize=[0.91666663 0.55       0.24749999] shifted_fpos=[ 1.25    -0.25     0.96125] lower=[ 1.         -0.45        0.68750001] upper=[ 1.5        -0.05        1.23499999] inside=False
[obj_inside_of] obj=obj obj_pos=[ 1.9667871  -0.47850016  0.97749996] fixture_pos=[ 1.25    -0.3      0.96125] fsize=[0.91666663 0.55       0.24749999] shifted_fpos=[ 1.25    -0.25     0.96125] lower=[ 1.         -0.45        0.68750001] upper=[ 1.5        -0.05        1.23499999] inside=False
[obj_inside_of] obj=obj obj_pos=[ 1.9667871  -0.47850016  0.97749996] fixture_pos=[ 1.25    -0.3      0.96125] fsize=[0.91666663 0.55       0.24749999] shifted_fpos=[ 1.25    -0.25     0.96125] lower=[ 1.         -0.45        0.68750001] upper=[ 1.5        -0.05        1.23499999] inside=False
[obj_inside_of] obj=obj obj_pos=[ 1.9667871  -0.47850016  0.97749996] fixture_pos=[ 1.25    -0.3      0.96125] fsize=[0.91666663 0.55       0.24749999] shifted_fpos=[ 1.25    -0.25     0.96125] lower=[ 1.         -0.45        0.68750001] upper=[ 1.5        -0.05        1.23499999] inside=False
[obj_inside_of] obj=obj obj_pos=[ 1.9667871  -0.47850016  0.97749996] fixture_pos=[ 1.25    -0.3      0.96125] fsize=[0.91666663 0.55       0.24749999] shifted_fpos=[ 1.25    -0.25     0.96125] lower=[ 1.         -0.45        0.68750001] upper=[ 1.5        -0.05        1.23499999] inside=False
[obj_inside_of] obj=obj obj_pos=[ 1.9667871  -0.47850016  0.97749996] fixture_pos=[ 1.25    -0.3      0.96125] fsize=[0.91666663 0.55       0.24749999] shifted_fpos=[ 1.25    -0.25     0.96125] lower=[ 1.         -0.45        0.68750001] upper=[ 1.5        -0.05        1.23499999] inside=False
[obj_inside_of] obj=obj obj_pos=[ 1.9667871  -0.47850016  0.97749996] fixture_pos=[ 1.25    -0.3      0.96125] fsize=[0.91666663 0.55       0.24749999] shifted_fpos=[ 1.25    -0.25     0.96125] lower=[ 1.         -0.45        0.68750001] upper=[ 1.5        -0.05        1.23499999] inside=False
[obj_inside_of] obj=obj obj_pos=[ 1.9667871  -0.47850016  0.97749996] fixture_pos=[ 1.25    -0.3      0.96125] fsize=[0.91666663 0.55       0.24749999] shifted_fpos=[ 1.25    -0.25     0.96125] lower=[ 1.         -0.45        0.68750001] upper=[ 1.5        -0.05        1.23499999] inside=False
[obj_inside_of] obj=obj obj_pos=[ 1.9667871  -0.47850016  0.97749996] fixture_pos=[ 1.25    -0.3      0.96125] fsize=[0.91666663 0.55       0.24749999] shifted_fpos=[ 1.25    -0.25     0.96125] lower=[ 1.         -0.45        0.68750001] upper=[ 1.5        -0.05        1.23499999] inside=False
[obj_inside_of] obj=obj obj_pos=[ 1.9667871  -0.47850016  0.97749996] fixture_pos=[ 1.25    -0.3      0.96125] fsize=[0.91666663 0.55       0.24749999] shifted_fpos=[ 1.25    -0.25     0.96125] lower=[ 1.         -0.45        0.68750001] upper=[ 1.5        -0.05        1.23499999] inside=False
[obj_inside_of] obj=obj obj_pos=[ 1.9667871  -0.47850016  0.97749996] fixture_pos=[ 1.25    -0.3      0.96125] fsize=[0.91666663 0.55       0.24749999] shifted_fpos=[ 1.25    -0.25     0.96125] lower=[ 1.         -0.45        0.68750001] upper=[ 1.5        -0.05        1.23499999] inside=False
[obj_inside_of] obj=obj obj_pos=[ 1.9667871  -0.47850016  0.97749996] fixture_pos=[ 1.25    -0.3      0.96125] fsize=[0.91666663 0.55       0.24749999] shifted_fpos=[ 1.25    -0.25     0.96125] lower=[ 1.         -0.45        0.68750001] upper=[ 1.5        -0.05        1.23499999] inside=False
[obj_inside_of] obj=obj obj_pos=[ 1.9667871  -0.47850016  0.97749996] fixture_pos=[ 1.25    -0.3      0.96125] fsize=[0.91666663 0.55       0.24749999] shifted_fpos=[ 1.25    -0.25     0.96125] lower=[ 1.         -0.45        0.68750001] upper=[ 1.5        -0.05        1.23499999] inside=False
[obj_inside_of] obj=obj obj_pos=[ 1.9667871  -0.47850016  0.97749996] fixture_pos=[ 1.25    -0.3      0.96125] fsize=[0.91666663 0.55       0.24749999] shifted_fpos=[ 1.25    -0.25     0.96125] lower=[ 1.         -0.45        0.68750001] upper=[ 1.5        -0.05        1.23499999] inside=False
[obj_inside_of] obj=obj obj_pos=[ 1.9667871  -0.47850016  0.97749996] fixture_pos=[ 1.25    -0.3      0.96125] fsize=[0.91666663 0.55       0.24749999] shifted_fpos=[ 1.25    -0.25     0.96125] lower=[ 1.         -0.45        0.68750001] upper=[ 1.5        -0.05        1.23499999] inside=False
[obj_inside_of] obj=obj obj_pos=[ 1.9667871  -0.47850016  0.97749996] fixture_pos=[ 1.25    -0.3      0.96125] fsize=[0.91666663 0.55       0.24749999] shifted_fpos=[ 1.25    -0.25     0.96125] lower=[ 1.         -0.45        0.68750001] upper=[ 1.5        -0.05        1.23499999] inside=False
[obj_inside_of] obj=obj obj_pos=[ 1.9667871  -0.47850016  0.97749996] fixture_pos=[ 1.25    -0.3      0.96125] fsize=[0.91666663 0.55       0.24749999] shifted_fpos=[ 1.25    -0.25     0.96125] lower=[ 1.         -0.45        0.68750001] upper=[ 1.5        -0.05        1.23499999] inside=False
[obj_inside_of] obj=obj obj_pos=[ 1.9667871  -0.47850016  0.97749996] fixture_pos=[ 1.25    -0.3      0.96125] fsize=[0.91666663 0.55       0.24749999] shifted_fpos=[ 1.25    -0.25     0.96125] lower=[ 1.         -0.45        0.68750001] upper=[ 1.5        -0.05        1.23499999] inside=False
[obj_inside_of] obj=obj obj_pos=[ 1.9667871  -0.47850016  0.97749996] fixture_pos=[ 1.25    -0.3      0.96125] fsize=[0.91666663 0.55       0.24749999] shifted_fpos=[ 1.25    -0.25     0.96125] lower=[ 1.         -0.45        0.68750001] upper=[ 1.5        -0.05        1.23499999] inside=False
[obj_inside_of] obj=obj obj_pos=[ 1.9667871  -0.47850016  0.97749996] fixture_pos=[ 1.25    -0.3      0.96125] fsize=[0.91666663 0.55       0.24749999] shifted_fpos=[ 1.25    -0.25     0.96125] lower=[ 1.         -0.45        0.68750001] upper=[ 1.5        -0.05        1.23499999] inside=False
[obj_inside_of] obj=obj obj_pos=[ 1.9667871  -0.47850016  0.97749996] fixture_pos=[ 1.25    -0.3      0.96125] fsize=[0.91666663 0.55       0.24749999] shifted_fpos=[ 1.25    -0.25     0.96125] lower=[ 1.         -0.45        0.68750001] upper=[ 1.5        -0.05        1.23499999] inside=False
[obj_inside_of] obj=obj obj_pos=[ 1.9667871  -0.47850016  0.97749996] fixture_pos=[ 1.25    -0.3      0.96125] fsize=[0.91666663 0.55       0.24749999] shifted_fpos=[ 1.25    -0.25     0.96125] lower=[ 1.         -0.45        0.68750001] upper=[ 1.5        -0.05        1.23499999] inside=False
[obj_inside_of] obj=obj obj_pos=[ 1.9667871  -0.47850016  0.97749996] fixture_pos=[ 1.25    -0.3      0.96125] fsize=[0.91666663 0.55       0.24749999] shifted_fpos=[ 1.25    -0.25     0.96125] lower=[ 1.         -0.45        0.68750001] upper=[ 1.5        -0.05        1.23499999] inside=False
[obj_inside_of] obj=obj obj_pos=[ 1.9667871  -0.47850016  0.97749996] fixture_pos=[ 1.25    -0.3      0.96125] fsize=[0.91666663 0.55       0.24749999] shifted_fpos=[ 1.25    -0.25     0.96125] lower=[ 1.         -0.45        0.68750001] upper=[ 1.5        -0.05        1.23499999] inside=False
[obj_inside_of] obj=obj obj_pos=[ 1.9667871  -0.47850016  0.97749996] fixture_pos=[ 1.25    -0.3      0.96125] fsize=[0.91666663 0.55       0.24749999] shifted_fpos=[ 1.25    -0.25     0.96125] lower=[ 1.         -0.45        0.68750001] upper=[ 1.5        -0.05        1.23499999] inside=False
[obj_inside_of] obj=obj obj_pos=[ 1.9667871  -0.47850016  0.97749996] fixture_pos=[ 1.25    -0.3      0.96125] fsize=[0.91666663 0.55       0.24749999] shifted_fpos=[ 1.25    -0.25     0.96125] lower=[ 1.         -0.45        0.68750001] upper=[ 1.5        -0.05        1.23499999] inside=False
[obj_inside_of] obj=obj obj_pos=[ 1.9667871  -0.47850016  0.97749996] fixture_pos=[ 1.25    -0.3      0.96125] fsize=[0.91666663 0.55       0.24749999] shifted_fpos=[ 1.25    -0.25     0.96125] lower=[ 1.         -0.45        0.68750001] upper=[ 1.5        -0.05        1.23499999] inside=False
[obj_inside_of] obj=obj obj_pos=[ 1.9667871  -0.47850016  0.97749996] fixture_pos=[ 1.25    -0.3      0.96125] fsize=[0.91666663 0.55       0.24749999] shifted_fpos=[ 1.25    -0.25     0.96125] lower=[ 1.         -0.45        0.68750001] upper=[ 1.5        -0.05        1.23499999] inside=False
[obj_inside_of] obj=obj obj_pos=[ 1.9667871  -0.47850016  0.97749996] fixture_pos=[ 1.25    -0.3      0.96125] fsize=[0.91666663 0.55       0.24749999] shifted_fpos=[ 1.25    -0.25     0.96125] lower=[ 1.         -0.45        0.68750001] upper=[ 1.5        -0.05        1.23499999] inside=False
[obj_inside_of] obj=obj obj_pos=[ 1.9667871  -0.47850016  0.97749996] fixture_pos=[ 1.25    -0.3      0.96125] fsize=[0.91666663 0.55       0.24749999] shifted_fpos=[ 1.25    -0.25     0.96125] lower=[ 1.         -0.45        0.68750001] upper=[ 1.5        -0.05        1.23499999] inside=False
[obj_inside_of] obj=obj obj_pos=[ 1.9667871  -0.47850016  0.97749996] fixture_pos=[ 1.25    -0.3      0.96125] fsize=[0.91666663 0.55       0.24749999] shifted_fpos=[ 1.25    -0.25     0.96125] lower=[ 1.         -0.45        0.68750001] upper=[ 1.5        -0.05        1.23499999] inside=False
[obj_inside_of] obj=obj obj_pos=[ 1.9667871  -0.47850016  0.97749996] fixture_pos=[ 1.25    -0.3      0.96125] fsize=[0.91666663 0.55       0.24749999] shifted_fpos=[ 1.25    -0.25     0.96125] lower=[ 1.         -0.45        0.68750001] upper=[ 1.5        -0.05        1.23499999] inside=False
[obj_inside_of] obj=obj obj_pos=[ 1.9667871  -0.47850016  0.97749996] fixture_pos=[ 1.25    -0.3      0.96125] fsize=[0.91666663 0.55       0.24749999] shifted_fpos=[ 1.25    -0.25     0.96125] lower=[ 1.         -0.45        0.68750001] upper=[ 1.5        -0.05        1.23499999] inside=False
[obj_inside_of] obj=obj obj_pos=[ 1.9667871  -0.47850016  0.97749996] fixture_pos=[ 1.25    -0.3      0.96125] fsize=[0.91666663 0.55       0.24749999] shifted_fpos=[ 1.25    -0.25     0.96125] lower=[ 1.         -0.45        0.68750001] upper=[ 1.5        -0.05        1.23499999] inside=False
[obj_inside_of] obj=obj obj_pos=[ 1.9667871  -0.47850016  0.97749996] fixture_pos=[ 1.25    -0.3      0.96125] fsize=[0.91666663 0.55       0.24749999] shifted_fpos=[ 1.25    -0.25     0.96125] lower=[ 1.         -0.45        0.68750001] upper=[ 1.5        -0.05        1.23499999] inside=False
[obj_inside_of] obj=obj obj_pos=[ 1.9667871  -0.47850016  0.97749996] fixture_pos=[ 1.25    -0.3      0.96125] fsize=[0.91666663 0.55       0.24749999] shifted_fpos=[ 1.25    -0.25     0.96125] lower=[ 1.         -0.45        0.68750001] upper=[ 1.5        -0.05        1.23499999] inside=False
[obj_inside_of] obj=obj obj_pos=[ 1.9667871  -0.47850016  0.97749996] fixture_pos=[ 1.25    -0.3      0.96125] fsize=[0.91666663 0.55       0.24749999] shifted_fpos=[ 1.25    -0.25     0.96125] lower=[ 1.         -0.45        0.68750001] upper=[ 1.5        -0.05        1.23499999] inside=False
[obj_inside_of] obj=obj obj_pos=[ 1.9667871  -0.47850016  0.97749996] fixture_pos=[ 1.25    -0.3      0.96125] fsize=[0.91666663 0.55       0.24749999] shifted_fpos=[ 1.25    -0.25     0.96125] lower=[ 1.         -0.45        0.68750001] upper=[ 1.5        -0.05        1.23499999] inside=False
[obj_inside_of] obj=obj obj_pos=[ 1.9667871  -0.47850016  0.97749996] fixture_pos=[ 1.25    -0.3      0.96125] fsize=[0.91666663 0.55       0.24749999] shifted_fpos=[ 1.25    -0.25     0.96125] lower=[ 1.         -0.45        0.68750001] upper=[ 1.5        -0.05        1.23499999] inside=False
[obj_inside_of] obj=obj obj_pos=[ 1.9667871  -0.47850016  0.97749996] fixture_pos=[ 1.25    -0.3      0.96125] fsize=[0.91666663 0.55       0.24749999] shifted_fpos=[ 1.25    -0.25     0.96125] lower=[ 1.         -0.45        0.68750001] upper=[ 1.5        -0.05        1.23499999] inside=False
[obj_inside_of] obj=obj obj_pos=[ 1.9667871  -0.47850016  0.97749996] fixture_pos=[ 1.25    -0.3      0.96125] fsize=[0.91666663 0.55       0.24749999] shifted_fpos=[ 1.25    -0.25     0.96125] lower=[ 1.         -0.45        0.68750001] upper=[ 1.5        -0.05        1.23499999] inside=False
[obj_inside_of] obj=obj obj_pos=[ 1.9667871  -0.47850016  0.97749996] fixture_pos=[ 1.25    -0.3      0.96125] fsize=[0.91666663 0.55       0.24749999] shifted_fpos=[ 1.25    -0.25     0.96125] lower=[ 1.         -0.45        0.68750001] upper=[ 1.5        -0.05        1.23499999] inside=False
[obj_inside_of] obj=obj obj_pos=[ 1.9667871  -0.47850016  0.97749996] fixture_pos=[ 1.25    -0.3      0.96125] fsize=[0.91666663 0.55       0.24749999] shifted_fpos=[ 1.25    -0.25     0.96125] lower=[ 1.         -0.45        0.68750001] upper=[ 1.5        -0.05        1.23499999] inside=False
[obj_inside_of] obj=obj obj_pos=[ 1.9667871  -0.47850016  0.97749996] fixture_pos=[ 1.25    -0.3      0.96125] fsize=[0.91666663 0.55       0.24749999] shifted_fpos=[ 1.25    -0.25     0.96125] lower=[ 1.         -0.45        0.68750001] upper=[ 1.5        -0.05        1.23499999] inside=False
[obj_inside_of] obj=obj obj_pos=[ 1.9667871  -0.47850016  0.97749996] fixture_pos=[ 1.25    -0.3      0.96125] fsize=[0.91666663 0.55       0.24749999] shifted_fpos=[ 1.25    -0.25     0.96125] lower=[ 1.         -0.45        0.68750001] upper=[ 1.5        -0.05        1.23499999] inside=False
[obj_inside_of] obj=obj obj_pos=[ 1.9667871  -0.47850016  0.97749996] fixture_pos=[ 1.25    -0.3      0.96125] fsize=[0.91666663 0.55       0.24749999] shifted_fpos=[ 1.25    -0.25     0.96125] lower=[ 1.         -0.45        0.68750001] upper=[ 1.5        -0.05        1.23499999] inside=False
[obj_inside_of] obj=obj obj_pos=[ 1.9667871  -0.47850016  0.97749996] fixture_pos=[ 1.25    -0.3      0.96125] fsize=[0.91666663 0.55       0.24749999] shifted_fpos=[ 1.25    -0.25     0.96125] lower=[ 1.         -0.45        0.68750001] upper=[ 1.5        -0.05        1.23499999] inside=False
[obj_inside_of] obj=obj obj_pos=[ 1.9667871  -0.47850016  0.97749996] fixture_pos=[ 1.25    -0.3      0.96125] fsize=[0.91666663 0.55       0.24749999] shifted_fpos=[ 1.25    -0.25     0.96125] lower=[ 1.         -0.45        0.68750001] upper=[ 1.5        -0.05        1.23499999] inside=False
[obj_inside_of] obj=obj obj_pos=[ 1.9667871  -0.47850016  0.97749996] fixture_pos=[ 1.25    -0.3      0.96125] fsize=[0.91666663 0.55       0.24749999] shifted_fpos=[ 1.25    -0.25     0.96125] lower=[ 1.         -0.45        0.68750001] upper=[ 1.5        -0.05        1.23499999] inside=False
[obj_inside_of] obj=obj obj_pos=[ 1.9667871  -0.47850016  0.97749996] fixture_pos=[ 1.25    -0.3      0.96125] fsize=[0.91666663 0.55       0.24749999] shifted_fpos=[ 1.25    -0.25     0.96125] lower=[ 1.         -0.45        0.68750001] upper=[ 1.5        -0.05        1.23499999] inside=False
[obj_inside_of] obj=obj obj_pos=[ 1.9667871  -0.47850016  0.97749996] fixture_pos=[ 1.25    -0.3      0.96125] fsize=[0.91666663 0.55       0.24749999] shifted_fpos=[ 1.25    -0.25     0.96125] lower=[ 1.         -0.45        0.68750001] upper=[ 1.5        -0.05        1.23499999] inside=False
[obj_inside_of] obj=obj obj_pos=[ 1.9667871  -0.47850016  0.97749996] fixture_pos=[ 1.25    -0.3      0.96125] fsize=[0.91666663 0.55       0.24749999] shifted_fpos=[ 1.25    -0.25     0.96125] lower=[ 1.         -0.45        0.68750001] upper=[ 1.5        -0.05        1.23499999] inside=False
[obj_inside_of] obj=obj obj_pos=[ 1.9667871  -0.47850016  0.97749996] fixture_pos=[ 1.25    -0.3      0.96125] fsize=[0.91666663 0.55       0.24749999] shifted_fpos=[ 1.25    -0.25     0.96125] lower=[ 1.         -0.45        0.68750001] upper=[ 1.5        -0.05        1.23499999] inside=False
[obj_inside_of] obj=obj obj_pos=[ 1.9667871  -0.47850016  0.97749996] fixture_pos=[ 1.25    -0.3      0.96125] fsize=[0.91666663 0.55       0.24749999] shifted_fpos=[ 1.25    -0.25     0.96125] lower=[ 1.         -0.45        0.68750001] upper=[ 1.5        -0.05        1.23499999] inside=False
[obj_inside_of] obj=obj obj_pos=[ 1.9667871  -0.47850016  0.97749996] fixture_pos=[ 1.25    -0.3      0.96125] fsize=[0.91666663 0.55       0.24749999] shifted_fpos=[ 1.25    -0.25     0.96125] lower=[ 1.         -0.45        0.68750001] upper=[ 1.5        -0.05        1.23499999] inside=False
[obj_inside_of] obj=obj obj_pos=[ 1.9667871  -0.47850016  0.97749996] fixture_pos=[ 1.25    -0.3      0.96125] fsize=[0.91666663 0.55       0.24749999] shifted_fpos=[ 1.25    -0.25     0.96125] lower=[ 1.         -0.45        0.68750001] upper=[ 1.5        -0.05        1.23499999] inside=False
[obj_inside_of] obj=obj obj_pos=[ 1.9667871  -0.47850016  0.97749996] fixture_pos=[ 1.25    -0.3      0.96125] fsize=[0.91666663 0.55       0.24749999] shifted_fpos=[ 1.25    -0.25     0.96125] lower=[ 1.         -0.45        0.68750001] upper=[ 1.5        -0.05        1.23499999] inside=False
[obj_inside_of] obj=obj obj_pos=[ 1.9667871  -0.47850016  0.97749996] fixture_pos=[ 1.25    -0.3      0.96125] fsize=[0.91666663 0.55       0.24749999] shifted_fpos=[ 1.25    -0.25     0.96125] lower=[ 1.         -0.45        0.68750001] upper=[ 1.5        -0.05        1.23499999] inside=False
[obj_inside_of] obj=obj obj_pos=[ 1.9667871  -0.47850016  0.97749996] fixture_pos=[ 1.25    -0.3      0.96125] fsize=[0.91666663 0.55       0.24749999] shifted_fpos=[ 1.25    -0.25     0.96125] lower=[ 1.         -0.45        0.68750001] upper=[ 1.5        -0.05        1.23499999] inside=False
[obj_inside_of] obj=obj obj_pos=[ 1.9667871  -0.47850016  0.97749996] fixture_pos=[ 1.25    -0.3      0.96125] fsize=[0.91666663 0.55       0.24749999] shifted_fpos=[ 1.25    -0.25     0.96125] lower=[ 1.         -0.45        0.68750001] upper=[ 1.5        -0.05        1.23499999] inside=False
[obj_inside_of] obj=obj obj_pos=[ 1.9667871  -0.47850016  0.97749996] fixture_pos=[ 1.25    -0.3      0.96125] fsize=[0.91666663 0.55       0.24749999] shifted_fpos=[ 1.25    -0.25     0.96125] lower=[ 1.         -0.45        0.68750001] upper=[ 1.5        -0.05        1.23499999] inside=False
[obj_inside_of] obj=obj obj_pos=[ 1.9667871  -0.47850016  0.97749996] fixture_pos=[ 1.25    -0.3      0.96125] fsize=[0.91666663 0.55       0.24749999] shifted_fpos=[ 1.25    -0.25     0.96125] lower=[ 1.         -0.45        0.68750001] upper=[ 1.5        -0.05        1.23499999] inside=False
[obj_inside_of] obj=obj obj_pos=[ 1.9667871  -0.47850016  0.97749996] fixture_pos=[ 1.25    -0.3      0.96125] fsize=[0.91666663 0.55       0.24749999] shifted_fpos=[ 1.25    -0.25     0.96125] lower=[ 1.         -0.45        0.68750001] upper=[ 1.5        -0.05        1.23499999] inside=False
[obj_inside_of] obj=obj obj_pos=[ 1.9667871  -0.47850016  0.97749996] fixture_pos=[ 1.25    -0.3      0.96125] fsize=[0.91666663 0.55       0.24749999] shifted_fpos=[ 1.25    -0.25     0.96125] lower=[ 1.         -0.45        0.68750001] upper=[ 1.5        -0.05        1.23499999] inside=False
[obj_inside_of] obj=obj obj_pos=[ 1.9667871  -0.47850016  0.97749996] fixture_pos=[ 1.25    -0.3      0.96125] fsize=[0.91666663 0.55       0.24749999] shifted_fpos=[ 1.25    -0.25     0.96125] lower=[ 1.         -0.45        0.68750001] upper=[ 1.5        -0.05        1.23499999] inside=False
[obj_inside_of] obj=obj obj_pos=[ 1.9667871  -0.47850016  0.97749996] fixture_pos=[ 1.25    -0.3      0.96125] fsize=[0.91666663 0.55       0.24749999] shifted_fpos=[ 1.25    -0.25     0.96125] lower=[ 1.         -0.45        0.68750001] upper=[ 1.5        -0.05        1.23499999] inside=False
[obj_inside_of] obj=obj obj_pos=[ 1.9667871  -0.47850016  0.97749996] fixture_pos=[ 1.25    -0.3      0.96125] fsize=[0.91666663 0.55       0.24749999] shifted_fpos=[ 1.25    -0.25     0.96125] lower=[ 1.         -0.45        0.68750001] upper=[ 1.5        -0.05        1.23499999] inside=False
[obj_inside_of] obj=obj obj_pos=[ 1.9667871  -0.47850016  0.97749996] fixture_pos=[ 1.25    -0.3      0.96125] fsize=[0.91666663 0.55       0.24749999] shifted_fpos=[ 1.25    -0.25     0.96125] lower=[ 1.         -0.45        0.68750001] upper=[ 1.5        -0.05        1.23499999] inside=False
[obj_inside_of] obj=obj obj_pos=[ 1.9667871  -0.47850016  0.97749996] fixture_pos=[ 1.25    -0.3      0.96125] fsize=[0.91666663 0.55       0.24749999] shifted_fpos=[ 1.25    -0.25     0.96125] lower=[ 1.         -0.45        0.68750001] upper=[ 1.5        -0.05        1.23499999] inside=False
[obj_inside_of] obj=obj obj_pos=[ 1.9667871  -0.47850016  0.97749996] fixture_pos=[ 1.25    -0.3      0.96125] fsize=[0.91666663 0.55       0.24749999] shifted_fpos=[ 1.25    -0.25     0.96125] lower=[ 1.         -0.45        0.68750001] upper=[ 1.5        -0.05        1.23499999] inside=False
[obj_inside_of] obj=obj obj_pos=[ 1.9667871  -0.47850016  0.97749996] fixture_pos=[ 1.25    -0.3      0.96125] fsize=[0.91666663 0.55       0.24749999] shifted_fpos=[ 1.25    -0.25     0.96125] lower=[ 1.         -0.45        0.68750001] upper=[ 1.5        -0.05        1.23499999] inside=False
[obj_inside_of] obj=obj obj_pos=[ 1.9667871  -0.47850016  0.97749996] fixture_pos=[ 1.25    -0.3      0.96125] fsize=[0.91666663 0.55       0.24749999] shifted_fpos=[ 1.25    -0.25     0.96125] lower=[ 1.         -0.45        0.68750001] upper=[ 1.5        -0.05        1.23499999] inside=False
[obj_inside_of] obj=obj obj_pos=[ 1.9667871  -0.47850016  0.97749996] fixture_pos=[ 1.25    -0.3      0.96125] fsize=[0.91666663 0.55       0.24749999] shifted_fpos=[ 1.25    -0.25     0.96125] lower=[ 1.         -0.45        0.68750001] upper=[ 1.5        -0.05        1.23499999] inside=False
[obj_inside_of] obj=obj obj_pos=[ 1.9667871  -0.47850016  0.97749996] fixture_pos=[ 1.25    -0.3      0.96125] fsize=[0.91666663 0.55       0.24749999] shifted_fpos=[ 1.25    -0.25     0.96125] lower=[ 1.         -0.45        0.68750001] upper=[ 1.5        -0.05        1.23499999] inside=False
[obj_inside_of] obj=obj obj_pos=[ 1.9667871  -0.47850016  0.97749996] fixture_pos=[ 1.25    -0.3      0.96125] fsize=[0.91666663 0.55       0.24749999] shifted_fpos=[ 1.25    -0.25     0.96125] lower=[ 1.         -0.45        0.68750001] upper=[ 1.5        -0.05        1.23499999] inside=False
[obj_inside_of] obj=obj obj_pos=[ 1.9667871  -0.47850016  0.97749996] fixture_pos=[ 1.25    -0.3      0.96125] fsize=[0.91666663 0.55       0.24749999] shifted_fpos=[ 1.25    -0.25     0.96125] lower=[ 1.         -0.45        0.68750001] upper=[ 1.5        -0.05        1.23499999] inside=False
[obj_inside_of] obj=obj obj_pos=[ 1.9667871  -0.47850016  0.97749996] fixture_pos=[ 1.25    -0.3      0.96125] fsize=[0.91666663 0.55       0.24749999] shifted_fpos=[ 1.25    -0.25     0.96125] lower=[ 1.         -0.45        0.68750001] upper=[ 1.5        -0.05        1.23499999] inside=False
[obj_inside_of] obj=obj obj_pos=[ 1.9667871  -0.47850016  0.97749996] fixture_pos=[ 1.25    -0.3      0.96125] fsize=[0.91666663 0.55       0.24749999] shifted_fpos=[ 1.25    -0.25     0.96125] lower=[ 1.         -0.45        0.68750001] upper=[ 1.5        -0.05        1.23499999] inside=False
[obj_inside_of] obj=obj obj_pos=[ 1.9667871  -0.47850016  0.97749996] fixture_pos=[ 1.25    -0.3      0.96125] fsize=[0.91666663 0.55       0.24749999] shifted_fpos=[ 1.25    -0.25     0.96125] lower=[ 1.         -0.45        0.68750001] upper=[ 1.5        -0.05        1.23499999] inside=False
[obj_inside_of] obj=obj obj_pos=[ 1.9667871  -0.47850016  0.97749996] fixture_pos=[ 1.25    -0.3      0.96125] fsize=[0.91666663 0.55       0.24749999] shifted_fpos=[ 1.25    -0.25     0.96125] lower=[ 1.         -0.45        0.68750001] upper=[ 1.5        -0.05        1.23499999] inside=False
[obj_inside_of] obj=obj obj_pos=[ 1.9667871  -0.47850016  0.97749996] fixture_pos=[ 1.25    -0.3      0.96125] fsize=[0.91666663 0.55       0.24749999] shifted_fpos=[ 1.25    -0.25     0.96125] lower=[ 1.         -0.45        0.68750001] upper=[ 1.5        -0.05        1.23499999] inside=False
[obj_inside_of] obj=obj obj_pos=[ 1.9667871  -0.47850016  0.97749996] fixture_pos=[ 1.25    -0.3      0.96125] fsize=[0.91666663 0.55       0.24749999] shifted_fpos=[ 1.25    -0.25     0.96125] lower=[ 1.         -0.45        0.68750001] upper=[ 1.5        -0.05        1.23499999] inside=False
[obj_inside_of] obj=obj obj_pos=[ 1.9667871  -0.47850016  0.97749996] fixture_pos=[ 1.25    -0.3      0.96125] fsize=[0.91666663 0.55       0.24749999] shifted_fpos=[ 1.25    -0.25     0.96125] lower=[ 1.         -0.45        0.68750001] upper=[ 1.5        -0.05        1.23499999] inside=False
[obj_inside_of] obj=obj obj_pos=[ 1.9667871  -0.47850016  0.97749996] fixture_pos=[ 1.25    -0.3      0.96125] fsize=[0.91666663 0.55       0.24749999] shifted_fpos=[ 1.25    -0.25     0.96125] lower=[ 1.         -0.45        0.68750001] upper=[ 1.5        -0.05        1.23499999] inside=False
[obj_inside_of] obj=obj obj_pos=[ 1.9667871  -0.47850016  0.97749996] fixture_pos=[ 1.25    -0.3      0.96125] fsize=[0.91666663 0.55       0.24749999] shifted_fpos=[ 1.25    -0.25     0.96125] lower=[ 1.         -0.45        0.68750001] upper=[ 1.5        -0.05        1.23499999] inside=False
[obj_inside_of] obj=obj obj_pos=[ 1.9667871  -0.47850016  0.97749996] fixture_pos=[ 1.25    -0.3      0.96125] fsize=[0.91666663 0.55       0.24749999] shifted_fpos=[ 1.25    -0.25     0.96125] lower=[ 1.         -0.45        0.68750001] upper=[ 1.5        -0.05        1.23499999] inside=False
[obj_inside_of] obj=obj obj_pos=[ 1.9667871  -0.47850016  0.97749996] fixture_pos=[ 1.25    -0.3      0.96125] fsize=[0.91666663 0.55       0.24749999] shifted_fpos=[ 1.25    -0.25     0.96125] lower=[ 1.         -0.45        0.68750001] upper=[ 1.5        -0.05        1.23499999] inside=False
[obj_inside_of] obj=obj obj_pos=[ 1.9667871  -0.47850016  0.97749996] fixture_pos=[ 1.25    -0.3      0.96125] fsize=[0.91666663 0.55       0.24749999] shifted_fpos=[ 1.25    -0.25     0.96125] lower=[ 1.         -0.45        0.68750001] upper=[ 1.5        -0.05        1.23499999] inside=False
[obj_inside_of] obj=obj obj_pos=[ 1.9667871  -0.47850016  0.97749996] fixture_pos=[ 1.25    -0.3      0.96125] fsize=[0.91666663 0.55       0.24749999] shifted_fpos=[ 1.25    -0.25     0.96125] lower=[ 1.         -0.45        0.68750001] upper=[ 1.5        -0.05        1.23499999] inside=False
[obj_inside_of] obj=obj obj_pos=[ 1.9667871  -0.47850016  0.97749996] fixture_pos=[ 1.25    -0.3      0.96125] fsize=[0.91666663 0.55       0.24749999] shifted_fpos=[ 1.25    -0.25     0.96125] lower=[ 1.         -0.45        0.68750001] upper=[ 1.5        -0.05        1.23499999] inside=False
[obj_inside_of] obj=obj obj_pos=[ 1.9667871  -0.47850016  0.97749996] fixture_pos=[ 1.25    -0.3      0.96125] fsize=[0.91666663 0.55       0.24749999] shifted_fpos=[ 1.25    -0.25     0.96125] lower=[ 1.         -0.45        0.68750001] upper=[ 1.5        -0.05        1.23499999] inside=False
[obj_inside_of] obj=obj obj_pos=[ 1.9667871  -0.47850016  0.97749996] fixture_pos=[ 1.25    -0.3      0.96125] fsize=[0.91666663 0.55       0.24749999] shifted_fpos=[ 1.25    -0.25     0.96125] lower=[ 1.         -0.45        0.68750001] upper=[ 1.5        -0.05        1.23499999] inside=False
[obj_inside_of] obj=obj obj_pos=[ 1.9667871  -0.47850016  0.97749996] fixture_pos=[ 1.25    -0.3      0.96125] fsize=[0.91666663 0.55       0.24749999] shifted_fpos=[ 1.25    -0.25     0.96125] lower=[ 1.         -0.45        0.68750001] upper=[ 1.5        -0.05        1.23499999] inside=False
[obj_inside_of] obj=obj obj_pos=[ 1.9667871  -0.47850016  0.97749996] fixture_pos=[ 1.25    -0.3      0.96125] fsize=[0.91666663 0.55       0.24749999] shifted_fpos=[ 1.25    -0.25     0.96125] lower=[ 1.         -0.45        0.68750001] upper=[ 1.5        -0.05        1.23499999] inside=False
[obj_inside_of] obj=obj obj_pos=[ 1.9667871  -0.47850016  0.97749996] fixture_pos=[ 1.25    -0.3      0.96125] fsize=[0.91666663 0.55       0.24749999] shifted_fpos=[ 1.25    -0.25     0.96125] lower=[ 1.         -0.45        0.68750001] upper=[ 1.5        -0.05        1.23499999] inside=False
[obj_inside_of] obj=obj obj_pos=[ 1.9667871  -0.47850016  0.97749996] fixture_pos=[ 1.25    -0.3      0.96125] fsize=[0.91666663 0.55       0.24749999] shifted_fpos=[ 1.25    -0.25     0.96125] lower=[ 1.         -0.45        0.68750001] upper=[ 1.5        -0.05        1.23499999] inside=False
[obj_inside_of] obj=obj obj_pos=[ 1.9667871  -0.47850016  0.97749996] fixture_pos=[ 1.25    -0.3      0.96125] fsize=[0.91666663 0.55       0.24749999] shifted_fpos=[ 1.25    -0.25     0.96125] lower=[ 1.         -0.45        0.68750001] upper=[ 1.5        -0.05        1.23499999] inside=False
[obj_inside_of] obj=obj obj_pos=[ 1.9667871  -0.47850016  0.97749996] fixture_pos=[ 1.25    -0.3      0.96125] fsize=[0.91666663 0.55       0.24749999] shifted_fpos=[ 1.25    -0.25     0.96125] lower=[ 1.         -0.45        0.68750001] upper=[ 1.5        -0.05        1.23499999] inside=False
[obj_inside_of] obj=obj obj_pos=[ 1.9667871  -0.47850016  0.97749996] fixture_pos=[ 1.25    -0.3      0.96125] fsize=[0.91666663 0.55       0.24749999] shifted_fpos=[ 1.25    -0.25     0.96125] lower=[ 1.         -0.45        0.68750001] upper=[ 1.5        -0.05        1.23499999] inside=False
[obj_inside_of] obj=obj obj_pos=[ 1.9667871  -0.47850016  0.97749996] fixture_pos=[ 1.25    -0.3      0.96125] fsize=[0.91666663 0.55       0.24749999] shifted_fpos=[ 1.25    -0.25     0.96125] lower=[ 1.         -0.45        0.68750001] upper=[ 1.5        -0.05        1.23499999] inside=False
[obj_inside_of] obj=obj obj_pos=[ 1.9667871  -0.47850016  0.97749996] fixture_pos=[ 1.25    -0.3      0.96125] fsize=[0.91666663 0.55       0.24749999] shifted_fpos=[ 1.25    -0.25     0.96125] lower=[ 1.         -0.45        0.68750001] upper=[ 1.5        -0.05        1.23499999] inside=False
[obj_inside_of] obj=obj obj_pos=[ 1.9667871  -0.47850016  0.97749996] fixture_pos=[ 1.25    -0.3      0.96125] fsize=[0.91666663 0.55       0.24749999] shifted_fpos=[ 1.25    -0.25     0.96125] lower=[ 1.         -0.45        0.68750001] upper=[ 1.5        -0.05        1.23499999] inside=False
[obj_inside_of] obj=obj obj_pos=[ 1.9667871  -0.47850016  0.97749996] fixture_pos=[ 1.25    -0.3      0.96125] fsize=[0.91666663 0.55       0.24749999] shifted_fpos=[ 1.25    -0.25     0.96125] lower=[ 1.         -0.45        0.68750001] upper=[ 1.5        -0.05        1.23499999] inside=False
[obj_inside_of] obj=obj obj_pos=[ 1.9667871  -0.47850016  0.97749996] fixture_pos=[ 1.25    -0.3      0.96125] fsize=[0.91666663 0.55       0.24749999] shifted_fpos=[ 1.25    -0.25     0.96125] lower=[ 1.         -0.45        0.68750001] upper=[ 1.5        -0.05        1.23499999] inside=False
[obj_inside_of] obj=obj obj_pos=[ 1.9667871  -0.47850016  0.97749996] fixture_pos=[ 1.25    -0.3      0.96125] fsize=[0.91666663 0.55       0.24749999] shifted_fpos=[ 1.25    -0.25     0.96125] lower=[ 1.         -0.45        0.68750001] upper=[ 1.5        -0.05        1.23499999] inside=False
[obj_inside_of] obj=obj obj_pos=[ 1.9667871  -0.47850016  0.97749996] fixture_pos=[ 1.25    -0.3      0.96125] fsize=[0.91666663 0.55       0.24749999] shifted_fpos=[ 1.25    -0.25     0.96125] lower=[ 1.         -0.45        0.68750001] upper=[ 1.5        -0.05        1.23499999] inside=False
[obj_inside_of] obj=obj obj_pos=[ 1.9667871  -0.47850016  0.97749996] fixture_pos=[ 1.25    -0.3      0.96125] fsize=[0.91666663 0.55       0.24749999] shifted_fpos=[ 1.25    -0.25     0.96125] lower=[ 1.         -0.45        0.68750001] upper=[ 1.5        -0.05        1.23499999] inside=False
[obj_inside_of] obj=obj obj_pos=[ 1.9667871  -0.47850016  0.97749996] fixture_pos=[ 1.25    -0.3      0.96125] fsize=[0.91666663 0.55       0.24749999] shifted_fpos=[ 1.25    -0.25     0.96125] lower=[ 1.         -0.45        0.68750001] upper=[ 1.5        -0.05        1.23499999] inside=False
[obj_inside_of] obj=obj obj_pos=[ 1.9667871  -0.47850016  0.97749996] fixture_pos=[ 1.25    -0.3      0.96125] fsize=[0.91666663 0.55       0.24749999] shifted_fpos=[ 1.25    -0.25     0.96125] lower=[ 1.         -0.45        0.68750001] upper=[ 1.5        -0.05        1.23499999] inside=False
[obj_inside_of] obj=obj obj_pos=[ 1.9667871  -0.47850016  0.97749996] fixture_pos=[ 1.25    -0.3      0.96125] fsize=[0.91666663 0.55       0.24749999] shifted_fpos=[ 1.25    -0.25     0.96125] lower=[ 1.         -0.45        0.68750001] upper=[ 1.5        -0.05        1.23499999] inside=False
[obj_inside_of] obj=obj obj_pos=[ 1.9667871  -0.47850016  0.97749996] fixture_pos=[ 1.25    -0.3      0.96125] fsize=[0.91666663 0.55       0.24749999] shifted_fpos=[ 1.25    -0.25     0.96125] lower=[ 1.         -0.45        0.68750001] upper=[ 1.5        -0.05        1.23499999] inside=False
[obj_inside_of] obj=obj obj_pos=[ 1.9667871  -0.47850016  0.97749996] fixture_pos=[ 1.25    -0.3      0.96125] fsize=[0.91666663 0.55       0.24749999] shifted_fpos=[ 1.25    -0.25     0.96125] lower=[ 1.         -0.45        0.68750001] upper=[ 1.5        -0.05        1.23499999] inside=False
[obj_inside_of] obj=obj obj_pos=[ 1.9667871  -0.47850016  0.97749996] fixture_pos=[ 1.25    -0.3      0.96125] fsize=[0.91666663 0.55       0.24749999] shifted_fpos=[ 1.25    -0.25     0.96125] lower=[ 1.         -0.45        0.68750001] upper=[ 1.5        -0.05        1.23499999] inside=False
[obj_inside_of] obj=obj obj_pos=[ 1.9667871  -0.47850016  0.97749996] fixture_pos=[ 1.25    -0.3      0.96125] fsize=[0.91666663 0.55       0.24749999] shifted_fpos=[ 1.25    -0.25     0.96125] lower=[ 1.         -0.45        0.68750001] upper=[ 1.5        -0.05        1.23499999] inside=False
[obj_inside_of] obj=obj obj_pos=[ 1.9667871  -0.47850016  0.97749996] fixture_pos=[ 1.25    -0.3      0.96125] fsize=[0.91666663 0.55       0.24749999] shifted_fpos=[ 1.25    -0.25     0.96125] lower=[ 1.         -0.45        0.68750001] upper=[ 1.5        -0.05        1.23499999] inside=False
[obj_inside_of] obj=obj obj_pos=[ 1.9667871  -0.47850016  0.97749996] fixture_pos=[ 1.25    -0.3      0.96125] fsize=[0.91666663 0.55       0.24749999] shifted_fpos=[ 1.25    -0.25     0.96125] lower=[ 1.         -0.45        0.68750001] upper=[ 1.5        -0.05        1.23499999] inside=False
[obj_inside_of] obj=obj obj_pos=[ 1.9667871  -0.47850016  0.97749996] fixture_pos=[ 1.25    -0.3      0.96125] fsize=[0.91666663 0.55       0.24749999] shifted_fpos=[ 1.25    -0.25     0.96125] lower=[ 1.         -0.45        0.68750001] upper=[ 1.5        -0.05        1.23499999] inside=False
[obj_inside_of] obj=obj obj_pos=[ 1.9667871  -0.47850016  0.97749996] fixture_pos=[ 1.25    -0.3      0.96125] fsize=[0.91666663 0.55       0.24749999] shifted_fpos=[ 1.25    -0.25     0.96125] lower=[ 1.         -0.45        0.68750001] upper=[ 1.5        -0.05        1.23499999] inside=False
[obj_inside_of] obj=obj obj_pos=[ 1.9667871  -0.47850016  0.97749996] fixture_pos=[ 1.25    -0.3      0.96125] fsize=[0.91666663 0.55       0.24749999] shifted_fpos=[ 1.25    -0.25     0.96125] lower=[ 1.         -0.45        0.68750001] upper=[ 1.5        -0.05        1.23499999] inside=False
[obj_inside_of] obj=obj obj_pos=[ 1.9667871  -0.47850016  0.97749996] fixture_pos=[ 1.25    -0.3      0.96125] fsize=[0.91666663 0.55       0.24749999] shifted_fpos=[ 1.25    -0.25     0.96125] lower=[ 1.         -0.45        0.68750001] upper=[ 1.5        -0.05        1.23499999] inside=False
[obj_inside_of] obj=obj obj_pos=[ 1.9667871  -0.47850016  0.97749996] fixture_pos=[ 1.25    -0.3      0.96125] fsize=[0.91666663 0.55       0.24749999] shifted_fpos=[ 1.25    -0.25     0.96125] lower=[ 1.         -0.45        0.68750001] upper=[ 1.5        -0.05        1.23499999] inside=False
[obj_inside_of] obj=obj obj_pos=[ 1.9667871  -0.47850016  0.97749996] fixture_pos=[ 1.25    -0.3      0.96125] fsize=[0.91666663 0.55       0.24749999] shifted_fpos=[ 1.25    -0.25     0.96125] lower=[ 1.         -0.45        0.68750001] upper=[ 1.5        -0.05        1.23499999] inside=False
[obj_inside_of] obj=obj obj_pos=[ 1.9667871  -0.47850016  0.97749996] fixture_pos=[ 1.25    -0.3      0.96125] fsize=[0.91666663 0.55       0.24749999] shifted_fpos=[ 1.25    -0.25     0.96125] lower=[ 1.         -0.45        0.68750001] upper=[ 1.5        -0.05        1.23499999] inside=False
[obj_inside_of] obj=obj obj_pos=[ 1.9667871  -0.47850016  0.97749996] fixture_pos=[ 1.25    -0.3      0.96125] fsize=[0.91666663 0.55       0.24749999] shifted_fpos=[ 1.25    -0.25     0.96125] lower=[ 1.         -0.45        0.68750001] upper=[ 1.5        -0.05        1.23499999] inside=False
[obj_inside_of] obj=obj obj_pos=[ 1.9667871  -0.47850016  0.97749996] fixture_pos=[ 1.25    -0.3      0.96125] fsize=[0.91666663 0.55       0.24749999] shifted_fpos=[ 1.25    -0.25     0.96125] lower=[ 1.         -0.45        0.68750001] upper=[ 1.5        -0.05        1.23499999] inside=False
[obj_inside_of] obj=obj obj_pos=[ 1.9667871  -0.47850016  0.97749996] fixture_pos=[ 1.25    -0.3      0.96125] fsize=[0.91666663 0.55       0.24749999] shifted_fpos=[ 1.25    -0.25     0.96125] lower=[ 1.         -0.45        0.68750001] upper=[ 1.5        -0.05        1.23499999] inside=False
[obj_inside_of] obj=obj obj_pos=[ 1.9667871  -0.47850016  0.97749996] fixture_pos=[ 1.25    -0.3      0.96125] fsize=[0.91666663 0.55       0.24749999] shifted_fpos=[ 1.25    -0.25     0.96125] lower=[ 1.         -0.45        0.68750001] upper=[ 1.5        -0.05        1.23499999] inside=False
[obj_inside_of] obj=obj obj_pos=[ 1.9667871  -0.47850016  0.97749996] fixture_pos=[ 1.25    -0.3      0.96125] fsize=[0.91666663 0.55       0.24749999] shifted_fpos=[ 1.25    -0.25     0.96125] lower=[ 1.         -0.45        0.68750001] upper=[ 1.5        -0.05        1.23499999] inside=False
[obj_inside_of] obj=obj obj_pos=[ 1.9667871  -0.47850016  0.97749996] fixture_pos=[ 1.25    -0.3      0.96125] fsize=[0.91666663 0.55       0.24749999] shifted_fpos=[ 1.25    -0.25     0.96125] lower=[ 1.         -0.45        0.68750001] upper=[ 1.5        -0.05        1.23499999] inside=False
[obj_inside_of] obj=obj obj_pos=[ 1.9667871  -0.47850016  0.97749996] fixture_pos=[ 1.25    -0.3      0.96125] fsize=[0.91666663 0.55       0.24749999] shifted_fpos=[ 1.25    -0.25     0.96125] lower=[ 1.         -0.45        0.68750001] upper=[ 1.5        -0.05        1.23499999] inside=False
[obj_inside_of] obj=obj obj_pos=[ 1.9667871  -0.47850016  0.97749996] fixture_pos=[ 1.25    -0.3      0.96125] fsize=[0.91666663 0.55       0.24749999] shifted_fpos=[ 1.25    -0.25     0.96125] lower=[ 1.         -0.45        0.68750001] upper=[ 1.5        -0.05        1.23499999] inside=False
[obj_inside_of] obj=obj obj_pos=[ 1.9667871  -0.47850016  0.97749996] fixture_pos=[ 1.25    -0.3      0.96125] fsize=[0.91666663 0.55       0.24749999] shifted_fpos=[ 1.25    -0.25     0.96125] lower=[ 1.         -0.45        0.68750001] upper=[ 1.5        -0.05        1.23499999] inside=False
[obj_inside_of] obj=obj obj_pos=[ 1.9667871  -0.47850016  0.97749996] fixture_pos=[ 1.25    -0.3      0.96125] fsize=[0.91666663 0.55       0.24749999] shifted_fpos=[ 1.25    -0.25     0.96125] lower=[ 1.         -0.45        0.68750001] upper=[ 1.5        -0.05        1.23499999] inside=False
[obj_inside_of] obj=obj obj_pos=[ 1.9667871  -0.47850016  0.97749996] fixture_pos=[ 1.25    -0.3      0.96125] fsize=[0.91666663 0.55       0.24749999] shifted_fpos=[ 1.25    -0.25     0.96125] lower=[ 1.         -0.45        0.68750001] upper=[ 1.5        -0.05        1.23499999] inside=False
[obj_inside_of] obj=obj obj_pos=[ 1.9667871  -0.47850016  0.97749996] fixture_pos=[ 1.25    -0.3      0.96125] fsize=[0.91666663 0.55       0.24749999] shifted_fpos=[ 1.25    -0.25     0.96125] lower=[ 1.         -0.45        0.68750001] upper=[ 1.5        -0.05        1.23499999] inside=False
[obj_inside_of] obj=obj obj_pos=[ 1.9667871  -0.47850016  0.97749996] fixture_pos=[ 1.25    -0.3      0.96125] fsize=[0.91666663 0.55       0.24749999] shifted_fpos=[ 1.25    -0.25     0.96125] lower=[ 1.         -0.45        0.68750001] upper=[ 1.5        -0.05        1.23499999] inside=False
[obj_inside_of] obj=obj obj_pos=[ 1.9667871  -0.47850016  0.97749996] fixture_pos=[ 1.25    -0.3      0.96125] fsize=[0.91666663 0.55       0.24749999] shifted_fpos=[ 1.25    -0.25     0.96125] lower=[ 1.         -0.45        0.68750001] upper=[ 1.5        -0.05        1.23499999] inside=False
[obj_inside_of] obj=obj obj_pos=[ 1.9667871  -0.47850016  0.97749996] fixture_pos=[ 1.25    -0.3      0.96125] fsize=[0.91666663 0.55       0.24749999] shifted_fpos=[ 1.25    -0.25     0.96125] lower=[ 1.         -0.45        0.68750001] upper=[ 1.5        -0.05        1.23499999] inside=False
[obj_inside_of] obj=obj obj_pos=[ 1.9667871  -0.47850016  0.97749996] fixture_pos=[ 1.25    -0.3      0.96125] fsize=[0.91666663 0.55       0.24749999] shifted_fpos=[ 1.25    -0.25     0.96125] lower=[ 1.         -0.45        0.68750001] upper=[ 1.5        -0.05        1.23499999] inside=False
[obj_inside_of] obj=obj obj_pos=[ 1.9667871  -0.47850016  0.97749996] fixture_pos=[ 1.25    -0.3      0.96125] fsize=[0.91666663 0.55       0.24749999] shifted_fpos=[ 1.25    -0.25     0.96125] lower=[ 1.         -0.45        0.68750001] upper=[ 1.5        -0.05        1.23499999] inside=False
[obj_inside_of] obj=obj obj_pos=[ 1.9667871  -0.47850016  0.97749996] fixture_pos=[ 1.25    -0.3      0.96125] fsize=[0.91666663 0.55       0.24749999] shifted_fpos=[ 1.25    -0.25     0.96125] lower=[ 1.         -0.45        0.68750001] upper=[ 1.5        -0.05        1.23499999] inside=False
[obj_inside_of] obj=obj obj_pos=[ 1.9667871  -0.47850013  0.97749996] fixture_pos=[ 1.25    -0.3      0.96125] fsize=[0.91666663 0.55       0.24749999] shifted_fpos=[ 1.25    -0.25     0.96125] lower=[ 1.         -0.45        0.68750001] upper=[ 1.5        -0.05        1.23499999] inside=False
[obj_inside_of] obj=obj obj_pos=[ 1.9667866  -0.47850016  0.97749996] fixture_pos=[ 1.25    -0.3      0.96125] fsize=[0.91666663 0.55       0.24749999] shifted_fpos=[ 1.25    -0.25     0.96125] lower=[ 1.         -0.45        0.68750001] upper=[ 1.5        -0.05        1.23499999] inside=False
[obj_inside_of] obj=obj obj_pos=[ 1.966787   -0.4785001   0.97749996] fixture_pos=[ 1.25    -0.3      0.96125] fsize=[0.91666663 0.55       0.24749999] shifted_fpos=[ 1.25    -0.25     0.96125] lower=[ 1.         -0.45        0.68750001] upper=[ 1.5        -0.05        1.23499999] inside=False
[obj_inside_of] obj=obj obj_pos=[ 1.9667866  -0.47849998  0.9775001 ] fixture_pos=[ 1.25    -0.3      0.96125] fsize=[0.91666663 0.55       0.24749999] shifted_fpos=[ 1.25    -0.25     0.96125] lower=[ 1.         -0.45        0.68750001] upper=[ 1.5        -0.05        1.23499999] inside=False
[obj_inside_of] obj=obj obj_pos=[ 1.9667869  -0.47850016  0.9774999 ] fixture_pos=[ 1.25    -0.3      0.96125] fsize=[0.91666663 0.55       0.24749999] shifted_fpos=[ 1.25    -0.25     0.96125] lower=[ 1.         -0.45        0.68750001] upper=[ 1.5        -0.05        1.23499999] inside=False
[obj_inside_of] obj=obj obj_pos=[ 1.9667869  -0.47850016  0.9774999 ] fixture_pos=[ 1.25    -0.3      0.96125] fsize=[0.91666663 0.55       0.24749999] shifted_fpos=[ 1.25    -0.25     0.96125] lower=[ 1.         -0.45        0.68750001] upper=[ 1.5        -0.05        1.23499999] inside=False
[obj_inside_of] obj=obj obj_pos=[ 1.966787  -0.4785001  0.9774999] fixture_pos=[ 1.25    -0.3      0.96125] fsize=[0.91666663 0.55       0.24749999] shifted_fpos=[ 1.25    -0.25     0.96125] lower=[ 1.         -0.45        0.68750001] upper=[ 1.5        -0.05        1.23499999] inside=False
[obj_inside_of] obj=obj obj_pos=[ 1.9667867 -0.4785001  0.9774999] fixture_pos=[ 1.25    -0.3      0.96125] fsize=[0.91666663 0.55       0.24749999] shifted_fpos=[ 1.25    -0.25     0.96125] lower=[ 1.         -0.45        0.68750001] upper=[ 1.5        -0.05        1.23499999] inside=False
[viz-debug] base_link.pose=(1.595,-0.857) q=(0.707,0.000,0.000,0.707) qpos[0:3]=(0.543,-0.345,0.001)
[obj_inside_of] obj=obj obj_pos=[ 1.9665447  -0.47851312  0.97761565] fixture_pos=[ 1.25    -0.3      0.96125] fsize=[0.91666663 0.55       0.24749999] shifted_fpos=[ 1.25    -0.25     0.96125] lower=[ 1.         -0.45        0.68750001] upper=[ 1.5        -0.05        1.23499999] inside=False
[obj_inside_of] obj=obj obj_pos=[ 1.9661475 -0.478453   0.9777529] fixture_pos=[ 1.25    -0.3      0.96125] fsize=[0.91666663 0.55       0.24749999] shifted_fpos=[ 1.25    -0.25     0.96125] lower=[ 1.         -0.45        0.68750001] upper=[ 1.5        -0.05        1.23499999] inside=False
[obj_inside_of] obj=obj obj_pos=[ 1.9662122  -0.47840187  0.9777174 ] fixture_pos=[ 1.25    -0.3      0.96125] fsize=[0.91666663 0.55       0.24749999] shifted_fpos=[ 1.25    -0.25     0.96125] lower=[ 1.         -0.45        0.68750001] upper=[ 1.5        -0.05        1.23499999] inside=False
[obj_inside_of] obj=obj obj_pos=[ 1.9662739 -0.4784222  0.9776878] fixture_pos=[ 1.25    -0.3      0.96125] fsize=[0.91666663 0.55       0.24749999] shifted_fpos=[ 1.25    -0.25     0.96125] lower=[ 1.         -0.45        0.68750001] upper=[ 1.5        -0.05        1.23499999] inside=False
[obj_inside_of] obj=obj obj_pos=[ 1.9662704  -0.4784268   0.97768927] fixture_pos=[ 1.25    -0.3      0.96125] fsize=[0.91666663 0.55       0.24749999] shifted_fpos=[ 1.25    -0.25     0.96125] lower=[ 1.         -0.45        0.68750001] upper=[ 1.5        -0.05        1.23499999] inside=False
[obj_inside_of] obj=obj obj_pos=[ 1.9662707  -0.478424    0.97768915] fixture_pos=[ 1.25    -0.3      0.96125] fsize=[0.91666663 0.55       0.24749999] shifted_fpos=[ 1.25    -0.25     0.96125] lower=[ 1.         -0.45        0.68750001] upper=[ 1.5        -0.05        1.23499999] inside=False
[obj_inside_of] obj=obj obj_pos=[ 1.9662839  -0.47842404  0.9776827 ] fixture_pos=[ 1.25    -0.3      0.96125] fsize=[0.91666663 0.55       0.24749999] shifted_fpos=[ 1.25    -0.25     0.96125] lower=[ 1.         -0.45        0.68750001] upper=[ 1.5        -0.05        1.23499999] inside=False
[obj_inside_of] obj=obj obj_pos=[ 1.9662962  -0.47842467  0.9776768 ] fixture_pos=[ 1.25    -0.3      0.96125] fsize=[0.91666663 0.55       0.24749999] shifted_fpos=[ 1.25    -0.25     0.96125] lower=[ 1.         -0.45        0.68750001] upper=[ 1.5        -0.05        1.23499999] inside=False
[obj_inside_of] obj=obj obj_pos=[ 1.9663088  -0.47842643  0.9776698 ] fixture_pos=[ 1.25    -0.3      0.96125] fsize=[0.91666663 0.55       0.24749999] shifted_fpos=[ 1.25    -0.25     0.96125] lower=[ 1.         -0.45        0.68750001] upper=[ 1.5        -0.05        1.23499999] inside=False
[obj_inside_of] obj=obj obj_pos=[ 1.9663184  -0.47842497  0.9776651 ] fixture_pos=[ 1.25    -0.3      0.96125] fsize=[0.91666663 0.55       0.24749999] shifted_fpos=[ 1.25    -0.25     0.96125] lower=[ 1.         -0.45        0.68750001] upper=[ 1.5        -0.05        1.23499999] inside=False
[obj_inside_of] obj=obj obj_pos=[ 1.9663221  -0.47842285  0.9776638 ] fixture_pos=[ 1.25    -0.3      0.96125] fsize=[0.91666663 0.55       0.24749999] shifted_fpos=[ 1.25    -0.25     0.96125] lower=[ 1.         -0.45        0.68750001] upper=[ 1.5        -0.05        1.23499999] inside=False
[obj_inside_of] obj=obj obj_pos=[ 1.9663285  -0.478422    0.97766066] fixture_pos=[ 1.25    -0.3      0.96125] fsize=[0.91666663 0.55       0.24749999] shifted_fpos=[ 1.25    -0.25     0.96125] lower=[ 1.         -0.45        0.68750001] upper=[ 1.5        -0.05        1.23499999] inside=False
[obj_inside_of] obj=obj obj_pos=[ 1.9663317 -0.4784226  0.9776593] fixture_pos=[ 1.25    -0.3      0.96125] fsize=[0.91666663 0.55       0.24749999] shifted_fpos=[ 1.25    -0.25     0.96125] lower=[ 1.         -0.45        0.68750001] upper=[ 1.5        -0.05        1.23499999] inside=False
[obj_inside_of] obj=obj obj_pos=[ 1.9663332 -0.4784255  0.9776584] fixture_pos=[ 1.25    -0.3      0.96125] fsize=[0.91666663 0.55       0.24749999] shifted_fpos=[ 1.25    -0.25     0.96125] lower=[ 1.         -0.45        0.68750001] upper=[ 1.5        -0.05        1.23499999] inside=False
[obj_inside_of] obj=obj obj_pos=[ 1.9663355  -0.47842506  0.97765726] fixture_pos=[ 1.25    -0.3      0.96125] fsize=[0.91666663 0.55       0.24749999] shifted_fpos=[ 1.25    -0.25     0.96125] lower=[ 1.         -0.45        0.68750001] upper=[ 1.5        -0.05        1.23499999] inside=False
[obj_inside_of] obj=obj obj_pos=[ 1.9663365  -0.47842583  0.9776569 ] fixture_pos=[ 1.25    -0.3      0.96125] fsize=[0.91666663 0.55       0.24749999] shifted_fpos=[ 1.25    -0.25     0.96125] lower=[ 1.         -0.45        0.68750001] upper=[ 1.5        -0.05        1.23499999] inside=False
[obj_inside_of] obj=obj obj_pos=[ 1.9663384  -0.47842646  0.97765595] fixture_pos=[ 1.25    -0.3      0.96125] fsize=[0.91666663 0.55       0.24749999] shifted_fpos=[ 1.25    -0.25     0.96125] lower=[ 1.         -0.45        0.68750001] upper=[ 1.5        -0.05        1.23499999] inside=False
[obj_inside_of] obj=obj obj_pos=[ 1.966339   -0.47842735  0.9776557 ] fixture_pos=[ 1.25    -0.3      0.96125] fsize=[0.91666663 0.55       0.24749999] shifted_fpos=[ 1.25    -0.25     0.96125] lower=[ 1.         -0.45        0.68750001] upper=[ 1.5        -0.05        1.23499999] inside=False
[obj_inside_of] obj=obj obj_pos=[ 1.9663389 -0.4784273  0.9776557] fixture_pos=[ 1.25    -0.3      0.96125] fsize=[0.91666663 0.55       0.24749999] shifted_fpos=[ 1.25    -0.25     0.96125] lower=[ 1.         -0.45        0.68750001] upper=[ 1.5        -0.05        1.23499999] inside=False
[obj_inside_of] obj=obj obj_pos=[ 1.9663393 -0.4784265  0.9776555] fixture_pos=[ 1.25    -0.3      0.96125] fsize=[0.91666663 0.55       0.24749999] shifted_fpos=[ 1.25    -0.25     0.96125] lower=[ 1.         -0.45        0.68750001] upper=[ 1.5        -0.05        1.23499999] inside=False
[obj_inside_of] obj=obj obj_pos=[ 1.9663391  -0.47842702  0.97765565] fixture_pos=[ 1.25    -0.3      0.96125] fsize=[0.91666663 0.55       0.24749999] shifted_fpos=[ 1.25    -0.25     0.96125] lower=[ 1.         -0.45        0.68750001] upper=[ 1.5        -0.05        1.23499999] inside=False
[obj_inside_of] obj=obj obj_pos=[ 1.9658513  -0.47742763  0.97812915] fixture_pos=[ 1.25    -0.3      0.96125] fsize=[0.91666663 0.55       0.24749999] shifted_fpos=[ 1.25    -0.25     0.96125] lower=[ 1.         -0.45        0.68750001] upper=[ 1.5        -0.05        1.23499999] inside=False
[obj_inside_of] obj=obj obj_pos=[ 1.9658879  -0.47754982  0.9780931 ] fixture_pos=[ 1.25    -0.3      0.96125] fsize=[0.91666663 0.55       0.24749999] shifted_fpos=[ 1.25    -0.25     0.96125] lower=[ 1.         -0.45        0.68750001] upper=[ 1.5        -0.05        1.23499999] inside=False
[obj_inside_of] obj=obj obj_pos=[ 1.965911   -0.47788194  0.9779952 ] fixture_pos=[ 1.25    -0.3      0.96125] fsize=[0.91666663 0.55       0.24749999] shifted_fpos=[ 1.25    -0.25     0.96125] lower=[ 1.         -0.45        0.68750001] upper=[ 1.5        -0.05        1.23499999] inside=False
[obj_inside_of] obj=obj obj_pos=[ 1.9659812  -0.47809097  0.97792554] fixture_pos=[ 1.25    -0.3      0.96125] fsize=[0.91666663 0.55       0.24749999] shifted_fpos=[ 1.25    -0.25     0.96125] lower=[ 1.         -0.45        0.68750001] upper=[ 1.5        -0.05        1.23499999] inside=False
[obj_inside_of] obj=obj obj_pos=[ 1.9659579  -0.47809014  0.97793424] fixture_pos=[ 1.25    -0.3      0.96125] fsize=[0.91666663 0.55       0.24749999] shifted_fpos=[ 1.25    -0.25     0.96125] lower=[ 1.         -0.45        0.68750001] upper=[ 1.5        -0.05        1.23499999] inside=False
[obj_inside_of] obj=obj obj_pos=[ 1.9656961 -0.4762822  0.9786772] fixture_pos=[ 1.25    -0.3      0.96125] fsize=[0.91666663 0.55       0.24749999] shifted_fpos=[ 1.25    -0.25     0.96125] lower=[ 1.         -0.45        0.68750001] upper=[ 1.5        -0.05        1.23499999] inside=False
[obj_inside_of] obj=obj obj_pos=[ 1.9676683  -0.47943953  0.97779155] fixture_pos=[ 1.25    -0.3      0.96125] fsize=[0.91666663 0.55       0.24749999] shifted_fpos=[ 1.25    -0.25     0.96125] lower=[ 1.         -0.45        0.68750001] upper=[ 1.5        -0.05        1.23499999] inside=False
[obj_inside_of] obj=obj obj_pos=[ 1.9673725  -0.47920007  0.97782236] fixture_pos=[ 1.25    -0.3      0.96125] fsize=[0.91666663 0.55       0.24749999] shifted_fpos=[ 1.25    -0.25     0.96125] lower=[ 1.         -0.45        0.68750001] upper=[ 1.5        -0.05        1.23499999] inside=False
[obj_inside_of] obj=obj obj_pos=[ 1.9671931  -0.47917503  0.9779103 ] fixture_pos=[ 1.25    -0.3      0.96125] fsize=[0.91666663 0.55       0.24749999] shifted_fpos=[ 1.25    -0.25     0.96125] lower=[ 1.         -0.45        0.68750001] upper=[ 1.5        -0.05        1.23499999] inside=False
[obj_inside_of] obj=obj obj_pos=[ 1.9672481  -0.47920272  0.9778673 ] fixture_pos=[ 1.25    -0.3      0.96125] fsize=[0.91666663 0.55       0.24749999] shifted_fpos=[ 1.25    -0.25     0.96125] lower=[ 1.         -0.45        0.68750001] upper=[ 1.5        -0.05        1.23499999] inside=False
[obj_inside_of] obj=obj obj_pos=[ 1.9669777  -0.48058155  0.97842026] fixture_pos=[ 1.25    -0.3      0.96125] fsize=[0.91666663 0.55       0.24749999] shifted_fpos=[ 1.25    -0.25     0.96125] lower=[ 1.         -0.45        0.68750001] upper=[ 1.5        -0.05        1.23499999] inside=False
[obj_inside_of] obj=obj obj_pos=[ 1.9677671  -0.48335126  0.9794955 ] fixture_pos=[ 1.25    -0.3      0.96125] fsize=[0.91666663 0.55       0.24749999] shifted_fpos=[ 1.25    -0.25     0.96125] lower=[ 1.         -0.45        0.68750001] upper=[ 1.5        -0.05        1.23499999] inside=False
[obj_inside_of] obj=obj obj_pos=[ 1.9719533  -0.48240274  0.9793677 ] fixture_pos=[ 1.25    -0.3      0.96125] fsize=[0.91666663 0.55       0.24749999] shifted_fpos=[ 1.25    -0.25     0.96125] lower=[ 1.         -0.45        0.68750001] upper=[ 1.5        -0.05        1.23499999] inside=False
[obj_inside_of] obj=obj obj_pos=[ 1.9748762  -0.47896913  0.9794728 ] fixture_pos=[ 1.25    -0.3      0.96125] fsize=[0.91666663 0.55       0.24749999] shifted_fpos=[ 1.25    -0.25     0.96125] lower=[ 1.         -0.45        0.68750001] upper=[ 1.5        -0.05        1.23499999] inside=False
[obj_inside_of] obj=obj obj_pos=[ 1.9802674  -0.47788852  0.9812577 ] fixture_pos=[ 1.25    -0.3      0.96125] fsize=[0.91666663 0.55       0.24749999] shifted_fpos=[ 1.25    -0.25     0.96125] lower=[ 1.         -0.45        0.68750001] upper=[ 1.5        -0.05        1.23499999] inside=False
[obj_inside_of] obj=obj obj_pos=[ 1.9840077  -0.47931072  0.9804473 ] fixture_pos=[ 1.25    -0.3      0.96125] fsize=[0.91666663 0.55       0.24749999] shifted_fpos=[ 1.25    -0.25     0.96125] lower=[ 1.         -0.45        0.68750001] upper=[ 1.5        -0.05        1.23499999] inside=False
[obj_inside_of] obj=obj obj_pos=[ 1.9916857 -0.4766415  0.9797218] fixture_pos=[ 1.25    -0.3      0.96125] fsize=[0.91666663 0.55       0.24749999] shifted_fpos=[ 1.25    -0.25     0.96125] lower=[ 1.         -0.45        0.68750001] upper=[ 1.5        -0.05        1.23499999] inside=False
[obj_inside_of] obj=obj obj_pos=[ 1.9938765  -0.4766259   0.97985744] fixture_pos=[ 1.25    -0.3      0.96125] fsize=[0.91666663 0.55       0.24749999] shifted_fpos=[ 1.25    -0.25     0.96125] lower=[ 1.         -0.45        0.68750001] upper=[ 1.5        -0.05        1.23499999] inside=False
[obj_inside_of] obj=obj obj_pos=[ 1.9972352  -0.47545192  0.9813183 ] fixture_pos=[ 1.25    -0.3      0.96125] fsize=[0.91666663 0.55       0.24749999] shifted_fpos=[ 1.25    -0.25     0.96125] lower=[ 1.         -0.45        0.68750001] upper=[ 1.5        -0.05        1.23499999] inside=False
[obj_inside_of] obj=obj obj_pos=[ 2.0116527  -0.47155008  0.98443145] fixture_pos=[ 1.25    -0.3      0.96125] fsize=[0.91666663 0.55       0.24749999] shifted_fpos=[ 1.25    -0.25     0.96125] lower=[ 1.         -0.45        0.68750001] upper=[ 1.5        -0.05        1.23499999] inside=False
[obj_inside_of] obj=obj obj_pos=[ 2.0204563  -0.4819206   0.98293006] fixture_pos=[ 1.25    -0.3      0.96125] fsize=[0.91666663 0.55       0.24749999] shifted_fpos=[ 1.25    -0.25     0.96125] lower=[ 1.         -0.45        0.68750001] upper=[ 1.5        -0.05        1.23499999] inside=False
[obj_inside_of] obj=obj obj_pos=[ 2.0433054  -0.4733911   0.98472303] fixture_pos=[ 1.25    -0.3      0.96125] fsize=[0.91666663 0.55       0.24749999] shifted_fpos=[ 1.25    -0.25     0.96125] lower=[ 1.         -0.45        0.68750001] upper=[ 1.5        -0.05        1.23499999] inside=False
[obj_inside_of] obj=obj obj_pos=[ 2.0633104  -0.46482682  0.98164696] fixture_pos=[ 1.25    -0.3      0.96125] fsize=[0.91666663 0.55       0.24749999] shifted_fpos=[ 1.25    -0.25     0.96125] lower=[ 1.         -0.45        0.68750001] upper=[ 1.5        -0.05        1.23499999] inside=False
[obj_inside_of] obj=obj obj_pos=[ 2.0858755  -0.45751733  0.9679664 ] fixture_pos=[ 1.25    -0.3      0.96125] fsize=[0.91666663 0.55       0.24749999] shifted_fpos=[ 1.25    -0.25     0.96125] lower=[ 1.         -0.45        0.68750001] upper=[ 1.5        -0.05        1.23499999] inside=False
[obj_inside_of] obj=obj obj_pos=[ 2.1063387  -0.4517417   0.95300543] fixture_pos=[ 1.25    -0.3      0.96125] fsize=[0.91666663 0.55       0.24749999] shifted_fpos=[ 1.25    -0.25     0.96125] lower=[ 1.         -0.45        0.68750001] upper=[ 1.5        -0.05        1.23499999] inside=False
[obj_inside_of] obj=obj obj_pos=[ 2.1135235  -0.44409117  0.95297766] fixture_pos=[ 1.25    -0.3      0.96125] fsize=[0.91666663 0.55       0.24749999] shifted_fpos=[ 1.25    -0.25     0.96125] lower=[ 1.         -0.45        0.68750001] upper=[ 1.5        -0.05        1.23499999] inside=False
[obj_inside_of] obj=obj obj_pos=[ 2.114974   -0.43678233  0.9532579 ] fixture_pos=[ 1.25    -0.3      0.96125] fsize=[0.91666663 0.55       0.24749999] shifted_fpos=[ 1.25    -0.25     0.96125] lower=[ 1.         -0.45        0.68750001] upper=[ 1.5        -0.05        1.23499999] inside=False
[obj_inside_of] obj=obj obj_pos=[ 2.1162481  -0.43001723  0.95321286] fixture_pos=[ 1.25    -0.3      0.96125] fsize=[0.91666663 0.55       0.24749999] shifted_fpos=[ 1.25    -0.25     0.96125] lower=[ 1.         -0.45        0.68750001] upper=[ 1.5        -0.05        1.23499999] inside=False
[obj_inside_of] obj=obj obj_pos=[ 2.1173785  -0.4237738   0.95293725] fixture_pos=[ 1.25    -0.3      0.96125] fsize=[0.91666663 0.55       0.24749999] shifted_fpos=[ 1.25    -0.25     0.96125] lower=[ 1.         -0.45        0.68750001] upper=[ 1.5        -0.05        1.23499999] inside=False
[obj_inside_of] obj=obj obj_pos=[ 2.1182222  -0.41838676  0.9531889 ] fixture_pos=[ 1.25    -0.3      0.96125] fsize=[0.91666663 0.55       0.24749999] shifted_fpos=[ 1.25    -0.25     0.96125] lower=[ 1.         -0.45        0.68750001] upper=[ 1.5        -0.05        1.23499999] inside=False
[obj_inside_of] obj=obj obj_pos=[ 2.1188653  -0.41364458  0.9530643 ] fixture_pos=[ 1.25    -0.3      0.96125] fsize=[0.91666663 0.55       0.24749999] shifted_fpos=[ 1.25    -0.25     0.96125] lower=[ 1.         -0.45        0.68750001] upper=[ 1.5        -0.05        1.23499999] inside=False
[obj_inside_of] obj=obj obj_pos=[ 2.1194978  -0.40916848  0.95321214] fixture_pos=[ 1.25    -0.3      0.96125] fsize=[0.91666663 0.55       0.24749999] shifted_fpos=[ 1.25    -0.25     0.96125] lower=[ 1.         -0.45        0.68750001] upper=[ 1.5        -0.05        1.23499999] inside=False
[obj_inside_of] obj=obj obj_pos=[ 2.120109  -0.4051608  0.9531041] fixture_pos=[ 1.25    -0.3      0.96125] fsize=[0.91666663 0.55       0.24749999] shifted_fpos=[ 1.25    -0.25     0.96125] lower=[ 1.         -0.45        0.68750001] upper=[ 1.5        -0.05        1.23499999] inside=False
[obj_inside_of] obj=obj obj_pos=[ 2.1205733 -0.4008532  0.95304  ] fixture_pos=[ 1.25    -0.3      0.96125] fsize=[0.91666663 0.55       0.24749999] shifted_fpos=[ 1.25    -0.25     0.96125] lower=[ 1.         -0.45        0.68750001] upper=[ 1.5        -0.05        1.23499999] inside=False
[obj_inside_of] obj=obj obj_pos=[ 2.1210601  -0.39700928  0.9530255 ] fixture_pos=[ 1.25    -0.3      0.96125] fsize=[0.91666663 0.55       0.24749999] shifted_fpos=[ 1.25    -0.25     0.96125] lower=[ 1.         -0.45        0.68750001] upper=[ 1.5        -0.05        1.23499999] inside=False
[obj_inside_of] obj=obj obj_pos=[ 2.1214032  -0.39351743  0.95304257] fixture_pos=[ 1.25    -0.3      0.96125] fsize=[0.91666663 0.55       0.24749999] shifted_fpos=[ 1.25    -0.25     0.96125] lower=[ 1.         -0.45        0.68750001] upper=[ 1.5        -0.05        1.23499999] inside=False
[obj_inside_of] obj=obj obj_pos=[ 2.1216981  -0.39018646  0.95315546] fixture_pos=[ 1.25    -0.3      0.96125] fsize=[0.91666663 0.55       0.24749999] shifted_fpos=[ 1.25    -0.25     0.96125] lower=[ 1.         -0.45        0.68750001] upper=[ 1.5        -0.05        1.23499999] inside=False
[obj_inside_of] obj=obj obj_pos=[ 2.1218994  -0.38809374  0.95330024] fixture_pos=[ 1.25    -0.3      0.96125] fsize=[0.91666663 0.55       0.24749999] shifted_fpos=[ 1.25    -0.25     0.96125] lower=[ 1.         -0.45        0.68750001] upper=[ 1.5        -0.05        1.23499999] inside=False
[obj_inside_of] obj=obj obj_pos=[ 2.1220574  -0.38644257  0.9533237 ] fixture_pos=[ 1.25    -0.3      0.96125] fsize=[0.91666663 0.55       0.24749999] shifted_fpos=[ 1.25    -0.25     0.96125] lower=[ 1.         -0.45        0.68750001] upper=[ 1.5        -0.05        1.23499999] inside=False
[obj_inside_of] obj=obj obj_pos=[ 2.1222386  -0.38456002  0.95324904] fixture_pos=[ 1.25    -0.3      0.96125] fsize=[0.91666663 0.55       0.24749999] shifted_fpos=[ 1.25    -0.25     0.96125] lower=[ 1.         -0.45        0.68750001] upper=[ 1.5        -0.05        1.23499999] inside=False
[obj_inside_of] obj=obj obj_pos=[ 2.1225085  -0.381689    0.95295954] fixture_pos=[ 1.25    -0.3      0.96125] fsize=[0.91666663 0.55       0.24749999] shifted_fpos=[ 1.25    -0.25     0.96125] lower=[ 1.         -0.45        0.68750001] upper=[ 1.5        -0.05        1.23499999] inside=False
[obj_inside_of] obj=obj obj_pos=[ 2.1226485  -0.37967288  0.95318985] fixture_pos=[ 1.25    -0.3      0.96125] fsize=[0.91666663 0.55       0.24749999] shifted_fpos=[ 1.25    -0.25     0.96125] lower=[ 1.         -0.45        0.68750001] upper=[ 1.5        -0.05        1.23499999] inside=False
[obj_inside_of] obj=obj obj_pos=[ 2.1227152  -0.37874523  0.9532585 ] fixture_pos=[ 1.25    -0.3      0.96125] fsize=[0.91666663 0.55       0.24749999] shifted_fpos=[ 1.25    -0.25     0.96125] lower=[ 1.         -0.45        0.68750001] upper=[ 1.5        -0.05        1.23499999] inside=False
[obj_inside_of] obj=obj obj_pos=[ 2.1227326  -0.37853432  0.9532684 ] fixture_pos=[ 1.25    -0.3      0.96125] fsize=[0.91666663 0.55       0.24749999] shifted_fpos=[ 1.25    -0.25     0.96125] lower=[ 1.         -0.45        0.68750001] upper=[ 1.5        -0.05        1.23499999] inside=False
[obj_inside_of] obj=obj obj_pos=[ 2.1227014  -0.37895268  0.9532427 ] fixture_pos=[ 1.25    -0.3      0.96125] fsize=[0.91666663 0.55       0.24749999] shifted_fpos=[ 1.25    -0.25     0.96125] lower=[ 1.         -0.45        0.68750001] upper=[ 1.5        -0.05        1.23499999] inside=False
[obj_inside_of] obj=obj obj_pos=[ 2.122612  -0.3801626  0.9531399] fixture_pos=[ 1.25    -0.3      0.96125] fsize=[0.91666663 0.55       0.24749999] shifted_fpos=[ 1.25    -0.25     0.96125] lower=[ 1.         -0.45        0.68750001] upper=[ 1.5        -0.05        1.23499999] inside=False
[obj_inside_of] obj=obj obj_pos=[ 2.1224642  -0.3822376   0.95300275] fixture_pos=[ 1.25    -0.3      0.96125] fsize=[0.91666663 0.55       0.24749999] shifted_fpos=[ 1.25    -0.25     0.96125] lower=[ 1.         -0.45        0.68750001] upper=[ 1.5        -0.05        1.23499999] inside=False
[obj_inside_of] obj=obj obj_pos=[ 2.1224244  -0.38264883  0.9530569 ] fixture_pos=[ 1.25    -0.3      0.96125] fsize=[0.91666663 0.55       0.24749999] shifted_fpos=[ 1.25    -0.25     0.96125] lower=[ 1.         -0.45        0.68750001] upper=[ 1.5        -0.05        1.23499999] inside=False
[obj_inside_of] obj=obj obj_pos=[ 2.1225204 -0.3815246  0.9529723] fixture_pos=[ 1.25    -0.3      0.96125] fsize=[0.91666663 0.55       0.24749999] shifted_fpos=[ 1.25    -0.25     0.96125] lower=[ 1.         -0.45        0.68750001] upper=[ 1.5        -0.05        1.23499999] inside=False
[obj_inside_of] obj=obj obj_pos=[ 2.1225307  -0.381445    0.95298964] fixture_pos=[ 1.25    -0.3      0.96125] fsize=[0.91666663 0.55       0.24749999] shifted_fpos=[ 1.25    -0.25     0.96125] lower=[ 1.         -0.45        0.68750001] upper=[ 1.5        -0.05        1.23499999] inside=False
[obj_inside_of] obj=obj obj_pos=[ 2.1224902 -0.3819998  0.9529669] fixture_pos=[ 1.25    -0.3      0.96125] fsize=[0.91666663 0.55       0.24749999] shifted_fpos=[ 1.25    -0.25     0.96125] lower=[ 1.         -0.45        0.68750001] upper=[ 1.5        -0.05        1.23499999] inside=False
[obj_inside_of] obj=obj obj_pos=[ 2.1225019  -0.38184705  0.95294106] fixture_pos=[ 1.25    -0.3      0.96125] fsize=[0.91666663 0.55       0.24749999] shifted_fpos=[ 1.25    -0.25     0.96125] lower=[ 1.         -0.45        0.68750001] upper=[ 1.5        -0.05        1.23499999] inside=False
[obj_inside_of] obj=obj obj_pos=[ 2.1225052 -0.3818364  0.9529403] fixture_pos=[ 1.25    -0.3      0.96125] fsize=[0.91666663 0.55       0.24749999] shifted_fpos=[ 1.25    -0.25     0.96125] lower=[ 1.         -0.45        0.68750001] upper=[ 1.5        -0.05        1.23499999] inside=False
[obj_inside_of] obj=obj obj_pos=[ 2.1225057  -0.38182753  0.9529403 ] fixture_pos=[ 1.25    -0.3      0.96125] fsize=[0.91666663 0.55       0.24749999] shifted_fpos=[ 1.25    -0.25     0.96125] lower=[ 1.         -0.45        0.68750001] upper=[ 1.5        -0.05        1.23499999] inside=False
[obj_inside_of] obj=obj obj_pos=[ 2.1225076  -0.38181075  0.95294064] fixture_pos=[ 1.25    -0.3      0.96125] fsize=[0.91666663 0.55       0.24749999] shifted_fpos=[ 1.25    -0.25     0.96125] lower=[ 1.         -0.45        0.68750001] upper=[ 1.5        -0.05        1.23499999] inside=False
[obj_inside_of] obj=obj obj_pos=[ 2.1225076  -0.38181075  0.95294064] fixture_pos=[ 1.25    -0.3      0.96125] fsize=[0.91666663 0.55       0.24749999] shifted_fpos=[ 1.25    -0.25     0.96125] lower=[ 1.         -0.45        0.68750001] upper=[ 1.5        -0.05        1.23499999] inside=False
[obj_inside_of] obj=obj obj_pos=[ 2.122507   -0.38182124  0.95293975] fixture_pos=[ 1.25    -0.3      0.96125] fsize=[0.91666663 0.55       0.24749999] shifted_fpos=[ 1.25    -0.25     0.96125] lower=[ 1.         -0.45        0.68750001] upper=[ 1.5        -0.05        1.23499999] inside=False
[obj_inside_of] obj=obj obj_pos=[ 2.1225057  -0.3818275   0.95294017] fixture_pos=[ 1.25    -0.3      0.96125] fsize=[0.91666663 0.55       0.24749999] shifted_fpos=[ 1.25    -0.25     0.96125] lower=[ 1.         -0.45        0.68750001] upper=[ 1.5        -0.05        1.23499999] inside=False
[obj_inside_of] obj=obj obj_pos=[ 2.1225057  -0.38182735  0.9529401 ] fixture_pos=[ 1.25    -0.3      0.96125] fsize=[0.91666663 0.55       0.24749999] shifted_fpos=[ 1.25    -0.25     0.96125] lower=[ 1.         -0.45        0.68750001] upper=[ 1.5        -0.05        1.23499999] inside=False
[obj_inside_of] obj=obj obj_pos=[ 2.1225045  -0.38183346  0.9529405 ] fixture_pos=[ 1.25    -0.3      0.96125] fsize=[0.91666663 0.55       0.24749999] shifted_fpos=[ 1.25    -0.25     0.96125] lower=[ 1.         -0.45        0.68750001] upper=[ 1.5        -0.05        1.23499999] inside=False
