Unknown attribute "D" in /robot[@name='tidyverse']/joint[@name='panda_joint1']/dynamics
Unknown attribute "K" in /robot[@name='tidyverse']/joint[@name='panda_joint1']/dynamics
Unknown attribute "mu_coulomb" in /robot[@name='tidyverse']/joint[@name='panda_joint1']/dynamics
Unknown attribute "mu_viscous" in /robot[@name='tidyverse']/joint[@name='panda_joint1']/dynamics
Unknown attribute "D" in /robot[@name='tidyverse']/joint[@name='panda_joint2']/dynamics
Unknown attribute "K" in /robot[@name='tidyverse']/joint[@name='panda_joint2']/dynamics
Unknown attribute "mu_coulomb" in /robot[@name='tidyverse']/joint[@name='panda_joint2']/dynamics
Unknown attribute "mu_viscous" in /robot[@name='tidyverse']/joint[@name='panda_joint2']/dynamics
Unknown attribute "D" in /robot[@name='tidyverse']/joint[@name='panda_joint3']/dynamics
Unknown attribute "K" in /robot[@name='tidyverse']/joint[@name='panda_joint3']/dynamics
Unknown attribute "mu_coulomb" in /robot[@name='tidyverse']/joint[@name='panda_joint3']/dynamics
Unknown attribute "mu_viscous" in /robot[@name='tidyverse']/joint[@name='panda_joint3']/dynamics
Unknown attribute "D" in /robot[@name='tidyverse']/joint[@name='panda_joint4']/dynamics
Unknown attribute "K" in /robot[@name='tidyverse']/joint[@name='panda_joint4']/dynamics
Unknown attribute "mu_coulomb" in /robot[@name='tidyverse']/joint[@name='panda_joint4']/dynamics
Unknown attribute "mu_viscous" in /robot[@name='tidyverse']/joint[@name='panda_joint4']/dynamics
Unknown attribute "D" in /robot[@name='tidyverse']/joint[@name='panda_joint5']/dynamics
Unknown attribute "K" in /robot[@name='tidyverse']/joint[@name='panda_joint5']/dynamics
Unknown attribute "mu_coulomb" in /robot[@name='tidyverse']/joint[@name='panda_joint5']/dynamics
Unknown attribute "mu_viscous" in /robot[@name='tidyverse']/joint[@name='panda_joint5']/dynamics
Unknown attribute "D" in /robot[@name='tidyverse']/joint[@name='panda_joint6']/dynamics
Unknown attribute "K" in /robot[@name='tidyverse']/joint[@name='panda_joint6']/dynamics
Unknown attribute "mu_coulomb" in /robot[@name='tidyverse']/joint[@name='panda_joint6']/dynamics
Unknown attribute "mu_viscous" in /robot[@name='tidyverse']/joint[@name='panda_joint6']/dynamics
Unknown attribute "D" in /robot[@name='tidyverse']/joint[@name='panda_joint7']/dynamics
Unknown attribute "K" in /robot[@name='tidyverse']/joint[@name='panda_joint7']/dynamics
Unknown attribute "mu_coulomb" in /robot[@name='tidyverse']/joint[@name='panda_joint7']/dynamics
Unknown attribute "mu_viscous" in /robot[@name='tidyverse']/joint[@name='panda_joint7']/dynamics
[33;1m2026-09-28 00:24:11,777 - mani_skill  - WARNING - tidyverse is not in the task's list of supported robots. Code may not run as intended[0m
[franka-bridge] IK solver loaded from /home/truares/文档/maniskill-tidyverse/arm_franka_maniskill_service/franka_server/tidyverse_arm_only.urdf
[maniskill] Creating env: task=RoboCasa-Pn-P-Counter-To-Sink-v0, control_mode=whole_body, obs_mode=rgb+depth+segmentation, num_envs=1
Could not place objects. Trying again with new objects
Could not place objects. Trying again with new objects
[obj_inside_of] obj=obj obj_pos=[ 3.9280279 -1.8760474  1.0890545] fixture_pos=[ 4.09999816 -1.1997989   0.96125   ] fsize=[0.91666663 0.55       0.24749999] shifted_fpos=[ 4.09999816 -1.1497989   0.96125   ] lower=[ 3.84999816 -1.3497989   0.68750001] upper=[ 4.34999816 -0.9497989   1.23499999] inside=False
[obj_inside_of] obj=obj obj_pos=[ 0.5072005 -2.75566    1.0069567] fixture_pos=[ 0.29999284 -2.1999989   0.96125   ] fsize=[0.91666663 0.55       0.24749999] shifted_fpos=[ 0.29999284 -2.1499989   0.96125   ] lower=[ 0.04999284 -2.3499989   0.68750001] upper=[ 0.54999284 -1.9499989   1.23499999] inside=False
[maniskill] Env reset with seed=0 (reconfigure=True)
[maniskill] Simulation device: cpu
[viz-debug] all robot links:
  root: pos=(1.400,-2.200,0.000) q=(-0.000,0.000,0.000,1.000)
  base_x_link: pos=(1.400,-2.200,0.000) q=(-0.000,0.000,0.000,1.000)
  base_y_link: pos=(1.400,-2.200,0.000) q=(-0.000,0.000,0.000,1.000)
  base_link: pos=(1.400,-2.200,0.000) q=(-0.000,0.000,0.000,1.000)
  panda_link0: pos=(1.400,-2.200,0.472) q=(-0.000,0.000,0.000,1.000)
  panda_link1: pos=(1.400,-2.200,0.805) q=(-0.000,0.000,0.000,1.000)
  panda_link2: pos=(1.400,-2.200,0.805) q=(0.270,0.270,-0.653,0.653)
  panda_link3: pos=(1.623,-2.200,1.029) q=(-0.000,0.382,0.000,0.924)
  panda_link4: pos=(1.565,-2.200,1.087) q=(0.500,-0.500,0.500,0.500)
  panda_link5: pos=(1.181,-2.200,1.170) q=(-0.000,-0.707,-0.000,0.707)
  panda_link6: pos=(1.181,-2.200,1.170) q=(-0.120,0.120,0.697,0.697)
  panda_link7: pos=(1.098,-2.200,1.199) q=(-0.157,0.377,0.910,-0.065)
  panda_link8: pos=(1.062,-2.200,1.098) q=(-0.157,0.377,0.910,-0.065)
  robotiq_arg2f_base_link: pos=(1.062,-2.200,1.098) q=(-0.157,0.377,0.910,-0.065)
  eef: pos=(1.014,-2.200,0.962) q=(-0.157,0.377,0.910,-0.065)
  left_outer_knuckle: pos=(1.023,-2.222,1.054) q=(0.065,0.910,-0.377,-0.157)
  left_inner_knuckle: pos=(1.033,-2.209,1.043) q=(0.065,0.910,-0.377,-0.157)
  right_outer_knuckle: pos=(1.064,-2.178,1.039) q=(-0.157,0.377,0.910,-0.065)
  right_inner_knuckle: pos=(1.050,-2.191,1.037) q=(-0.157,0.377,0.910,-0.065)
  left_outer_finger: pos=(1.004,-2.244,1.065) q=(0.065,0.910,-0.377,-0.157)
  right_outer_finger: pos=(1.086,-2.156,1.036) q=(-0.157,0.377,0.910,-0.065)
  left_inner_finger: pos=(0.984,-2.248,1.022) q=(0.065,0.910,-0.377,-0.157)
  right_inner_finger: pos=(1.075,-2.152,0.990) q=(-0.157,0.377,0.910,-0.065)
  left_inner_finger_pad: pos=(0.988,-2.233,0.986) q=(0.065,0.910,-0.377,-0.157)
  right_inner_finger_pad: pos=(1.049,-2.167,0.965) q=(-0.157,0.377,0.910,-0.065)
[viz] cuRobo OBB visualization created (0.734m x 0.524m, red transparent)
[planner] base_link home: pos=[1.3999928, -2.1999948, 0.0] q=[-1.8366026e-06, 0.0, 0.0, 1.0]
[planner] Creating SapienPlanningWorld...

  Planning world contents (ACM mode=strict):
    Robot links (25): ['scene-0-tidyverse_root', 'scene-0-tidyverse_base_x_link', 'scene-0-tidyverse_base_y_link', 'scene-0-tidyverse_base_link', 'scene-0-tidyverse_panda_link0']...
    Articulations (24):
      [PENDING] scene-0_stack_3_left_group_3_0_141 (3 links)
      [PENDING] scene-0_stack_3_left_group_2_0_138 (3 links)
      [PENDING] scene-0_top_left_group_0_119 (4 links)
      [PENDING] scene-0_bottom_left_group_1_0_107 (3 links)
      [PENDING] scene-0_sink_left_group_0_98 (5 links)
      [ROBOT] scene-0_tidyverse_1
      [PENDING] scene-0_cab_1_left_group_0_89 (3 links)
      [PENDING] scene-0_stovetop_main_group_0_36 (8 links)
      [PENDING] scene-0_cab_2_left_group_0_93 (3 links)
      [PENDING] scene-0_stack_1_main_group_1_0_48 (3 links)
      [PENDING] scene-0_stack_2_left_group_1_0_128 (4 links)
      [PENDING] scene-0_stack_1_main_group_3_0_54 (3 links)
      [PENDING] scene-0_stack_1_main_group_4_0_57 (3 links)
      [PENDING] scene-0_stack_2_main_group_1_0_61 (4 links)
      [PENDING] scene-0_stack_3_left_group_1_0_134 (4 links)
      [PENDING] scene-0_stack_1_main_group_2_0_51 (3 links)
      [PENDING] scene-0_stack_3_main_group_1_0_67 (4 links)
      [PENDING] scene-0_cab_main_main_group_0_78 (4 links)
      [PENDING] scene-0_microwave_left_group_0_115 (3 links)
      [PENDING] scene-0_stack_3_main_group_2_0_71 (3 links)
      [PENDING] scene-0_fridge_cab_main_group_0_83 (4 links)
      [PENDING] scene-0_stack_1_left_group_0_123 (3 links)
      [PENDING] scene-0_bottom_left_group_2_0_110 (3 links)
      [PENDING] scene-0_stack_3_main_group_3_0_74 (3 links)
    Static objects (94 total):
      Targets (always checked): 0
      Collision-checked (near, <1.5m): 94
        - fixture_box_stool_3_stool_group  dist=-1.00m
        - fixture_box_stool_2_stool_group  dist=-1.00m
        - fixture_box_stool_1_stool_group  dist=-1.00m
        - fixture_box_knife_block_left_group  dist=-1.00m
        - fixture_box_paper_towel_left_group  dist=-1.00m
        - fixture_box_coffee_machine_left_group  dist=-1.00m
        - fixture_box_stack_3_left_group_3  dist=-1.00m
        - fixture_box_stack_3_left_group_2  dist=-1.00m
        - fixture_box_stack_3_left_group_1  dist=-1.00m
        - fixture_box_stack_3_left_group_base  dist=-1.00m
        - fixture_box_stack_2_left_group_2  dist=-1.00m
        - fixture_box_stack_2_left_group_1  dist=-1.00m
        - fixture_box_micro_housing_left_group  dist=-1.00m
        - fixture_box_microwave_left_group  dist=-1.00m
        - fixture_box_oven_left_group  dist=-1.00m
        - fixture_box_bottom_left_group_1  dist=-1.00m
        - fixture_box_bottom_left_group_base  dist=-1.00m
        - fixture_box_stack_2_left_group_base  dist=-1.00m
        - fixture_box_counter_corner_left_group  dist=-1.00m
        - fixture_box_sink_left_group  dist=-1.00m
        - fixture_box_cab_corner_4_left_group  dist=-1.00m
        - fixture_box_cab_corner_3_left_group  dist=-1.00m
        - fixture_box_cab_2_left_group  dist=-1.00m
        - fixture_box_window_group_left_group  dist=-1.00m
        - fixture_box_oven_housing_left_group  dist=-1.00m
        - fixture_box_utensil_holder_main_group  dist=-1.00m
        - fixture_box_toaster_main_group  dist=-1.00m
        - scene-0_dishwasher_left_group_0_126  dist=-1.00m
        - fixture_box_fridge_main_group  dist=-1.00m
        - scene-0_bottom_left_group_base_0_106  dist=-1.00m
        - fixture_box_stack_1_main_group_base  dist=-1.00m
        - fixture_box_cab_1_left_group  dist=-1.00m
        - scene-0_counter_corner_left_group_0_104  dist=-1.00m
        - scene-0_window_group_left_group_0_92  dist=-1.00m
        - fixture_box_counter_1_left_left_group  dist=-1.00m
        - scene-0_utensil_holder_main_group_0_88  dist=-1.00m
        - scene-0_shelves_main_group_0_82  dist=-1.00m
        - scene-0_cab_corner_4_left_group_0_97  dist=-1.00m
        - scene-0_stack_2_left_group_base_0_127  dist=-1.00m
        - fixture_box_stack_1_main_group_4  dist=-1.00m
        - scene-0_floor_room_0_32  dist=-1.00m
        - scene-0_island_left_group_0_105  dist=-1.00m
        - scene-0_stool_3_stool_group_0_150  dist=-1.00m
        - scene-0_distr_counter_0_152  dist=-1.00m
        - scene-0_stack_2_left_group_2_0_132  dist=-1.00m
        - fixture_box_dishwasher_left_group  dist=-1.00m
        - fixture_box_bottom_left_group_2  dist=-1.00m
        - scene-0_hood_main_group_0_77  dist=-1.00m
        - scene-0_wall_room_0_26  dist=-1.00m
        - fixture_box_plant_left_group  dist=-1.00m
        - fixture_box_stack_1_left_group  dist=-1.00m
        - scene-0_wall_left_room_0_27  dist=-1.00m
        - scene-0_counter_corner_main_main_group_0_34  dist=-1.00m
        - scene-0_distr_sink_0_153  dist=-1.00m
        - fixture_box_counter_1_right_main_group  dist=-1.00m
        - scene-0_counter_1_right_main_group_0_44  dist=-1.00m
        - fixture_box_stack_1_main_group_2  dist=-1.00m
        - scene-0_stack_2_main_group_2_0_65  dist=-1.00m
        - scene-0_toaster_main_group_0_87  dist=-1.00m
        - scene-0_stack_1_main_group_base_0_47  dist=-1.00m
        - scene-0_oven_left_group_0_113  dist=-1.00m
        - scene-0_coffee_machine_left_group_0_144  dist=-1.00m
        - scene-0_cab_corner_3_left_group_0_96  dist=-1.00m
        - fixture_box_fridge_cab_main_group  dist=-1.00m
        - scene-0_stack_2_main_group_base_0_60  dist=-1.00m
        - scene-0_obj_0_151  dist=-1.00m
        - fixture_box_hood_main_group  dist=-1.00m
        - scene-0_stack_3_left_group_base_0_133  dist=-1.00m
        - scene-0_paper_towel_left_group_0_145  dist=-1.00m
        - scene-0_knife_block_left_group_0_146  dist=-1.00m
        - scene-0_stool_2_stool_group_0_149  dist=-1.00m
        - fixture_box_stack_2_main_group_1  dist=-1.00m
        - scene-0_plant_left_group_0_147  dist=-1.00m
        - scene-0_counter_main_main_group_0_35  dist=-1.00m
        - scene-0_stool_1_stool_group_0_148  dist=-1.00m
        - fixture_box_top_left_group  dist=-1.00m
        - fixture_box_counter_corner_main_main_group  dist=-1.00m
        - fixture_box_island_left_group  dist=-1.00m
        - scene-0_counter_1_left_left_group_0_103  dist=-1.00m
        - fixture_box_counter_main_main_group  dist=-1.00m
        - fixture_box_stovetop_main_group  dist=-1.00m
        - fixture_box_stack_2_main_group_2  dist=-1.00m
        - fixture_box_stack_1_main_group_3  dist=-1.00m
        - fixture_box_stack_2_main_group_base  dist=-1.00m
        - scene-0_fridge_main_group_0_45  dist=-1.00m
        - fixture_box_fridge_housing_main_group  dist=-1.00m
        - fixture_box_stack_3_main_group_base  dist=-1.00m
        - fixture_box_stack_3_main_group_2  dist=-1.00m
        - fixture_box_stack_1_main_group_1  dist=-1.00m
        - fixture_box_stack_3_main_group_1  dist=-1.00m
        - fixture_box_stack_3_main_group_3  dist=-1.00m
        - fixture_box_cab_main_main_group  dist=-1.00m
        - scene-0_stack_3_main_group_base_0_66  dist=-1.00m
        - fixture_box_shelves_main_group  dist=-1.00m
      ACM-relaxed (far): 0

  No initial collisions.
[planner] Added 57 fixture boxes (cached 57 cuboids for cuRobo)
[planner] mplib ready
[curobo] Using in-process planner (set CUROBO_SERVICE_URL to switch)
[curobo] Loading franka_mobile config...
Warp DeprecationWarning: The symbol `warp.torch.device_from_torch` will soon be removed from the public API. Use `warp.device_from_torch` instead.
[curobo] Warming up CUDA kernels...
[curobo] Loading arm-only config (base joints locked)...
[curobo] Ready (15.1s, whole_body + arm_only)
[curobo] Updated collision world: 54 cuboids (skipped 0 overlap, 3 far)
[curobo] Loaded 57 cuboids (transformed world→local)
[curobo] Collision world for target: 54 cuboids (excl 0 at target, 0 overlap, 3 far)
[curobo] Plan OK (2.65s, whole_body): 31 waypoints
[planner] dummy plan JIT warmup done (2.7s)
[maniskill] Environment ready (1 env(s))
[franka-bridge] State PUB on 6356, CMD REP on 6355, Stream SUB on 6357
[gripper-bridge] State PUB on 6371, CMD REP on 6370
[base-bridge] Using world-frame poses (no local conversion)
[maniskill] Started 3 bridge(s)
[base-bridge] RPC server listening on port 50800 (env 0)
[maniskill] HTTP API on port 6300 (env 0: /task/success, /task/info, /plan, /perceive, /reset)
[maniskill] Entering physics loop (1 env(s), Ctrl+C to stop)
[obj_inside_of] obj=obj obj_pos=[ 0.5072005 -2.75566    0.9922421] fixture_pos=[ 0.29999284 -2.1999989   0.96125   ] fsize=[0.91666663 0.55       0.24749999] shifted_fpos=[ 0.29999284 -2.1499989   0.96125   ] lower=[ 0.04999284 -2.3499989   0.68750001] upper=[ 0.54999284 -1.9499989   1.23499999] inside=False
[viz-debug] base_link.pose=(1.400,-2.200) q=(-0.000,-0.000,0.000,1.000) qpos[0:3]=(0.000,0.000,0.000)
[obj_inside_of] obj=obj obj_pos=[ 0.507529  -2.7553966  0.9647855] fixture_pos=[ 0.29999284 -2.1999989   0.96125   ] fsize=[0.91666663 0.55       0.24749999] shifted_fpos=[ 0.29999284 -2.1499989   0.96125   ] lower=[ 0.04999284 -2.3499989   0.68750001] upper=[ 0.54999284 -1.9499989   1.23499999] inside=False
[obj_inside_of] obj=obj obj_pos=[ 0.5072301 -2.7556841  0.9647163] fixture_pos=[ 0.29999284 -2.1999989   0.96125   ] fsize=[0.91666663 0.55       0.24749999] shifted_fpos=[ 0.29999284 -2.1499989   0.96125   ] lower=[ 0.04999284 -2.3499989   0.68750001] upper=[ 0.54999284 -1.9499989   1.23499999] inside=False
[obj_inside_of] obj=obj obj_pos=[ 0.5073308 -2.755629   0.9647054] fixture_pos=[ 0.29999284 -2.1999989   0.96125   ] fsize=[0.91666663 0.55       0.24749999] shifted_fpos=[ 0.29999284 -2.1499989   0.96125   ] lower=[ 0.04999284 -2.3499989   0.68750001] upper=[ 0.54999284 -1.9499989   1.23499999] inside=False
[obj_inside_of] obj=obj obj_pos=[ 0.5073328 -2.7556305  0.9647035] fixture_pos=[ 0.29999284 -2.1999989   0.96125   ] fsize=[0.91666663 0.55       0.24749999] shifted_fpos=[ 0.29999284 -2.1499989   0.96125   ] lower=[ 0.04999284 -2.3499989   0.68750001] upper=[ 0.54999284 -1.9499989   1.23499999] inside=False
[obj_inside_of] obj=obj obj_pos=[ 0.50733274 -2.7556305   0.96470356] fixture_pos=[ 0.29999284 -2.1999989   0.96125   ] fsize=[0.91666663 0.55       0.24749999] shifted_fpos=[ 0.29999284 -2.1499989   0.96125   ] lower=[ 0.04999284 -2.3499989   0.68750001] upper=[ 0.54999284 -1.9499989   1.23499999] inside=False
[obj_inside_of] obj=obj obj_pos=[ 0.5073327  -2.7556307   0.96470356] fixture_pos=[ 0.29999284 -2.1999989   0.96125   ] fsize=[0.91666663 0.55       0.24749999] shifted_fpos=[ 0.29999284 -2.1499989   0.96125   ] lower=[ 0.04999284 -2.3499989   0.68750001] upper=[ 0.54999284 -1.9499989   1.23499999] inside=False
[obj_inside_of] obj=obj obj_pos=[ 0.50733286 -2.7556305   0.96470356] fixture_pos=[ 0.29999284 -2.1999989   0.96125   ] fsize=[0.91666663 0.55       0.24749999] shifted_fpos=[ 0.29999284 -2.1499989   0.96125   ] lower=[ 0.04999284 -2.3499989   0.68750001] upper=[ 0.54999284 -1.9499989   1.23499999] inside=False
[obj_inside_of] obj=obj obj_pos=[ 0.50733256 -2.7556307   0.9647036 ] fixture_pos=[ 0.29999284 -2.1999989   0.96125   ] fsize=[0.91666663 0.55       0.24749999] shifted_fpos=[ 0.29999284 -2.1499989   0.96125   ] lower=[ 0.04999284 -2.3499989   0.68750001] upper=[ 0.54999284 -1.9499989   1.23499999] inside=False
[obj_inside_of] obj=obj obj_pos=[ 0.50733256 -2.7556307   0.9647036 ] fixture_pos=[ 0.29999284 -2.1999989   0.96125   ] fsize=[0.91666663 0.55       0.24749999] shifted_fpos=[ 0.29999284 -2.1499989   0.96125   ] lower=[ 0.04999284 -2.3499989   0.68750001] upper=[ 0.54999284 -1.9499989   1.23499999] inside=False
[obj_inside_of] obj=obj obj_pos=[ 0.50733256 -2.7556307   0.9647036 ] fixture_pos=[ 0.29999284 -2.1999989   0.96125   ] fsize=[0.91666663 0.55       0.24749999] shifted_fpos=[ 0.29999284 -2.1499989   0.96125   ] lower=[ 0.04999284 -2.3499989   0.68750001] upper=[ 0.54999284 -1.9499989   1.23499999] inside=False
[obj_inside_of] obj=obj obj_pos=[ 0.50733256 -2.7556307   0.9647036 ] fixture_pos=[ 0.29999284 -2.1999989   0.96125   ] fsize=[0.91666663 0.55       0.24749999] shifted_fpos=[ 0.29999284 -2.1499989   0.96125   ] lower=[ 0.04999284 -2.3499989   0.68750001] upper=[ 0.54999284 -1.9499989   1.23499999] inside=False
[obj_inside_of] obj=obj obj_pos=[ 0.50733256 -2.7556307   0.9647036 ] fixture_pos=[ 0.29999284 -2.1999989   0.96125   ] fsize=[0.91666663 0.55       0.24749999] shifted_fpos=[ 0.29999284 -2.1499989   0.96125   ] lower=[ 0.04999284 -2.3499989   0.68750001] upper=[ 0.54999284 -1.9499989   1.23499999] inside=False
[obj_inside_of] obj=obj obj_pos=[ 0.50733256 -2.7556307   0.9647036 ] fixture_pos=[ 0.29999284 -2.1999989   0.96125   ] fsize=[0.91666663 0.55       0.24749999] shifted_fpos=[ 0.29999284 -2.1499989   0.96125   ] lower=[ 0.04999284 -2.3499989   0.68750001] upper=[ 0.54999284 -1.9499989   1.23499999] inside=False
[obj_inside_of] obj=obj obj_pos=[ 0.50733256 -2.7556307   0.9647036 ] fixture_pos=[ 0.29999284 -2.1999989   0.96125   ] fsize=[0.91666663 0.55       0.24749999] shifted_fpos=[ 0.29999284 -2.1499989   0.96125   ] lower=[ 0.04999284 -2.3499989   0.68750001] upper=[ 0.54999284 -1.9499989   1.23499999] inside=False
[obj_inside_of] obj=obj obj_pos=[ 0.50733256 -2.7556307   0.9647036 ] fixture_pos=[ 0.29999284 -2.1999989   0.96125   ] fsize=[0.91666663 0.55       0.24749999] shifted_fpos=[ 0.29999284 -2.1499989   0.96125   ] lower=[ 0.04999284 -2.3499989   0.68750001] upper=[ 0.54999284 -1.9499989   1.23499999] inside=False
[obj_inside_of] obj=obj obj_pos=[ 0.50733256 -2.7556307   0.9647036 ] fixture_pos=[ 0.29999284 -2.1999989   0.96125   ] fsize=[0.91666663 0.55       0.24749999] shifted_fpos=[ 0.29999284 -2.1499989   0.96125   ] lower=[ 0.04999284 -2.3499989   0.68750001] upper=[ 0.54999284 -1.9499989   1.23499999] inside=False
[obj_inside_of] obj=obj obj_pos=[ 0.50733256 -2.7556307   0.9647036 ] fixture_pos=[ 0.29999284 -2.1999989   0.96125   ] fsize=[0.91666663 0.55       0.24749999] shifted_fpos=[ 0.29999284 -2.1499989   0.96125   ] lower=[ 0.04999284 -2.3499989   0.68750001] upper=[ 0.54999284 -1.9499989   1.23499999] inside=False
[obj_inside_of] obj=obj obj_pos=[ 0.50733256 -2.7556307   0.9647036 ] fixture_pos=[ 0.29999284 -2.1999989   0.96125   ] fsize=[0.91666663 0.55       0.24749999] shifted_fpos=[ 0.29999284 -2.1499989   0.96125   ] lower=[ 0.04999284 -2.3499989   0.68750001] upper=[ 0.54999284 -1.9499989   1.23499999] inside=False
[obj_inside_of] obj=obj obj_pos=[ 0.50733256 -2.7556307   0.9647036 ] fixture_pos=[ 0.29999284 -2.1999989   0.96125   ] fsize=[0.91666663 0.55       0.24749999] shifted_fpos=[ 0.29999284 -2.1499989   0.96125   ] lower=[ 0.04999284 -2.3499989   0.68750001] upper=[ 0.54999284 -1.9499989   1.23499999] inside=False
[obj_inside_of] obj=obj obj_pos=[ 1.8066406  -0.46388465  0.98405266] fixture_pos=[ 1.25    -0.3      0.96125] fsize=[0.91666663 0.55       0.24749999] shifted_fpos=[ 1.25    -0.25     0.96125] lower=[ 1.         -0.45        0.68750001] upper=[ 1.5        -0.05        1.23499999] inside=False
[obj_inside_of] obj=obj obj_pos=[ 1.8066406  -0.46388465  0.96933806] fixture_pos=[ 1.25    -0.3      0.96125] fsize=[0.91666663 0.55       0.24749999] shifted_fpos=[ 1.25    -0.25     0.96125] lower=[ 1.         -0.45        0.68750001] upper=[ 1.5        -0.05        1.23499999] inside=False
[obj_inside_of] obj=obj obj_pos=[ 1.8040357  -0.46280307  0.9662176 ] fixture_pos=[ 1.25    -0.3      0.96125] fsize=[0.91666663 0.55       0.24749999] shifted_fpos=[ 1.25    -0.25     0.96125] lower=[ 1.         -0.45        0.68750001] upper=[ 1.5        -0.05        1.23499999] inside=False
[obj_inside_of] obj=obj obj_pos=[ 1.8040357  -0.46280307  0.9662176 ] fixture_pos=[ 1.25    -0.3      0.96125] fsize=[0.91666663 0.55       0.24749999] shifted_fpos=[ 1.25    -0.25     0.96125] lower=[ 1.         -0.45        0.68750001] upper=[ 1.5        -0.05        1.23499999] inside=False
[obj_inside_of] obj=obj obj_pos=[ 1.8028651  -0.46354786  0.9663178 ] fixture_pos=[ 1.25    -0.3      0.96125] fsize=[0.91666663 0.55       0.24749999] shifted_fpos=[ 1.25    -0.25     0.96125] lower=[ 1.         -0.45        0.68750001] upper=[ 1.5        -0.05        1.23499999] inside=False
[obj_inside_of] obj=obj obj_pos=[ 1.803911  -0.4656271  0.9661223] fixture_pos=[ 1.25    -0.3      0.96125] fsize=[0.91666663 0.55       0.24749999] shifted_fpos=[ 1.25    -0.25     0.96125] lower=[ 1.         -0.45        0.68750001] upper=[ 1.5        -0.05        1.23499999] inside=False
[perceive] 18 objects from ['base_camera', 'wrist_camera']: ['floor_room_0', 'stack_2_main_group_2_0', 'inner_box', 'object', 'dishwasher_main_group_0', 'counter_main_main_group_0', 'mango', 'egg', 'spout', 'wall_room_0']...
[obj_inside_of] obj=obj obj_pos=[ 1.8058068  -0.46702987  0.9662275 ] fixture_pos=[ 1.25    -0.3      0.96125] fsize=[0.91666663 0.55       0.24749999] shifted_fpos=[ 1.25    -0.25     0.96125] lower=[ 1.         -0.45        0.68750001] upper=[ 1.5        -0.05        1.23499999] inside=False
[obj_inside_of] obj=obj obj_pos=[ 1.8074341  -0.46733665  0.9662901 ] fixture_pos=[ 1.25    -0.3      0.96125] fsize=[0.91666663 0.55       0.24749999] shifted_fpos=[ 1.25    -0.25     0.96125] lower=[ 1.         -0.45        0.68750001] upper=[ 1.5        -0.05        1.23499999] inside=False
[obj_inside_of] obj=obj obj_pos=[ 1.8064998  -0.46692437  0.966229  ] fixture_pos=[ 1.25    -0.3      0.96125] fsize=[0.91666663 0.55       0.24749999] shifted_fpos=[ 1.25    -0.25     0.96125] lower=[ 1.         -0.45        0.68750001] upper=[ 1.5        -0.05        1.23499999] inside=False
[obj_inside_of] obj=obj obj_pos=[ 1.8040292 -0.465456   0.9661265] fixture_pos=[ 1.25    -0.3      0.96125] fsize=[0.91666663 0.55       0.24749999] shifted_fpos=[ 1.25    -0.25     0.96125] lower=[ 1.         -0.45        0.68750001] upper=[ 1.5        -0.05        1.23499999] inside=False
[obj_inside_of] obj=obj obj_pos=[ 1.8035966  -0.46503207  0.9661589 ] fixture_pos=[ 1.25    -0.3      0.96125] fsize=[0.91666663 0.55       0.24749999] shifted_fpos=[ 1.25    -0.25     0.96125] lower=[ 1.         -0.45        0.68750001] upper=[ 1.5        -0.05        1.23499999] inside=False
[perceive] 18 objects from ['base_camera', 'wrist_camera']: ['floor_room_0', 'stack_2_main_group_2_0', 'inner_box', 'object', 'dishwasher_main_group_0', 'counter_main_main_group_0', 'mango', 'egg', 'spout', 'wall_room_0']...
[obj_inside_of] obj=obj obj_pos=[ 1.8035966  -0.46503207  0.9661589 ] fixture_pos=[ 1.25    -0.3      0.96125] fsize=[0.91666663 0.55       0.24749999] shifted_fpos=[ 1.25    -0.25     0.96125] lower=[ 1.         -0.45        0.68750001] upper=[ 1.5        -0.05        1.23499999] inside=False
[obj_inside_of] obj=obj obj_pos=[ 1.8035966  -0.46503207  0.9661589 ] fixture_pos=[ 1.25    -0.3      0.96125] fsize=[0.91666663 0.55       0.24749999] shifted_fpos=[ 1.25    -0.25     0.96125] lower=[ 1.         -0.45        0.68750001] upper=[ 1.5        -0.05        1.23499999] inside=False
[obj_inside_of] obj=obj obj_pos=[ 1.8035966  -0.46503207  0.9661589 ] fixture_pos=[ 1.25    -0.3      0.96125] fsize=[0.91666663 0.55       0.24749999] shifted_fpos=[ 1.25    -0.25     0.96125] lower=[ 1.         -0.45        0.68750001] upper=[ 1.5        -0.05        1.23499999] inside=False
[obj_inside_of] obj=obj obj_pos=[ 1.8035966  -0.46503207  0.9661589 ] fixture_pos=[ 1.25    -0.3      0.96125] fsize=[0.91666663 0.55       0.24749999] shifted_fpos=[ 1.25    -0.25     0.96125] lower=[ 1.         -0.45        0.68750001] upper=[ 1.5        -0.05        1.23499999] inside=False
[obj_inside_of] obj=obj obj_pos=[ 1.8035966  -0.46503207  0.9661589 ] fixture_pos=[ 1.25    -0.3      0.96125] fsize=[0.91666663 0.55       0.24749999] shifted_fpos=[ 1.25    -0.25     0.96125] lower=[ 1.         -0.45        0.68750001] upper=[ 1.5        -0.05        1.23499999] inside=False
[obj_inside_of] obj=obj obj_pos=[ 1.8035966  -0.46503207  0.9661589 ] fixture_pos=[ 1.25    -0.3      0.96125] fsize=[0.91666663 0.55       0.24749999] shifted_fpos=[ 1.25    -0.25     0.96125] lower=[ 1.         -0.45        0.68750001] upper=[ 1.5        -0.05        1.23499999] inside=False
[obj_inside_of] obj=obj obj_pos=[ 1.8035966  -0.46503207  0.9661589 ] fixture_pos=[ 1.25    -0.3      0.96125] fsize=[0.91666663 0.55       0.24749999] shifted_fpos=[ 1.25    -0.25     0.96125] lower=[ 1.         -0.45        0.68750001] upper=[ 1.5        -0.05        1.23499999] inside=False
[obj_inside_of] obj=obj obj_pos=[ 1.8035966  -0.46503207  0.9661589 ] fixture_pos=[ 1.25    -0.3      0.96125] fsize=[0.91666663 0.55       0.24749999] shifted_fpos=[ 1.25    -0.25     0.96125] lower=[ 1.         -0.45        0.68750001] upper=[ 1.5        -0.05        1.23499999] inside=False
[obj_inside_of] obj=obj obj_pos=[ 1.8035966  -0.46503207  0.9661589 ] fixture_pos=[ 1.25    -0.3      0.96125] fsize=[0.91666663 0.55       0.24749999] shifted_fpos=[ 1.25    -0.25     0.96125] lower=[ 1.         -0.45        0.68750001] upper=[ 1.5        -0.05        1.23499999] inside=False
[obj_inside_of] obj=obj obj_pos=[ 1.8035966  -0.46503207  0.9661589 ] fixture_pos=[ 1.25    -0.3      0.96125] fsize=[0.91666663 0.55       0.24749999] shifted_fpos=[ 1.25    -0.25     0.96125] lower=[ 1.         -0.45        0.68750001] upper=[ 1.5        -0.05        1.23499999] inside=False
[obj_inside_of] obj=obj obj_pos=[ 1.8035966  -0.46503207  0.9661589 ] fixture_pos=[ 1.25    -0.3      0.96125] fsize=[0.91666663 0.55       0.24749999] shifted_fpos=[ 1.25    -0.25     0.96125] lower=[ 1.         -0.45        0.68750001] upper=[ 1.5        -0.05        1.23499999] inside=False
[obj_inside_of] obj=obj obj_pos=[ 1.8035966  -0.46503207  0.9661589 ] fixture_pos=[ 1.25    -0.3      0.96125] fsize=[0.91666663 0.55       0.24749999] shifted_fpos=[ 1.25    -0.25     0.96125] lower=[ 1.         -0.45        0.68750001] upper=[ 1.5        -0.05        1.23499999] inside=False
[obj_inside_of] obj=obj obj_pos=[ 1.8035966  -0.46503207  0.9661589 ] fixture_pos=[ 1.25    -0.3      0.96125] fsize=[0.91666663 0.55       0.24749999] shifted_fpos=[ 1.25    -0.25     0.96125] lower=[ 1.         -0.45        0.68750001] upper=[ 1.5        -0.05        1.23499999] inside=False
[obj_inside_of] obj=obj obj_pos=[ 1.8035966  -0.46503207  0.9661589 ] fixture_pos=[ 1.25    -0.3      0.96125] fsize=[0.91666663 0.55       0.24749999] shifted_fpos=[ 1.25    -0.25     0.96125] lower=[ 1.         -0.45        0.68750001] upper=[ 1.5        -0.05        1.23499999] inside=False
[obj_inside_of] obj=obj obj_pos=[ 1.8035966  -0.46503207  0.9661589 ] fixture_pos=[ 1.25    -0.3      0.96125] fsize=[0.91666663 0.55       0.24749999] shifted_fpos=[ 1.25    -0.25     0.96125] lower=[ 1.         -0.45        0.68750001] upper=[ 1.5        -0.05        1.23499999] inside=False
[obj_inside_of] obj=obj obj_pos=[ 1.8035966  -0.46503207  0.9661589 ] fixture_pos=[ 1.25    -0.3      0.96125] fsize=[0.91666663 0.55       0.24749999] shifted_fpos=[ 1.25    -0.25     0.96125] lower=[ 1.         -0.45        0.68750001] upper=[ 1.5        -0.05        1.23499999] inside=False
[obj_inside_of] obj=obj obj_pos=[ 1.8035966  -0.46503207  0.9661589 ] fixture_pos=[ 1.25    -0.3      0.96125] fsize=[0.91666663 0.55       0.24749999] shifted_fpos=[ 1.25    -0.25     0.96125] lower=[ 1.         -0.45        0.68750001] upper=[ 1.5        -0.05        1.23499999] inside=False
[obj_inside_of] obj=obj obj_pos=[ 1.8035966  -0.46503207  0.9661589 ] fixture_pos=[ 1.25    -0.3      0.96125] fsize=[0.91666663 0.55       0.24749999] shifted_fpos=[ 1.25    -0.25     0.96125] lower=[ 1.         -0.45        0.68750001] upper=[ 1.5        -0.05        1.23499999] inside=False
[obj_inside_of] obj=obj obj_pos=[ 1.8035966  -0.46503207  0.9661589 ] fixture_pos=[ 1.25    -0.3      0.96125] fsize=[0.91666663 0.55       0.24749999] shifted_fpos=[ 1.25    -0.25     0.96125] lower=[ 1.         -0.45        0.68750001] upper=[ 1.5        -0.05        1.23499999] inside=False
[obj_inside_of] obj=obj obj_pos=[ 1.8035966  -0.46503207  0.9661589 ] fixture_pos=[ 1.25    -0.3      0.96125] fsize=[0.91666663 0.55       0.24749999] shifted_fpos=[ 1.25    -0.25     0.96125] lower=[ 1.         -0.45        0.68750001] upper=[ 1.5        -0.05        1.23499999] inside=False
[obj_inside_of] obj=obj obj_pos=[ 1.8035966  -0.46503207  0.9661589 ] fixture_pos=[ 1.25    -0.3      0.96125] fsize=[0.91666663 0.55       0.24749999] shifted_fpos=[ 1.25    -0.25     0.96125] lower=[ 1.         -0.45        0.68750001] upper=[ 1.5        -0.05        1.23499999] inside=False
[obj_inside_of] obj=obj obj_pos=[ 1.8035966  -0.46503207  0.9661589 ] fixture_pos=[ 1.25    -0.3      0.96125] fsize=[0.91666663 0.55       0.24749999] shifted_fpos=[ 1.25    -0.25     0.96125] lower=[ 1.         -0.45        0.68750001] upper=[ 1.5        -0.05        1.23499999] inside=False
[obj_inside_of] obj=obj obj_pos=[ 1.8035966  -0.46503207  0.9661589 ] fixture_pos=[ 1.25    -0.3      0.96125] fsize=[0.91666663 0.55       0.24749999] shifted_fpos=[ 1.25    -0.25     0.96125] lower=[ 1.         -0.45        0.68750001] upper=[ 1.5        -0.05        1.23499999] inside=False
[obj_inside_of] obj=obj obj_pos=[ 1.8035966  -0.46503207  0.9661589 ] fixture_pos=[ 1.25    -0.3      0.96125] fsize=[0.91666663 0.55       0.24749999] shifted_fpos=[ 1.25    -0.25     0.96125] lower=[ 1.         -0.45        0.68750001] upper=[ 1.5        -0.05        1.23499999] inside=False
[obj_inside_of] obj=obj obj_pos=[ 1.8035966  -0.46503207  0.9661589 ] fixture_pos=[ 1.25    -0.3      0.96125] fsize=[0.91666663 0.55       0.24749999] shifted_fpos=[ 1.25    -0.25     0.96125] lower=[ 1.         -0.45        0.68750001] upper=[ 1.5        -0.05        1.23499999] inside=False
[obj_inside_of] obj=obj obj_pos=[ 1.8035966  -0.46503207  0.9661589 ] fixture_pos=[ 1.25    -0.3      0.96125] fsize=[0.91666663 0.55       0.24749999] shifted_fpos=[ 1.25    -0.25     0.96125] lower=[ 1.         -0.45        0.68750001] upper=[ 1.5        -0.05        1.23499999] inside=False
[obj_inside_of] obj=obj obj_pos=[ 1.8035966  -0.46503207  0.9661589 ] fixture_pos=[ 1.25    -0.3      0.96125] fsize=[0.91666663 0.55       0.24749999] shifted_fpos=[ 1.25    -0.25     0.96125] lower=[ 1.         -0.45        0.68750001] upper=[ 1.5        -0.05        1.23499999] inside=False
[obj_inside_of] obj=obj obj_pos=[ 1.8035966  -0.46503207  0.9661589 ] fixture_pos=[ 1.25    -0.3      0.96125] fsize=[0.91666663 0.55       0.24749999] shifted_fpos=[ 1.25    -0.25     0.96125] lower=[ 1.         -0.45        0.68750001] upper=[ 1.5        -0.05        1.23499999] inside=False
[obj_inside_of] obj=obj obj_pos=[ 1.8035966  -0.46503207  0.9661589 ] fixture_pos=[ 1.25    -0.3      0.96125] fsize=[0.91666663 0.55       0.24749999] shifted_fpos=[ 1.25    -0.25     0.96125] lower=[ 1.         -0.45        0.68750001] upper=[ 1.5        -0.05        1.23499999] inside=False
[obj_inside_of] obj=obj obj_pos=[ 1.8035966  -0.46503207  0.9661589 ] fixture_pos=[ 1.25    -0.3      0.96125] fsize=[0.91666663 0.55       0.24749999] shifted_fpos=[ 1.25    -0.25     0.96125] lower=[ 1.         -0.45        0.68750001] upper=[ 1.5        -0.05        1.23499999] inside=False
[obj_inside_of] obj=obj obj_pos=[ 1.8035966  -0.46503207  0.9661589 ] fixture_pos=[ 1.25    -0.3      0.96125] fsize=[0.91666663 0.55       0.24749999] shifted_fpos=[ 1.25    -0.25     0.96125] lower=[ 1.         -0.45        0.68750001] upper=[ 1.5        -0.05        1.23499999] inside=False
[obj_inside_of] obj=obj obj_pos=[ 1.8035966  -0.46503207  0.9661589 ] fixture_pos=[ 1.25    -0.3      0.96125] fsize=[0.91666663 0.55       0.24749999] shifted_fpos=[ 1.25    -0.25     0.96125] lower=[ 1.         -0.45        0.68750001] upper=[ 1.5        -0.05        1.23499999] inside=False
[obj_inside_of] obj=obj obj_pos=[ 1.8035966  -0.46503207  0.9661589 ] fixture_pos=[ 1.25    -0.3      0.96125] fsize=[0.91666663 0.55       0.24749999] shifted_fpos=[ 1.25    -0.25     0.96125] lower=[ 1.         -0.45        0.68750001] upper=[ 1.5        -0.05        1.23499999] inside=False
[obj_inside_of] obj=obj obj_pos=[ 1.8035966  -0.46503207  0.9661589 ] fixture_pos=[ 1.25    -0.3      0.96125] fsize=[0.91666663 0.55       0.24749999] shifted_fpos=[ 1.25    -0.25     0.96125] lower=[ 1.         -0.45        0.68750001] upper=[ 1.5        -0.05        1.23499999] inside=False
[obj_inside_of] obj=obj obj_pos=[ 1.8035966  -0.46503207  0.9661589 ] fixture_pos=[ 1.25    -0.3      0.96125] fsize=[0.91666663 0.55       0.24749999] shifted_fpos=[ 1.25    -0.25     0.96125] lower=[ 1.         -0.45        0.68750001] upper=[ 1.5        -0.05        1.23499999] inside=False
[obj_inside_of] obj=obj obj_pos=[ 1.8035966  -0.46503207  0.9661589 ] fixture_pos=[ 1.25    -0.3      0.96125] fsize=[0.91666663 0.55       0.24749999] shifted_fpos=[ 1.25    -0.25     0.96125] lower=[ 1.         -0.45        0.68750001] upper=[ 1.5        -0.05        1.23499999] inside=False
[obj_inside_of] obj=obj obj_pos=[ 1.8035966  -0.46503207  0.9661589 ] fixture_pos=[ 1.25    -0.3      0.96125] fsize=[0.91666663 0.55       0.24749999] shifted_fpos=[ 1.25    -0.25     0.96125] lower=[ 1.         -0.45        0.68750001] upper=[ 1.5        -0.05        1.23499999] inside=False
[obj_inside_of] obj=obj obj_pos=[ 1.8035966  -0.46503207  0.9661589 ] fixture_pos=[ 1.25    -0.3      0.96125] fsize=[0.91666663 0.55       0.24749999] shifted_fpos=[ 1.25    -0.25     0.96125] lower=[ 1.         -0.45        0.68750001] upper=[ 1.5        -0.05        1.23499999] inside=False
[obj_inside_of] obj=obj obj_pos=[ 1.8035966  -0.46503207  0.9661589 ] fixture_pos=[ 1.25    -0.3      0.96125] fsize=[0.91666663 0.55       0.24749999] shifted_fpos=[ 1.25    -0.25     0.96125] lower=[ 1.         -0.45        0.68750001] upper=[ 1.5        -0.05        1.23499999] inside=False
[obj_inside_of] obj=obj obj_pos=[ 1.8035966  -0.46503207  0.9661589 ] fixture_pos=[ 1.25    -0.3      0.96125] fsize=[0.91666663 0.55       0.24749999] shifted_fpos=[ 1.25    -0.25     0.96125] lower=[ 1.         -0.45        0.68750001] upper=[ 1.5        -0.05        1.23499999] inside=False
[obj_inside_of] obj=obj obj_pos=[ 1.8035966  -0.46503207  0.9661589 ] fixture_pos=[ 1.25    -0.3      0.96125] fsize=[0.91666663 0.55       0.24749999] shifted_fpos=[ 1.25    -0.25     0.96125] lower=[ 1.         -0.45        0.68750001] upper=[ 1.5        -0.05        1.23499999] inside=False
[obj_inside_of] obj=obj obj_pos=[ 1.8035966  -0.46503207  0.9661589 ] fixture_pos=[ 1.25    -0.3      0.96125] fsize=[0.91666663 0.55       0.24749999] shifted_fpos=[ 1.25    -0.25     0.96125] lower=[ 1.         -0.45        0.68750001] upper=[ 1.5        -0.05        1.23499999] inside=False
[obj_inside_of] obj=obj obj_pos=[ 1.8035966  -0.46503207  0.9661589 ] fixture_pos=[ 1.25    -0.3      0.96125] fsize=[0.91666663 0.55       0.24749999] shifted_fpos=[ 1.25    -0.25     0.96125] lower=[ 1.         -0.45        0.68750001] upper=[ 1.5        -0.05        1.23499999] inside=False
[obj_inside_of] obj=obj obj_pos=[ 1.8035966  -0.46503207  0.9661589 ] fixture_pos=[ 1.25    -0.3      0.96125] fsize=[0.91666663 0.55       0.24749999] shifted_fpos=[ 1.25    -0.25     0.96125] lower=[ 1.         -0.45        0.68750001] upper=[ 1.5        -0.05        1.23499999] inside=False
[obj_inside_of] obj=obj obj_pos=[ 1.8035966  -0.46503207  0.9661589 ] fixture_pos=[ 1.25    -0.3      0.96125] fsize=[0.91666663 0.55       0.24749999] shifted_fpos=[ 1.25    -0.25     0.96125] lower=[ 1.         -0.45        0.68750001] upper=[ 1.5        -0.05        1.23499999] inside=False
[obj_inside_of] obj=obj obj_pos=[ 1.8035966  -0.46503207  0.9661589 ] fixture_pos=[ 1.25    -0.3      0.96125] fsize=[0.91666663 0.55       0.24749999] shifted_fpos=[ 1.25    -0.25     0.96125] lower=[ 1.         -0.45        0.68750001] upper=[ 1.5        -0.05        1.23499999] inside=False
[obj_inside_of] obj=obj obj_pos=[ 1.8035966  -0.46503207  0.9661589 ] fixture_pos=[ 1.25    -0.3      0.96125] fsize=[0.91666663 0.55       0.24749999] shifted_fpos=[ 1.25    -0.25     0.96125] lower=[ 1.         -0.45        0.68750001] upper=[ 1.5        -0.05        1.23499999] inside=False
[obj_inside_of] obj=obj obj_pos=[ 1.8035966  -0.46503207  0.9661589 ] fixture_pos=[ 1.25    -0.3      0.96125] fsize=[0.91666663 0.55       0.24749999] shifted_fpos=[ 1.25    -0.25     0.96125] lower=[ 1.         -0.45        0.68750001] upper=[ 1.5        -0.05        1.23499999] inside=False
[obj_inside_of] obj=obj obj_pos=[ 1.8035966  -0.46503207  0.9661589 ] fixture_pos=[ 1.25    -0.3      0.96125] fsize=[0.91666663 0.55       0.24749999] shifted_fpos=[ 1.25    -0.25     0.96125] lower=[ 1.         -0.45        0.68750001] upper=[ 1.5        -0.05        1.23499999] inside=False
[obj_inside_of] obj=obj obj_pos=[ 1.8035966  -0.46503207  0.9661589 ] fixture_pos=[ 1.25    -0.3      0.96125] fsize=[0.91666663 0.55       0.24749999] shifted_fpos=[ 1.25    -0.25     0.96125] lower=[ 1.         -0.45        0.68750001] upper=[ 1.5        -0.05        1.23499999] inside=False
[obj_inside_of] obj=obj obj_pos=[ 1.8035966  -0.46503207  0.9661589 ] fixture_pos=[ 1.25    -0.3      0.96125] fsize=[0.91666663 0.55       0.24749999] shifted_fpos=[ 1.25    -0.25     0.96125] lower=[ 1.         -0.45        0.68750001] upper=[ 1.5        -0.05        1.23499999] inside=False
[obj_inside_of] obj=obj obj_pos=[ 1.8035966  -0.46503207  0.9661589 ] fixture_pos=[ 1.25    -0.3      0.96125] fsize=[0.91666663 0.55       0.24749999] shifted_fpos=[ 1.25    -0.25     0.96125] lower=[ 1.         -0.45        0.68750001] upper=[ 1.5        -0.05        1.23499999] inside=False
[obj_inside_of] obj=obj obj_pos=[ 1.8035966  -0.46503207  0.9661589 ] fixture_pos=[ 1.25    -0.3      0.96125] fsize=[0.91666663 0.55       0.24749999] shifted_fpos=[ 1.25    -0.25     0.96125] lower=[ 1.         -0.45        0.68750001] upper=[ 1.5        -0.05        1.23499999] inside=False
[obj_inside_of] obj=obj obj_pos=[ 1.8035966  -0.46503207  0.9661589 ] fixture_pos=[ 1.25    -0.3      0.96125] fsize=[0.91666663 0.55       0.24749999] shifted_fpos=[ 1.25    -0.25     0.96125] lower=[ 1.         -0.45        0.68750001] upper=[ 1.5        -0.05        1.23499999] inside=False
[obj_inside_of] obj=obj obj_pos=[ 1.8035966  -0.46503207  0.9661589 ] fixture_pos=[ 1.25    -0.3      0.96125] fsize=[0.91666663 0.55       0.24749999] shifted_fpos=[ 1.25    -0.25     0.96125] lower=[ 1.         -0.45        0.68750001] upper=[ 1.5        -0.05        1.23499999] inside=False
[obj_inside_of] obj=obj obj_pos=[ 1.8035966  -0.46503207  0.9661589 ] fixture_pos=[ 1.25    -0.3      0.96125] fsize=[0.91666663 0.55       0.24749999] shifted_fpos=[ 1.25    -0.25     0.96125] lower=[ 1.         -0.45        0.68750001] upper=[ 1.5        -0.05        1.23499999] inside=False
[obj_inside_of] obj=obj obj_pos=[ 1.8035966  -0.46503207  0.9661589 ] fixture_pos=[ 1.25    -0.3      0.96125] fsize=[0.91666663 0.55       0.24749999] shifted_fpos=[ 1.25    -0.25     0.96125] lower=[ 1.         -0.45        0.68750001] upper=[ 1.5        -0.05        1.23499999] inside=False
[obj_inside_of] obj=obj obj_pos=[ 1.8035966  -0.46503207  0.9661589 ] fixture_pos=[ 1.25    -0.3      0.96125] fsize=[0.91666663 0.55       0.24749999] shifted_fpos=[ 1.25    -0.25     0.96125] lower=[ 1.         -0.45        0.68750001] upper=[ 1.5        -0.05        1.23499999] inside=False
[obj_inside_of] obj=obj obj_pos=[ 1.8035966  -0.46503207  0.9661589 ] fixture_pos=[ 1.25    -0.3      0.96125] fsize=[0.91666663 0.55       0.24749999] shifted_fpos=[ 1.25    -0.25     0.96125] lower=[ 1.         -0.45        0.68750001] upper=[ 1.5        -0.05        1.23499999] inside=False
[obj_inside_of] obj=obj obj_pos=[ 1.8035966  -0.46503207  0.9661589 ] fixture_pos=[ 1.25    -0.3      0.96125] fsize=[0.91666663 0.55       0.24749999] shifted_fpos=[ 1.25    -0.25     0.96125] lower=[ 1.         -0.45        0.68750001] upper=[ 1.5        -0.05        1.23499999] inside=False
[obj_inside_of] obj=obj obj_pos=[ 1.8035966  -0.46503207  0.9661589 ] fixture_pos=[ 1.25    -0.3      0.96125] fsize=[0.91666663 0.55       0.24749999] shifted_fpos=[ 1.25    -0.25     0.96125] lower=[ 1.         -0.45        0.68750001] upper=[ 1.5        -0.05        1.23499999] inside=False
[obj_inside_of] obj=obj obj_pos=[ 1.8035966  -0.46503207  0.9661589 ] fixture_pos=[ 1.25    -0.3      0.96125] fsize=[0.91666663 0.55       0.24749999] shifted_fpos=[ 1.25    -0.25     0.96125] lower=[ 1.         -0.45        0.68750001] upper=[ 1.5        -0.05        1.23499999] inside=False
[obj_inside_of] obj=obj obj_pos=[ 1.8035966  -0.46503207  0.9661589 ] fixture_pos=[ 1.25    -0.3      0.96125] fsize=[0.91666663 0.55       0.24749999] shifted_fpos=[ 1.25    -0.25     0.96125] lower=[ 1.         -0.45        0.68750001] upper=[ 1.5        -0.05        1.23499999] inside=False
[obj_inside_of] obj=obj obj_pos=[ 1.8035966  -0.46503207  0.9661589 ] fixture_pos=[ 1.25    -0.3      0.96125] fsize=[0.91666663 0.55       0.24749999] shifted_fpos=[ 1.25    -0.25     0.96125] lower=[ 1.         -0.45        0.68750001] upper=[ 1.5        -0.05        1.23499999] inside=False
[obj_inside_of] obj=obj obj_pos=[ 1.8035966  -0.46503207  0.9661589 ] fixture_pos=[ 1.25    -0.3      0.96125] fsize=[0.91666663 0.55       0.24749999] shifted_fpos=[ 1.25    -0.25     0.96125] lower=[ 1.         -0.45        0.68750001] upper=[ 1.5        -0.05        1.23499999] inside=False
[obj_inside_of] obj=obj obj_pos=[ 1.8035966  -0.46503207  0.9661589 ] fixture_pos=[ 1.25    -0.3      0.96125] fsize=[0.91666663 0.55       0.24749999] shifted_fpos=[ 1.25    -0.25     0.96125] lower=[ 1.         -0.45        0.68750001] upper=[ 1.5        -0.05        1.23499999] inside=False
[obj_inside_of] obj=obj obj_pos=[ 1.8035966  -0.46503207  0.9661589 ] fixture_pos=[ 1.25    -0.3      0.96125] fsize=[0.91666663 0.55       0.24749999] shifted_fpos=[ 1.25    -0.25     0.96125] lower=[ 1.         -0.45        0.68750001] upper=[ 1.5        -0.05        1.23499999] inside=False
[obj_inside_of] obj=obj obj_pos=[ 1.8035966  -0.46503207  0.9661589 ] fixture_pos=[ 1.25    -0.3      0.96125] fsize=[0.91666663 0.55       0.24749999] shifted_fpos=[ 1.25    -0.25     0.96125] lower=[ 1.         -0.45        0.68750001] upper=[ 1.5        -0.05        1.23499999] inside=False
[obj_inside_of] obj=obj obj_pos=[ 1.8035966  -0.46503207  0.9661589 ] fixture_pos=[ 1.25    -0.3      0.96125] fsize=[0.91666663 0.55       0.24749999] shifted_fpos=[ 1.25    -0.25     0.96125] lower=[ 1.         -0.45        0.68750001] upper=[ 1.5        -0.05        1.23499999] inside=False
[obj_inside_of] obj=obj obj_pos=[ 1.8035966  -0.46503207  0.9661589 ] fixture_pos=[ 1.25    -0.3      0.96125] fsize=[0.91666663 0.55       0.24749999] shifted_fpos=[ 1.25    -0.25     0.96125] lower=[ 1.         -0.45        0.68750001] upper=[ 1.5        -0.05        1.23499999] inside=False
[obj_inside_of] obj=obj obj_pos=[ 1.8035966  -0.46503207  0.9661589 ] fixture_pos=[ 1.25    -0.3      0.96125] fsize=[0.91666663 0.55       0.24749999] shifted_fpos=[ 1.25    -0.25     0.96125] lower=[ 1.         -0.45        0.68750001] upper=[ 1.5        -0.05        1.23499999] inside=False
[obj_inside_of] obj=obj obj_pos=[ 1.8035966  -0.46503207  0.9661589 ] fixture_pos=[ 1.25    -0.3      0.96125] fsize=[0.91666663 0.55       0.24749999] shifted_fpos=[ 1.25    -0.25     0.96125] lower=[ 1.         -0.45        0.68750001] upper=[ 1.5        -0.05        1.23499999] inside=False
[obj_inside_of] obj=obj obj_pos=[ 1.8035966  -0.46503207  0.9661589 ] fixture_pos=[ 1.25    -0.3      0.96125] fsize=[0.91666663 0.55       0.24749999] shifted_fpos=[ 1.25    -0.25     0.96125] lower=[ 1.         -0.45        0.68750001] upper=[ 1.5        -0.05        1.23499999] inside=False
[obj_inside_of] obj=obj obj_pos=[ 1.8035966  -0.46503207  0.9661589 ] fixture_pos=[ 1.25    -0.3      0.96125] fsize=[0.91666663 0.55       0.24749999] shifted_fpos=[ 1.25    -0.25     0.96125] lower=[ 1.         -0.45        0.68750001] upper=[ 1.5        -0.05        1.23499999] inside=False
[obj_inside_of] obj=obj obj_pos=[ 1.8035966  -0.46503207  0.9661589 ] fixture_pos=[ 1.25    -0.3      0.96125] fsize=[0.91666663 0.55       0.24749999] shifted_fpos=[ 1.25    -0.25     0.96125] lower=[ 1.         -0.45        0.68750001] upper=[ 1.5        -0.05        1.23499999] inside=False
[obj_inside_of] obj=obj obj_pos=[ 1.8035966  -0.46503207  0.9661589 ] fixture_pos=[ 1.25    -0.3      0.96125] fsize=[0.91666663 0.55       0.24749999] shifted_fpos=[ 1.25    -0.25     0.96125] lower=[ 1.         -0.45        0.68750001] upper=[ 1.5        -0.05        1.23499999] inside=False
[obj_inside_of] obj=obj obj_pos=[ 1.8035966  -0.46503207  0.9661589 ] fixture_pos=[ 1.25    -0.3      0.96125] fsize=[0.91666663 0.55       0.24749999] shifted_fpos=[ 1.25    -0.25     0.96125] lower=[ 1.         -0.45        0.68750001] upper=[ 1.5        -0.05        1.23499999] inside=False
[obj_inside_of] obj=obj obj_pos=[ 1.8035966  -0.46503207  0.9661589 ] fixture_pos=[ 1.25    -0.3      0.96125] fsize=[0.91666663 0.55       0.24749999] shifted_fpos=[ 1.25    -0.25     0.96125] lower=[ 1.         -0.45        0.68750001] upper=[ 1.5        -0.05        1.23499999] inside=False
[obj_inside_of] obj=obj obj_pos=[ 1.8035966  -0.46503207  0.9661589 ] fixture_pos=[ 1.25    -0.3      0.96125] fsize=[0.91666663 0.55       0.24749999] shifted_fpos=[ 1.25    -0.25     0.96125] lower=[ 1.         -0.45        0.68750001] upper=[ 1.5        -0.05        1.23499999] inside=False
[obj_inside_of] obj=obj obj_pos=[ 1.8035966  -0.46503207  0.9661589 ] fixture_pos=[ 1.25    -0.3      0.96125] fsize=[0.91666663 0.55       0.24749999] shifted_fpos=[ 1.25    -0.25     0.96125] lower=[ 1.         -0.45        0.68750001] upper=[ 1.5        -0.05        1.23499999] inside=False
[obj_inside_of] obj=obj obj_pos=[ 1.8035966  -0.46503207  0.9661589 ] fixture_pos=[ 1.25    -0.3      0.96125] fsize=[0.91666663 0.55       0.24749999] shifted_fpos=[ 1.25    -0.25     0.96125] lower=[ 1.         -0.45        0.68750001] upper=[ 1.5        -0.05        1.23499999] inside=False
[obj_inside_of] obj=obj obj_pos=[ 1.8035966  -0.46503207  0.9661589 ] fixture_pos=[ 1.25    -0.3      0.96125] fsize=[0.91666663 0.55       0.24749999] shifted_fpos=[ 1.25    -0.25     0.96125] lower=[ 1.         -0.45        0.68750001] upper=[ 1.5        -0.05        1.23499999] inside=False
[obj_inside_of] obj=obj obj_pos=[ 1.8035966  -0.46503207  0.9661589 ] fixture_pos=[ 1.25    -0.3      0.96125] fsize=[0.91666663 0.55       0.24749999] shifted_fpos=[ 1.25    -0.25     0.96125] lower=[ 1.         -0.45        0.68750001] upper=[ 1.5        -0.05        1.23499999] inside=False
[obj_inside_of] obj=obj obj_pos=[ 1.8035966  -0.46503207  0.9661589 ] fixture_pos=[ 1.25    -0.3      0.96125] fsize=[0.91666663 0.55       0.24749999] shifted_fpos=[ 1.25    -0.25     0.96125] lower=[ 1.         -0.45        0.68750001] upper=[ 1.5        -0.05        1.23499999] inside=False
[obj_inside_of] obj=obj obj_pos=[ 1.8035966  -0.46503207  0.9661589 ] fixture_pos=[ 1.25    -0.3      0.96125] fsize=[0.91666663 0.55       0.24749999] shifted_fpos=[ 1.25    -0.25     0.96125] lower=[ 1.         -0.45        0.68750001] upper=[ 1.5        -0.05        1.23499999] inside=False
[obj_inside_of] obj=obj obj_pos=[ 1.8035966  -0.46503207  0.9661589 ] fixture_pos=[ 1.25    -0.3      0.96125] fsize=[0.91666663 0.55       0.24749999] shifted_fpos=[ 1.25    -0.25     0.96125] lower=[ 1.         -0.45        0.68750001] upper=[ 1.5        -0.05        1.23499999] inside=False
[obj_inside_of] obj=obj obj_pos=[ 1.8035966  -0.46503207  0.9661589 ] fixture_pos=[ 1.25    -0.3      0.96125] fsize=[0.91666663 0.55       0.24749999] shifted_fpos=[ 1.25    -0.25     0.96125] lower=[ 1.         -0.45        0.68750001] upper=[ 1.5        -0.05        1.23499999] inside=False
[obj_inside_of] obj=obj obj_pos=[ 1.8035966  -0.46503207  0.9661589 ] fixture_pos=[ 1.25    -0.3      0.96125] fsize=[0.91666663 0.55       0.24749999] shifted_fpos=[ 1.25    -0.25     0.96125] lower=[ 1.         -0.45        0.68750001] upper=[ 1.5        -0.05        1.23499999] inside=False
[obj_inside_of] obj=obj obj_pos=[ 1.8035966  -0.46503207  0.9661589 ] fixture_pos=[ 1.25    -0.3      0.96125] fsize=[0.91666663 0.55       0.24749999] shifted_fpos=[ 1.25    -0.25     0.96125] lower=[ 1.         -0.45        0.68750001] upper=[ 1.5        -0.05        1.23499999] inside=False
[obj_inside_of] obj=obj obj_pos=[ 1.8035966  -0.46503207  0.9661589 ] fixture_pos=[ 1.25    -0.3      0.96125] fsize=[0.91666663 0.55       0.24749999] shifted_fpos=[ 1.25    -0.25     0.96125] lower=[ 1.         -0.45        0.68750001] upper=[ 1.5        -0.05        1.23499999] inside=False
[obj_inside_of] obj=obj obj_pos=[ 1.8035966  -0.46503207  0.9661589 ] fixture_pos=[ 1.25    -0.3      0.96125] fsize=[0.91666663 0.55       0.24749999] shifted_fpos=[ 1.25    -0.25     0.96125] lower=[ 1.         -0.45        0.68750001] upper=[ 1.5        -0.05        1.23499999] inside=False
[obj_inside_of] obj=obj obj_pos=[ 1.8035966  -0.46503207  0.9661589 ] fixture_pos=[ 1.25    -0.3      0.96125] fsize=[0.91666663 0.55       0.24749999] shifted_fpos=[ 1.25    -0.25     0.96125] lower=[ 1.         -0.45        0.68750001] upper=[ 1.5        -0.05        1.23499999] inside=False
[obj_inside_of] obj=obj obj_pos=[ 1.8035966  -0.46503207  0.9661589 ] fixture_pos=[ 1.25    -0.3      0.96125] fsize=[0.91666663 0.55       0.24749999] shifted_fpos=[ 1.25    -0.25     0.96125] lower=[ 1.         -0.45        0.68750001] upper=[ 1.5        -0.05        1.23499999] inside=False
[obj_inside_of] obj=obj obj_pos=[ 1.8035966  -0.46503207  0.9661589 ] fixture_pos=[ 1.25    -0.3      0.96125] fsize=[0.91666663 0.55       0.24749999] shifted_fpos=[ 1.25    -0.25     0.96125] lower=[ 1.         -0.45        0.68750001] upper=[ 1.5        -0.05        1.23499999] inside=False
[obj_inside_of] obj=obj obj_pos=[ 1.8035966  -0.46503207  0.9661589 ] fixture_pos=[ 1.25    -0.3      0.96125] fsize=[0.91666663 0.55       0.24749999] shifted_fpos=[ 1.25    -0.25     0.96125] lower=[ 1.         -0.45        0.68750001] upper=[ 1.5        -0.05        1.23499999] inside=False
[obj_inside_of] obj=obj obj_pos=[ 1.8035966  -0.46503207  0.9661589 ] fixture_pos=[ 1.25    -0.3      0.96125] fsize=[0.91666663 0.55       0.24749999] shifted_fpos=[ 1.25    -0.25     0.96125] lower=[ 1.         -0.45        0.68750001] upper=[ 1.5        -0.05        1.23499999] inside=False
[obj_inside_of] obj=obj obj_pos=[ 1.8035966  -0.46503207  0.9661589 ] fixture_pos=[ 1.25    -0.3      0.96125] fsize=[0.91666663 0.55       0.24749999] shifted_fpos=[ 1.25    -0.25     0.96125] lower=[ 1.         -0.45        0.68750001] upper=[ 1.5        -0.05        1.23499999] inside=False
[obj_inside_of] obj=obj obj_pos=[ 1.8035966  -0.46503207  0.9661589 ] fixture_pos=[ 1.25    -0.3      0.96125] fsize=[0.91666663 0.55       0.24749999] shifted_fpos=[ 1.25    -0.25     0.96125] lower=[ 1.         -0.45        0.68750001] upper=[ 1.5        -0.05        1.23499999] inside=False
[obj_inside_of] obj=obj obj_pos=[ 1.8035966  -0.46503207  0.9661589 ] fixture_pos=[ 1.25    -0.3      0.96125] fsize=[0.91666663 0.55       0.24749999] shifted_fpos=[ 1.25    -0.25     0.96125] lower=[ 1.         -0.45        0.68750001] upper=[ 1.5        -0.05        1.23499999] inside=False
[obj_inside_of] obj=obj obj_pos=[ 1.8035966  -0.46503207  0.9661589 ] fixture_pos=[ 1.25    -0.3      0.96125] fsize=[0.91666663 0.55       0.24749999] shifted_fpos=[ 1.25    -0.25     0.96125] lower=[ 1.         -0.45        0.68750001] upper=[ 1.5        -0.05        1.23499999] inside=False
[obj_inside_of] obj=obj obj_pos=[ 1.8035966  -0.46503207  0.9661589 ] fixture_pos=[ 1.25    -0.3      0.96125] fsize=[0.91666663 0.55       0.24749999] shifted_fpos=[ 1.25    -0.25     0.96125] lower=[ 1.         -0.45        0.68750001] upper=[ 1.5        -0.05        1.23499999] inside=False
[obj_inside_of] obj=obj obj_pos=[ 1.8035966  -0.46503207  0.9661589 ] fixture_pos=[ 1.25    -0.3      0.96125] fsize=[0.91666663 0.55       0.24749999] shifted_fpos=[ 1.25    -0.25     0.96125] lower=[ 1.         -0.45        0.68750001] upper=[ 1.5        -0.05        1.23499999] inside=False
[obj_inside_of] obj=obj obj_pos=[ 1.8035966  -0.46503207  0.9661589 ] fixture_pos=[ 1.25    -0.3      0.96125] fsize=[0.91666663 0.55       0.24749999] shifted_fpos=[ 1.25    -0.25     0.96125] lower=[ 1.         -0.45        0.68750001] upper=[ 1.5        -0.05        1.23499999] inside=False
[obj_inside_of] obj=obj obj_pos=[ 1.8035966  -0.46503207  0.9661589 ] fixture_pos=[ 1.25    -0.3      0.96125] fsize=[0.91666663 0.55       0.24749999] shifted_fpos=[ 1.25    -0.25     0.96125] lower=[ 1.         -0.45        0.68750001] upper=[ 1.5        -0.05        1.23499999] inside=False
[obj_inside_of] obj=obj obj_pos=[ 1.8035966  -0.46503207  0.9661589 ] fixture_pos=[ 1.25    -0.3      0.96125] fsize=[0.91666663 0.55       0.24749999] shifted_fpos=[ 1.25    -0.25     0.96125] lower=[ 1.         -0.45        0.68750001] upper=[ 1.5        -0.05        1.23499999] inside=False
[obj_inside_of] obj=obj obj_pos=[ 1.8035966  -0.46503207  0.9661589 ] fixture_pos=[ 1.25    -0.3      0.96125] fsize=[0.91666663 0.55       0.24749999] shifted_fpos=[ 1.25    -0.25     0.96125] lower=[ 1.         -0.45        0.68750001] upper=[ 1.5        -0.05        1.23499999] inside=False
[obj_inside_of] obj=obj obj_pos=[ 1.8035966  -0.46503207  0.9661589 ] fixture_pos=[ 1.25    -0.3      0.96125] fsize=[0.91666663 0.55       0.24749999] shifted_fpos=[ 1.25    -0.25     0.96125] lower=[ 1.         -0.45        0.68750001] upper=[ 1.5        -0.05        1.23499999] inside=False
[obj_inside_of] obj=obj obj_pos=[ 1.8035966  -0.46503207  0.9661589 ] fixture_pos=[ 1.25    -0.3      0.96125] fsize=[0.91666663 0.55       0.24749999] shifted_fpos=[ 1.25    -0.25     0.96125] lower=[ 1.         -0.45        0.68750001] upper=[ 1.5        -0.05        1.23499999] inside=False
[obj_inside_of] obj=obj obj_pos=[ 1.8035966  -0.46503207  0.9661589 ] fixture_pos=[ 1.25    -0.3      0.96125] fsize=[0.91666663 0.55       0.24749999] shifted_fpos=[ 1.25    -0.25     0.96125] lower=[ 1.         -0.45        0.68750001] upper=[ 1.5        -0.05        1.23499999] inside=False
[obj_inside_of] obj=obj obj_pos=[ 1.8035966  -0.46503207  0.9661589 ] fixture_pos=[ 1.25    -0.3      0.96125] fsize=[0.91666663 0.55       0.24749999] shifted_fpos=[ 1.25    -0.25     0.96125] lower=[ 1.         -0.45        0.68750001] upper=[ 1.5        -0.05        1.23499999] inside=False
[obj_inside_of] obj=obj obj_pos=[ 1.8035966  -0.46503207  0.9661589 ] fixture_pos=[ 1.25    -0.3      0.96125] fsize=[0.91666663 0.55       0.24749999] shifted_fpos=[ 1.25    -0.25     0.96125] lower=[ 1.         -0.45        0.68750001] upper=[ 1.5        -0.05        1.23499999] inside=False
[obj_inside_of] obj=obj obj_pos=[ 1.8035966  -0.46503207  0.9661589 ] fixture_pos=[ 1.25    -0.3      0.96125] fsize=[0.91666663 0.55       0.24749999] shifted_fpos=[ 1.25    -0.25     0.96125] lower=[ 1.         -0.45        0.68750001] upper=[ 1.5        -0.05        1.23499999] inside=False
[obj_inside_of] obj=obj obj_pos=[ 1.8035966  -0.46503207  0.9661589 ] fixture_pos=[ 1.25    -0.3      0.96125] fsize=[0.91666663 0.55       0.24749999] shifted_fpos=[ 1.25    -0.25     0.96125] lower=[ 1.         -0.45        0.68750001] upper=[ 1.5        -0.05        1.23499999] inside=False
[obj_inside_of] obj=obj obj_pos=[ 1.8035966  -0.46503207  0.9661589 ] fixture_pos=[ 1.25    -0.3      0.96125] fsize=[0.91666663 0.55       0.24749999] shifted_fpos=[ 1.25    -0.25     0.96125] lower=[ 1.         -0.45        0.68750001] upper=[ 1.5        -0.05        1.23499999] inside=False
[obj_inside_of] obj=obj obj_pos=[ 1.8035966  -0.46503207  0.9661589 ] fixture_pos=[ 1.25    -0.3      0.96125] fsize=[0.91666663 0.55       0.24749999] shifted_fpos=[ 1.25    -0.25     0.96125] lower=[ 1.         -0.45        0.68750001] upper=[ 1.5        -0.05        1.23499999] inside=False
[obj_inside_of] obj=obj obj_pos=[ 1.8035966  -0.46503207  0.9661589 ] fixture_pos=[ 1.25    -0.3      0.96125] fsize=[0.91666663 0.55       0.24749999] shifted_fpos=[ 1.25    -0.25     0.96125] lower=[ 1.         -0.45        0.68750001] upper=[ 1.5        -0.05        1.23499999] inside=False
[obj_inside_of] obj=obj obj_pos=[ 1.8035966  -0.46503207  0.9661589 ] fixture_pos=[ 1.25    -0.3      0.96125] fsize=[0.91666663 0.55       0.24749999] shifted_fpos=[ 1.25    -0.25     0.96125] lower=[ 1.         -0.45        0.68750001] upper=[ 1.5        -0.05        1.23499999] inside=False
[obj_inside_of] obj=obj obj_pos=[ 1.8035966  -0.46503207  0.9661589 ] fixture_pos=[ 1.25    -0.3      0.96125] fsize=[0.91666663 0.55       0.24749999] shifted_fpos=[ 1.25    -0.25     0.96125] lower=[ 1.         -0.45        0.68750001] upper=[ 1.5        -0.05        1.23499999] inside=False
[obj_inside_of] obj=obj obj_pos=[ 1.8035966  -0.46503207  0.9661589 ] fixture_pos=[ 1.25    -0.3      0.96125] fsize=[0.91666663 0.55       0.24749999] shifted_fpos=[ 1.25    -0.25     0.96125] lower=[ 1.         -0.45        0.68750001] upper=[ 1.5        -0.05        1.23499999] inside=False
[obj_inside_of] obj=obj obj_pos=[ 1.8035966  -0.46503207  0.9661589 ] fixture_pos=[ 1.25    -0.3      0.96125] fsize=[0.91666663 0.55       0.24749999] shifted_fpos=[ 1.25    -0.25     0.96125] lower=[ 1.         -0.45        0.68750001] upper=[ 1.5        -0.05        1.23499999] inside=False
[obj_inside_of] obj=obj obj_pos=[ 1.8035966  -0.46503207  0.9661589 ] fixture_pos=[ 1.25    -0.3      0.96125] fsize=[0.91666663 0.55       0.24749999] shifted_fpos=[ 1.25    -0.25     0.96125] lower=[ 1.         -0.45        0.68750001] upper=[ 1.5        -0.05        1.23499999] inside=False
[obj_inside_of] obj=obj obj_pos=[ 1.8035966  -0.46503207  0.9661589 ] fixture_pos=[ 1.25    -0.3      0.96125] fsize=[0.91666663 0.55       0.24749999] shifted_fpos=[ 1.25    -0.25     0.96125] lower=[ 1.         -0.45        0.68750001] upper=[ 1.5        -0.05        1.23499999] inside=False
[obj_inside_of] obj=obj obj_pos=[ 1.8035966  -0.46503207  0.9661589 ] fixture_pos=[ 1.25    -0.3      0.96125] fsize=[0.91666663 0.55       0.24749999] shifted_fpos=[ 1.25    -0.25     0.96125] lower=[ 1.         -0.45        0.68750001] upper=[ 1.5        -0.05        1.23499999] inside=False
[obj_inside_of] obj=obj obj_pos=[ 1.8035966  -0.46503207  0.9661589 ] fixture_pos=[ 1.25    -0.3      0.96125] fsize=[0.91666663 0.55       0.24749999] shifted_fpos=[ 1.25    -0.25     0.96125] lower=[ 1.         -0.45        0.68750001] upper=[ 1.5        -0.05        1.23499999] inside=False
[obj_inside_of] obj=obj obj_pos=[ 1.8035966  -0.46503207  0.9661589 ] fixture_pos=[ 1.25    -0.3      0.96125] fsize=[0.91666663 0.55       0.24749999] shifted_fpos=[ 1.25    -0.25     0.96125] lower=[ 1.         -0.45        0.68750001] upper=[ 1.5        -0.05        1.23499999] inside=False
[obj_inside_of] obj=obj obj_pos=[ 1.8035966  -0.46503207  0.9661589 ] fixture_pos=[ 1.25    -0.3      0.96125] fsize=[0.91666663 0.55       0.24749999] shifted_fpos=[ 1.25    -0.25     0.96125] lower=[ 1.         -0.45        0.68750001] upper=[ 1.5        -0.05        1.23499999] inside=False
[obj_inside_of] obj=obj obj_pos=[ 1.8035966  -0.46503207  0.9661589 ] fixture_pos=[ 1.25    -0.3      0.96125] fsize=[0.91666663 0.55       0.24749999] shifted_fpos=[ 1.25    -0.25     0.96125] lower=[ 1.         -0.45        0.68750001] upper=[ 1.5        -0.05        1.23499999] inside=False
[obj_inside_of] obj=obj obj_pos=[ 1.8035966  -0.46503207  0.9661589 ] fixture_pos=[ 1.25    -0.3      0.96125] fsize=[0.91666663 0.55       0.24749999] shifted_fpos=[ 1.25    -0.25     0.96125] lower=[ 1.         -0.45        0.68750001] upper=[ 1.5        -0.05        1.23499999] inside=False
[obj_inside_of] obj=obj obj_pos=[ 1.8035966  -0.46503207  0.9661589 ] fixture_pos=[ 1.25    -0.3      0.96125] fsize=[0.91666663 0.55       0.24749999] shifted_fpos=[ 1.25    -0.25     0.96125] lower=[ 1.         -0.45        0.68750001] upper=[ 1.5        -0.05        1.23499999] inside=False
[obj_inside_of] obj=obj obj_pos=[ 1.8035966  -0.46503207  0.9661589 ] fixture_pos=[ 1.25    -0.3      0.96125] fsize=[0.91666663 0.55       0.24749999] shifted_fpos=[ 1.25    -0.25     0.96125] lower=[ 1.         -0.45        0.68750001] upper=[ 1.5        -0.05        1.23499999] inside=False
[obj_inside_of] obj=obj obj_pos=[ 1.8035966  -0.46503207  0.9661589 ] fixture_pos=[ 1.25    -0.3      0.96125] fsize=[0.91666663 0.55       0.24749999] shifted_fpos=[ 1.25    -0.25     0.96125] lower=[ 1.         -0.45        0.68750001] upper=[ 1.5        -0.05        1.23499999] inside=False
[obj_inside_of] obj=obj obj_pos=[ 1.8035966  -0.46503207  0.9661589 ] fixture_pos=[ 1.25    -0.3      0.96125] fsize=[0.91666663 0.55       0.24749999] shifted_fpos=[ 1.25    -0.25     0.96125] lower=[ 1.         -0.45        0.68750001] upper=[ 1.5        -0.05        1.23499999] inside=False
[obj_inside_of] obj=obj obj_pos=[ 1.8035966  -0.46503207  0.9661589 ] fixture_pos=[ 1.25    -0.3      0.96125] fsize=[0.91666663 0.55       0.24749999] shifted_fpos=[ 1.25    -0.25     0.96125] lower=[ 1.         -0.45        0.68750001] upper=[ 1.5        -0.05        1.23499999] inside=False
[obj_inside_of] obj=obj obj_pos=[ 1.8035966  -0.46503207  0.9661589 ] fixture_pos=[ 1.25    -0.3      0.96125] fsize=[0.91666663 0.55       0.24749999] shifted_fpos=[ 1.25    -0.25     0.96125] lower=[ 1.         -0.45        0.68750001] upper=[ 1.5        -0.05        1.23499999] inside=False
[obj_inside_of] obj=obj obj_pos=[ 1.8035966  -0.46503207  0.9661589 ] fixture_pos=[ 1.25    -0.3      0.96125] fsize=[0.91666663 0.55       0.24749999] shifted_fpos=[ 1.25    -0.25     0.96125] lower=[ 1.         -0.45        0.68750001] upper=[ 1.5        -0.05        1.23499999] inside=False
[obj_inside_of] obj=obj obj_pos=[ 1.8035966  -0.46503207  0.9661589 ] fixture_pos=[ 1.25    -0.3      0.96125] fsize=[0.91666663 0.55       0.24749999] shifted_fpos=[ 1.25    -0.25     0.96125] lower=[ 1.         -0.45        0.68750001] upper=[ 1.5        -0.05        1.23499999] inside=False
[obj_inside_of] obj=obj obj_pos=[ 1.8035966  -0.46503207  0.9661589 ] fixture_pos=[ 1.25    -0.3      0.96125] fsize=[0.91666663 0.55       0.24749999] shifted_fpos=[ 1.25    -0.25     0.96125] lower=[ 1.         -0.45        0.68750001] upper=[ 1.5        -0.05        1.23499999] inside=False
[obj_inside_of] obj=obj obj_pos=[ 1.8035966  -0.46503207  0.9661589 ] fixture_pos=[ 1.25    -0.3      0.96125] fsize=[0.91666663 0.55       0.24749999] shifted_fpos=[ 1.25    -0.25     0.96125] lower=[ 1.         -0.45        0.68750001] upper=[ 1.5        -0.05        1.23499999] inside=False
[obj_inside_of] obj=obj obj_pos=[ 1.8035966  -0.46503207  0.9661589 ] fixture_pos=[ 1.25    -0.3      0.96125] fsize=[0.91666663 0.55       0.24749999] shifted_fpos=[ 1.25    -0.25     0.96125] lower=[ 1.         -0.45        0.68750001] upper=[ 1.5        -0.05        1.23499999] inside=False
[obj_inside_of] obj=obj obj_pos=[ 1.8035966  -0.46503207  0.9661589 ] fixture_pos=[ 1.25    -0.3      0.96125] fsize=[0.91666663 0.55       0.24749999] shifted_fpos=[ 1.25    -0.25     0.96125] lower=[ 1.         -0.45        0.68750001] upper=[ 1.5        -0.05        1.23499999] inside=False
[obj_inside_of] obj=obj obj_pos=[ 1.8035966  -0.46503207  0.9661589 ] fixture_pos=[ 1.25    -0.3      0.96125] fsize=[0.91666663 0.55       0.24749999] shifted_fpos=[ 1.25    -0.25     0.96125] lower=[ 1.         -0.45        0.68750001] upper=[ 1.5        -0.05        1.23499999] inside=False
[obj_inside_of] obj=obj obj_pos=[ 1.8035966  -0.46503207  0.9661589 ] fixture_pos=[ 1.25    -0.3      0.96125] fsize=[0.91666663 0.55       0.24749999] shifted_fpos=[ 1.25    -0.25     0.96125] lower=[ 1.         -0.45        0.68750001] upper=[ 1.5        -0.05        1.23499999] inside=False
[obj_inside_of] obj=obj obj_pos=[ 1.8035966  -0.46503207  0.9661589 ] fixture_pos=[ 1.25    -0.3      0.96125] fsize=[0.91666663 0.55       0.24749999] shifted_fpos=[ 1.25    -0.25     0.96125] lower=[ 1.         -0.45        0.68750001] upper=[ 1.5        -0.05        1.23499999] inside=False
[obj_inside_of] obj=obj obj_pos=[ 1.8035966  -0.46503207  0.9661589 ] fixture_pos=[ 1.25    -0.3      0.96125] fsize=[0.91666663 0.55       0.24749999] shifted_fpos=[ 1.25    -0.25     0.96125] lower=[ 1.         -0.45        0.68750001] upper=[ 1.5        -0.05        1.23499999] inside=False
[obj_inside_of] obj=obj obj_pos=[ 1.8035966  -0.46503207  0.9661589 ] fixture_pos=[ 1.25    -0.3      0.96125] fsize=[0.91666663 0.55       0.24749999] shifted_fpos=[ 1.25    -0.25     0.96125] lower=[ 1.         -0.45        0.68750001] upper=[ 1.5        -0.05        1.23499999] inside=False
[obj_inside_of] obj=obj obj_pos=[ 1.8035966  -0.46503207  0.9661589 ] fixture_pos=[ 1.25    -0.3      0.96125] fsize=[0.91666663 0.55       0.24749999] shifted_fpos=[ 1.25    -0.25     0.96125] lower=[ 1.         -0.45        0.68750001] upper=[ 1.5        -0.05        1.23499999] inside=False
[obj_inside_of] obj=obj obj_pos=[ 1.8035966  -0.46503207  0.9661589 ] fixture_pos=[ 1.25    -0.3      0.96125] fsize=[0.91666663 0.55       0.24749999] shifted_fpos=[ 1.25    -0.25     0.96125] lower=[ 1.         -0.45        0.68750001] upper=[ 1.5        -0.05        1.23499999] inside=False
[obj_inside_of] obj=obj obj_pos=[ 1.8035966  -0.46503207  0.9661589 ] fixture_pos=[ 1.25    -0.3      0.96125] fsize=[0.91666663 0.55       0.24749999] shifted_fpos=[ 1.25    -0.25     0.96125] lower=[ 1.         -0.45        0.68750001] upper=[ 1.5        -0.05        1.23499999] inside=False
[obj_inside_of] obj=obj obj_pos=[ 1.8035966  -0.46503207  0.9661589 ] fixture_pos=[ 1.25    -0.3      0.96125] fsize=[0.91666663 0.55       0.24749999] shifted_fpos=[ 1.25    -0.25     0.96125] lower=[ 1.         -0.45        0.68750001] upper=[ 1.5        -0.05        1.23499999] inside=False
[obj_inside_of] obj=obj obj_pos=[ 1.8035966  -0.46503207  0.9661589 ] fixture_pos=[ 1.25    -0.3      0.96125] fsize=[0.91666663 0.55       0.24749999] shifted_fpos=[ 1.25    -0.25     0.96125] lower=[ 1.         -0.45        0.68750001] upper=[ 1.5        -0.05        1.23499999] inside=False
[obj_inside_of] obj=obj obj_pos=[ 1.8035966  -0.46503207  0.9661589 ] fixture_pos=[ 1.25    -0.3      0.96125] fsize=[0.91666663 0.55       0.24749999] shifted_fpos=[ 1.25    -0.25     0.96125] lower=[ 1.         -0.45        0.68750001] upper=[ 1.5        -0.05        1.23499999] inside=False
[obj_inside_of] obj=obj obj_pos=[ 1.8035966  -0.46503207  0.9661589 ] fixture_pos=[ 1.25    -0.3      0.96125] fsize=[0.91666663 0.55       0.24749999] shifted_fpos=[ 1.25    -0.25     0.96125] lower=[ 1.         -0.45        0.68750001] upper=[ 1.5        -0.05        1.23499999] inside=False
[obj_inside_of] obj=obj obj_pos=[ 1.8035966  -0.46503207  0.9661589 ] fixture_pos=[ 1.25    -0.3      0.96125] fsize=[0.91666663 0.55       0.24749999] shifted_fpos=[ 1.25    -0.25     0.96125] lower=[ 1.         -0.45        0.68750001] upper=[ 1.5        -0.05        1.23499999] inside=False
[obj_inside_of] obj=obj obj_pos=[ 1.8035966  -0.46503207  0.9661589 ] fixture_pos=[ 1.25    -0.3      0.96125] fsize=[0.91666663 0.55       0.24749999] shifted_fpos=[ 1.25    -0.25     0.96125] lower=[ 1.         -0.45        0.68750001] upper=[ 1.5        -0.05        1.23499999] inside=False
[obj_inside_of] obj=obj obj_pos=[ 1.8035966  -0.46503207  0.9661589 ] fixture_pos=[ 1.25    -0.3      0.96125] fsize=[0.91666663 0.55       0.24749999] shifted_fpos=[ 1.25    -0.25     0.96125] lower=[ 1.         -0.45        0.68750001] upper=[ 1.5        -0.05        1.23499999] inside=False
[obj_inside_of] obj=obj obj_pos=[ 1.8035966  -0.46503207  0.9661589 ] fixture_pos=[ 1.25    -0.3      0.96125] fsize=[0.91666663 0.55       0.24749999] shifted_fpos=[ 1.25    -0.25     0.96125] lower=[ 1.         -0.45        0.68750001] upper=[ 1.5        -0.05        1.23499999] inside=False
[obj_inside_of] obj=obj obj_pos=[ 1.8035966  -0.46503207  0.9661589 ] fixture_pos=[ 1.25    -0.3      0.96125] fsize=[0.91666663 0.55       0.24749999] shifted_fpos=[ 1.25    -0.25     0.96125] lower=[ 1.         -0.45        0.68750001] upper=[ 1.5        -0.05        1.23499999] inside=False
[obj_inside_of] obj=obj obj_pos=[ 1.8035966  -0.46503207  0.9661589 ] fixture_pos=[ 1.25    -0.3      0.96125] fsize=[0.91666663 0.55       0.24749999] shifted_fpos=[ 1.25    -0.25     0.96125] lower=[ 1.         -0.45        0.68750001] upper=[ 1.5        -0.05        1.23499999] inside=False
[obj_inside_of] obj=obj obj_pos=[ 1.8035966  -0.46503207  0.9661589 ] fixture_pos=[ 1.25    -0.3      0.96125] fsize=[0.91666663 0.55       0.24749999] shifted_fpos=[ 1.25    -0.25     0.96125] lower=[ 1.         -0.45        0.68750001] upper=[ 1.5        -0.05        1.23499999] inside=False
[obj_inside_of] obj=obj obj_pos=[ 1.8035966  -0.46503207  0.9661589 ] fixture_pos=[ 1.25    -0.3      0.96125] fsize=[0.91666663 0.55       0.24749999] shifted_fpos=[ 1.25    -0.25     0.96125] lower=[ 1.         -0.45        0.68750001] upper=[ 1.5        -0.05        1.23499999] inside=False
[obj_inside_of] obj=obj obj_pos=[ 1.8035966  -0.46503207  0.9661589 ] fixture_pos=[ 1.25    -0.3      0.96125] fsize=[0.91666663 0.55       0.24749999] shifted_fpos=[ 1.25    -0.25     0.96125] lower=[ 1.         -0.45        0.68750001] upper=[ 1.5        -0.05        1.23499999] inside=False
[obj_inside_of] obj=obj obj_pos=[ 1.8035966  -0.46503207  0.9661589 ] fixture_pos=[ 1.25    -0.3      0.96125] fsize=[0.91666663 0.55       0.24749999] shifted_fpos=[ 1.25    -0.25     0.96125] lower=[ 1.         -0.45        0.68750001] upper=[ 1.5        -0.05        1.23499999] inside=False
[obj_inside_of] obj=obj obj_pos=[ 1.8035966  -0.46503207  0.9661589 ] fixture_pos=[ 1.25    -0.3      0.96125] fsize=[0.91666663 0.55       0.24749999] shifted_fpos=[ 1.25    -0.25     0.96125] lower=[ 1.         -0.45        0.68750001] upper=[ 1.5        -0.05        1.23499999] inside=False
[obj_inside_of] obj=obj obj_pos=[ 1.8035966  -0.46503207  0.9661589 ] fixture_pos=[ 1.25    -0.3      0.96125] fsize=[0.91666663 0.55       0.24749999] shifted_fpos=[ 1.25    -0.25     0.96125] lower=[ 1.         -0.45        0.68750001] upper=[ 1.5        -0.05        1.23499999] inside=False
[obj_inside_of] obj=obj obj_pos=[ 1.8035966  -0.46503207  0.9661589 ] fixture_pos=[ 1.25    -0.3      0.96125] fsize=[0.91666663 0.55       0.24749999] shifted_fpos=[ 1.25    -0.25     0.96125] lower=[ 1.         -0.45        0.68750001] upper=[ 1.5        -0.05        1.23499999] inside=False
[obj_inside_of] obj=obj obj_pos=[ 1.8035966  -0.46503207  0.9661589 ] fixture_pos=[ 1.25    -0.3      0.96125] fsize=[0.91666663 0.55       0.24749999] shifted_fpos=[ 1.25    -0.25     0.96125] lower=[ 1.         -0.45        0.68750001] upper=[ 1.5        -0.05        1.23499999] inside=False
[obj_inside_of] obj=obj obj_pos=[ 1.8035966  -0.46503207  0.9661589 ] fixture_pos=[ 1.25    -0.3      0.96125] fsize=[0.91666663 0.55       0.24749999] shifted_fpos=[ 1.25    -0.25     0.96125] lower=[ 1.         -0.45        0.68750001] upper=[ 1.5        -0.05        1.23499999] inside=False
[obj_inside_of] obj=obj obj_pos=[ 1.8035966  -0.46503207  0.9661589 ] fixture_pos=[ 1.25    -0.3      0.96125] fsize=[0.91666663 0.55       0.24749999] shifted_fpos=[ 1.25    -0.25     0.96125] lower=[ 1.         -0.45        0.68750001] upper=[ 1.5        -0.05        1.23499999] inside=False
[obj_inside_of] obj=obj obj_pos=[ 1.8035966  -0.46503207  0.9661589 ] fixture_pos=[ 1.25    -0.3      0.96125] fsize=[0.91666663 0.55       0.24749999] shifted_fpos=[ 1.25    -0.25     0.96125] lower=[ 1.         -0.45        0.68750001] upper=[ 1.5        -0.05        1.23499999] inside=False
[obj_inside_of] obj=obj obj_pos=[ 1.8035966  -0.46503207  0.9661589 ] fixture_pos=[ 1.25    -0.3      0.96125] fsize=[0.91666663 0.55       0.24749999] shifted_fpos=[ 1.25    -0.25     0.96125] lower=[ 1.         -0.45        0.68750001] upper=[ 1.5        -0.05        1.23499999] inside=False
[obj_inside_of] obj=obj obj_pos=[ 1.8035966  -0.46503207  0.9661589 ] fixture_pos=[ 1.25    -0.3      0.96125] fsize=[0.91666663 0.55       0.24749999] shifted_fpos=[ 1.25    -0.25     0.96125] lower=[ 1.         -0.45        0.68750001] upper=[ 1.5        -0.05        1.23499999] inside=False
[obj_inside_of] obj=obj obj_pos=[ 1.8035966  -0.46503207  0.9661589 ] fixture_pos=[ 1.25    -0.3      0.96125] fsize=[0.91666663 0.55       0.24749999] shifted_fpos=[ 1.25    -0.25     0.96125] lower=[ 1.         -0.45        0.68750001] upper=[ 1.5        -0.05        1.23499999] inside=False
[obj_inside_of] obj=obj obj_pos=[ 1.8035966  -0.46503207  0.9661589 ] fixture_pos=[ 1.25    -0.3      0.96125] fsize=[0.91666663 0.55       0.24749999] shifted_fpos=[ 1.25    -0.25     0.96125] lower=[ 1.         -0.45        0.68750001] upper=[ 1.5        -0.05        1.23499999] inside=False
[obj_inside_of] obj=obj obj_pos=[ 1.8035966  -0.46503207  0.9661589 ] fixture_pos=[ 1.25    -0.3      0.96125] fsize=[0.91666663 0.55       0.24749999] shifted_fpos=[ 1.25    -0.25     0.96125] lower=[ 1.         -0.45        0.68750001] upper=[ 1.5        -0.05        1.23499999] inside=False
[viz-debug] base_link.pose=(1.595,-0.857) q=(0.707,0.000,0.000,0.707) qpos[0:3]=(0.543,-0.345,0.001)
[obj_inside_of] obj=obj obj_pos=[ 1.8035966  -0.46503207  0.9661589 ] fixture_pos=[ 1.25    -0.3      0.96125] fsize=[0.91666663 0.55       0.24749999] shifted_fpos=[ 1.25    -0.25     0.96125] lower=[ 1.         -0.45        0.68750001] upper=[ 1.5        -0.05        1.23499999] inside=False
[obj_inside_of] obj=obj obj_pos=[ 1.8035966  -0.46503207  0.9661589 ] fixture_pos=[ 1.25    -0.3      0.96125] fsize=[0.91666663 0.55       0.24749999] shifted_fpos=[ 1.25    -0.25     0.96125] lower=[ 1.         -0.45        0.68750001] upper=[ 1.5        -0.05        1.23499999] inside=False
[obj_inside_of] obj=obj obj_pos=[ 1.8035966  -0.46503207  0.9661589 ] fixture_pos=[ 1.25    -0.3      0.96125] fsize=[0.91666663 0.55       0.24749999] shifted_fpos=[ 1.25    -0.25     0.96125] lower=[ 1.         -0.45        0.68750001] upper=[ 1.5        -0.05        1.23499999] inside=False
[obj_inside_of] obj=obj obj_pos=[ 1.8035966  -0.46503207  0.9661589 ] fixture_pos=[ 1.25    -0.3      0.96125] fsize=[0.91666663 0.55       0.24749999] shifted_fpos=[ 1.25    -0.25     0.96125] lower=[ 1.         -0.45        0.68750001] upper=[ 1.5        -0.05        1.23499999] inside=False
[obj_inside_of] obj=obj obj_pos=[ 1.8035966  -0.46503207  0.9661589 ] fixture_pos=[ 1.25    -0.3      0.96125] fsize=[0.91666663 0.55       0.24749999] shifted_fpos=[ 1.25    -0.25     0.96125] lower=[ 1.         -0.45        0.68750001] upper=[ 1.5        -0.05        1.23499999] inside=False
[obj_inside_of] obj=obj obj_pos=[ 1.8035966  -0.46503207  0.9661589 ] fixture_pos=[ 1.25    -0.3      0.96125] fsize=[0.91666663 0.55       0.24749999] shifted_fpos=[ 1.25    -0.25     0.96125] lower=[ 1.         -0.45        0.68750001] upper=[ 1.5        -0.05        1.23499999] inside=False
[obj_inside_of] obj=obj obj_pos=[ 1.8035966  -0.46503207  0.9661589 ] fixture_pos=[ 1.25    -0.3      0.96125] fsize=[0.91666663 0.55       0.24749999] shifted_fpos=[ 1.25    -0.25     0.96125] lower=[ 1.         -0.45        0.68750001] upper=[ 1.5        -0.05        1.23499999] inside=False
[obj_inside_of] obj=obj obj_pos=[ 1.8035966  -0.46503207  0.9661589 ] fixture_pos=[ 1.25    -0.3      0.96125] fsize=[0.91666663 0.55       0.24749999] shifted_fpos=[ 1.25    -0.25     0.96125] lower=[ 1.         -0.45        0.68750001] upper=[ 1.5        -0.05        1.23499999] inside=False
[obj_inside_of] obj=obj obj_pos=[ 1.8035966  -0.46503207  0.9661589 ] fixture_pos=[ 1.25    -0.3      0.96125] fsize=[0.91666663 0.55       0.24749999] shifted_fpos=[ 1.25    -0.25     0.96125] lower=[ 1.         -0.45        0.68750001] upper=[ 1.5        -0.05        1.23499999] inside=False
[obj_inside_of] obj=obj obj_pos=[ 1.8035966  -0.46503207  0.9661589 ] fixture_pos=[ 1.25    -0.3      0.96125] fsize=[0.91666663 0.55       0.24749999] shifted_fpos=[ 1.25    -0.25     0.96125] lower=[ 1.         -0.45        0.68750001] upper=[ 1.5        -0.05        1.23499999] inside=False
[obj_inside_of] obj=obj obj_pos=[ 1.8035966  -0.46503207  0.9661589 ] fixture_pos=[ 1.25    -0.3      0.96125] fsize=[0.91666663 0.55       0.24749999] shifted_fpos=[ 1.25    -0.25     0.96125] lower=[ 1.         -0.45        0.68750001] upper=[ 1.5        -0.05        1.23499999] inside=False
[obj_inside_of] obj=obj obj_pos=[ 1.8035966  -0.46503207  0.9661589 ] fixture_pos=[ 1.25    -0.3      0.96125] fsize=[0.91666663 0.55       0.24749999] shifted_fpos=[ 1.25    -0.25     0.96125] lower=[ 1.         -0.45        0.68750001] upper=[ 1.5        -0.05        1.23499999] inside=False
[obj_inside_of] obj=obj obj_pos=[ 1.8035966  -0.46503207  0.9661589 ] fixture_pos=[ 1.25    -0.3      0.96125] fsize=[0.91666663 0.55       0.24749999] shifted_fpos=[ 1.25    -0.25     0.96125] lower=[ 1.         -0.45        0.68750001] upper=[ 1.5        -0.05        1.23499999] inside=False
[obj_inside_of] obj=obj obj_pos=[ 1.8035966  -0.46503207  0.9661589 ] fixture_pos=[ 1.25    -0.3      0.96125] fsize=[0.91666663 0.55       0.24749999] shifted_fpos=[ 1.25    -0.25     0.96125] lower=[ 1.         -0.45        0.68750001] upper=[ 1.5        -0.05        1.23499999] inside=False
[obj_inside_of] obj=obj obj_pos=[ 1.8035966  -0.46503207  0.9661589 ] fixture_pos=[ 1.25    -0.3      0.96125] fsize=[0.91666663 0.55       0.24749999] shifted_fpos=[ 1.25    -0.25     0.96125] lower=[ 1.         -0.45        0.68750001] upper=[ 1.5        -0.05        1.23499999] inside=False
[obj_inside_of] obj=obj obj_pos=[ 1.8035966  -0.46503207  0.9661589 ] fixture_pos=[ 1.25    -0.3      0.96125] fsize=[0.91666663 0.55       0.24749999] shifted_fpos=[ 1.25    -0.25     0.96125] lower=[ 1.         -0.45        0.68750001] upper=[ 1.5        -0.05        1.23499999] inside=False
[obj_inside_of] obj=obj obj_pos=[ 1.8035966  -0.46503207  0.9661589 ] fixture_pos=[ 1.25    -0.3      0.96125] fsize=[0.91666663 0.55       0.24749999] shifted_fpos=[ 1.25    -0.25     0.96125] lower=[ 1.         -0.45        0.68750001] upper=[ 1.5        -0.05        1.23499999] inside=False
[obj_inside_of] obj=obj obj_pos=[ 1.8035966  -0.46503207  0.9661589 ] fixture_pos=[ 1.25    -0.3      0.96125] fsize=[0.91666663 0.55       0.24749999] shifted_fpos=[ 1.25    -0.25     0.96125] lower=[ 1.         -0.45        0.68750001] upper=[ 1.5        -0.05        1.23499999] inside=False
[obj_inside_of] obj=obj obj_pos=[ 1.8035966  -0.46503207  0.9661589 ] fixture_pos=[ 1.25    -0.3      0.96125] fsize=[0.91666663 0.55       0.24749999] shifted_fpos=[ 1.25    -0.25     0.96125] lower=[ 1.         -0.45        0.68750001] upper=[ 1.5        -0.05        1.23499999] inside=False
[obj_inside_of] obj=obj obj_pos=[ 1.8035966  -0.46503207  0.9661589 ] fixture_pos=[ 1.25    -0.3      0.96125] fsize=[0.91666663 0.55       0.24749999] shifted_fpos=[ 1.25    -0.25     0.96125] lower=[ 1.         -0.45        0.68750001] upper=[ 1.5        -0.05        1.23499999] inside=False
[obj_inside_of] obj=obj obj_pos=[ 1.8035966  -0.46503207  0.9661589 ] fixture_pos=[ 1.25    -0.3      0.96125] fsize=[0.91666663 0.55       0.24749999] shifted_fpos=[ 1.25    -0.25     0.96125] lower=[ 1.         -0.45        0.68750001] upper=[ 1.5        -0.05        1.23499999] inside=False
[obj_inside_of] obj=obj obj_pos=[ 1.8035966  -0.46503207  0.9661589 ] fixture_pos=[ 1.25    -0.3      0.96125] fsize=[0.91666663 0.55       0.24749999] shifted_fpos=[ 1.25    -0.25     0.96125] lower=[ 1.         -0.45        0.68750001] upper=[ 1.5        -0.05        1.23499999] inside=False
[obj_inside_of] obj=obj obj_pos=[ 1.8035966  -0.46503207  0.9661589 ] fixture_pos=[ 1.25    -0.3      0.96125] fsize=[0.91666663 0.55       0.24749999] shifted_fpos=[ 1.25    -0.25     0.96125] lower=[ 1.         -0.45        0.68750001] upper=[ 1.5        -0.05        1.23499999] inside=False
[obj_inside_of] obj=obj obj_pos=[ 1.8035966  -0.46503207  0.9661589 ] fixture_pos=[ 1.25    -0.3      0.96125] fsize=[0.91666663 0.55       0.24749999] shifted_fpos=[ 1.25    -0.25     0.96125] lower=[ 1.         -0.45        0.68750001] upper=[ 1.5        -0.05        1.23499999] inside=False
[obj_inside_of] obj=obj obj_pos=[ 1.8035966  -0.46503207  0.9661589 ] fixture_pos=[ 1.25    -0.3      0.96125] fsize=[0.91666663 0.55       0.24749999] shifted_fpos=[ 1.25    -0.25     0.96125] lower=[ 1.         -0.45        0.68750001] upper=[ 1.5        -0.05        1.23499999] inside=False
[obj_inside_of] obj=obj obj_pos=[ 1.8035966  -0.46503207  0.9661589 ] fixture_pos=[ 1.25    -0.3      0.96125] fsize=[0.91666663 0.55       0.24749999] shifted_fpos=[ 1.25    -0.25     0.96125] lower=[ 1.         -0.45        0.68750001] upper=[ 1.5        -0.05        1.23499999] inside=False
[obj_inside_of] obj=obj obj_pos=[ 1.8035966  -0.46503207  0.9661589 ] fixture_pos=[ 1.25    -0.3      0.96125] fsize=[0.91666663 0.55       0.24749999] shifted_fpos=[ 1.25    -0.25     0.96125] lower=[ 1.         -0.45        0.68750001] upper=[ 1.5        -0.05        1.23499999] inside=False
[obj_inside_of] obj=obj obj_pos=[ 1.8035966  -0.46503207  0.9661589 ] fixture_pos=[ 1.25    -0.3      0.96125] fsize=[0.91666663 0.55       0.24749999] shifted_fpos=[ 1.25    -0.25     0.96125] lower=[ 1.         -0.45        0.68750001] upper=[ 1.5        -0.05        1.23499999] inside=False
[obj_inside_of] obj=obj obj_pos=[ 1.8035966  -0.46503207  0.9661589 ] fixture_pos=[ 1.25    -0.3      0.96125] fsize=[0.91666663 0.55       0.24749999] shifted_fpos=[ 1.25    -0.25     0.96125] lower=[ 1.         -0.45        0.68750001] upper=[ 1.5        -0.05        1.23499999] inside=False
[obj_inside_of] obj=obj obj_pos=[ 1.8035966  -0.46503207  0.9661589 ] fixture_pos=[ 1.25    -0.3      0.96125] fsize=[0.91666663 0.55       0.24749999] shifted_fpos=[ 1.25    -0.25     0.96125] lower=[ 1.         -0.45        0.68750001] upper=[ 1.5        -0.05        1.23499999] inside=False
[obj_inside_of] obj=obj obj_pos=[ 1.8035966  -0.46503207  0.9661589 ] fixture_pos=[ 1.25    -0.3      0.96125] fsize=[0.91666663 0.55       0.24749999] shifted_fpos=[ 1.25    -0.25     0.96125] lower=[ 1.         -0.45        0.68750001] upper=[ 1.5        -0.05        1.23499999] inside=False
[obj_inside_of] obj=obj obj_pos=[ 1.8035966  -0.46503207  0.9661589 ] fixture_pos=[ 1.25    -0.3      0.96125] fsize=[0.91666663 0.55       0.24749999] shifted_fpos=[ 1.25    -0.25     0.96125] lower=[ 1.         -0.45        0.68750001] upper=[ 1.5        -0.05        1.23499999] inside=False
[obj_inside_of] obj=obj obj_pos=[ 1.8035966  -0.46503207  0.9661589 ] fixture_pos=[ 1.25    -0.3      0.96125] fsize=[0.91666663 0.55       0.24749999] shifted_fpos=[ 1.25    -0.25     0.96125] lower=[ 1.         -0.45        0.68750001] upper=[ 1.5        -0.05        1.23499999] inside=False
[obj_inside_of] obj=obj obj_pos=[ 1.8035966  -0.46503207  0.9661589 ] fixture_pos=[ 1.25    -0.3      0.96125] fsize=[0.91666663 0.55       0.24749999] shifted_fpos=[ 1.25    -0.25     0.96125] lower=[ 1.         -0.45        0.68750001] upper=[ 1.5        -0.05        1.23499999] inside=False
[obj_inside_of] obj=obj obj_pos=[ 1.8035966  -0.46503207  0.9661589 ] fixture_pos=[ 1.25    -0.3      0.96125] fsize=[0.91666663 0.55       0.24749999] shifted_fpos=[ 1.25    -0.25     0.96125] lower=[ 1.         -0.45        0.68750001] upper=[ 1.5        -0.05        1.23499999] inside=False
[obj_inside_of] obj=obj obj_pos=[ 1.8035966  -0.46503207  0.9661589 ] fixture_pos=[ 1.25    -0.3      0.96125] fsize=[0.91666663 0.55       0.24749999] shifted_fpos=[ 1.25    -0.25     0.96125] lower=[ 1.         -0.45        0.68750001] upper=[ 1.5        -0.05        1.23499999] inside=False
[obj_inside_of] obj=obj obj_pos=[ 1.8035966  -0.46503207  0.9661589 ] fixture_pos=[ 1.25    -0.3      0.96125] fsize=[0.91666663 0.55       0.24749999] shifted_fpos=[ 1.25    -0.25     0.96125] lower=[ 1.         -0.45        0.68750001] upper=[ 1.5        -0.05        1.23499999] inside=False
[obj_inside_of] obj=obj obj_pos=[ 1.8035966  -0.46503207  0.9661589 ] fixture_pos=[ 1.25    -0.3      0.96125] fsize=[0.91666663 0.55       0.24749999] shifted_fpos=[ 1.25    -0.25     0.96125] lower=[ 1.         -0.45        0.68750001] upper=[ 1.5        -0.05        1.23499999] inside=False
[obj_inside_of] obj=obj obj_pos=[ 1.8035966  -0.46503207  0.9661589 ] fixture_pos=[ 1.25    -0.3      0.96125] fsize=[0.91666663 0.55       0.24749999] shifted_fpos=[ 1.25    -0.25     0.96125] lower=[ 1.         -0.45        0.68750001] upper=[ 1.5        -0.05        1.23499999] inside=False
[obj_inside_of] obj=obj obj_pos=[ 1.8035966  -0.46503207  0.9661589 ] fixture_pos=[ 1.25    -0.3      0.96125] fsize=[0.91666663 0.55       0.24749999] shifted_fpos=[ 1.25    -0.25     0.96125] lower=[ 1.         -0.45        0.68750001] upper=[ 1.5        -0.05        1.23499999] inside=False
[obj_inside_of] obj=obj obj_pos=[ 1.8035966  -0.46503207  0.9661589 ] fixture_pos=[ 1.25    -0.3      0.96125] fsize=[0.91666663 0.55       0.24749999] shifted_fpos=[ 1.25    -0.25     0.96125] lower=[ 1.         -0.45        0.68750001] upper=[ 1.5        -0.05        1.23499999] inside=False
[obj_inside_of] obj=obj obj_pos=[ 1.8035966  -0.46503207  0.9661589 ] fixture_pos=[ 1.25    -0.3      0.96125] fsize=[0.91666663 0.55       0.24749999] shifted_fpos=[ 1.25    -0.25     0.96125] lower=[ 1.         -0.45        0.68750001] upper=[ 1.5        -0.05        1.23499999] inside=False
[obj_inside_of] obj=obj obj_pos=[ 1.8035966  -0.46503207  0.9661589 ] fixture_pos=[ 1.25    -0.3      0.96125] fsize=[0.91666663 0.55       0.24749999] shifted_fpos=[ 1.25    -0.25     0.96125] lower=[ 1.         -0.45        0.68750001] upper=[ 1.5        -0.05        1.23499999] inside=False
[obj_inside_of] obj=obj obj_pos=[ 1.8035966  -0.46503207  0.9661589 ] fixture_pos=[ 1.25    -0.3      0.96125] fsize=[0.91666663 0.55       0.24749999] shifted_fpos=[ 1.25    -0.25     0.96125] lower=[ 1.         -0.45        0.68750001] upper=[ 1.5        -0.05        1.23499999] inside=False
[obj_inside_of] obj=obj obj_pos=[ 1.8035966  -0.46503207  0.9661589 ] fixture_pos=[ 1.25    -0.3      0.96125] fsize=[0.91666663 0.55       0.24749999] shifted_fpos=[ 1.25    -0.25     0.96125] lower=[ 1.         -0.45        0.68750001] upper=[ 1.5        -0.05        1.23499999] inside=False
[obj_inside_of] obj=obj obj_pos=[ 1.8035966  -0.46503207  0.9661589 ] fixture_pos=[ 1.25    -0.3      0.96125] fsize=[0.91666663 0.55       0.24749999] shifted_fpos=[ 1.25    -0.25     0.96125] lower=[ 1.         -0.45        0.68750001] upper=[ 1.5        -0.05        1.23499999] inside=False
[obj_inside_of] obj=obj obj_pos=[ 1.8035966  -0.46503207  0.9661589 ] fixture_pos=[ 1.25    -0.3      0.96125] fsize=[0.91666663 0.55       0.24749999] shifted_fpos=[ 1.25    -0.25     0.96125] lower=[ 1.         -0.45        0.68750001] upper=[ 1.5        -0.05        1.23499999] inside=False
[perceive] 1 objects from ['base_camera', 'wrist_camera']: ['mango']
[obj_inside_of] obj=obj obj_pos=[ 1.8035966  -0.46503207  0.9661589 ] fixture_pos=[ 1.25    -0.3      0.96125] fsize=[0.91666663 0.55       0.24749999] shifted_fpos=[ 1.25    -0.25     0.96125] lower=[ 1.         -0.45        0.68750001] upper=[ 1.5        -0.05        1.23499999] inside=False
[obj_inside_of] obj=obj obj_pos=[ 1.8035966  -0.46503207  0.9661589 ] fixture_pos=[ 1.25    -0.3      0.96125] fsize=[0.91666663 0.55       0.24749999] shifted_fpos=[ 1.25    -0.25     0.96125] lower=[ 1.         -0.45        0.68750001] upper=[ 1.5        -0.05        1.23499999] inside=False
[obj_inside_of] obj=obj obj_pos=[ 1.8035966  -0.46503207  0.9661589 ] fixture_pos=[ 1.25    -0.3      0.96125] fsize=[0.91666663 0.55       0.24749999] shifted_fpos=[ 1.25    -0.25     0.96125] lower=[ 1.         -0.45        0.68750001] upper=[ 1.5        -0.05        1.23499999] inside=False
[obj_inside_of] obj=obj obj_pos=[ 1.8035966  -0.46503207  0.9661589 ] fixture_pos=[ 1.25    -0.3      0.96125] fsize=[0.91666663 0.55       0.24749999] shifted_fpos=[ 1.25    -0.25     0.96125] lower=[ 1.         -0.45        0.68750001] upper=[ 1.5        -0.05        1.23499999] inside=False
[obj_inside_of] obj=obj obj_pos=[ 1.8035966  -0.46503207  0.9661589 ] fixture_pos=[ 1.25    -0.3      0.96125] fsize=[0.91666663 0.55       0.24749999] shifted_fpos=[ 1.25    -0.25     0.96125] lower=[ 1.         -0.45        0.68750001] upper=[ 1.5        -0.05        1.23499999] inside=False
[obj_inside_of] obj=obj obj_pos=[ 1.8035966  -0.46503207  0.9661589 ] fixture_pos=[ 1.25    -0.3      0.96125] fsize=[0.91666663 0.55       0.24749999] shifted_fpos=[ 1.25    -0.25     0.96125] lower=[ 1.         -0.45        0.68750001] upper=[ 1.5        -0.05        1.23499999] inside=False
[obj_inside_of] obj=obj obj_pos=[ 1.8035966  -0.46503207  0.9661589 ] fixture_pos=[ 1.25    -0.3      0.96125] fsize=[0.91666663 0.55       0.24749999] shifted_fpos=[ 1.25    -0.25     0.96125] lower=[ 1.         -0.45        0.68750001] upper=[ 1.5        -0.05        1.23499999] inside=False
[obj_inside_of] obj=obj obj_pos=[ 1.8035966  -0.46503207  0.9661589 ] fixture_pos=[ 1.25    -0.3      0.96125] fsize=[0.91666663 0.55       0.24749999] shifted_fpos=[ 1.25    -0.25     0.96125] lower=[ 1.         -0.45        0.68750001] upper=[ 1.5        -0.05        1.23499999] inside=False
[obj_inside_of] obj=obj obj_pos=[ 1.8035966  -0.46503207  0.9661589 ] fixture_pos=[ 1.25    -0.3      0.96125] fsize=[0.91666663 0.55       0.24749999] shifted_fpos=[ 1.25    -0.25     0.96125] lower=[ 1.         -0.45        0.68750001] upper=[ 1.5        -0.05        1.23499999] inside=False
[obj_inside_of] obj=obj obj_pos=[ 1.8035966  -0.46503207  0.9661589 ] fixture_pos=[ 1.25    -0.3      0.96125] fsize=[0.91666663 0.55       0.24749999] shifted_fpos=[ 1.25    -0.25     0.96125] lower=[ 1.         -0.45        0.68750001] upper=[ 1.5        -0.05        1.23499999] inside=False
[obj_inside_of] obj=obj obj_pos=[ 1.8035966  -0.46503207  0.9661589 ] fixture_pos=[ 1.25    -0.3      0.96125] fsize=[0.91666663 0.55       0.24749999] shifted_fpos=[ 1.25    -0.25     0.96125] lower=[ 1.         -0.45        0.68750001] upper=[ 1.5        -0.05        1.23499999] inside=False
[obj_inside_of] obj=obj obj_pos=[ 1.8035966  -0.46503207  0.9661589 ] fixture_pos=[ 1.25    -0.3      0.96125] fsize=[0.91666663 0.55       0.24749999] shifted_fpos=[ 1.25    -0.25     0.96125] lower=[ 1.         -0.45        0.68750001] upper=[ 1.5        -0.05        1.23499999] inside=False
[obj_inside_of] obj=obj obj_pos=[ 1.8035966  -0.46503207  0.9661589 ] fixture_pos=[ 1.25    -0.3      0.96125] fsize=[0.91666663 0.55       0.24749999] shifted_fpos=[ 1.25    -0.25     0.96125] lower=[ 1.         -0.45        0.68750001] upper=[ 1.5        -0.05        1.23499999] inside=False
[obj_inside_of] obj=obj obj_pos=[ 1.8035966  -0.46503207  0.9661589 ] fixture_pos=[ 1.25    -0.3      0.96125] fsize=[0.91666663 0.55       0.24749999] shifted_fpos=[ 1.25    -0.25     0.96125] lower=[ 1.         -0.45        0.68750001] upper=[ 1.5        -0.05        1.23499999] inside=False
[obj_inside_of] obj=obj obj_pos=[ 1.8035966  -0.46503207  0.9661589 ] fixture_pos=[ 1.25    -0.3      0.96125] fsize=[0.91666663 0.55       0.24749999] shifted_fpos=[ 1.25    -0.25     0.96125] lower=[ 1.         -0.45        0.68750001] upper=[ 1.5        -0.05        1.23499999] inside=False
[obj_inside_of] obj=obj obj_pos=[ 1.8035966  -0.46503207  0.9661589 ] fixture_pos=[ 1.25    -0.3      0.96125] fsize=[0.91666663 0.55       0.24749999] shifted_fpos=[ 1.25    -0.25     0.96125] lower=[ 1.         -0.45        0.68750001] upper=[ 1.5        -0.05        1.23499999] inside=False
[obj_inside_of] obj=obj obj_pos=[ 1.8035966  -0.46503207  0.9661589 ] fixture_pos=[ 1.25    -0.3      0.96125] fsize=[0.91666663 0.55       0.24749999] shifted_fpos=[ 1.25    -0.25     0.96125] lower=[ 1.         -0.45        0.68750001] upper=[ 1.5        -0.05        1.23499999] inside=False
[obj_inside_of] obj=obj obj_pos=[ 1.8035966  -0.46503207  0.9661589 ] fixture_pos=[ 1.25    -0.3      0.96125] fsize=[0.91666663 0.55       0.24749999] shifted_fpos=[ 1.25    -0.25     0.96125] lower=[ 1.         -0.45        0.68750001] upper=[ 1.5        -0.05        1.23499999] inside=False
[obj_inside_of] obj=obj obj_pos=[ 1.8035966  -0.46503207  0.9661589 ] fixture_pos=[ 1.25    -0.3      0.96125] fsize=[0.91666663 0.55       0.24749999] shifted_fpos=[ 1.25    -0.25     0.96125] lower=[ 1.         -0.45        0.68750001] upper=[ 1.5        -0.05        1.23499999] inside=False
[obj_inside_of] obj=obj obj_pos=[ 1.8035966  -0.46503207  0.9661589 ] fixture_pos=[ 1.25    -0.3      0.96125] fsize=[0.91666663 0.55       0.24749999] shifted_fpos=[ 1.25    -0.25     0.96125] lower=[ 1.         -0.45        0.68750001] upper=[ 1.5        -0.05        1.23499999] inside=False
[obj_inside_of] obj=obj obj_pos=[ 1.8035966  -0.46503207  0.9661589 ] fixture_pos=[ 1.25    -0.3      0.96125] fsize=[0.91666663 0.55       0.24749999] shifted_fpos=[ 1.25    -0.25     0.96125] lower=[ 1.         -0.45        0.68750001] upper=[ 1.5        -0.05        1.23499999] inside=False
[obj_inside_of] obj=obj obj_pos=[ 1.8035966  -0.46503207  0.9661589 ] fixture_pos=[ 1.25    -0.3      0.96125] fsize=[0.91666663 0.55       0.24749999] shifted_fpos=[ 1.25    -0.25     0.96125] lower=[ 1.         -0.45        0.68750001] upper=[ 1.5        -0.05        1.23499999] inside=False
[obj_inside_of] obj=obj obj_pos=[ 1.8035966  -0.46503207  0.9661589 ] fixture_pos=[ 1.25    -0.3      0.96125] fsize=[0.91666663 0.55       0.24749999] shifted_fpos=[ 1.25    -0.25     0.96125] lower=[ 1.         -0.45        0.68750001] upper=[ 1.5        -0.05        1.23499999] inside=False
[obj_inside_of] obj=obj obj_pos=[ 1.8035966  -0.46503207  0.9661589 ] fixture_pos=[ 1.25    -0.3      0.96125] fsize=[0.91666663 0.55       0.24749999] shifted_fpos=[ 1.25    -0.25     0.96125] lower=[ 1.         -0.45        0.68750001] upper=[ 1.5        -0.05        1.23499999] inside=False
[obj_inside_of] obj=obj obj_pos=[ 1.8035966  -0.46503207  0.9661589 ] fixture_pos=[ 1.25    -0.3      0.96125] fsize=[0.91666663 0.55       0.24749999] shifted_fpos=[ 1.25    -0.25     0.96125] lower=[ 1.         -0.45        0.68750001] upper=[ 1.5        -0.05        1.23499999] inside=False
[obj_inside_of] obj=obj obj_pos=[ 1.8035966  -0.46503207  0.9661589 ] fixture_pos=[ 1.25    -0.3      0.96125] fsize=[0.91666663 0.55       0.24749999] shifted_fpos=[ 1.25    -0.25     0.96125] lower=[ 1.         -0.45        0.68750001] upper=[ 1.5        -0.05        1.23499999] inside=False
[obj_inside_of] obj=obj obj_pos=[ 1.8035966  -0.46503207  0.9661589 ] fixture_pos=[ 1.25    -0.3      0.96125] fsize=[0.91666663 0.55       0.24749999] shifted_fpos=[ 1.25    -0.25     0.96125] lower=[ 1.         -0.45        0.68750001] upper=[ 1.5        -0.05        1.23499999] inside=False
[obj_inside_of] obj=obj obj_pos=[ 1.8035966  -0.46503207  0.9661589 ] fixture_pos=[ 1.25    -0.3      0.96125] fsize=[0.91666663 0.55       0.24749999] shifted_fpos=[ 1.25    -0.25     0.96125] lower=[ 1.         -0.45        0.68750001] upper=[ 1.5        -0.05        1.23499999] inside=False
[obj_inside_of] obj=obj obj_pos=[ 1.8035966  -0.46503207  0.9661589 ] fixture_pos=[ 1.25    -0.3      0.96125] fsize=[0.91666663 0.55       0.24749999] shifted_fpos=[ 1.25    -0.25     0.96125] lower=[ 1.         -0.45        0.68750001] upper=[ 1.5        -0.05        1.23499999] inside=False
[obj_inside_of] obj=obj obj_pos=[ 1.8035966  -0.46503207  0.9661589 ] fixture_pos=[ 1.25    -0.3      0.96125] fsize=[0.91666663 0.55       0.24749999] shifted_fpos=[ 1.25    -0.25     0.96125] lower=[ 1.         -0.45        0.68750001] upper=[ 1.5        -0.05        1.23499999] inside=False
[obj_inside_of] obj=obj obj_pos=[ 1.8035966  -0.46503207  0.9661589 ] fixture_pos=[ 1.25    -0.3      0.96125] fsize=[0.91666663 0.55       0.24749999] shifted_fpos=[ 1.25    -0.25     0.96125] lower=[ 1.         -0.45        0.68750001] upper=[ 1.5        -0.05        1.23499999] inside=False
[obj_inside_of] obj=obj obj_pos=[ 1.8035966  -0.46503207  0.9661589 ] fixture_pos=[ 1.25    -0.3      0.96125] fsize=[0.91666663 0.55       0.24749999] shifted_fpos=[ 1.25    -0.25     0.96125] lower=[ 1.         -0.45        0.68750001] upper=[ 1.5        -0.05        1.23499999] inside=False
[obj_inside_of] obj=obj obj_pos=[ 1.8035966  -0.46503207  0.9661589 ] fixture_pos=[ 1.25    -0.3      0.96125] fsize=[0.91666663 0.55       0.24749999] shifted_fpos=[ 1.25    -0.25     0.96125] lower=[ 1.         -0.45        0.68750001] upper=[ 1.5        -0.05        1.23499999] inside=False
[obj_inside_of] obj=obj obj_pos=[ 1.8035966  -0.46503207  0.9661589 ] fixture_pos=[ 1.25    -0.3      0.96125] fsize=[0.91666663 0.55       0.24749999] shifted_fpos=[ 1.25    -0.25     0.96125] lower=[ 1.         -0.45        0.68750001] upper=[ 1.5        -0.05        1.23499999] inside=False
[obj_inside_of] obj=obj obj_pos=[ 1.8035966  -0.46503207  0.9661589 ] fixture_pos=[ 1.25    -0.3      0.96125] fsize=[0.91666663 0.55       0.24749999] shifted_fpos=[ 1.25    -0.25     0.96125] lower=[ 1.         -0.45        0.68750001] upper=[ 1.5        -0.05        1.23499999] inside=False
[obj_inside_of] obj=obj obj_pos=[ 1.8035966  -0.46503207  0.9661589 ] fixture_pos=[ 1.25    -0.3      0.96125] fsize=[0.91666663 0.55       0.24749999] shifted_fpos=[ 1.25    -0.25     0.96125] lower=[ 1.         -0.45        0.68750001] upper=[ 1.5        -0.05        1.23499999] inside=False
[obj_inside_of] obj=obj obj_pos=[ 1.8035966  -0.46503207  0.9661589 ] fixture_pos=[ 1.25    -0.3      0.96125] fsize=[0.91666663 0.55       0.24749999] shifted_fpos=[ 1.25    -0.25     0.96125] lower=[ 1.         -0.45        0.68750001] upper=[ 1.5        -0.05        1.23499999] inside=False
[obj_inside_of] obj=obj obj_pos=[ 1.8035966  -0.46503207  0.9661589 ] fixture_pos=[ 1.25    -0.3      0.96125] fsize=[0.91666663 0.55       0.24749999] shifted_fpos=[ 1.25    -0.25     0.96125] lower=[ 1.         -0.45        0.68750001] upper=[ 1.5        -0.05        1.23499999] inside=False
[obj_inside_of] obj=obj obj_pos=[ 1.8035966  -0.46503207  0.9661589 ] fixture_pos=[ 1.25    -0.3      0.96125] fsize=[0.91666663 0.55       0.24749999] shifted_fpos=[ 1.25    -0.25     0.96125] lower=[ 1.         -0.45        0.68750001] upper=[ 1.5        -0.05        1.23499999] inside=False
[obj_inside_of] obj=obj obj_pos=[ 1.8035966  -0.46503207  0.9661589 ] fixture_pos=[ 1.25    -0.3      0.96125] fsize=[0.91666663 0.55       0.24749999] shifted_fpos=[ 1.25    -0.25     0.96125] lower=[ 1.         -0.45        0.68750001] upper=[ 1.5        -0.05        1.23499999] inside=False
[obj_inside_of] obj=obj obj_pos=[ 1.8035966  -0.46503207  0.9661589 ] fixture_pos=[ 1.25    -0.3      0.96125] fsize=[0.91666663 0.55       0.24749999] shifted_fpos=[ 1.25    -0.25     0.96125] lower=[ 1.         -0.45        0.68750001] upper=[ 1.5        -0.05        1.23499999] inside=False
[obj_inside_of] obj=obj obj_pos=[ 1.8035966  -0.46503207  0.9661589 ] fixture_pos=[ 1.25    -0.3      0.96125] fsize=[0.91666663 0.55       0.24749999] shifted_fpos=[ 1.25    -0.25     0.96125] lower=[ 1.         -0.45        0.68750001] upper=[ 1.5        -0.05        1.23499999] inside=False
[obj_inside_of] obj=obj obj_pos=[ 1.8035966  -0.46503207  0.9661589 ] fixture_pos=[ 1.25    -0.3      0.96125] fsize=[0.91666663 0.55       0.24749999] shifted_fpos=[ 1.25    -0.25     0.96125] lower=[ 1.         -0.45        0.68750001] upper=[ 1.5        -0.05        1.23499999] inside=False
[obj_inside_of] obj=obj obj_pos=[ 1.8035966  -0.46503207  0.9661589 ] fixture_pos=[ 1.25    -0.3      0.96125] fsize=[0.91666663 0.55       0.24749999] shifted_fpos=[ 1.25    -0.25     0.96125] lower=[ 1.         -0.45        0.68750001] upper=[ 1.5        -0.05        1.23499999] inside=False
[obj_inside_of] obj=obj obj_pos=[ 1.8035966  -0.46503207  0.9661589 ] fixture_pos=[ 1.25    -0.3      0.96125] fsize=[0.91666663 0.55       0.24749999] shifted_fpos=[ 1.25    -0.25     0.96125] lower=[ 1.         -0.45        0.68750001] upper=[ 1.5        -0.05        1.23499999] inside=False
[obj_inside_of] obj=obj obj_pos=[ 1.8035966  -0.46503207  0.9661589 ] fixture_pos=[ 1.25    -0.3      0.96125] fsize=[0.91666663 0.55       0.24749999] shifted_fpos=[ 1.25    -0.25     0.96125] lower=[ 1.         -0.45        0.68750001] upper=[ 1.5        -0.05        1.23499999] inside=False
[obj_inside_of] obj=obj obj_pos=[ 1.8035966  -0.46503207  0.9661589 ] fixture_pos=[ 1.25    -0.3      0.96125] fsize=[0.91666663 0.55       0.24749999] shifted_fpos=[ 1.25    -0.25     0.96125] lower=[ 1.         -0.45        0.68750001] upper=[ 1.5        -0.05        1.23499999] inside=False
[obj_inside_of] obj=obj obj_pos=[ 1.8035966  -0.46503207  0.9661589 ] fixture_pos=[ 1.25    -0.3      0.96125] fsize=[0.91666663 0.55       0.24749999] shifted_fpos=[ 1.25    -0.25     0.96125] lower=[ 1.         -0.45        0.68750001] upper=[ 1.5        -0.05        1.23499999] inside=False
[obj_inside_of] obj=obj obj_pos=[ 1.8035966  -0.46503207  0.9661589 ] fixture_pos=[ 1.25    -0.3      0.96125] fsize=[0.91666663 0.55       0.24749999] shifted_fpos=[ 1.25    -0.25     0.96125] lower=[ 1.         -0.45        0.68750001] upper=[ 1.5        -0.05        1.23499999] inside=False
[obj_inside_of] obj=obj obj_pos=[ 1.8035966  -0.46503207  0.9661589 ] fixture_pos=[ 1.25    -0.3      0.96125] fsize=[0.91666663 0.55       0.24749999] shifted_fpos=[ 1.25    -0.25     0.96125] lower=[ 1.         -0.45        0.68750001] upper=[ 1.5        -0.05        1.23499999] inside=False
[obj_inside_of] obj=obj obj_pos=[ 1.8035966  -0.46503207  0.9661589 ] fixture_pos=[ 1.25    -0.3      0.96125] fsize=[0.91666663 0.55       0.24749999] shifted_fpos=[ 1.25    -0.25     0.96125] lower=[ 1.         -0.45        0.68750001] upper=[ 1.5        -0.05        1.23499999] inside=False
[obj_inside_of] obj=obj obj_pos=[ 1.8035966  -0.46503207  0.9661589 ] fixture_pos=[ 1.25    -0.3      0.96125] fsize=[0.91666663 0.55       0.24749999] shifted_fpos=[ 1.25    -0.25     0.96125] lower=[ 1.         -0.45        0.68750001] upper=[ 1.5        -0.05        1.23499999] inside=False
[obj_inside_of] obj=obj obj_pos=[ 1.8035966  -0.46503207  0.9661589 ] fixture_pos=[ 1.25    -0.3      0.96125] fsize=[0.91666663 0.55       0.24749999] shifted_fpos=[ 1.25    -0.25     0.96125] lower=[ 1.         -0.45        0.68750001] upper=[ 1.5        -0.05        1.23499999] inside=False
[obj_inside_of] obj=obj obj_pos=[ 1.8035966  -0.46503207  0.9661589 ] fixture_pos=[ 1.25    -0.3      0.96125] fsize=[0.91666663 0.55       0.24749999] shifted_fpos=[ 1.25    -0.25     0.96125] lower=[ 1.         -0.45        0.68750001] upper=[ 1.5        -0.05        1.23499999] inside=False
[obj_inside_of] obj=obj obj_pos=[ 1.8035966  -0.46503207  0.9661589 ] fixture_pos=[ 1.25    -0.3      0.96125] fsize=[0.91666663 0.55       0.24749999] shifted_fpos=[ 1.25    -0.25     0.96125] lower=[ 1.         -0.45        0.68750001] upper=[ 1.5        -0.05        1.23499999] inside=False
[obj_inside_of] obj=obj obj_pos=[ 1.8035966  -0.46503207  0.9661589 ] fixture_pos=[ 1.25    -0.3      0.96125] fsize=[0.91666663 0.55       0.24749999] shifted_fpos=[ 1.25    -0.25     0.96125] lower=[ 1.         -0.45        0.68750001] upper=[ 1.5        -0.05        1.23499999] inside=False
[obj_inside_of] obj=obj obj_pos=[ 1.8035966  -0.46503207  0.9661589 ] fixture_pos=[ 1.25    -0.3      0.96125] fsize=[0.91666663 0.55       0.24749999] shifted_fpos=[ 1.25    -0.25     0.96125] lower=[ 1.         -0.45        0.68750001] upper=[ 1.5        -0.05        1.23499999] inside=False
[obj_inside_of] obj=obj obj_pos=[ 1.8035966  -0.46503207  0.9661589 ] fixture_pos=[ 1.25    -0.3      0.96125] fsize=[0.91666663 0.55       0.24749999] shifted_fpos=[ 1.25    -0.25     0.96125] lower=[ 1.         -0.45        0.68750001] upper=[ 1.5        -0.05        1.23499999] inside=False
[obj_inside_of] obj=obj obj_pos=[ 1.8035966  -0.46503207  0.9661589 ] fixture_pos=[ 1.25    -0.3      0.96125] fsize=[0.91666663 0.55       0.24749999] shifted_fpos=[ 1.25    -0.25     0.96125] lower=[ 1.         -0.45        0.68750001] upper=[ 1.5        -0.05        1.23499999] inside=False
[obj_inside_of] obj=obj obj_pos=[ 1.8035966  -0.46503207  0.9661589 ] fixture_pos=[ 1.25    -0.3      0.96125] fsize=[0.91666663 0.55       0.24749999] shifted_fpos=[ 1.25    -0.25     0.96125] lower=[ 1.         -0.45        0.68750001] upper=[ 1.5        -0.05        1.23499999] inside=False
[obj_inside_of] obj=obj obj_pos=[ 1.8035966  -0.46503207  0.9661589 ] fixture_pos=[ 1.25    -0.3      0.96125] fsize=[0.91666663 0.55       0.24749999] shifted_fpos=[ 1.25    -0.25     0.96125] lower=[ 1.         -0.45        0.68750001] upper=[ 1.5        -0.05        1.23499999] inside=False
[obj_inside_of] obj=obj obj_pos=[ 1.8035966  -0.46503207  0.9661589 ] fixture_pos=[ 1.25    -0.3      0.96125] fsize=[0.91666663 0.55       0.24749999] shifted_fpos=[ 1.25    -0.25     0.96125] lower=[ 1.         -0.45        0.68750001] upper=[ 1.5        -0.05        1.23499999] inside=False
[obj_inside_of] obj=obj obj_pos=[ 1.8035966  -0.46503207  0.9661589 ] fixture_pos=[ 1.25    -0.3      0.96125] fsize=[0.91666663 0.55       0.24749999] shifted_fpos=[ 1.25    -0.25     0.96125] lower=[ 1.         -0.45        0.68750001] upper=[ 1.5        -0.05        1.23499999] inside=False
[obj_inside_of] obj=obj obj_pos=[ 1.8035966  -0.46503207  0.9661589 ] fixture_pos=[ 1.25    -0.3      0.96125] fsize=[0.91666663 0.55       0.24749999] shifted_fpos=[ 1.25    -0.25     0.96125] lower=[ 1.         -0.45        0.68750001] upper=[ 1.5        -0.05        1.23499999] inside=False
[obj_inside_of] obj=obj obj_pos=[ 1.8035966  -0.46503207  0.9661589 ] fixture_pos=[ 1.25    -0.3      0.96125] fsize=[0.91666663 0.55       0.24749999] shifted_fpos=[ 1.25    -0.25     0.96125] lower=[ 1.         -0.45        0.68750001] upper=[ 1.5        -0.05        1.23499999] inside=False
[obj_inside_of] obj=obj obj_pos=[ 1.8035966  -0.46503207  0.9661589 ] fixture_pos=[ 1.25    -0.3      0.96125] fsize=[0.91666663 0.55       0.24749999] shifted_fpos=[ 1.25    -0.25     0.96125] lower=[ 1.         -0.45        0.68750001] upper=[ 1.5        -0.05        1.23499999] inside=False
[obj_inside_of] obj=obj obj_pos=[ 1.8035966  -0.46503207  0.9661589 ] fixture_pos=[ 1.25    -0.3      0.96125] fsize=[0.91666663 0.55       0.24749999] shifted_fpos=[ 1.25    -0.25     0.96125] lower=[ 1.         -0.45        0.68750001] upper=[ 1.5        -0.05        1.23499999] inside=False
[obj_inside_of] obj=obj obj_pos=[ 1.8035966  -0.46503207  0.9661589 ] fixture_pos=[ 1.25    -0.3      0.96125] fsize=[0.91666663 0.55       0.24749999] shifted_fpos=[ 1.25    -0.25     0.96125] lower=[ 1.         -0.45        0.68750001] upper=[ 1.5        -0.05        1.23499999] inside=False
[obj_inside_of] obj=obj obj_pos=[ 1.8035966  -0.46503207  0.9661589 ] fixture_pos=[ 1.25    -0.3      0.96125] fsize=[0.91666663 0.55       0.24749999] shifted_fpos=[ 1.25    -0.25     0.96125] lower=[ 1.         -0.45        0.68750001] upper=[ 1.5        -0.05        1.23499999] inside=False
[obj_inside_of] obj=obj obj_pos=[ 1.8035966  -0.46503207  0.9661589 ] fixture_pos=[ 1.25    -0.3      0.96125] fsize=[0.91666663 0.55       0.24749999] shifted_fpos=[ 1.25    -0.25     0.96125] lower=[ 1.         -0.45        0.68750001] upper=[ 1.5        -0.05        1.23499999] inside=False
[obj_inside_of] obj=obj obj_pos=[ 1.8035966  -0.46503207  0.9661589 ] fixture_pos=[ 1.25    -0.3      0.96125] fsize=[0.91666663 0.55       0.24749999] shifted_fpos=[ 1.25    -0.25     0.96125] lower=[ 1.         -0.45        0.68750001] upper=[ 1.5        -0.05        1.23499999] inside=False
[obj_inside_of] obj=obj obj_pos=[ 1.8035966  -0.46503207  0.9661589 ] fixture_pos=[ 1.25    -0.3      0.96125] fsize=[0.91666663 0.55       0.24749999] shifted_fpos=[ 1.25    -0.25     0.96125] lower=[ 1.         -0.45        0.68750001] upper=[ 1.5        -0.05        1.23499999] inside=False
[obj_inside_of] obj=obj obj_pos=[ 1.8035966  -0.46503207  0.9661589 ] fixture_pos=[ 1.25    -0.3      0.96125] fsize=[0.91666663 0.55       0.24749999] shifted_fpos=[ 1.25    -0.25     0.96125] lower=[ 1.         -0.45        0.68750001] upper=[ 1.5        -0.05        1.23499999] inside=False
[obj_inside_of] obj=obj obj_pos=[ 1.8035966  -0.46503207  0.9661589 ] fixture_pos=[ 1.25    -0.3      0.96125] fsize=[0.91666663 0.55       0.24749999] shifted_fpos=[ 1.25    -0.25     0.96125] lower=[ 1.         -0.45        0.68750001] upper=[ 1.5        -0.05        1.23499999] inside=False
[obj_inside_of] obj=obj obj_pos=[ 1.8035966  -0.46503207  0.9661589 ] fixture_pos=[ 1.25    -0.3      0.96125] fsize=[0.91666663 0.55       0.24749999] shifted_fpos=[ 1.25    -0.25     0.96125] lower=[ 1.         -0.45        0.68750001] upper=[ 1.5        -0.05        1.23499999] inside=False
[obj_inside_of] obj=obj obj_pos=[ 1.8035966  -0.46503207  0.9661589 ] fixture_pos=[ 1.25    -0.3      0.96125] fsize=[0.91666663 0.55       0.24749999] shifted_fpos=[ 1.25    -0.25     0.96125] lower=[ 1.         -0.45        0.68750001] upper=[ 1.5        -0.05        1.23499999] inside=False
[obj_inside_of] obj=obj obj_pos=[ 1.8035966  -0.46503207  0.9661589 ] fixture_pos=[ 1.25    -0.3      0.96125] fsize=[0.91666663 0.55       0.24749999] shifted_fpos=[ 1.25    -0.25     0.96125] lower=[ 1.         -0.45        0.68750001] upper=[ 1.5        -0.05        1.23499999] inside=False
[obj_inside_of] obj=obj obj_pos=[ 1.8035966  -0.46503207  0.9661589 ] fixture_pos=[ 1.25    -0.3      0.96125] fsize=[0.91666663 0.55       0.24749999] shifted_fpos=[ 1.25    -0.25     0.96125] lower=[ 1.         -0.45        0.68750001] upper=[ 1.5        -0.05        1.23499999] inside=False
[obj_inside_of] obj=obj obj_pos=[ 1.8035966  -0.46503207  0.9661589 ] fixture_pos=[ 1.25    -0.3      0.96125] fsize=[0.91666663 0.55       0.24749999] shifted_fpos=[ 1.25    -0.25     0.96125] lower=[ 1.         -0.45        0.68750001] upper=[ 1.5        -0.05        1.23499999] inside=False
[obj_inside_of] obj=obj obj_pos=[ 1.8035966  -0.46503207  0.9661589 ] fixture_pos=[ 1.25    -0.3      0.96125] fsize=[0.91666663 0.55       0.24749999] shifted_fpos=[ 1.25    -0.25     0.96125] lower=[ 1.         -0.45        0.68750001] upper=[ 1.5        -0.05        1.23499999] inside=False
[obj_inside_of] obj=obj obj_pos=[ 1.8035966  -0.46503207  0.9661589 ] fixture_pos=[ 1.25    -0.3      0.96125] fsize=[0.91666663 0.55       0.24749999] shifted_fpos=[ 1.25    -0.25     0.96125] lower=[ 1.         -0.45        0.68750001] upper=[ 1.5        -0.05        1.23499999] inside=False
[obj_inside_of] obj=obj obj_pos=[ 1.8035966  -0.46503207  0.9661589 ] fixture_pos=[ 1.25    -0.3      0.96125] fsize=[0.91666663 0.55       0.24749999] shifted_fpos=[ 1.25    -0.25     0.96125] lower=[ 1.         -0.45        0.68750001] upper=[ 1.5        -0.05        1.23499999] inside=False
[obj_inside_of] obj=obj obj_pos=[ 1.8035966  -0.46503207  0.9661589 ] fixture_pos=[ 1.25    -0.3      0.96125] fsize=[0.91666663 0.55       0.24749999] shifted_fpos=[ 1.25    -0.25     0.96125] lower=[ 1.         -0.45        0.68750001] upper=[ 1.5        -0.05        1.23499999] inside=False
[obj_inside_of] obj=obj obj_pos=[ 1.8035966  -0.46503207  0.9661589 ] fixture_pos=[ 1.25    -0.3      0.96125] fsize=[0.91666663 0.55       0.24749999] shifted_fpos=[ 1.25    -0.25     0.96125] lower=[ 1.         -0.45        0.68750001] upper=[ 1.5        -0.05        1.23499999] inside=False
[obj_inside_of] obj=obj obj_pos=[ 1.8035966  -0.46503207  0.9661589 ] fixture_pos=[ 1.25    -0.3      0.96125] fsize=[0.91666663 0.55       0.24749999] shifted_fpos=[ 1.25    -0.25     0.96125] lower=[ 1.         -0.45        0.68750001] upper=[ 1.5        -0.05        1.23499999] inside=False
[obj_inside_of] obj=obj obj_pos=[ 1.8035966  -0.46503207  0.9661589 ] fixture_pos=[ 1.25    -0.3      0.96125] fsize=[0.91666663 0.55       0.24749999] shifted_fpos=[ 1.25    -0.25     0.96125] lower=[ 1.         -0.45        0.68750001] upper=[ 1.5        -0.05        1.23499999] inside=False
[obj_inside_of] obj=obj obj_pos=[ 1.8035966  -0.46503207  0.9661589 ] fixture_pos=[ 1.25    -0.3      0.96125] fsize=[0.91666663 0.55       0.24749999] shifted_fpos=[ 1.25    -0.25     0.96125] lower=[ 1.         -0.45        0.68750001] upper=[ 1.5        -0.05        1.23499999] inside=False
[obj_inside_of] obj=obj obj_pos=[ 1.8035966  -0.46503207  0.9661589 ] fixture_pos=[ 1.25    -0.3      0.96125] fsize=[0.91666663 0.55       0.24749999] shifted_fpos=[ 1.25    -0.25     0.96125] lower=[ 1.         -0.45        0.68750001] upper=[ 1.5        -0.05        1.23499999] inside=False
[obj_inside_of] obj=obj obj_pos=[ 1.8035966  -0.46503207  0.9661589 ] fixture_pos=[ 1.25    -0.3      0.96125] fsize=[0.91666663 0.55       0.24749999] shifted_fpos=[ 1.25    -0.25     0.96125] lower=[ 1.         -0.45        0.68750001] upper=[ 1.5        -0.05        1.23499999] inside=False
[obj_inside_of] obj=obj obj_pos=[ 1.8035966  -0.46503207  0.9661589 ] fixture_pos=[ 1.25    -0.3      0.96125] fsize=[0.91666663 0.55       0.24749999] shifted_fpos=[ 1.25    -0.25     0.96125] lower=[ 1.         -0.45        0.68750001] upper=[ 1.5        -0.05        1.23499999] inside=False
[obj_inside_of] obj=obj obj_pos=[ 1.8035966  -0.46503207  0.9661589 ] fixture_pos=[ 1.25    -0.3      0.96125] fsize=[0.91666663 0.55       0.24749999] shifted_fpos=[ 1.25    -0.25     0.96125] lower=[ 1.         -0.45        0.68750001] upper=[ 1.5        -0.05        1.23499999] inside=False
[obj_inside_of] obj=obj obj_pos=[ 1.8035966  -0.46503207  0.9661589 ] fixture_pos=[ 1.25    -0.3      0.96125] fsize=[0.91666663 0.55       0.24749999] shifted_fpos=[ 1.25    -0.25     0.96125] lower=[ 1.         -0.45        0.68750001] upper=[ 1.5        -0.05        1.23499999] inside=False
[obj_inside_of] obj=obj obj_pos=[ 1.8035966  -0.46503207  0.9661589 ] fixture_pos=[ 1.25    -0.3      0.96125] fsize=[0.91666663 0.55       0.24749999] shifted_fpos=[ 1.25    -0.25     0.96125] lower=[ 1.         -0.45        0.68750001] upper=[ 1.5        -0.05        1.23499999] inside=False
[obj_inside_of] obj=obj obj_pos=[ 1.8035966  -0.46503207  0.9661589 ] fixture_pos=[ 1.25    -0.3      0.96125] fsize=[0.91666663 0.55       0.24749999] shifted_fpos=[ 1.25    -0.25     0.96125] lower=[ 1.         -0.45        0.68750001] upper=[ 1.5        -0.05        1.23499999] inside=False
[obj_inside_of] obj=obj obj_pos=[ 1.8035966  -0.46503207  0.9661589 ] fixture_pos=[ 1.25    -0.3      0.96125] fsize=[0.91666663 0.55       0.24749999] shifted_fpos=[ 1.25    -0.25     0.96125] lower=[ 1.         -0.45        0.68750001] upper=[ 1.5        -0.05        1.23499999] inside=False
[obj_inside_of] obj=obj obj_pos=[ 1.8035966  -0.46503207  0.9661589 ] fixture_pos=[ 1.25    -0.3      0.96125] fsize=[0.91666663 0.55       0.24749999] shifted_fpos=[ 1.25    -0.25     0.96125] lower=[ 1.         -0.45        0.68750001] upper=[ 1.5        -0.05        1.23499999] inside=False
[obj_inside_of] obj=obj obj_pos=[ 1.8035966  -0.46503207  0.9661589 ] fixture_pos=[ 1.25    -0.3      0.96125] fsize=[0.91666663 0.55       0.24749999] shifted_fpos=[ 1.25    -0.25     0.96125] lower=[ 1.         -0.45        0.68750001] upper=[ 1.5        -0.05        1.23499999] inside=False
[obj_inside_of] obj=obj obj_pos=[ 1.8035966  -0.46503207  0.9661589 ] fixture_pos=[ 1.25    -0.3      0.96125] fsize=[0.91666663 0.55       0.24749999] shifted_fpos=[ 1.25    -0.25     0.96125] lower=[ 1.         -0.45        0.68750001] upper=[ 1.5        -0.05        1.23499999] inside=False
[obj_inside_of] obj=obj obj_pos=[ 1.8035966  -0.46503207  0.9661589 ] fixture_pos=[ 1.25    -0.3      0.96125] fsize=[0.91666663 0.55       0.24749999] shifted_fpos=[ 1.25    -0.25     0.96125] lower=[ 1.         -0.45        0.68750001] upper=[ 1.5        -0.05        1.23499999] inside=False
[obj_inside_of] obj=obj obj_pos=[ 1.8035966  -0.46503207  0.9661589 ] fixture_pos=[ 1.25    -0.3      0.96125] fsize=[0.91666663 0.55       0.24749999] shifted_fpos=[ 1.25    -0.25     0.96125] lower=[ 1.         -0.45        0.68750001] upper=[ 1.5        -0.05        1.23499999] inside=False
[obj_inside_of] obj=obj obj_pos=[ 1.8035966  -0.46503207  0.9661589 ] fixture_pos=[ 1.25    -0.3      0.96125] fsize=[0.91666663 0.55       0.24749999] shifted_fpos=[ 1.25    -0.25     0.96125] lower=[ 1.         -0.45        0.68750001] upper=[ 1.5        -0.05        1.23499999] inside=False
[obj_inside_of] obj=obj obj_pos=[ 1.8035966  -0.46503207  0.9661589 ] fixture_pos=[ 1.25    -0.3      0.96125] fsize=[0.91666663 0.55       0.24749999] shifted_fpos=[ 1.25    -0.25     0.96125] lower=[ 1.         -0.45        0.68750001] upper=[ 1.5        -0.05        1.23499999] inside=False
[obj_inside_of] obj=obj obj_pos=[ 1.8035966  -0.46503207  0.9661589 ] fixture_pos=[ 1.25    -0.3      0.96125] fsize=[0.91666663 0.55       0.24749999] shifted_fpos=[ 1.25    -0.25     0.96125] lower=[ 1.         -0.45        0.68750001] upper=[ 1.5        -0.05        1.23499999] inside=False
[obj_inside_of] obj=obj obj_pos=[ 1.8035966  -0.46503207  0.9661589 ] fixture_pos=[ 1.25    -0.3      0.96125] fsize=[0.91666663 0.55       0.24749999] shifted_fpos=[ 1.25    -0.25     0.96125] lower=[ 1.         -0.45        0.68750001] upper=[ 1.5        -0.05        1.23499999] inside=False
[obj_inside_of] obj=obj obj_pos=[ 1.8035966  -0.46503207  0.9661589 ] fixture_pos=[ 1.25    -0.3      0.96125] fsize=[0.91666663 0.55       0.24749999] shifted_fpos=[ 1.25    -0.25     0.96125] lower=[ 1.         -0.45        0.68750001] upper=[ 1.5        -0.05        1.23499999] inside=False
[obj_inside_of] obj=obj obj_pos=[ 1.8035966  -0.46503207  0.9661589 ] fixture_pos=[ 1.25    -0.3      0.96125] fsize=[0.91666663 0.55       0.24749999] shifted_fpos=[ 1.25    -0.25     0.96125] lower=[ 1.         -0.45        0.68750001] upper=[ 1.5        -0.05        1.23499999] inside=False
[obj_inside_of] obj=obj obj_pos=[ 1.8035966  -0.46503207  0.9661589 ] fixture_pos=[ 1.25    -0.3      0.96125] fsize=[0.91666663 0.55       0.24749999] shifted_fpos=[ 1.25    -0.25     0.96125] lower=[ 1.         -0.45        0.68750001] upper=[ 1.5        -0.05        1.23499999] inside=False
[obj_inside_of] obj=obj obj_pos=[ 1.8035966  -0.46503207  0.9661589 ] fixture_pos=[ 1.25    -0.3      0.96125] fsize=[0.91666663 0.55       0.24749999] shifted_fpos=[ 1.25    -0.25     0.96125] lower=[ 1.         -0.45        0.68750001] upper=[ 1.5        -0.05        1.23499999] inside=False
[obj_inside_of] obj=obj obj_pos=[ 1.8035966  -0.46503207  0.9661589 ] fixture_pos=[ 1.25    -0.3      0.96125] fsize=[0.91666663 0.55       0.24749999] shifted_fpos=[ 1.25    -0.25     0.96125] lower=[ 1.         -0.45        0.68750001] upper=[ 1.5        -0.05        1.23499999] inside=False
[obj_inside_of] obj=obj obj_pos=[ 1.8035966  -0.46503207  0.9661589 ] fixture_pos=[ 1.25    -0.3      0.96125] fsize=[0.91666663 0.55       0.24749999] shifted_fpos=[ 1.25    -0.25     0.96125] lower=[ 1.         -0.45        0.68750001] upper=[ 1.5        -0.05        1.23499999] inside=False
[obj_inside_of] obj=obj obj_pos=[ 1.8035966  -0.46503207  0.9661589 ] fixture_pos=[ 1.25    -0.3      0.96125] fsize=[0.91666663 0.55       0.24749999] shifted_fpos=[ 1.25    -0.25     0.96125] lower=[ 1.         -0.45        0.68750001] upper=[ 1.5        -0.05        1.23499999] inside=False
[obj_inside_of] obj=obj obj_pos=[ 1.8035966  -0.46503207  0.9661589 ] fixture_pos=[ 1.25    -0.3      0.96125] fsize=[0.91666663 0.55       0.24749999] shifted_fpos=[ 1.25    -0.25     0.96125] lower=[ 1.         -0.45        0.68750001] upper=[ 1.5        -0.05        1.23499999] inside=False
[obj_inside_of] obj=obj obj_pos=[ 1.8035966  -0.46503207  0.9661589 ] fixture_pos=[ 1.25    -0.3      0.96125] fsize=[0.91666663 0.55       0.24749999] shifted_fpos=[ 1.25    -0.25     0.96125] lower=[ 1.         -0.45        0.68750001] upper=[ 1.5        -0.05        1.23499999] inside=False
[obj_inside_of] obj=obj obj_pos=[ 1.8035966  -0.46503207  0.9661589 ] fixture_pos=[ 1.25    -0.3      0.96125] fsize=[0.91666663 0.55       0.24749999] shifted_fpos=[ 1.25    -0.25     0.96125] lower=[ 1.         -0.45        0.68750001] upper=[ 1.5        -0.05        1.23499999] inside=False
[obj_inside_of] obj=obj obj_pos=[ 1.8035966  -0.46503207  0.9661589 ] fixture_pos=[ 1.25    -0.3      0.96125] fsize=[0.91666663 0.55       0.24749999] shifted_fpos=[ 1.25    -0.25     0.96125] lower=[ 1.         -0.45        0.68750001] upper=[ 1.5        -0.05        1.23499999] inside=False
[obj_inside_of] obj=obj obj_pos=[ 1.8035966  -0.46503207  0.9661589 ] fixture_pos=[ 1.25    -0.3      0.96125] fsize=[0.91666663 0.55       0.24749999] shifted_fpos=[ 1.25    -0.25     0.96125] lower=[ 1.         -0.45        0.68750001] upper=[ 1.5        -0.05        1.23499999] inside=False
[obj_inside_of] obj=obj obj_pos=[ 1.8035966  -0.46503207  0.9661589 ] fixture_pos=[ 1.25    -0.3      0.96125] fsize=[0.91666663 0.55       0.24749999] shifted_fpos=[ 1.25    -0.25     0.96125] lower=[ 1.         -0.45        0.68750001] upper=[ 1.5        -0.05        1.23499999] inside=False
[obj_inside_of] obj=obj obj_pos=[ 1.8035966  -0.46503207  0.9661589 ] fixture_pos=[ 1.25    -0.3      0.96125] fsize=[0.91666663 0.55       0.24749999] shifted_fpos=[ 1.25    -0.25     0.96125] lower=[ 1.         -0.45        0.68750001] upper=[ 1.5        -0.05        1.23499999] inside=False
[obj_inside_of] obj=obj obj_pos=[ 1.8035966  -0.46503207  0.9661589 ] fixture_pos=[ 1.25    -0.3      0.96125] fsize=[0.91666663 0.55       0.24749999] shifted_fpos=[ 1.25    -0.25     0.96125] lower=[ 1.         -0.45        0.68750001] upper=[ 1.5        -0.05        1.23499999] inside=False
[obj_inside_of] obj=obj obj_pos=[ 1.8035966  -0.46503207  0.9661589 ] fixture_pos=[ 1.25    -0.3      0.96125] fsize=[0.91666663 0.55       0.24749999] shifted_fpos=[ 1.25    -0.25     0.96125] lower=[ 1.         -0.45        0.68750001] upper=[ 1.5        -0.05        1.23499999] inside=False
[obj_inside_of] obj=obj obj_pos=[ 1.8035966  -0.46503207  0.9661589 ] fixture_pos=[ 1.25    -0.3      0.96125] fsize=[0.91666663 0.55       0.24749999] shifted_fpos=[ 1.25    -0.25     0.96125] lower=[ 1.         -0.45        0.68750001] upper=[ 1.5        -0.05        1.23499999] inside=False
[obj_inside_of] obj=obj obj_pos=[ 1.8035966  -0.46503207  0.9661589 ] fixture_pos=[ 1.25    -0.3      0.96125] fsize=[0.91666663 0.55       0.24749999] shifted_fpos=[ 1.25    -0.25     0.96125] lower=[ 1.         -0.45        0.68750001] upper=[ 1.5        -0.05        1.23499999] inside=False
[obj_inside_of] obj=obj obj_pos=[ 1.8042063  -0.46532682  0.9660841 ] fixture_pos=[ 1.25    -0.3      0.96125] fsize=[0.91666663 0.55       0.24749999] shifted_fpos=[ 1.25    -0.25     0.96125] lower=[ 1.         -0.45        0.68750001] upper=[ 1.5        -0.05        1.23499999] inside=False
[obj_inside_of] obj=obj obj_pos=[ 1.8059307  -0.46503162  0.9660124 ] fixture_pos=[ 1.25    -0.3      0.96125] fsize=[0.91666663 0.55       0.24749999] shifted_fpos=[ 1.25    -0.25     0.96125] lower=[ 1.         -0.45        0.68750001] upper=[ 1.5        -0.05        1.23499999] inside=False
[obj_inside_of] obj=obj obj_pos=[ 1.8066825  -0.46300393  0.96592265] fixture_pos=[ 1.25    -0.3      0.96125] fsize=[0.91666663 0.55       0.24749999] shifted_fpos=[ 1.25    -0.25     0.96125] lower=[ 1.         -0.45        0.68750001] upper=[ 1.5        -0.05        1.23499999] inside=False
[obj_inside_of] obj=obj obj_pos=[ 1.8059006  -0.46174332  0.9661663 ] fixture_pos=[ 1.25    -0.3      0.96125] fsize=[0.91666663 0.55       0.24749999] shifted_fpos=[ 1.25    -0.25     0.96125] lower=[ 1.         -0.45        0.68750001] upper=[ 1.5        -0.05        1.23499999] inside=False
[obj_inside_of] obj=obj obj_pos=[ 1.8060492  -0.46306643  0.9660361 ] fixture_pos=[ 1.25    -0.3      0.96125] fsize=[0.91666663 0.55       0.24749999] shifted_fpos=[ 1.25    -0.25     0.96125] lower=[ 1.         -0.45        0.68750001] upper=[ 1.5        -0.05        1.23499999] inside=False
[obj_inside_of] obj=obj obj_pos=[ 1.8058283  -0.46521392  0.966021  ] fixture_pos=[ 1.25    -0.3      0.96125] fsize=[0.91666663 0.55       0.24749999] shifted_fpos=[ 1.25    -0.25     0.96125] lower=[ 1.         -0.45        0.68750001] upper=[ 1.5        -0.05        1.23499999] inside=False
[obj_inside_of] obj=obj obj_pos=[ 1.8053768  -0.46559536  0.96607614] fixture_pos=[ 1.25    -0.3      0.96125] fsize=[0.91666663 0.55       0.24749999] shifted_fpos=[ 1.25    -0.25     0.96125] lower=[ 1.         -0.45        0.68750001] upper=[ 1.5        -0.05        1.23499999] inside=False
[obj_inside_of] obj=obj obj_pos=[ 1.8058794  -0.46437818  0.96594125] fixture_pos=[ 1.25    -0.3      0.96125] fsize=[0.91666663 0.55       0.24749999] shifted_fpos=[ 1.25    -0.25     0.96125] lower=[ 1.         -0.45        0.68750001] upper=[ 1.5        -0.05        1.23499999] inside=False
[obj_inside_of] obj=obj obj_pos=[ 1.8060472  -0.46309593  0.9659117 ] fixture_pos=[ 1.25    -0.3      0.96125] fsize=[0.91666663 0.55       0.24749999] shifted_fpos=[ 1.25    -0.25     0.96125] lower=[ 1.         -0.45        0.68750001] upper=[ 1.5        -0.05        1.23499999] inside=False
[obj_inside_of] obj=obj obj_pos=[ 1.8061365  -0.4635969   0.96588236] fixture_pos=[ 1.25    -0.3      0.96125] fsize=[0.91666663 0.55       0.24749999] shifted_fpos=[ 1.25    -0.25     0.96125] lower=[ 1.         -0.45        0.68750001] upper=[ 1.5        -0.05        1.23499999] inside=False
[obj_inside_of] obj=obj obj_pos=[ 1.8058635  -0.46457362  0.9659541 ] fixture_pos=[ 1.25    -0.3      0.96125] fsize=[0.91666663 0.55       0.24749999] shifted_fpos=[ 1.25    -0.25     0.96125] lower=[ 1.         -0.45        0.68750001] upper=[ 1.5        -0.05        1.23499999] inside=False
[obj_inside_of] obj=obj obj_pos=[ 1.8061432  -0.46377558  0.96590805] fixture_pos=[ 1.25    -0.3      0.96125] fsize=[0.91666663 0.55       0.24749999] shifted_fpos=[ 1.25    -0.25     0.96125] lower=[ 1.         -0.45        0.68750001] upper=[ 1.5        -0.05        1.23499999] inside=False
[obj_inside_of] obj=obj obj_pos=[ 1.806532   -0.46349952  0.96593434] fixture_pos=[ 1.25    -0.3      0.96125] fsize=[0.91666663 0.55       0.24749999] shifted_fpos=[ 1.25    -0.25     0.96125] lower=[ 1.         -0.45        0.68750001] upper=[ 1.5        -0.05        1.23499999] inside=False
[obj_inside_of] obj=obj obj_pos=[ 1.806132   -0.4640962   0.96591526] fixture_pos=[ 1.25    -0.3      0.96125] fsize=[0.91666663 0.55       0.24749999] shifted_fpos=[ 1.25    -0.25     0.96125] lower=[ 1.         -0.45        0.68750001] upper=[ 1.5        -0.05        1.23499999] inside=False
[obj_inside_of] obj=obj obj_pos=[ 1.8058707  -0.46443298  0.9659381 ] fixture_pos=[ 1.25    -0.3      0.96125] fsize=[0.91666663 0.55       0.24749999] shifted_fpos=[ 1.25    -0.25     0.96125] lower=[ 1.         -0.45        0.68750001] upper=[ 1.5        -0.05        1.23499999] inside=False
[obj_inside_of] obj=obj obj_pos=[ 1.8061554  -0.46410292  0.9659198 ] fixture_pos=[ 1.25    -0.3      0.96125] fsize=[0.91666663 0.55       0.24749999] shifted_fpos=[ 1.25    -0.25     0.96125] lower=[ 1.         -0.45        0.68750001] upper=[ 1.5        -0.05        1.23499999] inside=False
[obj_inside_of] obj=obj obj_pos=[ 1.8059684 -0.4642345  0.9659102] fixture_pos=[ 1.25    -0.3      0.96125] fsize=[0.91666663 0.55       0.24749999] shifted_fpos=[ 1.25    -0.25     0.96125] lower=[ 1.         -0.45        0.68750001] upper=[ 1.5        -0.05        1.23499999] inside=False
[obj_inside_of] obj=obj obj_pos=[ 1.8060048  -0.46416825  0.96590114] fixture_pos=[ 1.25    -0.3      0.96125] fsize=[0.91666663 0.55       0.24749999] shifted_fpos=[ 1.25    -0.25     0.96125] lower=[ 1.         -0.45        0.68750001] upper=[ 1.5        -0.05        1.23499999] inside=False
[obj_inside_of] obj=obj obj_pos=[ 1.8059913 -0.4641931  0.965904 ] fixture_pos=[ 1.25    -0.3      0.96125] fsize=[0.91666663 0.55       0.24749999] shifted_fpos=[ 1.25    -0.25     0.96125] lower=[ 1.         -0.45        0.68750001] upper=[ 1.5        -0.05        1.23499999] inside=False
[obj_inside_of] obj=obj obj_pos=[ 1.8060194 -0.4642032  0.9659036] fixture_pos=[ 1.25    -0.3      0.96125] fsize=[0.91666663 0.55       0.24749999] shifted_fpos=[ 1.25    -0.25     0.96125] lower=[ 1.         -0.45        0.68750001] upper=[ 1.5        -0.05        1.23499999] inside=False
[obj_inside_of] obj=obj obj_pos=[ 1.8060004  -0.46418616  0.96590275] fixture_pos=[ 1.25    -0.3      0.96125] fsize=[0.91666663 0.55       0.24749999] shifted_fpos=[ 1.25    -0.25     0.96125] lower=[ 1.         -0.45        0.68750001] upper=[ 1.5        -0.05        1.23499999] inside=False
[obj_inside_of] obj=obj obj_pos=[ 1.806019   -0.46420234  0.9659034 ] fixture_pos=[ 1.25    -0.3      0.96125] fsize=[0.91666663 0.55       0.24749999] shifted_fpos=[ 1.25    -0.25     0.96125] lower=[ 1.         -0.45        0.68750001] upper=[ 1.5        -0.05        1.23499999] inside=False
[obj_inside_of] obj=obj obj_pos=[ 1.8059974  -0.4641867   0.96590304] fixture_pos=[ 1.25    -0.3      0.96125] fsize=[0.91666663 0.55       0.24749999] shifted_fpos=[ 1.25    -0.25     0.96125] lower=[ 1.         -0.45        0.68750001] upper=[ 1.5        -0.05        1.23499999] inside=False
[obj_inside_of] obj=obj obj_pos=[ 1.806019   -0.46420234  0.96590346] fixture_pos=[ 1.25    -0.3      0.96125] fsize=[0.91666663 0.55       0.24749999] shifted_fpos=[ 1.25    -0.25     0.96125] lower=[ 1.         -0.45        0.68750001] upper=[ 1.5        -0.05        1.23499999] inside=False
[obj_inside_of] obj=obj obj_pos=[ 1.806001   -0.46418583  0.9659027 ] fixture_pos=[ 1.25    -0.3      0.96125] fsize=[0.91666663 0.55       0.24749999] shifted_fpos=[ 1.25    -0.25     0.96125] lower=[ 1.         -0.45        0.68750001] upper=[ 1.5        -0.05        1.23499999] inside=False
[obj_inside_of] obj=obj obj_pos=[ 1.8060193 -0.4642022  0.9659035] fixture_pos=[ 1.25    -0.3      0.96125] fsize=[0.91666663 0.55       0.24749999] shifted_fpos=[ 1.25    -0.25     0.96125] lower=[ 1.         -0.45        0.68750001] upper=[ 1.5        -0.05        1.23499999] inside=False
[obj_inside_of] obj=obj obj_pos=[ 1.8060015  -0.4641857   0.96590257] fixture_pos=[ 1.25    -0.3      0.96125] fsize=[0.91666663 0.55       0.24749999] shifted_fpos=[ 1.25    -0.25     0.96125] lower=[ 1.         -0.45        0.68750001] upper=[ 1.5        -0.05        1.23499999] inside=False
[obj_inside_of] obj=obj obj_pos=[ 1.8060194  -0.4642022   0.96590346] fixture_pos=[ 1.25    -0.3      0.96125] fsize=[0.91666663 0.55       0.24749999] shifted_fpos=[ 1.25    -0.25     0.96125] lower=[ 1.         -0.45        0.68750001] upper=[ 1.5        -0.05        1.23499999] inside=False
[obj_inside_of] obj=obj obj_pos=[ 1.8059999  -0.46418625  0.9659028 ] fixture_pos=[ 1.25    -0.3      0.96125] fsize=[0.91666663 0.55       0.24749999] shifted_fpos=[ 1.25    -0.25     0.96125] lower=[ 1.         -0.45        0.68750001] upper=[ 1.5        -0.05        1.23499999] inside=False
[obj_inside_of] obj=obj obj_pos=[ 1.80602    -0.46420178  0.9659033 ] fixture_pos=[ 1.25    -0.3      0.96125] fsize=[0.91666663 0.55       0.24749999] shifted_fpos=[ 1.25    -0.25     0.96125] lower=[ 1.         -0.45        0.68750001] upper=[ 1.5        -0.05        1.23499999] inside=False
[obj_inside_of] obj=obj obj_pos=[ 1.8059999  -0.4641861   0.96590275] fixture_pos=[ 1.25    -0.3      0.96125] fsize=[0.91666663 0.55       0.24749999] shifted_fpos=[ 1.25    -0.25     0.96125] lower=[ 1.         -0.45        0.68750001] upper=[ 1.5        -0.05        1.23499999] inside=False
[obj_inside_of] obj=obj obj_pos=[ 1.8071645 -0.4608151  0.9661088] fixture_pos=[ 1.25    -0.3      0.96125] fsize=[0.91666663 0.55       0.24749999] shifted_fpos=[ 1.25    -0.25     0.96125] lower=[ 1.         -0.45        0.68750001] upper=[ 1.5        -0.05        1.23499999] inside=False
[viz-debug] base_link.pose=(1.595,-0.857) q=(0.707,0.000,0.000,0.707) qpos[0:3]=(0.543,-0.345,0.001)
[obj_inside_of] obj=obj obj_pos=[ 1.8072064  -0.46043062  0.9661777 ] fixture_pos=[ 1.25    -0.3      0.96125] fsize=[0.91666663 0.55       0.24749999] shifted_fpos=[ 1.25    -0.25     0.96125] lower=[ 1.         -0.45        0.68750001] upper=[ 1.5        -0.05        1.23499999] inside=False
[obj_inside_of] obj=obj obj_pos=[ 1.80711    -0.46043843  0.9661272 ] fixture_pos=[ 1.25    -0.3      0.96125] fsize=[0.91666663 0.55       0.24749999] shifted_fpos=[ 1.25    -0.25     0.96125] lower=[ 1.         -0.45        0.68750001] upper=[ 1.5        -0.05        1.23499999] inside=False
[obj_inside_of] obj=obj obj_pos=[ 1.807068   -0.46053612  0.9661092 ] fixture_pos=[ 1.25    -0.3      0.96125] fsize=[0.91666663 0.55       0.24749999] shifted_fpos=[ 1.25    -0.25     0.96125] lower=[ 1.         -0.45        0.68750001] upper=[ 1.5        -0.05        1.23499999] inside=False
[obj_inside_of] obj=obj obj_pos=[ 1.8070132  -0.46058023  0.9661075 ] fixture_pos=[ 1.25    -0.3      0.96125] fsize=[0.91666663 0.55       0.24749999] shifted_fpos=[ 1.25    -0.25     0.96125] lower=[ 1.         -0.45        0.68750001] upper=[ 1.5        -0.05        1.23499999] inside=False
[obj_inside_of] obj=obj obj_pos=[ 1.8081765  -0.45897052  0.9661886 ] fixture_pos=[ 1.25    -0.3      0.96125] fsize=[0.91666663 0.55       0.24749999] shifted_fpos=[ 1.25    -0.25     0.96125] lower=[ 1.         -0.45        0.68750001] upper=[ 1.5        -0.05        1.23499999] inside=False
[obj_inside_of] obj=obj obj_pos=[ 1.8083296  -0.45787805  0.9661974 ] fixture_pos=[ 1.25    -0.3      0.96125] fsize=[0.91666663 0.55       0.24749999] shifted_fpos=[ 1.25    -0.25     0.96125] lower=[ 1.         -0.45        0.68750001] upper=[ 1.5        -0.05        1.23499999] inside=False
[obj_inside_of] obj=obj obj_pos=[ 1.808312   -0.45791164  0.96619624] fixture_pos=[ 1.25    -0.3      0.96125] fsize=[0.91666663 0.55       0.24749999] shifted_fpos=[ 1.25    -0.25     0.96125] lower=[ 1.         -0.45        0.68750001] upper=[ 1.5        -0.05        1.23499999] inside=False
[obj_inside_of] obj=obj obj_pos=[ 1.8082885  -0.4579569   0.96619517] fixture_pos=[ 1.25    -0.3      0.96125] fsize=[0.91666663 0.55       0.24749999] shifted_fpos=[ 1.25    -0.25     0.96125] lower=[ 1.         -0.45        0.68750001] upper=[ 1.5        -0.05        1.23499999] inside=False
[obj_inside_of] obj=obj obj_pos=[ 1.8082721  -0.45798516  0.96619403] fixture_pos=[ 1.25    -0.3      0.96125] fsize=[0.91666663 0.55       0.24749999] shifted_fpos=[ 1.25    -0.25     0.96125] lower=[ 1.         -0.45        0.68750001] upper=[ 1.5        -0.05        1.23499999] inside=False
[obj_inside_of] obj=obj obj_pos=[ 1.8082533  -0.4579905   0.96616906] fixture_pos=[ 1.25    -0.3      0.96125] fsize=[0.91666663 0.55       0.24749999] shifted_fpos=[ 1.25    -0.25     0.96125] lower=[ 1.         -0.45        0.68750001] upper=[ 1.5        -0.05        1.23499999] inside=False
[obj_inside_of] obj=obj obj_pos=[ 1.8081719  -0.45807344  0.966165  ] fixture_pos=[ 1.25    -0.3      0.96125] fsize=[0.91666663 0.55       0.24749999] shifted_fpos=[ 1.25    -0.25     0.96125] lower=[ 1.         -0.45        0.68750001] upper=[ 1.5        -0.05        1.23499999] inside=False
[obj_inside_of] obj=obj obj_pos=[ 1.8081079  -0.4581129   0.96616006] fixture_pos=[ 1.25    -0.3      0.96125] fsize=[0.91666663 0.55       0.24749999] shifted_fpos=[ 1.25    -0.25     0.96125] lower=[ 1.         -0.45        0.68750001] upper=[ 1.5        -0.05        1.23499999] inside=False
[obj_inside_of] obj=obj obj_pos=[ 1.808064   -0.45813933  0.96615654] fixture_pos=[ 1.25    -0.3      0.96125] fsize=[0.91666663 0.55       0.24749999] shifted_fpos=[ 1.25    -0.25     0.96125] lower=[ 1.         -0.45        0.68750001] upper=[ 1.5        -0.05        1.23499999] inside=False
[obj_inside_of] obj=obj obj_pos=[ 1.8080366 -0.4581557  0.9661545] fixture_pos=[ 1.25    -0.3      0.96125] fsize=[0.91666663 0.55       0.24749999] shifted_fpos=[ 1.25    -0.25     0.96125] lower=[ 1.         -0.45        0.68750001] upper=[ 1.5        -0.05        1.23499999] inside=False
[obj_inside_of] obj=obj obj_pos=[ 1.8080233  -0.45827264  0.966162  ] fixture_pos=[ 1.25    -0.3      0.96125] fsize=[0.91666663 0.55       0.24749999] shifted_fpos=[ 1.25    -0.25     0.96125] lower=[ 1.         -0.45        0.68750001] upper=[ 1.5        -0.05        1.23499999] inside=False
[obj_inside_of] obj=obj obj_pos=[ 1.8080333  -0.4582558   0.96616423] fixture_pos=[ 1.25    -0.3      0.96125] fsize=[0.91666663 0.55       0.24749999] shifted_fpos=[ 1.25    -0.25     0.96125] lower=[ 1.         -0.45        0.68750001] upper=[ 1.5        -0.05        1.23499999] inside=False
[obj_inside_of] obj=obj obj_pos=[ 1.8080405  -0.45824096  0.966164  ] fixture_pos=[ 1.25    -0.3      0.96125] fsize=[0.91666663 0.55       0.24749999] shifted_fpos=[ 1.25    -0.25     0.96125] lower=[ 1.         -0.45        0.68750001] upper=[ 1.5        -0.05        1.23499999] inside=False
[obj_inside_of] obj=obj obj_pos=[ 1.8080482  -0.45823598  0.96616477] fixture_pos=[ 1.25    -0.3      0.96125] fsize=[0.91666663 0.55       0.24749999] shifted_fpos=[ 1.25    -0.25     0.96125] lower=[ 1.         -0.45        0.68750001] upper=[ 1.5        -0.05        1.23499999] inside=False
[obj_inside_of] obj=obj obj_pos=[ 1.808054   -0.4582306   0.96616495] fixture_pos=[ 1.25    -0.3      0.96125] fsize=[0.91666663 0.55       0.24749999] shifted_fpos=[ 1.25    -0.25     0.96125] lower=[ 1.         -0.45        0.68750001] upper=[ 1.5        -0.05        1.23499999] inside=False
[obj_inside_of] obj=obj obj_pos=[ 1.8080585  -0.45822707  0.9661653 ] fixture_pos=[ 1.25    -0.3      0.96125] fsize=[0.91666663 0.55       0.24749999] shifted_fpos=[ 1.25    -0.25     0.96125] lower=[ 1.         -0.45        0.68750001] upper=[ 1.5        -0.05        1.23499999] inside=False
[obj_inside_of] obj=obj obj_pos=[ 1.8080618  -0.45822343  0.9661653 ] fixture_pos=[ 1.25    -0.3      0.96125] fsize=[0.91666663 0.55       0.24749999] shifted_fpos=[ 1.25    -0.25     0.96125] lower=[ 1.         -0.45        0.68750001] upper=[ 1.5        -0.05        1.23499999] inside=False
[obj_inside_of] obj=obj obj_pos=[ 1.808064   -0.4582215   0.96616566] fixture_pos=[ 1.25    -0.3      0.96125] fsize=[0.91666663 0.55       0.24749999] shifted_fpos=[ 1.25    -0.25     0.96125] lower=[ 1.         -0.45        0.68750001] upper=[ 1.5        -0.05        1.23499999] inside=False
[obj_inside_of] obj=obj obj_pos=[ 1.8080659  -0.45822003  0.9661656 ] fixture_pos=[ 1.25    -0.3      0.96125] fsize=[0.91666663 0.55       0.24749999] shifted_fpos=[ 1.25    -0.25     0.96125] lower=[ 1.         -0.45        0.68750001] upper=[ 1.5        -0.05        1.23499999] inside=False
[obj_inside_of] obj=obj obj_pos=[ 1.8080668 -0.4582184  0.9661657] fixture_pos=[ 1.25    -0.3      0.96125] fsize=[0.91666663 0.55       0.24749999] shifted_fpos=[ 1.25    -0.25     0.96125] lower=[ 1.         -0.45        0.68750001] upper=[ 1.5        -0.05        1.23499999] inside=False
[obj_inside_of] obj=obj obj_pos=[ 1.8080676  -0.45821774  0.96616554] fixture_pos=[ 1.25    -0.3      0.96125] fsize=[0.91666663 0.55       0.24749999] shifted_fpos=[ 1.25    -0.25     0.96125] lower=[ 1.         -0.45        0.68750001] upper=[ 1.5        -0.05        1.23499999] inside=False
[obj_inside_of] obj=obj obj_pos=[ 1.808068  -0.4582184  0.9661656] fixture_pos=[ 1.25    -0.3      0.96125] fsize=[0.91666663 0.55       0.24749999] shifted_fpos=[ 1.25    -0.25     0.96125] lower=[ 1.         -0.45        0.68750001] upper=[ 1.5        -0.05        1.23499999] inside=False
[obj_inside_of] obj=obj obj_pos=[ 1.8080682  -0.4582182   0.96616566] fixture_pos=[ 1.25    -0.3      0.96125] fsize=[0.91666663 0.55       0.24749999] shifted_fpos=[ 1.25    -0.25     0.96125] lower=[ 1.         -0.45        0.68750001] upper=[ 1.5        -0.05        1.23499999] inside=False
[obj_inside_of] obj=obj obj_pos=[ 1.8080676  -0.4582181   0.96616554] fixture_pos=[ 1.25    -0.3      0.96125] fsize=[0.91666663 0.55       0.24749999] shifted_fpos=[ 1.25    -0.25     0.96125] lower=[ 1.         -0.45        0.68750001] upper=[ 1.5        -0.05        1.23499999] inside=False
[obj_inside_of] obj=obj obj_pos=[ 1.8080673  -0.45821822  0.96616566] fixture_pos=[ 1.25    -0.3      0.96125] fsize=[0.91666663 0.55       0.24749999] shifted_fpos=[ 1.25    -0.25     0.96125] lower=[ 1.         -0.45        0.68750001] upper=[ 1.5        -0.05        1.23499999] inside=False
[obj_inside_of] obj=obj obj_pos=[ 1.8081725 -0.4581202  0.9664705] fixture_pos=[ 1.25    -0.3      0.96125] fsize=[0.91666663 0.55       0.24749999] shifted_fpos=[ 1.25    -0.25     0.96125] lower=[ 1.         -0.45        0.68750001] upper=[ 1.5        -0.05        1.23499999] inside=False
[obj_inside_of] obj=obj obj_pos=[ 1.8083168  -0.45779833  0.96693325] fixture_pos=[ 1.25    -0.3      0.96125] fsize=[0.91666663 0.55       0.24749999] shifted_fpos=[ 1.25    -0.25     0.96125] lower=[ 1.         -0.45        0.68750001] upper=[ 1.5        -0.05        1.23499999] inside=False
[obj_inside_of] obj=obj obj_pos=[ 1.8084698  -0.45744312  0.96738404] fixture_pos=[ 1.25    -0.3      0.96125] fsize=[0.91666663 0.55       0.24749999] shifted_fpos=[ 1.25    -0.25     0.96125] lower=[ 1.         -0.45        0.68750001] upper=[ 1.5        -0.05        1.23499999] inside=False
[obj_inside_of] obj=obj obj_pos=[ 1.8086294  -0.45707047  0.9678321 ] fixture_pos=[ 1.25    -0.3      0.96125] fsize=[0.91666663 0.55       0.24749999] shifted_fpos=[ 1.25    -0.25     0.96125] lower=[ 1.         -0.45        0.68750001] upper=[ 1.5        -0.05        1.23499999] inside=False
[obj_inside_of] obj=obj obj_pos=[ 1.8086619 -0.456861   0.9686452] fixture_pos=[ 1.25    -0.3      0.96125] fsize=[0.91666663 0.55       0.24749999] shifted_fpos=[ 1.25    -0.25     0.96125] lower=[ 1.         -0.45        0.68750001] upper=[ 1.5        -0.05        1.23499999] inside=False
[obj_inside_of] obj=obj obj_pos=[ 1.8086483 -0.4567616  0.9706623] fixture_pos=[ 1.25    -0.3      0.96125] fsize=[0.91666663 0.55       0.24749999] shifted_fpos=[ 1.25    -0.25     0.96125] lower=[ 1.         -0.45        0.68750001] upper=[ 1.5        -0.05        1.23499999] inside=False
[obj_inside_of] obj=obj obj_pos=[ 1.8086523  -0.45670855  0.9756868 ] fixture_pos=[ 1.25    -0.3      0.96125] fsize=[0.91666663 0.55       0.24749999] shifted_fpos=[ 1.25    -0.25     0.96125] lower=[ 1.         -0.45        0.68750001] upper=[ 1.5        -0.05        1.23499999] inside=False
[obj_inside_of] obj=obj obj_pos=[ 1.8087099  -0.4565919   0.98258567] fixture_pos=[ 1.25    -0.3      0.96125] fsize=[0.91666663 0.55       0.24749999] shifted_fpos=[ 1.25    -0.25     0.96125] lower=[ 1.         -0.45        0.68750001] upper=[ 1.5        -0.05        1.23499999] inside=False
[obj_inside_of] obj=obj obj_pos=[ 1.808753   -0.45648354  0.98912406] fixture_pos=[ 1.25    -0.3      0.96125] fsize=[0.91666663 0.55       0.24749999] shifted_fpos=[ 1.25    -0.25     0.96125] lower=[ 1.         -0.45        0.68750001] upper=[ 1.5        -0.05        1.23499999] inside=False
[obj_inside_of] obj=obj obj_pos=[ 1.8087963  -0.45636544  0.9936803 ] fixture_pos=[ 1.25    -0.3      0.96125] fsize=[0.91666663 0.55       0.24749999] shifted_fpos=[ 1.25    -0.25     0.96125] lower=[ 1.         -0.45        0.68750001] upper=[ 1.5        -0.05        1.23499999] inside=False
[obj_inside_of] obj=obj obj_pos=[ 1.8087833 -0.456327   0.9967351] fixture_pos=[ 1.25    -0.3      0.96125] fsize=[0.91666663 0.55       0.24749999] shifted_fpos=[ 1.25    -0.25     0.96125] lower=[ 1.         -0.45        0.68750001] upper=[ 1.5        -0.05        1.23499999] inside=False
[obj_inside_of] obj=obj obj_pos=[ 1.8088015  -0.45626652  0.9985041 ] fixture_pos=[ 1.25    -0.3      0.96125] fsize=[0.91666663 0.55       0.24749999] shifted_fpos=[ 1.25    -0.25     0.96125] lower=[ 1.         -0.45        0.68750001] upper=[ 1.5        -0.05        1.23499999] inside=False
[obj_inside_of] obj=obj obj_pos=[ 1.8088244  -0.45620304  0.99944806] fixture_pos=[ 1.25    -0.3      0.96125] fsize=[0.91666663 0.55       0.24749999] shifted_fpos=[ 1.25    -0.25     0.96125] lower=[ 1.         -0.45        0.68750001] upper=[ 1.5        -0.05        1.23499999] inside=False
[obj_inside_of] obj=obj obj_pos=[ 1.8088508 -0.4561389  0.9999385] fixture_pos=[ 1.25    -0.3      0.96125] fsize=[0.91666663 0.55       0.24749999] shifted_fpos=[ 1.25    -0.25     0.96125] lower=[ 1.         -0.45        0.68750001] upper=[ 1.5        -0.05        1.23499999] inside=False
[obj_inside_of] obj=obj obj_pos=[ 1.8088766  -0.45607525  1.0001917 ] fixture_pos=[ 1.25    -0.3      0.96125] fsize=[0.91666663 0.55       0.24749999] shifted_fpos=[ 1.25    -0.25     0.96125] lower=[ 1.         -0.45        0.68750001] upper=[ 1.5        -0.05        1.23499999] inside=False
[obj_inside_of] obj=obj obj_pos=[ 1.8089019  -0.45601672  1.0003239 ] fixture_pos=[ 1.25    -0.3      0.96125] fsize=[0.91666663 0.55       0.24749999] shifted_fpos=[ 1.25    -0.25     0.96125] lower=[ 1.         -0.45        0.68750001] upper=[ 1.5        -0.05        1.23499999] inside=False
[obj_inside_of] obj=obj obj_pos=[ 1.8089241  -0.45596504  1.0003942 ] fixture_pos=[ 1.25    -0.3      0.96125] fsize=[0.91666663 0.55       0.24749999] shifted_fpos=[ 1.25    -0.25     0.96125] lower=[ 1.         -0.45        0.68750001] upper=[ 1.5        -0.05        1.23499999] inside=False
[obj_inside_of] obj=obj obj_pos=[ 1.8089439 -0.45592    1.0004328] fixture_pos=[ 1.25    -0.3      0.96125] fsize=[0.91666663 0.55       0.24749999] shifted_fpos=[ 1.25    -0.25     0.96125] lower=[ 1.         -0.45        0.68750001] upper=[ 1.5        -0.05        1.23499999] inside=False
[obj_inside_of] obj=obj obj_pos=[ 1.808961  -0.4558819  1.0004548] fixture_pos=[ 1.25    -0.3      0.96125] fsize=[0.91666663 0.55       0.24749999] shifted_fpos=[ 1.25    -0.25     0.96125] lower=[ 1.         -0.45        0.68750001] upper=[ 1.5        -0.05        1.23499999] inside=False
[obj_inside_of] obj=obj obj_pos=[ 1.8089753  -0.45584998  1.0004678 ] fixture_pos=[ 1.25    -0.3      0.96125] fsize=[0.91666663 0.55       0.24749999] shifted_fpos=[ 1.25    -0.25     0.96125] lower=[ 1.         -0.45        0.68750001] upper=[ 1.5        -0.05        1.23499999] inside=False
[obj_inside_of] obj=obj obj_pos=[ 1.8089879  -0.45582324  1.0004755 ] fixture_pos=[ 1.25    -0.3      0.96125] fsize=[0.91666663 0.55       0.24749999] shifted_fpos=[ 1.25    -0.25     0.96125] lower=[ 1.         -0.45        0.68750001] upper=[ 1.5        -0.05        1.23499999] inside=False
[obj_inside_of] obj=obj obj_pos=[ 1.8089983  -0.45580158  1.0004804 ] fixture_pos=[ 1.25    -0.3      0.96125] fsize=[0.91666663 0.55       0.24749999] shifted_fpos=[ 1.25    -0.25     0.96125] lower=[ 1.         -0.45        0.68750001] upper=[ 1.5        -0.05        1.23499999] inside=False
[obj_inside_of] obj=obj obj_pos=[ 1.8090074  -0.45578426  1.0004833 ] fixture_pos=[ 1.25    -0.3      0.96125] fsize=[0.91666663 0.55       0.24749999] shifted_fpos=[ 1.25    -0.25     0.96125] lower=[ 1.         -0.45        0.68750001] upper=[ 1.5        -0.05        1.23499999] inside=False
[obj_inside_of] obj=obj obj_pos=[ 1.809015  -0.4557706  1.0004853] fixture_pos=[ 1.25    -0.3      0.96125] fsize=[0.91666663 0.55       0.24749999] shifted_fpos=[ 1.25    -0.25     0.96125] lower=[ 1.         -0.45        0.68750001] upper=[ 1.5        -0.05        1.23499999] inside=False
[obj_inside_of] obj=obj obj_pos=[ 1.8090211 -0.4557583  1.0004871] fixture_pos=[ 1.25    -0.3      0.96125] fsize=[0.91666663 0.55       0.24749999] shifted_fpos=[ 1.25    -0.25     0.96125] lower=[ 1.         -0.45        0.68750001] upper=[ 1.5        -0.05        1.23499999] inside=False
[obj_inside_of] obj=obj obj_pos=[ 1.8090262  -0.45574972  1.0004879 ] fixture_pos=[ 1.25    -0.3      0.96125] fsize=[0.91666663 0.55       0.24749999] shifted_fpos=[ 1.25    -0.25     0.96125] lower=[ 1.         -0.45        0.68750001] upper=[ 1.5        -0.05        1.23499999] inside=False
[obj_inside_of] obj=obj obj_pos=[ 1.8091723 -0.4554854  1.000849 ] fixture_pos=[ 1.25    -0.3      0.96125] fsize=[0.91666663 0.55       0.24749999] shifted_fpos=[ 1.25    -0.25     0.96125] lower=[ 1.         -0.45        0.68750001] upper=[ 1.5        -0.05        1.23499999] inside=False
[obj_inside_of] obj=obj obj_pos=[ 1.8092946  -0.45521015  1.0012944 ] fixture_pos=[ 1.25    -0.3      0.96125] fsize=[0.91666663 0.55       0.24749999] shifted_fpos=[ 1.25    -0.25     0.96125] lower=[ 1.         -0.45        0.68750001] upper=[ 1.5        -0.05        1.23499999] inside=False
[obj_inside_of] obj=obj obj_pos=[ 1.809413   -0.45493698  1.0017413 ] fixture_pos=[ 1.25    -0.3      0.96125] fsize=[0.91666663 0.55       0.24749999] shifted_fpos=[ 1.25    -0.25     0.96125] lower=[ 1.         -0.45        0.68750001] upper=[ 1.5        -0.05        1.23499999] inside=False
[obj_inside_of] obj=obj obj_pos=[ 1.8095294  -0.45466605  1.0021886 ] fixture_pos=[ 1.25    -0.3      0.96125] fsize=[0.91666663 0.55       0.24749999] shifted_fpos=[ 1.25    -0.25     0.96125] lower=[ 1.         -0.45        0.68750001] upper=[ 1.5        -0.05        1.23499999] inside=False
[obj_inside_of] obj=obj obj_pos=[ 1.809644   -0.45439667  1.0026358 ] fixture_pos=[ 1.25    -0.3      0.96125] fsize=[0.91666663 0.55       0.24749999] shifted_fpos=[ 1.25    -0.25     0.96125] lower=[ 1.         -0.45        0.68750001] upper=[ 1.5        -0.05        1.23499999] inside=False
[obj_inside_of] obj=obj obj_pos=[ 1.8095336  -0.45447266  1.0054286 ] fixture_pos=[ 1.25    -0.3      0.96125] fsize=[0.91666663 0.55       0.24749999] shifted_fpos=[ 1.25    -0.25     0.96125] lower=[ 1.         -0.45        0.68750001] upper=[ 1.5        -0.05        1.23499999] inside=False
[obj_inside_of] obj=obj obj_pos=[ 1.8094647  -0.45455876  1.0106487 ] fixture_pos=[ 1.25    -0.3      0.96125] fsize=[0.91666663 0.55       0.24749999] shifted_fpos=[ 1.25    -0.25     0.96125] lower=[ 1.         -0.45        0.68750001] upper=[ 1.5        -0.05        1.23499999] inside=False
[obj_inside_of] obj=obj obj_pos=[ 1.8094404 -0.4546143  1.0174003] fixture_pos=[ 1.25    -0.3      0.96125] fsize=[0.91666663 0.55       0.24749999] shifted_fpos=[ 1.25    -0.25     0.96125] lower=[ 1.         -0.45        0.68750001] upper=[ 1.5        -0.05        1.23499999] inside=False
[obj_inside_of] obj=obj obj_pos=[ 1.8094132  -0.45467106  1.0238098 ] fixture_pos=[ 1.25    -0.3      0.96125] fsize=[0.91666663 0.55       0.24749999] shifted_fpos=[ 1.25    -0.25     0.96125] lower=[ 1.         -0.45        0.68750001] upper=[ 1.5        -0.05        1.23499999] inside=False
[obj_inside_of] obj=obj obj_pos=[ 1.8093754  -0.45472932  1.0286626 ] fixture_pos=[ 1.25    -0.3      0.96125] fsize=[0.91666663 0.55       0.24749999] shifted_fpos=[ 1.25    -0.25     0.96125] lower=[ 1.         -0.45        0.68750001] upper=[ 1.5        -0.05        1.23499999] inside=False
[obj_inside_of] obj=obj obj_pos=[ 1.8093505 -0.4547574  1.0316322] fixture_pos=[ 1.25    -0.3      0.96125] fsize=[0.91666663 0.55       0.24749999] shifted_fpos=[ 1.25    -0.25     0.96125] lower=[ 1.         -0.45        0.68750001] upper=[ 1.5        -0.05        1.23499999] inside=False
[obj_inside_of] obj=obj obj_pos=[ 1.8093356  -0.45476025  1.0332646 ] fixture_pos=[ 1.25    -0.3      0.96125] fsize=[0.91666663 0.55       0.24749999] shifted_fpos=[ 1.25    -0.25     0.96125] lower=[ 1.         -0.45        0.68750001] upper=[ 1.5        -0.05        1.23499999] inside=False
[obj_inside_of] obj=obj obj_pos=[ 1.8093332  -0.45474276  1.0341216 ] fixture_pos=[ 1.25    -0.3      0.96125] fsize=[0.91666663 0.55       0.24749999] shifted_fpos=[ 1.25    -0.25     0.96125] lower=[ 1.         -0.45        0.68750001] upper=[ 1.5        -0.05        1.23499999] inside=False
[obj_inside_of] obj=obj obj_pos=[ 1.8093382  -0.45471656  1.0345647 ] fixture_pos=[ 1.25    -0.3      0.96125] fsize=[0.91666663 0.55       0.24749999] shifted_fpos=[ 1.25    -0.25     0.96125] lower=[ 1.         -0.45        0.68750001] upper=[ 1.5        -0.05        1.23499999] inside=False
[obj_inside_of] obj=obj obj_pos=[ 1.8093455  -0.45469072  1.0347944 ] fixture_pos=[ 1.25    -0.3      0.96125] fsize=[0.91666663 0.55       0.24749999] shifted_fpos=[ 1.25    -0.25     0.96125] lower=[ 1.         -0.45        0.68750001] upper=[ 1.5        -0.05        1.23499999] inside=False
[obj_inside_of] obj=obj obj_pos=[ 1.809353  -0.4546675  1.0349159] fixture_pos=[ 1.25    -0.3      0.96125] fsize=[0.91666663 0.55       0.24749999] shifted_fpos=[ 1.25    -0.25     0.96125] lower=[ 1.         -0.45        0.68750001] upper=[ 1.5        -0.05        1.23499999] inside=False
[obj_inside_of] obj=obj obj_pos=[ 1.8093581  -0.45464966  1.0349822 ] fixture_pos=[ 1.25    -0.3      0.96125] fsize=[0.91666663 0.55       0.24749999] shifted_fpos=[ 1.25    -0.25     0.96125] lower=[ 1.         -0.45        0.68750001] upper=[ 1.5        -0.05        1.23499999] inside=False
[obj_inside_of] obj=obj obj_pos=[ 1.8093624  -0.45463657  1.0350194 ] fixture_pos=[ 1.25    -0.3      0.96125] fsize=[0.91666663 0.55       0.24749999] shifted_fpos=[ 1.25    -0.25     0.96125] lower=[ 1.         -0.45        0.68750001] upper=[ 1.5        -0.05        1.23499999] inside=False
[obj_inside_of] obj=obj obj_pos=[ 1.8093653 -0.454628   1.0350404] fixture_pos=[ 1.25    -0.3      0.96125] fsize=[0.91666663 0.55       0.24749999] shifted_fpos=[ 1.25    -0.25     0.96125] lower=[ 1.         -0.45        0.68750001] upper=[ 1.5        -0.05        1.23499999] inside=False
[obj_inside_of] obj=obj obj_pos=[ 1.8093674  -0.45462394  1.0350533 ] fixture_pos=[ 1.25    -0.3      0.96125] fsize=[0.91666663 0.55       0.24749999] shifted_fpos=[ 1.25    -0.25     0.96125] lower=[ 1.         -0.45        0.68750001] upper=[ 1.5        -0.05        1.23499999] inside=False
[obj_inside_of] obj=obj obj_pos=[ 1.8093684  -0.45462254  1.0350609 ] fixture_pos=[ 1.25    -0.3      0.96125] fsize=[0.91666663 0.55       0.24749999] shifted_fpos=[ 1.25    -0.25     0.96125] lower=[ 1.         -0.45        0.68750001] upper=[ 1.5        -0.05        1.23499999] inside=False
[obj_inside_of] obj=obj obj_pos=[ 1.809368  -0.4546228  1.0350654] fixture_pos=[ 1.25    -0.3      0.96125] fsize=[0.91666663 0.55       0.24749999] shifted_fpos=[ 1.25    -0.25     0.96125] lower=[ 1.         -0.45        0.68750001] upper=[ 1.5        -0.05        1.23499999] inside=False
[obj_inside_of] obj=obj obj_pos=[ 1.8093675  -0.45462364  1.0350691 ] fixture_pos=[ 1.25    -0.3      0.96125] fsize=[0.91666663 0.55       0.24749999] shifted_fpos=[ 1.25    -0.25     0.96125] lower=[ 1.         -0.45        0.68750001] upper=[ 1.5        -0.05        1.23499999] inside=False
[obj_inside_of] obj=obj obj_pos=[ 1.809368   -0.45462885  1.0350709 ] fixture_pos=[ 1.25    -0.3      0.96125] fsize=[0.91666663 0.55       0.24749999] shifted_fpos=[ 1.25    -0.25     0.96125] lower=[ 1.         -0.45        0.68750001] upper=[ 1.5        -0.05        1.23499999] inside=False
[obj_inside_of] obj=obj obj_pos=[ 1.8093672  -0.45463362  1.0350726 ] fixture_pos=[ 1.25    -0.3      0.96125] fsize=[0.91666663 0.55       0.24749999] shifted_fpos=[ 1.25    -0.25     0.96125] lower=[ 1.         -0.45        0.68750001] upper=[ 1.5        -0.05        1.23499999] inside=False
[obj_inside_of] obj=obj obj_pos=[ 1.809367  -0.4546386  1.0350728] fixture_pos=[ 1.25    -0.3      0.96125] fsize=[0.91666663 0.55       0.24749999] shifted_fpos=[ 1.25    -0.25     0.96125] lower=[ 1.         -0.45        0.68750001] upper=[ 1.5        -0.05        1.23499999] inside=False
[obj_inside_of] obj=obj obj_pos=[ 1.8095118  -0.45438817  1.0354404 ] fixture_pos=[ 1.25    -0.3      0.96125] fsize=[0.91666663 0.55       0.24749999] shifted_fpos=[ 1.25    -0.25     0.96125] lower=[ 1.         -0.45        0.68750001] upper=[ 1.5        -0.05        1.23499999] inside=False
[obj_inside_of] obj=obj obj_pos=[ 1.80963    -0.45412976  1.03589   ] fixture_pos=[ 1.25    -0.3      0.96125] fsize=[0.91666663 0.55       0.24749999] shifted_fpos=[ 1.25    -0.25     0.96125] lower=[ 1.         -0.45        0.68750001] upper=[ 1.5        -0.05        1.23499999] inside=False
[obj_inside_of] obj=obj obj_pos=[ 1.8097457  -0.45386705  1.0363418 ] fixture_pos=[ 1.25    -0.3      0.96125] fsize=[0.91666663 0.55       0.24749999] shifted_fpos=[ 1.25    -0.25     0.96125] lower=[ 1.         -0.45        0.68750001] upper=[ 1.5        -0.05        1.23499999] inside=False
[obj_inside_of] obj=obj obj_pos=[ 1.8098824  -0.45363924  1.0367925 ] fixture_pos=[ 1.25    -0.3      0.96125] fsize=[0.91666663 0.55       0.24749999] shifted_fpos=[ 1.25    -0.25     0.96125] lower=[ 1.         -0.45        0.68750001] upper=[ 1.5        -0.05        1.23499999] inside=False
[obj_inside_of] obj=obj obj_pos=[ 1.8098663  -0.45354313  1.037655  ] fixture_pos=[ 1.25    -0.3      0.96125] fsize=[0.91666663 0.55       0.24749999] shifted_fpos=[ 1.25    -0.25     0.96125] lower=[ 1.         -0.45        0.68750001] upper=[ 1.5        -0.05        1.23499999] inside=False
[obj_inside_of] obj=obj obj_pos=[ 1.809803   -0.45355445  1.0397451 ] fixture_pos=[ 1.25    -0.3      0.96125] fsize=[0.91666663 0.55       0.24749999] shifted_fpos=[ 1.25    -0.25     0.96125] lower=[ 1.         -0.45        0.68750001] upper=[ 1.5        -0.05        1.23499999] inside=False
[obj_inside_of] obj=obj obj_pos=[ 1.8097533  -0.45360157  1.0448672 ] fixture_pos=[ 1.25    -0.3      0.96125] fsize=[0.91666663 0.55       0.24749999] shifted_fpos=[ 1.25    -0.25     0.96125] lower=[ 1.         -0.45        0.68750001] upper=[ 1.5        -0.05        1.23499999] inside=False
[obj_inside_of] obj=obj obj_pos=[ 1.809741   -0.45365486  1.0517775 ] fixture_pos=[ 1.25    -0.3      0.96125] fsize=[0.91666663 0.55       0.24749999] shifted_fpos=[ 1.25    -0.25     0.96125] lower=[ 1.         -0.45        0.68750001] upper=[ 1.5        -0.05        1.23499999] inside=False
[obj_inside_of] obj=obj obj_pos=[ 1.8097091  -0.45374385  1.0582848 ] fixture_pos=[ 1.25    -0.3      0.96125] fsize=[0.91666663 0.55       0.24749999] shifted_fpos=[ 1.25    -0.25     0.96125] lower=[ 1.         -0.45        0.68750001] upper=[ 1.5        -0.05        1.23499999] inside=False
[obj_inside_of] obj=obj obj_pos=[ 1.8096637  -0.45382735  1.0631785 ] fixture_pos=[ 1.25    -0.3      0.96125] fsize=[0.91666663 0.55       0.24749999] shifted_fpos=[ 1.25    -0.25     0.96125] lower=[ 1.         -0.45        0.68750001] upper=[ 1.5        -0.05        1.23499999] inside=False
[obj_inside_of] obj=obj obj_pos=[ 1.809641   -0.45385984  1.0661522 ] fixture_pos=[ 1.25    -0.3      0.96125] fsize=[0.91666663 0.55       0.24749999] shifted_fpos=[ 1.25    -0.25     0.96125] lower=[ 1.         -0.45        0.68750001] upper=[ 1.5        -0.05        1.23499999] inside=False
[obj_inside_of] obj=obj obj_pos=[ 1.8096335  -0.45384747  1.06779   ] fixture_pos=[ 1.25    -0.3      0.96125] fsize=[0.91666663 0.55       0.24749999] shifted_fpos=[ 1.25    -0.25     0.96125] lower=[ 1.         -0.45        0.68750001] upper=[ 1.5        -0.05        1.23499999] inside=False
[obj_inside_of] obj=obj obj_pos=[ 1.8096383 -0.4538082  1.0686541] fixture_pos=[ 1.25    -0.3      0.96125] fsize=[0.91666663 0.55       0.24749999] shifted_fpos=[ 1.25    -0.25     0.96125] lower=[ 1.         -0.45        0.68750001] upper=[ 1.5        -0.05        1.23499999] inside=False
[obj_inside_of] obj=obj obj_pos=[ 1.8096502 -0.45376    1.0691043] fixture_pos=[ 1.25    -0.3      0.96125] fsize=[0.91666663 0.55       0.24749999] shifted_fpos=[ 1.25    -0.25     0.96125] lower=[ 1.         -0.45        0.68750001] upper=[ 1.5        -0.05        1.23499999] inside=False
[obj_inside_of] obj=obj obj_pos=[ 1.8096628 -0.453717   1.0693393] fixture_pos=[ 1.25    -0.3      0.96125] fsize=[0.91666663 0.55       0.24749999] shifted_fpos=[ 1.25    -0.25     0.96125] lower=[ 1.         -0.45        0.68750001] upper=[ 1.5        -0.05        1.23499999] inside=False
[obj_inside_of] obj=obj obj_pos=[ 1.8096738  -0.45368153  1.0694655 ] fixture_pos=[ 1.25    -0.3      0.96125] fsize=[0.91666663 0.55       0.24749999] shifted_fpos=[ 1.25    -0.25     0.96125] lower=[ 1.         -0.45        0.68750001] upper=[ 1.5        -0.05        1.23499999] inside=False
[obj_inside_of] obj=obj obj_pos=[ 1.8096823  -0.45365548  1.0695359 ] fixture_pos=[ 1.25    -0.3      0.96125] fsize=[0.91666663 0.55       0.24749999] shifted_fpos=[ 1.25    -0.25     0.96125] lower=[ 1.         -0.45        0.68750001] upper=[ 1.5        -0.05        1.23499999] inside=False
[obj_inside_of] obj=obj obj_pos=[ 1.809688  -0.4536374  1.0695761] fixture_pos=[ 1.25    -0.3      0.96125] fsize=[0.91666663 0.55       0.24749999] shifted_fpos=[ 1.25    -0.25     0.96125] lower=[ 1.         -0.45        0.68750001] upper=[ 1.5        -0.05        1.23499999] inside=False
[obj_inside_of] obj=obj obj_pos=[ 1.8096919  -0.45362645  1.0695999 ] fixture_pos=[ 1.25    -0.3      0.96125] fsize=[0.91666663 0.55       0.24749999] shifted_fpos=[ 1.25    -0.25     0.96125] lower=[ 1.         -0.45        0.68750001] upper=[ 1.5        -0.05        1.23499999] inside=False
[obj_inside_of] obj=obj obj_pos=[ 1.8096937  -0.45362145  1.0696148 ] fixture_pos=[ 1.25    -0.3      0.96125] fsize=[0.91666663 0.55       0.24749999] shifted_fpos=[ 1.25    -0.25     0.96125] lower=[ 1.         -0.45        0.68750001] upper=[ 1.5        -0.05        1.23499999] inside=False
[obj_inside_of] obj=obj obj_pos=[ 1.8096946  -0.45362055  1.069624  ] fixture_pos=[ 1.25    -0.3      0.96125] fsize=[0.91666663 0.55       0.24749999] shifted_fpos=[ 1.25    -0.25     0.96125] lower=[ 1.         -0.45        0.68750001] upper=[ 1.5        -0.05        1.23499999] inside=False
[obj_inside_of] obj=obj obj_pos=[ 1.809694  -0.4536216  1.0696304] fixture_pos=[ 1.25    -0.3      0.96125] fsize=[0.91666663 0.55       0.24749999] shifted_fpos=[ 1.25    -0.25     0.96125] lower=[ 1.         -0.45        0.68750001] upper=[ 1.5        -0.05        1.23499999] inside=False
[obj_inside_of] obj=obj obj_pos=[ 1.809694   -0.45362625  1.0696343 ] fixture_pos=[ 1.25    -0.3      0.96125] fsize=[0.91666663 0.55       0.24749999] shifted_fpos=[ 1.25    -0.25     0.96125] lower=[ 1.         -0.45        0.68750001] upper=[ 1.5        -0.05        1.23499999] inside=False
[obj_inside_of] obj=obj obj_pos=[ 1.8096933 -0.4536313  1.069637 ] fixture_pos=[ 1.25    -0.3      0.96125] fsize=[0.91666663 0.55       0.24749999] shifted_fpos=[ 1.25    -0.25     0.96125] lower=[ 1.         -0.45        0.68750001] upper=[ 1.5        -0.05        1.23499999] inside=False
[obj_inside_of] obj=obj obj_pos=[ 1.8096917  -0.45363635  1.0696388 ] fixture_pos=[ 1.25    -0.3      0.96125] fsize=[0.91666663 0.55       0.24749999] shifted_fpos=[ 1.25    -0.25     0.96125] lower=[ 1.         -0.45        0.68750001] upper=[ 1.5        -0.05        1.23499999] inside=False
[obj_inside_of] obj=obj obj_pos=[ 1.8098403 -0.4533852  1.0700154] fixture_pos=[ 1.25    -0.3      0.96125] fsize=[0.91666663 0.55       0.24749999] shifted_fpos=[ 1.25    -0.25     0.96125] lower=[ 1.         -0.45        0.68750001] upper=[ 1.5        -0.05        1.23499999] inside=False
[obj_inside_of] obj=obj obj_pos=[ 1.8099597  -0.45313096  1.0704722 ] fixture_pos=[ 1.25    -0.3      0.96125] fsize=[0.91666663 0.55       0.24749999] shifted_fpos=[ 1.25    -0.25     0.96125] lower=[ 1.         -0.45        0.68750001] upper=[ 1.5        -0.05        1.23499999] inside=False
[obj_inside_of] obj=obj obj_pos=[ 1.8100749  -0.45287824  1.0709329 ] fixture_pos=[ 1.25    -0.3      0.96125] fsize=[0.91666663 0.55       0.24749999] shifted_fpos=[ 1.25    -0.25     0.96125] lower=[ 1.         -0.45        0.68750001] upper=[ 1.5        -0.05        1.23499999] inside=False
[obj_inside_of] obj=obj obj_pos=[ 1.8101878  -0.45262647  1.0713937 ] fixture_pos=[ 1.25    -0.3      0.96125] fsize=[0.91666663 0.55       0.24749999] shifted_fpos=[ 1.25    -0.25     0.96125] lower=[ 1.         -0.45        0.68750001] upper=[ 1.5        -0.05        1.23499999] inside=False
[obj_inside_of] obj=obj obj_pos=[ 1.8103001  -0.45237488  1.0718557 ] fixture_pos=[ 1.25    -0.3      0.96125] fsize=[0.91666663 0.55       0.24749999] shifted_fpos=[ 1.25    -0.25     0.96125] lower=[ 1.         -0.45        0.68750001] upper=[ 1.5        -0.05        1.23499999] inside=False
[obj_inside_of] obj=obj obj_pos=[ 1.8102841  -0.45228443  1.0727073 ] fixture_pos=[ 1.25    -0.3      0.96125] fsize=[0.91666663 0.55       0.24749999] shifted_fpos=[ 1.25    -0.25     0.96125] lower=[ 1.         -0.45        0.68750001] upper=[ 1.5        -0.05        1.23499999] inside=False
[obj_inside_of] obj=obj obj_pos=[ 1.8102232  -0.45230025  1.0747771 ] fixture_pos=[ 1.25    -0.3      0.96125] fsize=[0.91666663 0.55       0.24749999] shifted_fpos=[ 1.25    -0.25     0.96125] lower=[ 1.         -0.45        0.68750001] upper=[ 1.5        -0.05        1.23499999] inside=False
[obj_inside_of] obj=obj obj_pos=[ 1.8101737 -0.4523514  1.0799046] fixture_pos=[ 1.25    -0.3      0.96125] fsize=[0.91666663 0.55       0.24749999] shifted_fpos=[ 1.25    -0.25     0.96125] lower=[ 1.         -0.45        0.68750001] upper=[ 1.5        -0.05        1.23499999] inside=False
[obj_inside_of] obj=obj obj_pos=[ 1.8101536  -0.45243704  1.0867808 ] fixture_pos=[ 1.25    -0.3      0.96125] fsize=[0.91666663 0.55       0.24749999] shifted_fpos=[ 1.25    -0.25     0.96125] lower=[ 1.         -0.45        0.68750001] upper=[ 1.5        -0.05        1.23499999] inside=False
[obj_inside_of] obj=obj obj_pos=[ 1.8101095  -0.45257154  1.093239  ] fixture_pos=[ 1.25    -0.3      0.96125] fsize=[0.91666663 0.55       0.24749999] shifted_fpos=[ 1.25    -0.25     0.96125] lower=[ 1.         -0.45        0.68750001] upper=[ 1.5        -0.05        1.23499999] inside=False
[obj_inside_of] obj=obj obj_pos=[ 1.8100579  -0.45268726  1.0980972 ] fixture_pos=[ 1.25    -0.3      0.96125] fsize=[0.91666663 0.55       0.24749999] shifted_fpos=[ 1.25    -0.25     0.96125] lower=[ 1.         -0.45        0.68750001] upper=[ 1.5        -0.05        1.23499999] inside=False
[obj_inside_of] obj=obj obj_pos=[ 1.8099722  -0.45264995  1.1010294 ] fixture_pos=[ 1.25    -0.3      0.96125] fsize=[0.91666663 0.55       0.24749999] shifted_fpos=[ 1.25    -0.25     0.96125] lower=[ 1.         -0.45        0.68750001] upper=[ 1.5        -0.05        1.23499999] inside=False
[obj_inside_of] obj=obj obj_pos=[ 1.8099691 -0.4526352  1.1026602] fixture_pos=[ 1.25    -0.3      0.96125] fsize=[0.91666663 0.55       0.24749999] shifted_fpos=[ 1.25    -0.25     0.96125] lower=[ 1.         -0.45        0.68750001] upper=[ 1.5        -0.05        1.23499999] inside=False
[obj_inside_of] obj=obj obj_pos=[ 1.8099849  -0.45257956  1.1035249 ] fixture_pos=[ 1.25    -0.3      0.96125] fsize=[0.91666663 0.55       0.24749999] shifted_fpos=[ 1.25    -0.25     0.96125] lower=[ 1.         -0.45        0.68750001] upper=[ 1.5        -0.05        1.23499999] inside=False
[perceive] 1 objects from ['base_camera', 'wrist_camera']: ['spout']
[obj_inside_of] obj=obj obj_pos=[ 1.8100072  -0.45251298  1.1039789 ] fixture_pos=[ 1.25    -0.3      0.96125] fsize=[0.91666663 0.55       0.24749999] shifted_fpos=[ 1.25    -0.25     0.96125] lower=[ 1.         -0.45        0.68750001] upper=[ 1.5        -0.05        1.23499999] inside=False
[obj_inside_of] obj=obj obj_pos=[ 1.8100272 -0.4524528  1.1042199] fixture_pos=[ 1.25    -0.3      0.96125] fsize=[0.91666663 0.55       0.24749999] shifted_fpos=[ 1.25    -0.25     0.96125] lower=[ 1.         -0.45        0.68750001] upper=[ 1.5        -0.05        1.23499999] inside=False
[obj_inside_of] obj=obj obj_pos=[ 1.8100433 -0.4524043  1.1043514] fixture_pos=[ 1.25    -0.3      0.96125] fsize=[0.91666663 0.55       0.24749999] shifted_fpos=[ 1.25    -0.25     0.96125] lower=[ 1.         -0.45        0.68750001] upper=[ 1.5        -0.05        1.23499999] inside=False
[obj_inside_of] obj=obj obj_pos=[ 1.8100554  -0.45236936  1.1044264 ] fixture_pos=[ 1.25    -0.3      0.96125] fsize=[0.91666663 0.55       0.24749999] shifted_fpos=[ 1.25    -0.25     0.96125] lower=[ 1.         -0.45        0.68750001] upper=[ 1.5        -0.05        1.23499999] inside=False
[obj_inside_of] obj=obj obj_pos=[ 1.8100631  -0.45234567  1.1044707 ] fixture_pos=[ 1.25    -0.3      0.96125] fsize=[0.91666663 0.55       0.24749999] shifted_fpos=[ 1.25    -0.25     0.96125] lower=[ 1.         -0.45        0.68750001] upper=[ 1.5        -0.05        1.23499999] inside=False
[obj_inside_of] obj=obj obj_pos=[ 1.8100678 -0.4523322  1.1044974] fixture_pos=[ 1.25    -0.3      0.96125] fsize=[0.91666663 0.55       0.24749999] shifted_fpos=[ 1.25    -0.25     0.96125] lower=[ 1.         -0.45        0.68750001] upper=[ 1.5        -0.05        1.23499999] inside=False
[obj_inside_of] obj=obj obj_pos=[ 1.8100698  -0.45232543  1.1045147 ] fixture_pos=[ 1.25    -0.3      0.96125] fsize=[0.91666663 0.55       0.24749999] shifted_fpos=[ 1.25    -0.25     0.96125] lower=[ 1.         -0.45        0.68750001] upper=[ 1.5        -0.05        1.23499999] inside=False
[obj_inside_of] obj=obj obj_pos=[ 1.8100702  -0.45232502  1.104526  ] fixture_pos=[ 1.25    -0.3      0.96125] fsize=[0.91666663 0.55       0.24749999] shifted_fpos=[ 1.25    -0.25     0.96125] lower=[ 1.         -0.45        0.68750001] upper=[ 1.5        -0.05        1.23499999] inside=False
[obj_inside_of] obj=obj obj_pos=[ 1.81007    -0.45232803  1.1045343 ] fixture_pos=[ 1.25    -0.3      0.96125] fsize=[0.91666663 0.55       0.24749999] shifted_fpos=[ 1.25    -0.25     0.96125] lower=[ 1.         -0.45        0.68750001] upper=[ 1.5        -0.05        1.23499999] inside=False
[obj_inside_of] obj=obj obj_pos=[ 1.8100697 -0.4523333  1.1045392] fixture_pos=[ 1.25    -0.3      0.96125] fsize=[0.91666663 0.55       0.24749999] shifted_fpos=[ 1.25    -0.25     0.96125] lower=[ 1.         -0.45        0.68750001] upper=[ 1.5        -0.05        1.23499999] inside=False
[obj_inside_of] obj=obj obj_pos=[ 1.8100669 -0.452339   1.1045421] fixture_pos=[ 1.25    -0.3      0.96125] fsize=[0.91666663 0.55       0.24749999] shifted_fpos=[ 1.25    -0.25     0.96125] lower=[ 1.         -0.45        0.68750001] upper=[ 1.5        -0.05        1.23499999] inside=False
[obj_inside_of] obj=obj obj_pos=[ 1.8100644 -0.4523489  1.1045446] fixture_pos=[ 1.25    -0.3      0.96125] fsize=[0.91666663 0.55       0.24749999] shifted_fpos=[ 1.25    -0.25     0.96125] lower=[ 1.         -0.45        0.68750001] upper=[ 1.5        -0.05        1.23499999] inside=False
[obj_inside_of] obj=obj obj_pos=[ 1.8100624 -0.4523581  1.1045457] fixture_pos=[ 1.25    -0.3      0.96125] fsize=[0.91666663 0.55       0.24749999] shifted_fpos=[ 1.25    -0.25     0.96125] lower=[ 1.         -0.45        0.68750001] upper=[ 1.5        -0.05        1.23499999] inside=False
[obj_inside_of] obj=obj obj_pos=[ 1.81006   -0.4523672  1.104547 ] fixture_pos=[ 1.25    -0.3      0.96125] fsize=[0.91666663 0.55       0.24749999] shifted_fpos=[ 1.25    -0.25     0.96125] lower=[ 1.         -0.45        0.68750001] upper=[ 1.5        -0.05        1.23499999] inside=False
[obj_inside_of] obj=obj obj_pos=[ 1.810211  -0.452129   1.1049235] fixture_pos=[ 1.25    -0.3      0.96125] fsize=[0.91666663 0.55       0.24749999] shifted_fpos=[ 1.25    -0.25     0.96125] lower=[ 1.         -0.45        0.68750001] upper=[ 1.5        -0.05        1.23499999] inside=False
[obj_inside_of] obj=obj obj_pos=[ 1.8103285  -0.45186567  1.1053778 ] fixture_pos=[ 1.25    -0.3      0.96125] fsize=[0.91666663 0.55       0.24749999] shifted_fpos=[ 1.25    -0.25     0.96125] lower=[ 1.         -0.45        0.68750001] upper=[ 1.5        -0.05        1.23499999] inside=False
[obj_inside_of] obj=obj obj_pos=[ 1.8104436  -0.45163673  1.1058322 ] fixture_pos=[ 1.25    -0.3      0.96125] fsize=[0.91666663 0.55       0.24749999] shifted_fpos=[ 1.25    -0.25     0.96125] lower=[ 1.         -0.45        0.68750001] upper=[ 1.5        -0.05        1.23499999] inside=False
[obj_inside_of] obj=obj obj_pos=[ 1.8105576  -0.45140523  1.1062874 ] fixture_pos=[ 1.25    -0.3      0.96125] fsize=[0.91666663 0.55       0.24749999] shifted_fpos=[ 1.25    -0.25     0.96125] lower=[ 1.         -0.45        0.68750001] upper=[ 1.5        -0.05        1.23499999] inside=False
[obj_inside_of] obj=obj obj_pos=[ 1.8104775  -0.45130652  1.1063123 ] fixture_pos=[ 1.25    -0.3      0.96125] fsize=[0.91666663 0.55       0.24749999] shifted_fpos=[ 1.25    -0.25     0.96125] lower=[ 1.         -0.45        0.68750001] upper=[ 1.5        -0.05        1.23499999] inside=False
[obj_inside_of] obj=obj obj_pos=[ 1.8103018  -0.45114717  1.106227  ] fixture_pos=[ 1.25    -0.3      0.96125] fsize=[0.91666663 0.55       0.24749999] shifted_fpos=[ 1.25    -0.25     0.96125] lower=[ 1.         -0.45        0.68750001] upper=[ 1.5        -0.05        1.23499999] inside=False
[obj_inside_of] obj=obj obj_pos=[ 1.8099344  -0.45090565  1.1061661 ] fixture_pos=[ 1.25    -0.3      0.96125] fsize=[0.91666663 0.55       0.24749999] shifted_fpos=[ 1.25    -0.25     0.96125] lower=[ 1.         -0.45        0.68750001] upper=[ 1.5        -0.05        1.23499999] inside=False
[obj_inside_of] obj=obj obj_pos=[ 1.8092594 -0.450529   1.106152 ] fixture_pos=[ 1.25    -0.3      0.96125] fsize=[0.91666663 0.55       0.24749999] shifted_fpos=[ 1.25    -0.25     0.96125] lower=[ 1.         -0.45        0.68750001] upper=[ 1.5        -0.05        1.23499999] inside=False
[obj_inside_of] obj=obj obj_pos=[ 1.8077663 -0.4498905  1.1060773] fixture_pos=[ 1.25    -0.3      0.96125] fsize=[0.91666663 0.55       0.24749999] shifted_fpos=[ 1.25    -0.25     0.96125] lower=[ 1.         -0.45        0.68750001] upper=[ 1.5        -0.05        1.23499999] inside=False
[obj_inside_of] obj=obj obj_pos=[ 1.805163   -0.44866562  1.1061194 ] fixture_pos=[ 1.25    -0.3      0.96125] fsize=[0.91666663 0.55       0.24749999] shifted_fpos=[ 1.25    -0.25     0.96125] lower=[ 1.         -0.45        0.68750001] upper=[ 1.5        -0.05        1.23499999] inside=False
[obj_inside_of] obj=obj obj_pos=[ 1.8019401  -0.44710392  1.1062335 ] fixture_pos=[ 1.25    -0.3      0.96125] fsize=[0.91666663 0.55       0.24749999] shifted_fpos=[ 1.25    -0.25     0.96125] lower=[ 1.         -0.45        0.68750001] upper=[ 1.5        -0.05        1.23499999] inside=False
[obj_inside_of] obj=obj obj_pos=[ 1.7976222 -0.4450512  1.1065127] fixture_pos=[ 1.25    -0.3      0.96125] fsize=[0.91666663 0.55       0.24749999] shifted_fpos=[ 1.25    -0.25     0.96125] lower=[ 1.         -0.45        0.68750001] upper=[ 1.5        -0.05        1.23499999] inside=False
[obj_inside_of] obj=obj obj_pos=[ 1.7919589 -0.4422839  1.1069034] fixture_pos=[ 1.25    -0.3      0.96125] fsize=[0.91666663 0.55       0.24749999] shifted_fpos=[ 1.25    -0.25     0.96125] lower=[ 1.         -0.45        0.68750001] upper=[ 1.5        -0.05        1.23499999] inside=False
[obj_inside_of] obj=obj obj_pos=[ 1.7849308 -0.4388203  1.1074444] fixture_pos=[ 1.25    -0.3      0.96125] fsize=[0.91666663 0.55       0.24749999] shifted_fpos=[ 1.25    -0.25     0.96125] lower=[ 1.         -0.45        0.68750001] upper=[ 1.5        -0.05        1.23499999] inside=False
[obj_inside_of] obj=obj obj_pos=[ 1.7763798  -0.43458635  1.1081442 ] fixture_pos=[ 1.25    -0.3      0.96125] fsize=[0.91666663 0.55       0.24749999] shifted_fpos=[ 1.25    -0.25     0.96125] lower=[ 1.         -0.45        0.68750001] upper=[ 1.5        -0.05        1.23499999] inside=False
[obj_inside_of] obj=obj obj_pos=[ 1.7658478  -0.42936072  1.1091202 ] fixture_pos=[ 1.25    -0.3      0.96125] fsize=[0.91666663 0.55       0.24749999] shifted_fpos=[ 1.25    -0.25     0.96125] lower=[ 1.         -0.45        0.68750001] upper=[ 1.5        -0.05        1.23499999] inside=False
[obj_inside_of] obj=obj obj_pos=[ 1.7522128  -0.42245978  1.1104479 ] fixture_pos=[ 1.25    -0.3      0.96125] fsize=[0.91666663 0.55       0.24749999] shifted_fpos=[ 1.25    -0.25     0.96125] lower=[ 1.         -0.45        0.68750001] upper=[ 1.5        -0.05        1.23499999] inside=False
[obj_inside_of] obj=obj obj_pos=[ 1.737164   -0.41502982  1.1114914 ] fixture_pos=[ 1.25    -0.3      0.96125] fsize=[0.91666663 0.55       0.24749999] shifted_fpos=[ 1.25    -0.25     0.96125] lower=[ 1.         -0.45        0.68750001] upper=[ 1.5        -0.05        1.23499999] inside=False
[obj_inside_of] obj=obj obj_pos=[ 1.7266636  -0.41132504  1.1152524 ] fixture_pos=[ 1.25    -0.3      0.96125] fsize=[0.91666663 0.55       0.24749999] shifted_fpos=[ 1.25    -0.25     0.96125] lower=[ 1.         -0.45        0.68750001] upper=[ 1.5        -0.05        1.23499999] inside=False
[obj_inside_of] obj=obj obj_pos=[ 1.7191212  -0.41044858  1.1200761 ] fixture_pos=[ 1.25    -0.3      0.96125] fsize=[0.91666663 0.55       0.24749999] shifted_fpos=[ 1.25    -0.25     0.96125] lower=[ 1.         -0.45        0.68750001] upper=[ 1.5        -0.05        1.23499999] inside=False
[obj_inside_of] obj=obj obj_pos=[ 1.7115835 -0.4097704  1.123427 ] fixture_pos=[ 1.25    -0.3      0.96125] fsize=[0.91666663 0.55       0.24749999] shifted_fpos=[ 1.25    -0.25     0.96125] lower=[ 1.         -0.45        0.68750001] upper=[ 1.5        -0.05        1.23499999] inside=False
[obj_inside_of] obj=obj obj_pos=[ 1.7044821  -0.40969908  1.1255363 ] fixture_pos=[ 1.25    -0.3      0.96125] fsize=[0.91666663 0.55       0.24749999] shifted_fpos=[ 1.25    -0.25     0.96125] lower=[ 1.         -0.45        0.68750001] upper=[ 1.5        -0.05        1.23499999] inside=False
[obj_inside_of] obj=obj obj_pos=[ 1.697257   -0.40939555  1.127023  ] fixture_pos=[ 1.25    -0.3      0.96125] fsize=[0.91666663 0.55       0.24749999] shifted_fpos=[ 1.25    -0.25     0.96125] lower=[ 1.         -0.45        0.68750001] upper=[ 1.5        -0.05        1.23499999] inside=False
[obj_inside_of] obj=obj obj_pos=[ 1.690394   -0.40917075  1.1277775 ] fixture_pos=[ 1.25    -0.3      0.96125] fsize=[0.91666663 0.55       0.24749999] shifted_fpos=[ 1.25    -0.25     0.96125] lower=[ 1.         -0.45        0.68750001] upper=[ 1.5        -0.05        1.23499999] inside=False
[obj_inside_of] obj=obj obj_pos=[ 1.6848534  -0.40900767  1.1278001 ] fixture_pos=[ 1.25    -0.3      0.96125] fsize=[0.91666663 0.55       0.24749999] shifted_fpos=[ 1.25    -0.25     0.96125] lower=[ 1.         -0.45        0.68750001] upper=[ 1.5        -0.05        1.23499999] inside=False
[obj_inside_of] obj=obj obj_pos=[ 1.6808639  -0.40901592  1.1277376 ] fixture_pos=[ 1.25    -0.3      0.96125] fsize=[0.91666663 0.55       0.24749999] shifted_fpos=[ 1.25    -0.25     0.96125] lower=[ 1.         -0.45        0.68750001] upper=[ 1.5        -0.05        1.23499999] inside=False
[obj_inside_of] obj=obj obj_pos=[ 1.6780865  -0.40912834  1.1276363 ] fixture_pos=[ 1.25    -0.3      0.96125] fsize=[0.91666663 0.55       0.24749999] shifted_fpos=[ 1.25    -0.25     0.96125] lower=[ 1.         -0.45        0.68750001] upper=[ 1.5        -0.05        1.23499999] inside=False
[obj_inside_of] obj=obj obj_pos=[ 1.6762362  -0.40931103  1.1275253 ] fixture_pos=[ 1.25    -0.3      0.96125] fsize=[0.91666663 0.55       0.24749999] shifted_fpos=[ 1.25    -0.25     0.96125] lower=[ 1.         -0.45        0.68750001] upper=[ 1.5        -0.05        1.23499999] inside=False
[obj_inside_of] obj=obj obj_pos=[ 1.675074  -0.4095164  1.1274023] fixture_pos=[ 1.25    -0.3      0.96125] fsize=[0.91666663 0.55       0.24749999] shifted_fpos=[ 1.25    -0.25     0.96125] lower=[ 1.         -0.45        0.68750001] upper=[ 1.5        -0.05        1.23499999] inside=False
[obj_inside_of] obj=obj obj_pos=[ 1.6743932  -0.40971357  1.1272899 ] fixture_pos=[ 1.25    -0.3      0.96125] fsize=[0.91666663 0.55       0.24749999] shifted_fpos=[ 1.25    -0.25     0.96125] lower=[ 1.         -0.45        0.68750001] upper=[ 1.5        -0.05        1.23499999] inside=False
[obj_inside_of] obj=obj obj_pos=[ 1.6739758  -0.40983722  1.1271645 ] fixture_pos=[ 1.25    -0.3      0.96125] fsize=[0.91666663 0.55       0.24749999] shifted_fpos=[ 1.25    -0.25     0.96125] lower=[ 1.         -0.45        0.68750001] upper=[ 1.5        -0.05        1.23499999] inside=False
[obj_inside_of] obj=obj obj_pos=[ 1.6737463  -0.40991744  1.1270659 ] fixture_pos=[ 1.25    -0.3      0.96125] fsize=[0.91666663 0.55       0.24749999] shifted_fpos=[ 1.25    -0.25     0.96125] lower=[ 1.         -0.45        0.68750001] upper=[ 1.5        -0.05        1.23499999] inside=False
[obj_inside_of] obj=obj obj_pos=[ 1.6736591  -0.40998083  1.1269823 ] fixture_pos=[ 1.25    -0.3      0.96125] fsize=[0.91666663 0.55       0.24749999] shifted_fpos=[ 1.25    -0.25     0.96125] lower=[ 1.         -0.45        0.68750001] upper=[ 1.5        -0.05        1.23499999] inside=False
[obj_inside_of] obj=obj obj_pos=[ 1.673588   -0.41003016  1.1269001 ] fixture_pos=[ 1.25    -0.3      0.96125] fsize=[0.91666663 0.55       0.24749999] shifted_fpos=[ 1.25    -0.25     0.96125] lower=[ 1.         -0.45        0.68750001] upper=[ 1.5        -0.05        1.23499999] inside=False
[obj_inside_of] obj=obj obj_pos=[ 1.6735158 -0.4100669  1.1268206] fixture_pos=[ 1.25    -0.3      0.96125] fsize=[0.91666663 0.55       0.24749999] shifted_fpos=[ 1.25    -0.25     0.96125] lower=[ 1.         -0.45        0.68750001] upper=[ 1.5        -0.05        1.23499999] inside=False
[obj_inside_of] obj=obj obj_pos=[ 1.6734451  -0.41009808  1.1267425 ] fixture_pos=[ 1.25    -0.3      0.96125] fsize=[0.91666663 0.55       0.24749999] shifted_fpos=[ 1.25    -0.25     0.96125] lower=[ 1.         -0.45        0.68750001] upper=[ 1.5        -0.05        1.23499999] inside=False
[obj_inside_of] obj=obj obj_pos=[ 1.6733725  -0.41012314  1.1266654 ] fixture_pos=[ 1.25    -0.3      0.96125] fsize=[0.91666663 0.55       0.24749999] shifted_fpos=[ 1.25    -0.25     0.96125] lower=[ 1.         -0.45        0.68750001] upper=[ 1.5        -0.05        1.23499999] inside=False
[obj_inside_of] obj=obj obj_pos=[ 1.6733024 -0.4101462  1.1265907] fixture_pos=[ 1.25    -0.3      0.96125] fsize=[0.91666663 0.55       0.24749999] shifted_fpos=[ 1.25    -0.25     0.96125] lower=[ 1.         -0.45        0.68750001] upper=[ 1.5        -0.05        1.23499999] inside=False
[obj_inside_of] obj=obj obj_pos=[ 1.6732309 -0.4101689  1.1265173] fixture_pos=[ 1.25    -0.3      0.96125] fsize=[0.91666663 0.55       0.24749999] shifted_fpos=[ 1.25    -0.25     0.96125] lower=[ 1.         -0.45        0.68750001] upper=[ 1.5        -0.05        1.23499999] inside=False
[obj_inside_of] obj=obj obj_pos=[ 1.6731606  -0.41019097  1.1264462 ] fixture_pos=[ 1.25    -0.3      0.96125] fsize=[0.91666663 0.55       0.24749999] shifted_fpos=[ 1.25    -0.25     0.96125] lower=[ 1.         -0.45        0.68750001] upper=[ 1.5        -0.05        1.23499999] inside=False
[obj_inside_of] obj=obj obj_pos=[ 1.6730896  -0.41021198  1.1263766 ] fixture_pos=[ 1.25    -0.3      0.96125] fsize=[0.91666663 0.55       0.24749999] shifted_fpos=[ 1.25    -0.25     0.96125] lower=[ 1.         -0.45        0.68750001] upper=[ 1.5        -0.05        1.23499999] inside=False
[obj_inside_of] obj=obj obj_pos=[ 1.6730193  -0.41023412  1.1263086 ] fixture_pos=[ 1.25    -0.3      0.96125] fsize=[0.91666663 0.55       0.24749999] shifted_fpos=[ 1.25    -0.25     0.96125] lower=[ 1.         -0.45        0.68750001] upper=[ 1.5        -0.05        1.23499999] inside=False
[obj_inside_of] obj=obj obj_pos=[ 1.6729493  -0.41025543  1.126243  ] fixture_pos=[ 1.25    -0.3      0.96125] fsize=[0.91666663 0.55       0.24749999] shifted_fpos=[ 1.25    -0.25     0.96125] lower=[ 1.         -0.45        0.68750001] upper=[ 1.5        -0.05        1.23499999] inside=False
[obj_inside_of] obj=obj obj_pos=[ 1.6728795  -0.41027552  1.1261785 ] fixture_pos=[ 1.25    -0.3      0.96125] fsize=[0.91666663 0.55       0.24749999] shifted_fpos=[ 1.25    -0.25     0.96125] lower=[ 1.         -0.45        0.68750001] upper=[ 1.5        -0.05        1.23499999] inside=False
[obj_inside_of] obj=obj obj_pos=[ 1.6727624  -0.40987974  1.1269437 ] fixture_pos=[ 1.25    -0.3      0.96125] fsize=[0.91666663 0.55       0.24749999] shifted_fpos=[ 1.25    -0.25     0.96125] lower=[ 1.         -0.45        0.68750001] upper=[ 1.5        -0.05        1.23499999] inside=False
[obj_inside_of] obj=obj obj_pos=[ 1.6725566  -0.40926063  1.1281259 ] fixture_pos=[ 1.25    -0.3      0.96125] fsize=[0.91666663 0.55       0.24749999] shifted_fpos=[ 1.25    -0.25     0.96125] lower=[ 1.         -0.45        0.68750001] upper=[ 1.5        -0.05        1.23499999] inside=False
[obj_inside_of] obj=obj obj_pos=[ 1.6722994  -0.40859368  1.1295011 ] fixture_pos=[ 1.25    -0.3      0.96125] fsize=[0.91666663 0.55       0.24749999] shifted_fpos=[ 1.25    -0.25     0.96125] lower=[ 1.         -0.45        0.68750001] upper=[ 1.5        -0.05        1.23499999] inside=False
[obj_inside_of] obj=obj obj_pos=[ 1.6720381 -0.408071   1.1306005] fixture_pos=[ 1.25    -0.3      0.96125] fsize=[0.91666663 0.55       0.24749999] shifted_fpos=[ 1.25    -0.25     0.96125] lower=[ 1.         -0.45        0.68750001] upper=[ 1.5        -0.05        1.23499999] inside=False
[obj_inside_of] obj=obj obj_pos=[ 1.6718012  -0.40767848  1.1314723 ] fixture_pos=[ 1.25    -0.3      0.96125] fsize=[0.91666663 0.55       0.24749999] shifted_fpos=[ 1.25    -0.25     0.96125] lower=[ 1.         -0.45        0.68750001] upper=[ 1.5        -0.05        1.23499999] inside=False
[obj_inside_of] obj=obj obj_pos=[ 1.671605   -0.40746576  1.1319956 ] fixture_pos=[ 1.25    -0.3      0.96125] fsize=[0.91666663 0.55       0.24749999] shifted_fpos=[ 1.25    -0.25     0.96125] lower=[ 1.         -0.45        0.68750001] upper=[ 1.5        -0.05        1.23499999] inside=False
[obj_inside_of] obj=obj obj_pos=[ 1.6714572  -0.40734485  1.1323233 ] fixture_pos=[ 1.25    -0.3      0.96125] fsize=[0.91666663 0.55       0.24749999] shifted_fpos=[ 1.25    -0.25     0.96125] lower=[ 1.         -0.45        0.68750001] upper=[ 1.5        -0.05        1.23499999] inside=False
[obj_inside_of] obj=obj obj_pos=[ 1.6712966 -0.407255   1.1326   ] fixture_pos=[ 1.25    -0.3      0.96125] fsize=[0.91666663 0.55       0.24749999] shifted_fpos=[ 1.25    -0.25     0.96125] lower=[ 1.         -0.45        0.68750001] upper=[ 1.5        -0.05        1.23499999] inside=False
[obj_inside_of] obj=obj obj_pos=[ 1.6710371  -0.40712717  1.132927  ] fixture_pos=[ 1.25    -0.3      0.96125] fsize=[0.91666663 0.55       0.24749999] shifted_fpos=[ 1.25    -0.25     0.96125] lower=[ 1.         -0.45        0.68750001] upper=[ 1.5        -0.05        1.23499999] inside=False
[obj_inside_of] obj=obj obj_pos=[ 1.670534   -0.40696532  1.1333581 ] fixture_pos=[ 1.25    -0.3      0.96125] fsize=[0.91666663 0.55       0.24749999] shifted_fpos=[ 1.25    -0.25     0.96125] lower=[ 1.         -0.45        0.68750001] upper=[ 1.5        -0.05        1.23499999] inside=False
[obj_inside_of] obj=obj obj_pos=[ 1.6695364  -0.40676427  1.1340148 ] fixture_pos=[ 1.25    -0.3      0.96125] fsize=[0.91666663 0.55       0.24749999] shifted_fpos=[ 1.25    -0.25     0.96125] lower=[ 1.         -0.45        0.68750001] upper=[ 1.5        -0.05        1.23499999] inside=False
[obj_inside_of] obj=obj obj_pos=[ 1.6676439  -0.40634114  1.134767  ] fixture_pos=[ 1.25    -0.3      0.96125] fsize=[0.91666663 0.55       0.24749999] shifted_fpos=[ 1.25    -0.25     0.96125] lower=[ 1.         -0.45        0.68750001] upper=[ 1.5        -0.05        1.23499999] inside=False
[obj_inside_of] obj=obj obj_pos=[ 1.6638415  -0.40547457  1.1359903 ] fixture_pos=[ 1.25    -0.3      0.96125] fsize=[0.91666663 0.55       0.24749999] shifted_fpos=[ 1.25    -0.25     0.96125] lower=[ 1.         -0.45        0.68750001] upper=[ 1.5        -0.05        1.23499999] inside=False
[obj_inside_of] obj=obj obj_pos=[ 1.658487   -0.40449876  1.1375822 ] fixture_pos=[ 1.25    -0.3      0.96125] fsize=[0.91666663 0.55       0.24749999] shifted_fpos=[ 1.25    -0.25     0.96125] lower=[ 1.         -0.45        0.68750001] upper=[ 1.5        -0.05        1.23499999] inside=False
[obj_inside_of] obj=obj obj_pos=[ 1.6520488 -0.4034296  1.1392341] fixture_pos=[ 1.25    -0.3      0.96125] fsize=[0.91666663 0.55       0.24749999] shifted_fpos=[ 1.25    -0.25     0.96125] lower=[ 1.         -0.45        0.68750001] upper=[ 1.5        -0.05        1.23499999] inside=False
[obj_inside_of] obj=obj obj_pos=[ 1.6448791  -0.40238497  1.1411116 ] fixture_pos=[ 1.25    -0.3      0.96125] fsize=[0.91666663 0.55       0.24749999] shifted_fpos=[ 1.25    -0.25     0.96125] lower=[ 1.         -0.45        0.68750001] upper=[ 1.5        -0.05        1.23499999] inside=False
[obj_inside_of] obj=obj obj_pos=[ 1.6369919  -0.40129444  1.143169  ] fixture_pos=[ 1.25    -0.3      0.96125] fsize=[0.91666663 0.55       0.24749999] shifted_fpos=[ 1.25    -0.25     0.96125] lower=[ 1.         -0.45        0.68750001] upper=[ 1.5        -0.05        1.23499999] inside=False
[obj_inside_of] obj=obj obj_pos=[ 1.6284065 -0.4000787  1.1458393] fixture_pos=[ 1.25    -0.3      0.96125] fsize=[0.91666663 0.55       0.24749999] shifted_fpos=[ 1.25    -0.25     0.96125] lower=[ 1.         -0.45        0.68750001] upper=[ 1.5        -0.05        1.23499999] inside=False
[obj_inside_of] obj=obj obj_pos=[ 1.6189735  -0.39898616  1.1484386 ] fixture_pos=[ 1.25    -0.3      0.96125] fsize=[0.91666663 0.55       0.24749999] shifted_fpos=[ 1.25    -0.25     0.96125] lower=[ 1.         -0.45        0.68750001] upper=[ 1.5        -0.05        1.23499999] inside=False
[obj_inside_of] obj=obj obj_pos=[ 1.6091477  -0.39779562  1.1497575 ] fixture_pos=[ 1.25    -0.3      0.96125] fsize=[0.91666663 0.55       0.24749999] shifted_fpos=[ 1.25    -0.25     0.96125] lower=[ 1.         -0.45        0.68750001] upper=[ 1.5        -0.05        1.23499999] inside=False
[obj_inside_of] obj=obj obj_pos=[ 1.596529   -0.39631143  1.1494102 ] fixture_pos=[ 1.25    -0.3      0.96125] fsize=[0.91666663 0.55       0.24749999] shifted_fpos=[ 1.25    -0.25     0.96125] lower=[ 1.         -0.45        0.68750001] upper=[ 1.5        -0.05        1.23499999] inside=False
[obj_inside_of] obj=obj obj_pos=[ 1.5814569  -0.39465234  1.1482017 ] fixture_pos=[ 1.25    -0.3      0.96125] fsize=[0.91666663 0.55       0.24749999] shifted_fpos=[ 1.25    -0.25     0.96125] lower=[ 1.         -0.45        0.68750001] upper=[ 1.5        -0.05        1.23499999] inside=False
[obj_inside_of] obj=obj obj_pos=[ 1.5681826  -0.39372572  1.1470039 ] fixture_pos=[ 1.25    -0.3      0.96125] fsize=[0.91666663 0.55       0.24749999] shifted_fpos=[ 1.25    -0.25     0.96125] lower=[ 1.         -0.45        0.68750001] upper=[ 1.5        -0.05        1.23499999] inside=False
[viz-debug] base_link.pose=(1.614,-0.916) q=(0.710,-0.000,-0.000,0.705) qpos[0:3]=(0.484,-0.364,-0.007)
[obj_inside_of] obj=obj obj_pos=[ 1.5577056  -0.39263225  1.1463912 ] fixture_pos=[ 1.25    -0.3      0.96125] fsize=[0.91666663 0.55       0.24749999] shifted_fpos=[ 1.25    -0.25     0.96125] lower=[ 1.         -0.45        0.68750001] upper=[ 1.5        -0.05        1.23499999] inside=False
[obj_inside_of] obj=obj obj_pos=[ 1.5500766  -0.39193302  1.1460465 ] fixture_pos=[ 1.25    -0.3      0.96125] fsize=[0.91666663 0.55       0.24749999] shifted_fpos=[ 1.25    -0.25     0.96125] lower=[ 1.         -0.45        0.68750001] upper=[ 1.5        -0.05        1.23499999] inside=False
[obj_inside_of] obj=obj obj_pos=[ 1.5447838  -0.39157975  1.1459103 ] fixture_pos=[ 1.25    -0.3      0.96125] fsize=[0.91666663 0.55       0.24749999] shifted_fpos=[ 1.25    -0.25     0.96125] lower=[ 1.         -0.45        0.68750001] upper=[ 1.5        -0.05        1.23499999] inside=False
[obj_inside_of] obj=obj obj_pos=[ 1.5411209 -0.3913988  1.1456734] fixture_pos=[ 1.25    -0.3      0.96125] fsize=[0.91666663 0.55       0.24749999] shifted_fpos=[ 1.25    -0.25     0.96125] lower=[ 1.         -0.45        0.68750001] upper=[ 1.5        -0.05        1.23499999] inside=False
[obj_inside_of] obj=obj obj_pos=[ 1.538588  -0.3910791  1.1454884] fixture_pos=[ 1.25    -0.3      0.96125] fsize=[0.91666663 0.55       0.24749999] shifted_fpos=[ 1.25    -0.25     0.96125] lower=[ 1.         -0.45        0.68750001] upper=[ 1.5        -0.05        1.23499999] inside=False
[obj_inside_of] obj=obj obj_pos=[ 1.5370966  -0.39147112  1.1452931 ] fixture_pos=[ 1.25    -0.3      0.96125] fsize=[0.91666663 0.55       0.24749999] shifted_fpos=[ 1.25    -0.25     0.96125] lower=[ 1.         -0.45        0.68750001] upper=[ 1.5        -0.05        1.23499999] inside=False
[obj_inside_of] obj=obj obj_pos=[ 1.5361824  -0.39172304  1.1450672 ] fixture_pos=[ 1.25    -0.3      0.96125] fsize=[0.91666663 0.55       0.24749999] shifted_fpos=[ 1.25    -0.25     0.96125] lower=[ 1.         -0.45        0.68750001] upper=[ 1.5        -0.05        1.23499999] inside=False
[obj_inside_of] obj=obj obj_pos=[ 1.5356642 -0.3921891  1.1448041] fixture_pos=[ 1.25    -0.3      0.96125] fsize=[0.91666663 0.55       0.24749999] shifted_fpos=[ 1.25    -0.25     0.96125] lower=[ 1.         -0.45        0.68750001] upper=[ 1.5        -0.05        1.23499999] inside=False
[obj_inside_of] obj=obj obj_pos=[ 1.5353035 -0.3925212  1.1444407] fixture_pos=[ 1.25    -0.3      0.96125] fsize=[0.91666663 0.55       0.24749999] shifted_fpos=[ 1.25    -0.25     0.96125] lower=[ 1.         -0.45        0.68750001] upper=[ 1.5        -0.05        1.23499999] inside=False
[obj_inside_of] obj=obj obj_pos=[ 1.5351474  -0.39270374  1.1442374 ] fixture_pos=[ 1.25    -0.3      0.96125] fsize=[0.91666663 0.55       0.24749999] shifted_fpos=[ 1.25    -0.25     0.96125] lower=[ 1.         -0.45        0.68750001] upper=[ 1.5        -0.05        1.23499999] inside=False
[obj_inside_of] obj=obj obj_pos=[ 1.5349988  -0.39295006  1.1440617 ] fixture_pos=[ 1.25    -0.3      0.96125] fsize=[0.91666663 0.55       0.24749999] shifted_fpos=[ 1.25    -0.25     0.96125] lower=[ 1.         -0.45        0.68750001] upper=[ 1.5        -0.05        1.23499999] inside=False
[obj_inside_of] obj=obj obj_pos=[ 1.5346441  -0.39330912  1.1438315 ] fixture_pos=[ 1.25    -0.3      0.96125] fsize=[0.91666663 0.55       0.24749999] shifted_fpos=[ 1.25    -0.25     0.96125] lower=[ 1.         -0.45        0.68750001] upper=[ 1.5        -0.05        1.23499999] inside=False
[obj_inside_of] obj=obj obj_pos=[ 1.5343965  -0.39341438  1.143524  ] fixture_pos=[ 1.25    -0.3      0.96125] fsize=[0.91666663 0.55       0.24749999] shifted_fpos=[ 1.25    -0.25     0.96125] lower=[ 1.         -0.45        0.68750001] upper=[ 1.5        -0.05        1.23499999] inside=False
[obj_inside_of] obj=obj obj_pos=[ 1.5342695  -0.39335984  1.1433789 ] fixture_pos=[ 1.25    -0.3      0.96125] fsize=[0.91666663 0.55       0.24749999] shifted_fpos=[ 1.25    -0.25     0.96125] lower=[ 1.         -0.45        0.68750001] upper=[ 1.5        -0.05        1.23499999] inside=False
[obj_inside_of] obj=obj obj_pos=[ 1.5341678  -0.39348045  1.143307  ] fixture_pos=[ 1.25    -0.3      0.96125] fsize=[0.91666663 0.55       0.24749999] shifted_fpos=[ 1.25    -0.25     0.96125] lower=[ 1.         -0.45        0.68750001] upper=[ 1.5        -0.05        1.23499999] inside=False
[obj_inside_of] obj=obj obj_pos=[ 1.5339893  -0.39357513  1.1430569 ] fixture_pos=[ 1.25    -0.3      0.96125] fsize=[0.91666663 0.55       0.24749999] shifted_fpos=[ 1.25    -0.25     0.96125] lower=[ 1.         -0.45        0.68750001] upper=[ 1.5        -0.05        1.23499999] inside=False
[obj_inside_of] obj=obj obj_pos=[ 1.5336491 -0.3938182  1.1428947] fixture_pos=[ 1.25    -0.3      0.96125] fsize=[0.91666663 0.55       0.24749999] shifted_fpos=[ 1.25    -0.25     0.96125] lower=[ 1.         -0.45        0.68750001] upper=[ 1.5        -0.05        1.23499999] inside=False
[obj_inside_of] obj=obj obj_pos=[ 1.5335331  -0.39365277  1.1427453 ] fixture_pos=[ 1.25    -0.3      0.96125] fsize=[0.91666663 0.55       0.24749999] shifted_fpos=[ 1.25    -0.25     0.96125] lower=[ 1.         -0.45        0.68750001] upper=[ 1.5        -0.05        1.23499999] inside=False
[obj_inside_of] obj=obj obj_pos=[ 1.5333495  -0.39360267  1.1425478 ] fixture_pos=[ 1.25    -0.3      0.96125] fsize=[0.91666663 0.55       0.24749999] shifted_fpos=[ 1.25    -0.25     0.96125] lower=[ 1.         -0.45        0.68750001] upper=[ 1.5        -0.05        1.23499999] inside=False
[obj_inside_of] obj=obj obj_pos=[ 1.5330701  -0.39373365  1.1424316 ] fixture_pos=[ 1.25    -0.3      0.96125] fsize=[0.91666663 0.55       0.24749999] shifted_fpos=[ 1.25    -0.25     0.96125] lower=[ 1.         -0.45        0.68750001] upper=[ 1.5        -0.05        1.23499999] inside=False
[obj_inside_of] obj=obj obj_pos=[ 1.5326942  -0.39389205  1.1423175 ] fixture_pos=[ 1.25    -0.3      0.96125] fsize=[0.91666663 0.55       0.24749999] shifted_fpos=[ 1.25    -0.25     0.96125] lower=[ 1.         -0.45        0.68750001] upper=[ 1.5        -0.05        1.23499999] inside=False
[obj_inside_of] obj=obj obj_pos=[ 1.5325897  -0.39373675  1.1421816 ] fixture_pos=[ 1.25    -0.3      0.96125] fsize=[0.91666663 0.55       0.24749999] shifted_fpos=[ 1.25    -0.25     0.96125] lower=[ 1.         -0.45        0.68750001] upper=[ 1.5        -0.05        1.23499999] inside=False
[obj_inside_of] obj=obj obj_pos=[ 1.5325725  -0.39365438  1.1422106 ] fixture_pos=[ 1.25    -0.3      0.96125] fsize=[0.91666663 0.55       0.24749999] shifted_fpos=[ 1.25    -0.25     0.96125] lower=[ 1.         -0.45        0.68750001] upper=[ 1.5        -0.05        1.23499999] inside=False
[obj_inside_of] obj=obj obj_pos=[ 1.5323166  -0.39370322  1.142104  ] fixture_pos=[ 1.25    -0.3      0.96125] fsize=[0.91666663 0.55       0.24749999] shifted_fpos=[ 1.25    -0.25     0.96125] lower=[ 1.         -0.45        0.68750001] upper=[ 1.5        -0.05        1.23499999] inside=False
[obj_inside_of] obj=obj obj_pos=[ 1.5320866 -0.3937664  1.1419706] fixture_pos=[ 1.25    -0.3      0.96125] fsize=[0.91666663 0.55       0.24749999] shifted_fpos=[ 1.25    -0.25     0.96125] lower=[ 1.         -0.45        0.68750001] upper=[ 1.5        -0.05        1.23499999] inside=False
[obj_inside_of] obj=obj obj_pos=[ 1.531729  -0.3939419  1.1418948] fixture_pos=[ 1.25    -0.3      0.96125] fsize=[0.91666663 0.55       0.24749999] shifted_fpos=[ 1.25    -0.25     0.96125] lower=[ 1.         -0.45        0.68750001] upper=[ 1.5        -0.05        1.23499999] inside=False
[obj_inside_of] obj=obj obj_pos=[ 1.5315228  -0.39386508  1.1416867 ] fixture_pos=[ 1.25    -0.3      0.96125] fsize=[0.91666663 0.55       0.24749999] shifted_fpos=[ 1.25    -0.25     0.96125] lower=[ 1.         -0.45        0.68750001] upper=[ 1.5        -0.05        1.23499999] inside=False
[obj_inside_of] obj=obj obj_pos=[ 1.5303644  -0.39397883  1.1439103 ] fixture_pos=[ 1.25    -0.3      0.96125] fsize=[0.91666663 0.55       0.24749999] shifted_fpos=[ 1.25    -0.25     0.96125] lower=[ 1.         -0.45        0.68750001] upper=[ 1.5        -0.05        1.23499999] inside=False
[obj_inside_of] obj=obj obj_pos=[ 1.5289068 -0.3922836  1.1455724] fixture_pos=[ 1.25    -0.3      0.96125] fsize=[0.91666663 0.55       0.24749999] shifted_fpos=[ 1.25    -0.25     0.96125] lower=[ 1.         -0.45        0.68750001] upper=[ 1.5        -0.05        1.23499999] inside=False
[obj_inside_of] obj=obj obj_pos=[ 1.52676    -0.39136544  1.1485314 ] fixture_pos=[ 1.25    -0.3      0.96125] fsize=[0.91666663 0.55       0.24749999] shifted_fpos=[ 1.25    -0.25     0.96125] lower=[ 1.         -0.45        0.68750001] upper=[ 1.5        -0.05        1.23499999] inside=False
[obj_inside_of] obj=obj obj_pos=[ 1.5248287 -0.3902401  1.150858 ] fixture_pos=[ 1.25    -0.3      0.96125] fsize=[0.91666663 0.55       0.24749999] shifted_fpos=[ 1.25    -0.25     0.96125] lower=[ 1.         -0.45        0.68750001] upper=[ 1.5        -0.05        1.23499999] inside=False
[obj_inside_of] obj=obj obj_pos=[ 1.5228782  -0.38967526  1.152678  ] fixture_pos=[ 1.25    -0.3      0.96125] fsize=[0.91666663 0.55       0.24749999] shifted_fpos=[ 1.25    -0.25     0.96125] lower=[ 1.         -0.45        0.68750001] upper=[ 1.5        -0.05        1.23499999] inside=False
[obj_inside_of] obj=obj obj_pos=[ 1.5211543 -0.389299   1.1536548] fixture_pos=[ 1.25    -0.3      0.96125] fsize=[0.91666663 0.55       0.24749999] shifted_fpos=[ 1.25    -0.25     0.96125] lower=[ 1.         -0.45        0.68750001] upper=[ 1.5        -0.05        1.23499999] inside=False
[obj_inside_of] obj=obj obj_pos=[ 1.5205876 -0.3892605  1.1533275] fixture_pos=[ 1.25    -0.3      0.96125] fsize=[0.91666663 0.55       0.24749999] shifted_fpos=[ 1.25    -0.25     0.96125] lower=[ 1.         -0.45        0.68750001] upper=[ 1.5        -0.05        1.23499999] inside=False
[obj_inside_of] obj=obj obj_pos=[ 1.5196911 -0.3881328  1.1504936] fixture_pos=[ 1.25    -0.3      0.96125] fsize=[0.91666663 0.55       0.24749999] shifted_fpos=[ 1.25    -0.25     0.96125] lower=[ 1.         -0.45        0.68750001] upper=[ 1.5        -0.05        1.23499999] inside=False
[obj_inside_of] obj=obj obj_pos=[ 1.5178866  -0.38599226  1.1428859 ] fixture_pos=[ 1.25    -0.3      0.96125] fsize=[0.91666663 0.55       0.24749999] shifted_fpos=[ 1.25    -0.25     0.96125] lower=[ 1.         -0.45        0.68750001] upper=[ 1.5        -0.05        1.23499999] inside=False
[obj_inside_of] obj=obj obj_pos=[ 1.5161136 -0.3827438  1.1312381] fixture_pos=[ 1.25    -0.3      0.96125] fsize=[0.91666663 0.55       0.24749999] shifted_fpos=[ 1.25    -0.25     0.96125] lower=[ 1.         -0.45        0.68750001] upper=[ 1.5        -0.05        1.23499999] inside=False
[obj_inside_of] obj=obj obj_pos=[ 1.5149965  -0.38035575  1.1184274 ] fixture_pos=[ 1.25    -0.3      0.96125] fsize=[0.91666663 0.55       0.24749999] shifted_fpos=[ 1.25    -0.25     0.96125] lower=[ 1.         -0.45        0.68750001] upper=[ 1.5        -0.05        1.23499999] inside=False
[obj_inside_of] obj=obj obj_pos=[ 1.5148826  -0.37764776  1.1061748 ] fixture_pos=[ 1.25    -0.3      0.96125] fsize=[0.91666663 0.55       0.24749999] shifted_fpos=[ 1.25    -0.25     0.96125] lower=[ 1.         -0.45        0.68750001] upper=[ 1.5        -0.05        1.23499999] inside=False
[obj_inside_of] obj=obj obj_pos=[ 1.5144458 -0.3759797  1.0989197] fixture_pos=[ 1.25    -0.3      0.96125] fsize=[0.91666663 0.55       0.24749999] shifted_fpos=[ 1.25    -0.25     0.96125] lower=[ 1.         -0.45        0.68750001] upper=[ 1.5        -0.05        1.23499999] inside=False
[obj_inside_of] obj=obj obj_pos=[ 1.5142648  -0.37404603  1.0929648 ] fixture_pos=[ 1.25    -0.3      0.96125] fsize=[0.91666663 0.55       0.24749999] shifted_fpos=[ 1.25    -0.25     0.96125] lower=[ 1.         -0.45        0.68750001] upper=[ 1.5        -0.05        1.23499999] inside=False
[obj_inside_of] obj=obj obj_pos=[ 1.5136863 -0.3725634  1.0899575] fixture_pos=[ 1.25    -0.3      0.96125] fsize=[0.91666663 0.55       0.24749999] shifted_fpos=[ 1.25    -0.25     0.96125] lower=[ 1.         -0.45        0.68750001] upper=[ 1.5        -0.05        1.23499999] inside=False
[obj_inside_of] obj=obj obj_pos=[ 1.5131841  -0.37151393  1.0886408 ] fixture_pos=[ 1.25    -0.3      0.96125] fsize=[0.91666663 0.55       0.24749999] shifted_fpos=[ 1.25    -0.25     0.96125] lower=[ 1.         -0.45        0.68750001] upper=[ 1.5        -0.05        1.23499999] inside=False
[obj_inside_of] obj=obj obj_pos=[ 1.5130471 -0.3708734  1.0878228] fixture_pos=[ 1.25    -0.3      0.96125] fsize=[0.91666663 0.55       0.24749999] shifted_fpos=[ 1.25    -0.25     0.96125] lower=[ 1.         -0.45        0.68750001] upper=[ 1.5        -0.05        1.23499999] inside=False
[obj_inside_of] obj=obj obj_pos=[ 1.5129716  -0.37059885  1.0872593 ] fixture_pos=[ 1.25    -0.3      0.96125] fsize=[0.91666663 0.55       0.24749999] shifted_fpos=[ 1.25    -0.25     0.96125] lower=[ 1.         -0.45        0.68750001] upper=[ 1.5        -0.05        1.23499999] inside=False
[obj_inside_of] obj=obj obj_pos=[ 1.512968   -0.37047082  1.0868865 ] fixture_pos=[ 1.25    -0.3      0.96125] fsize=[0.91666663 0.55       0.24749999] shifted_fpos=[ 1.25    -0.25     0.96125] lower=[ 1.         -0.45        0.68750001] upper=[ 1.5        -0.05        1.23499999] inside=False
[obj_inside_of] obj=obj obj_pos=[ 1.5129186  -0.37044856  1.0863601 ] fixture_pos=[ 1.25    -0.3      0.96125] fsize=[0.91666663 0.55       0.24749999] shifted_fpos=[ 1.25    -0.25     0.96125] lower=[ 1.         -0.45        0.68750001] upper=[ 1.5        -0.05        1.23499999] inside=False
[obj_inside_of] obj=obj obj_pos=[ 1.5128729 -0.3704439  1.0858268] fixture_pos=[ 1.25    -0.3      0.96125] fsize=[0.91666663 0.55       0.24749999] shifted_fpos=[ 1.25    -0.25     0.96125] lower=[ 1.         -0.45        0.68750001] upper=[ 1.5        -0.05        1.23499999] inside=False
[obj_inside_of] obj=obj obj_pos=[ 1.5128947 -0.370489   1.085751 ] fixture_pos=[ 1.25    -0.3      0.96125] fsize=[0.91666663 0.55       0.24749999] shifted_fpos=[ 1.25    -0.25     0.96125] lower=[ 1.         -0.45        0.68750001] upper=[ 1.5        -0.05        1.23499999] inside=False
[obj_inside_of] obj=obj obj_pos=[ 1.5128607  -0.37043425  1.0857462 ] fixture_pos=[ 1.25    -0.3      0.96125] fsize=[0.91666663 0.55       0.24749999] shifted_fpos=[ 1.25    -0.25     0.96125] lower=[ 1.         -0.45        0.68750001] upper=[ 1.5        -0.05        1.23499999] inside=False
[obj_inside_of] obj=obj obj_pos=[ 1.512852  -0.3703668  1.0857552] fixture_pos=[ 1.25    -0.3      0.96125] fsize=[0.91666663 0.55       0.24749999] shifted_fpos=[ 1.25    -0.25     0.96125] lower=[ 1.         -0.45        0.68750001] upper=[ 1.5        -0.05        1.23499999] inside=False
[obj_inside_of] obj=obj obj_pos=[ 1.5128554  -0.37035707  1.085758  ] fixture_pos=[ 1.25    -0.3      0.96125] fsize=[0.91666663 0.55       0.24749999] shifted_fpos=[ 1.25    -0.25     0.96125] lower=[ 1.         -0.45        0.68750001] upper=[ 1.5        -0.05        1.23499999] inside=False
[obj_inside_of] obj=obj obj_pos=[ 1.5128545 -0.3703655  1.0857545] fixture_pos=[ 1.25    -0.3      0.96125] fsize=[0.91666663 0.55       0.24749999] shifted_fpos=[ 1.25    -0.25     0.96125] lower=[ 1.         -0.45        0.68750001] upper=[ 1.5        -0.05        1.23499999] inside=False
[obj_inside_of] obj=obj obj_pos=[ 1.5128496  -0.37036124  1.0857531 ] fixture_pos=[ 1.25    -0.3      0.96125] fsize=[0.91666663 0.55       0.24749999] shifted_fpos=[ 1.25    -0.25     0.96125] lower=[ 1.         -0.45        0.68750001] upper=[ 1.5        -0.05        1.23499999] inside=False
[obj_inside_of] obj=obj obj_pos=[ 1.5128466  -0.37035176  1.0857534 ] fixture_pos=[ 1.25    -0.3      0.96125] fsize=[0.91666663 0.55       0.24749999] shifted_fpos=[ 1.25    -0.25     0.96125] lower=[ 1.         -0.45        0.68750001] upper=[ 1.5        -0.05        1.23499999] inside=False
[obj_inside_of] obj=obj obj_pos=[ 1.5128455 -0.3703462  1.085754 ] fixture_pos=[ 1.25    -0.3      0.96125] fsize=[0.91666663 0.55       0.24749999] shifted_fpos=[ 1.25    -0.25     0.96125] lower=[ 1.         -0.45        0.68750001] upper=[ 1.5        -0.05        1.23499999] inside=False
[obj_inside_of] obj=obj obj_pos=[ 1.511309   -0.38359934  1.0953892 ] fixture_pos=[ 1.25    -0.3      0.96125] fsize=[0.91666663 0.55       0.24749999] shifted_fpos=[ 1.25    -0.25     0.96125] lower=[ 1.         -0.45        0.68750001] upper=[ 1.5        -0.05        1.23499999] inside=False
[obj_inside_of] obj=obj obj_pos=[ 1.5145844 -0.3819586  1.0605321] fixture_pos=[ 1.25    -0.3      0.96125] fsize=[0.91666663 0.55       0.24749999] shifted_fpos=[ 1.25    -0.25     0.96125] lower=[ 1.         -0.45        0.68750001] upper=[ 1.5        -0.05        1.23499999] inside=False
[obj_inside_of] obj=obj obj_pos=[ 1.5184091 -0.381665   1.0003288] fixture_pos=[ 1.25    -0.3      0.96125] fsize=[0.91666663 0.55       0.24749999] shifted_fpos=[ 1.25    -0.25     0.96125] lower=[ 1.         -0.45        0.68750001] upper=[ 1.5        -0.05        1.23499999] inside=False
[obj_inside_of] obj=obj obj_pos=[ 1.5218118  -0.38406038  0.9170187 ] fixture_pos=[ 1.25    -0.3      0.96125] fsize=[0.91666663 0.55       0.24749999] shifted_fpos=[ 1.25    -0.25     0.96125] lower=[ 1.         -0.45        0.68750001] upper=[ 1.5        -0.05        1.23499999] inside=False
[obj_inside_of] obj=obj obj_pos=[ 1.5244025  -0.38720456  0.81195366] fixture_pos=[ 1.25    -0.3      0.96125] fsize=[0.91666663 0.55       0.24749999] shifted_fpos=[ 1.25    -0.25     0.96125] lower=[ 1.         -0.45        0.68750001] upper=[ 1.5        -0.05        1.23499999] inside=False
[obj_inside_of] obj=obj obj_pos=[ 1.5262264  -0.38894436  0.7731481 ] fixture_pos=[ 1.25    -0.3      0.96125] fsize=[0.91666663 0.55       0.24749999] shifted_fpos=[ 1.25    -0.25     0.96125] lower=[ 1.         -0.45        0.68750001] upper=[ 1.5        -0.05        1.23499999] inside=False
[obj_inside_of] obj=obj obj_pos=[ 1.5285044  -0.38263583  0.77605426] fixture_pos=[ 1.25    -0.3      0.96125] fsize=[0.91666663 0.55       0.24749999] shifted_fpos=[ 1.25    -0.25     0.96125] lower=[ 1.         -0.45        0.68750001] upper=[ 1.5        -0.05        1.23499999] inside=False
[obj_inside_of] obj=obj obj_pos=[ 1.5302527  -0.3761746   0.77827495] fixture_pos=[ 1.25    -0.3      0.96125] fsize=[0.91666663 0.55       0.24749999] shifted_fpos=[ 1.25    -0.25     0.96125] lower=[ 1.         -0.45        0.68750001] upper=[ 1.5        -0.05        1.23499999] inside=False
[obj_inside_of] obj=obj obj_pos=[ 1.5302527  -0.3761746   0.77827495] fixture_pos=[ 1.25    -0.3      0.96125] fsize=[0.91666663 0.55       0.24749999] shifted_fpos=[ 1.25    -0.25     0.96125] lower=[ 1.         -0.45        0.68750001] upper=[ 1.5        -0.05        1.23499999] inside=False
[obj_inside_of] obj=obj obj_pos=[ 1.5299066  -0.37414613  0.77867   ] fixture_pos=[ 1.25    -0.3      0.96125] fsize=[0.91666663 0.55       0.24749999] shifted_fpos=[ 1.25    -0.25     0.96125] lower=[ 1.         -0.45        0.68750001] upper=[ 1.5        -0.05        1.23499999] inside=False
[obj_inside_of] obj=obj obj_pos=[ 1.5283737 -0.3763457  0.7780228] fixture_pos=[ 1.25    -0.3      0.96125] fsize=[0.91666663 0.55       0.24749999] shifted_fpos=[ 1.25    -0.25     0.96125] lower=[ 1.         -0.45        0.68750001] upper=[ 1.5        -0.05        1.23499999] inside=False
[obj_inside_of] obj=obj obj_pos=[ 1.5261575  -0.38376972  0.775208  ] fixture_pos=[ 1.25    -0.3      0.96125] fsize=[0.91666663 0.55       0.24749999] shifted_fpos=[ 1.25    -0.25     0.96125] lower=[ 1.         -0.45        0.68750001] upper=[ 1.5        -0.05        1.23499999] inside=False
[obj_inside_of] obj=obj obj_pos=[ 1.522655   -0.39605436  0.7700151 ] fixture_pos=[ 1.25    -0.3      0.96125] fsize=[0.91666663 0.55       0.24749999] shifted_fpos=[ 1.25    -0.25     0.96125] lower=[ 1.         -0.45        0.68750001] upper=[ 1.5        -0.05        1.23499999] inside=False
[obj_inside_of] obj=obj obj_pos=[ 1.5180044  -0.40916455  0.7680893 ] fixture_pos=[ 1.25    -0.3      0.96125] fsize=[0.91666663 0.55       0.24749999] shifted_fpos=[ 1.25    -0.25     0.96125] lower=[ 1.         -0.45        0.68750001] upper=[ 1.5        -0.05        1.23499999] inside=False
[obj_inside_of] obj=obj obj_pos=[ 1.5135733  -0.41676608  0.76923573] fixture_pos=[ 1.25    -0.3      0.96125] fsize=[0.91666663 0.55       0.24749999] shifted_fpos=[ 1.25    -0.25     0.96125] lower=[ 1.         -0.45        0.68750001] upper=[ 1.5        -0.05        1.23499999] inside=False
