Unknown attribute "D" in /robot[@name='tidyverse']/joint[@name='panda_joint1']/dynamics
Unknown attribute "K" in /robot[@name='tidyverse']/joint[@name='panda_joint1']/dynamics
Unknown attribute "mu_coulomb" in /robot[@name='tidyverse']/joint[@name='panda_joint1']/dynamics
Unknown attribute "mu_viscous" in /robot[@name='tidyverse']/joint[@name='panda_joint1']/dynamics
Unknown attribute "D" in /robot[@name='tidyverse']/joint[@name='panda_joint2']/dynamics
Unknown attribute "K" in /robot[@name='tidyverse']/joint[@name='panda_joint2']/dynamics
Unknown attribute "mu_coulomb" in /robot[@name='tidyverse']/joint[@name='panda_joint2']/dynamics
Unknown attribute "mu_viscous" in /robot[@name='tidyverse']/joint[@name='panda_joint2']/dynamics
Unknown attribute "D" in /robot[@name='tidyverse']/joint[@name='panda_joint3']/dynamics
Unknown attribute "K" in /robot[@name='tidyverse']/joint[@name='panda_joint3']/dynamics
Unknown attribute "mu_coulomb" in /robot[@name='tidyverse']/joint[@name='panda_joint3']/dynamics
Unknown attribute "mu_viscous" in /robot[@name='tidyverse']/joint[@name='panda_joint3']/dynamics
Unknown attribute "D" in /robot[@name='tidyverse']/joint[@name='panda_joint4']/dynamics
Unknown attribute "K" in /robot[@name='tidyverse']/joint[@name='panda_joint4']/dynamics
Unknown attribute "mu_coulomb" in /robot[@name='tidyverse']/joint[@name='panda_joint4']/dynamics
Unknown attribute "mu_viscous" in /robot[@name='tidyverse']/joint[@name='panda_joint4']/dynamics
Unknown attribute "D" in /robot[@name='tidyverse']/joint[@name='panda_joint5']/dynamics
Unknown attribute "K" in /robot[@name='tidyverse']/joint[@name='panda_joint5']/dynamics
Unknown attribute "mu_coulomb" in /robot[@name='tidyverse']/joint[@name='panda_joint5']/dynamics
Unknown attribute "mu_viscous" in /robot[@name='tidyverse']/joint[@name='panda_joint5']/dynamics
Unknown attribute "D" in /robot[@name='tidyverse']/joint[@name='panda_joint6']/dynamics
Unknown attribute "K" in /robot[@name='tidyverse']/joint[@name='panda_joint6']/dynamics
Unknown attribute "mu_coulomb" in /robot[@name='tidyverse']/joint[@name='panda_joint6']/dynamics
Unknown attribute "mu_viscous" in /robot[@name='tidyverse']/joint[@name='panda_joint6']/dynamics
Unknown attribute "D" in /robot[@name='tidyverse']/joint[@name='panda_joint7']/dynamics
Unknown attribute "K" in /robot[@name='tidyverse']/joint[@name='panda_joint7']/dynamics
Unknown attribute "mu_coulomb" in /robot[@name='tidyverse']/joint[@name='panda_joint7']/dynamics
Unknown attribute "mu_viscous" in /robot[@name='tidyverse']/joint[@name='panda_joint7']/dynamics
[33;1m2026-09-28 00:28:20,004 - mani_skill  - WARNING - tidyverse is not in the task's list of supported robots. Code may not run as intended[0m
[franka-bridge] IK solver loaded from /home/truares/文档/maniskill-tidyverse/arm_franka_maniskill_service/franka_server/tidyverse_arm_only.urdf
[maniskill] Creating env: task=RoboCasa-Pn-P-Counter-To-Sink-v0, control_mode=whole_body, obs_mode=rgb+depth+segmentation, num_envs=1
Could not place objects. Trying again with new objects
Could not place objects. Trying again with new objects
[obj_inside_of] obj=obj obj_pos=[ 3.9280279 -1.8760474  1.0890545] fixture_pos=[ 4.09999816 -1.1997989   0.96125   ] fsize=[0.91666663 0.55       0.24749999] shifted_fpos=[ 4.09999816 -1.1497989   0.96125   ] lower=[ 3.84999816 -1.3497989   0.68750001] upper=[ 4.34999816 -0.9497989   1.23499999] inside=False
[obj_inside_of] obj=obj obj_pos=[ 0.5072005 -2.75566    1.0069567] fixture_pos=[ 0.29999284 -2.1999989   0.96125   ] fsize=[0.91666663 0.55       0.24749999] shifted_fpos=[ 0.29999284 -2.1499989   0.96125   ] lower=[ 0.04999284 -2.3499989   0.68750001] upper=[ 0.54999284 -1.9499989   1.23499999] inside=False
[maniskill] Env reset with seed=0 (reconfigure=True)
[maniskill] Simulation device: cpu
[viz-debug] all robot links:
  root: pos=(1.400,-2.200,0.000) q=(-0.000,0.000,0.000,1.000)
  base_x_link: pos=(1.400,-2.200,0.000) q=(-0.000,0.000,0.000,1.000)
  base_y_link: pos=(1.400,-2.200,0.000) q=(-0.000,0.000,0.000,1.000)
  base_link: pos=(1.400,-2.200,0.000) q=(-0.000,0.000,0.000,1.000)
  panda_link0: pos=(1.400,-2.200,0.472) q=(-0.000,0.000,0.000,1.000)
  panda_link1: pos=(1.400,-2.200,0.805) q=(-0.000,0.000,0.000,1.000)
  panda_link2: pos=(1.400,-2.200,0.805) q=(0.270,0.270,-0.653,0.653)
  panda_link3: pos=(1.623,-2.200,1.029) q=(-0.000,0.382,0.000,0.924)
  panda_link4: pos=(1.565,-2.200,1.087) q=(0.500,-0.500,0.500,0.500)
  panda_link5: pos=(1.181,-2.200,1.170) q=(-0.000,-0.707,-0.000,0.707)
  panda_link6: pos=(1.181,-2.200,1.170) q=(-0.120,0.120,0.697,0.697)
  panda_link7: pos=(1.098,-2.200,1.199) q=(-0.157,0.377,0.910,-0.065)
  panda_link8: pos=(1.062,-2.200,1.098) q=(-0.157,0.377,0.910,-0.065)
  robotiq_arg2f_base_link: pos=(1.062,-2.200,1.098) q=(-0.157,0.377,0.910,-0.065)
  eef: pos=(1.014,-2.200,0.962) q=(-0.157,0.377,0.910,-0.065)
  left_outer_knuckle: pos=(1.023,-2.222,1.054) q=(0.065,0.910,-0.377,-0.157)
  left_inner_knuckle: pos=(1.033,-2.209,1.043) q=(0.065,0.910,-0.377,-0.157)
  right_outer_knuckle: pos=(1.064,-2.178,1.039) q=(-0.157,0.377,0.910,-0.065)
  right_inner_knuckle: pos=(1.050,-2.191,1.037) q=(-0.157,0.377,0.910,-0.065)
  left_outer_finger: pos=(1.004,-2.244,1.065) q=(0.065,0.910,-0.377,-0.157)
  right_outer_finger: pos=(1.086,-2.156,1.036) q=(-0.157,0.377,0.910,-0.065)
  left_inner_finger: pos=(0.984,-2.248,1.022) q=(0.065,0.910,-0.377,-0.157)
  right_inner_finger: pos=(1.075,-2.152,0.990) q=(-0.157,0.377,0.910,-0.065)
  left_inner_finger_pad: pos=(0.988,-2.233,0.986) q=(0.065,0.910,-0.377,-0.157)
  right_inner_finger_pad: pos=(1.049,-2.167,0.965) q=(-0.157,0.377,0.910,-0.065)
[viz] cuRobo OBB visualization created (0.734m x 0.524m, red transparent)
[planner] base_link home: pos=[1.3999928, -2.1999948, 0.0] q=[-1.8366026e-06, 0.0, 0.0, 1.0]
[planner] Creating SapienPlanningWorld...

  Planning world contents (ACM mode=strict):
    Robot links (25): ['scene-0-tidyverse_root', 'scene-0-tidyverse_base_x_link', 'scene-0-tidyverse_base_y_link', 'scene-0-tidyverse_base_link', 'scene-0-tidyverse_panda_link0']...
    Articulations (24):
      [PENDING] scene-0_stack_3_left_group_3_0_141 (3 links)
      [PENDING] scene-0_stack_3_left_group_2_0_138 (3 links)
      [PENDING] scene-0_top_left_group_0_119 (4 links)
      [PENDING] scene-0_bottom_left_group_1_0_107 (3 links)
      [PENDING] scene-0_sink_left_group_0_98 (5 links)
      [ROBOT] scene-0_tidyverse_1
      [PENDING] scene-0_cab_1_left_group_0_89 (3 links)
      [PENDING] scene-0_stovetop_main_group_0_36 (8 links)
      [PENDING] scene-0_cab_2_left_group_0_93 (3 links)
      [PENDING] scene-0_stack_1_main_group_1_0_48 (3 links)
      [PENDING] scene-0_stack_2_left_group_1_0_128 (4 links)
      [PENDING] scene-0_stack_1_main_group_3_0_54 (3 links)
      [PENDING] scene-0_stack_1_main_group_4_0_57 (3 links)
      [PENDING] scene-0_stack_2_main_group_1_0_61 (4 links)
      [PENDING] scene-0_stack_3_left_group_1_0_134 (4 links)
      [PENDING] scene-0_stack_1_main_group_2_0_51 (3 links)
      [PENDING] scene-0_stack_3_main_group_1_0_67 (4 links)
      [PENDING] scene-0_cab_main_main_group_0_78 (4 links)
      [PENDING] scene-0_microwave_left_group_0_115 (3 links)
      [PENDING] scene-0_stack_3_main_group_2_0_71 (3 links)
      [PENDING] scene-0_fridge_cab_main_group_0_83 (4 links)
      [PENDING] scene-0_stack_1_left_group_0_123 (3 links)
      [PENDING] scene-0_bottom_left_group_2_0_110 (3 links)
      [PENDING] scene-0_stack_3_main_group_3_0_74 (3 links)
    Static objects (94 total):
      Targets (always checked): 0
      Collision-checked (near, <1.5m): 94
        - fixture_box_stool_3_stool_group  dist=-1.00m
        - fixture_box_stool_2_stool_group  dist=-1.00m
        - fixture_box_stool_1_stool_group  dist=-1.00m
        - fixture_box_knife_block_left_group  dist=-1.00m
        - fixture_box_paper_towel_left_group  dist=-1.00m
        - fixture_box_coffee_machine_left_group  dist=-1.00m
        - fixture_box_stack_3_left_group_3  dist=-1.00m
        - fixture_box_stack_3_left_group_2  dist=-1.00m
        - fixture_box_stack_3_left_group_1  dist=-1.00m
        - fixture_box_stack_3_left_group_base  dist=-1.00m
        - fixture_box_stack_2_left_group_2  dist=-1.00m
        - fixture_box_stack_2_left_group_1  dist=-1.00m
        - fixture_box_micro_housing_left_group  dist=-1.00m
        - fixture_box_microwave_left_group  dist=-1.00m
        - fixture_box_oven_left_group  dist=-1.00m
        - fixture_box_bottom_left_group_1  dist=-1.00m
        - fixture_box_bottom_left_group_base  dist=-1.00m
        - fixture_box_stack_2_left_group_base  dist=-1.00m
        - fixture_box_counter_corner_left_group  dist=-1.00m
        - fixture_box_sink_left_group  dist=-1.00m
        - fixture_box_cab_corner_4_left_group  dist=-1.00m
        - fixture_box_cab_corner_3_left_group  dist=-1.00m
        - fixture_box_cab_2_left_group  dist=-1.00m
        - fixture_box_window_group_left_group  dist=-1.00m
        - fixture_box_oven_housing_left_group  dist=-1.00m
        - fixture_box_utensil_holder_main_group  dist=-1.00m
        - fixture_box_toaster_main_group  dist=-1.00m
        - scene-0_dishwasher_left_group_0_126  dist=-1.00m
        - fixture_box_fridge_main_group  dist=-1.00m
        - scene-0_bottom_left_group_base_0_106  dist=-1.00m
        - fixture_box_stack_1_main_group_base  dist=-1.00m
        - fixture_box_cab_1_left_group  dist=-1.00m
        - scene-0_counter_corner_left_group_0_104  dist=-1.00m
        - scene-0_window_group_left_group_0_92  dist=-1.00m
        - fixture_box_counter_1_left_left_group  dist=-1.00m
        - scene-0_utensil_holder_main_group_0_88  dist=-1.00m
        - scene-0_shelves_main_group_0_82  dist=-1.00m
        - scene-0_cab_corner_4_left_group_0_97  dist=-1.00m
        - scene-0_stack_2_left_group_base_0_127  dist=-1.00m
        - fixture_box_stack_1_main_group_4  dist=-1.00m
        - scene-0_floor_room_0_32  dist=-1.00m
        - scene-0_island_left_group_0_105  dist=-1.00m
        - scene-0_stool_3_stool_group_0_150  dist=-1.00m
        - scene-0_distr_counter_0_152  dist=-1.00m
        - scene-0_stack_2_left_group_2_0_132  dist=-1.00m
        - fixture_box_dishwasher_left_group  dist=-1.00m
        - fixture_box_bottom_left_group_2  dist=-1.00m
        - scene-0_hood_main_group_0_77  dist=-1.00m
        - scene-0_wall_room_0_26  dist=-1.00m
        - fixture_box_plant_left_group  dist=-1.00m
        - fixture_box_stack_1_left_group  dist=-1.00m
        - scene-0_wall_left_room_0_27  dist=-1.00m
        - scene-0_counter_corner_main_main_group_0_34  dist=-1.00m
        - scene-0_distr_sink_0_153  dist=-1.00m
        - fixture_box_counter_1_right_main_group  dist=-1.00m
        - scene-0_counter_1_right_main_group_0_44  dist=-1.00m
        - fixture_box_stack_1_main_group_2  dist=-1.00m
        - scene-0_stack_2_main_group_2_0_65  dist=-1.00m
        - scene-0_toaster_main_group_0_87  dist=-1.00m
        - scene-0_stack_1_main_group_base_0_47  dist=-1.00m
        - scene-0_oven_left_group_0_113  dist=-1.00m
        - scene-0_coffee_machine_left_group_0_144  dist=-1.00m
        - scene-0_cab_corner_3_left_group_0_96  dist=-1.00m
        - fixture_box_fridge_cab_main_group  dist=-1.00m
        - scene-0_stack_2_main_group_base_0_60  dist=-1.00m
        - scene-0_obj_0_151  dist=-1.00m
        - fixture_box_hood_main_group  dist=-1.00m
        - scene-0_stack_3_left_group_base_0_133  dist=-1.00m
        - scene-0_paper_towel_left_group_0_145  dist=-1.00m
        - scene-0_knife_block_left_group_0_146  dist=-1.00m
        - scene-0_stool_2_stool_group_0_149  dist=-1.00m
        - fixture_box_stack_2_main_group_1  dist=-1.00m
        - scene-0_plant_left_group_0_147  dist=-1.00m
        - scene-0_counter_main_main_group_0_35  dist=-1.00m
        - scene-0_stool_1_stool_group_0_148  dist=-1.00m
        - fixture_box_top_left_group  dist=-1.00m
        - fixture_box_counter_corner_main_main_group  dist=-1.00m
        - fixture_box_island_left_group  dist=-1.00m
        - scene-0_counter_1_left_left_group_0_103  dist=-1.00m
        - fixture_box_counter_main_main_group  dist=-1.00m
        - fixture_box_stovetop_main_group  dist=-1.00m
        - fixture_box_stack_2_main_group_2  dist=-1.00m
        - fixture_box_stack_1_main_group_3  dist=-1.00m
        - fixture_box_stack_2_main_group_base  dist=-1.00m
        - scene-0_fridge_main_group_0_45  dist=-1.00m
        - fixture_box_fridge_housing_main_group  dist=-1.00m
        - fixture_box_stack_3_main_group_base  dist=-1.00m
        - fixture_box_stack_3_main_group_2  dist=-1.00m
        - fixture_box_stack_1_main_group_1  dist=-1.00m
        - fixture_box_stack_3_main_group_1  dist=-1.00m
        - fixture_box_stack_3_main_group_3  dist=-1.00m
        - fixture_box_cab_main_main_group  dist=-1.00m
        - scene-0_stack_3_main_group_base_0_66  dist=-1.00m
        - fixture_box_shelves_main_group  dist=-1.00m
      ACM-relaxed (far): 0

  No initial collisions.
[planner] Added 57 fixture boxes (cached 57 cuboids for cuRobo)
[planner] mplib ready
[curobo] Using in-process planner (set CUROBO_SERVICE_URL to switch)
[curobo] Loading franka_mobile config...
Warp DeprecationWarning: The symbol `warp.torch.device_from_torch` will soon be removed from the public API. Use `warp.device_from_torch` instead.
[curobo] Warming up CUDA kernels...
[curobo] Loading arm-only config (base joints locked)...
[curobo] Ready (14.9s, whole_body + arm_only)
[curobo] Updated collision world: 54 cuboids (skipped 0 overlap, 3 far)
[curobo] Loaded 57 cuboids (transformed world→local)
[curobo] Collision world for target: 54 cuboids (excl 0 at target, 0 overlap, 3 far)
[curobo] Plan OK (2.56s, whole_body): 31 waypoints
[planner] dummy plan JIT warmup done (2.6s)
[maniskill] Environment ready (1 env(s))
[franka-bridge] State PUB on 6356, CMD REP on 6355, Stream SUB on 6357
[gripper-bridge] State PUB on 6371, CMD REP on 6370
[base-bridge] Using world-frame poses (no local conversion)
[maniskill] Started 3 bridge(s)
[base-bridge] RPC server listening on port 50800 (env 0)
[maniskill] HTTP API on port 6300 (env 0: /task/success, /task/info, /plan, /perceive, /reset)
[maniskill] Entering physics loop (1 env(s), Ctrl+C to stop)
[obj_inside_of] obj=obj obj_pos=[ 0.5072005 -2.75566    0.9922421] fixture_pos=[ 0.29999284 -2.1999989   0.96125   ] fsize=[0.91666663 0.55       0.24749999] shifted_fpos=[ 0.29999284 -2.1499989   0.96125   ] lower=[ 0.04999284 -2.3499989   0.68750001] upper=[ 0.54999284 -1.9499989   1.23499999] inside=False
[viz-debug] base_link.pose=(1.400,-2.200) q=(-0.000,-0.000,0.000,1.000) qpos[0:3]=(0.000,0.000,0.000)
[obj_inside_of] obj=obj obj_pos=[ 0.507529  -2.7553966  0.9647855] fixture_pos=[ 0.29999284 -2.1999989   0.96125   ] fsize=[0.91666663 0.55       0.24749999] shifted_fpos=[ 0.29999284 -2.1499989   0.96125   ] lower=[ 0.04999284 -2.3499989   0.68750001] upper=[ 0.54999284 -1.9499989   1.23499999] inside=False
[obj_inside_of] obj=obj obj_pos=[ 0.5072301 -2.7556841  0.9647163] fixture_pos=[ 0.29999284 -2.1999989   0.96125   ] fsize=[0.91666663 0.55       0.24749999] shifted_fpos=[ 0.29999284 -2.1499989   0.96125   ] lower=[ 0.04999284 -2.3499989   0.68750001] upper=[ 0.54999284 -1.9499989   1.23499999] inside=False
[obj_inside_of] obj=obj obj_pos=[ 0.5073308 -2.755629   0.9647054] fixture_pos=[ 0.29999284 -2.1999989   0.96125   ] fsize=[0.91666663 0.55       0.24749999] shifted_fpos=[ 0.29999284 -2.1499989   0.96125   ] lower=[ 0.04999284 -2.3499989   0.68750001] upper=[ 0.54999284 -1.9499989   1.23499999] inside=False
[obj_inside_of] obj=obj obj_pos=[ 0.5073328 -2.7556305  0.9647035] fixture_pos=[ 0.29999284 -2.1999989   0.96125   ] fsize=[0.91666663 0.55       0.24749999] shifted_fpos=[ 0.29999284 -2.1499989   0.96125   ] lower=[ 0.04999284 -2.3499989   0.68750001] upper=[ 0.54999284 -1.9499989   1.23499999] inside=False
[obj_inside_of] obj=obj obj_pos=[ 0.50733274 -2.7556305   0.96470356] fixture_pos=[ 0.29999284 -2.1999989   0.96125   ] fsize=[0.91666663 0.55       0.24749999] shifted_fpos=[ 0.29999284 -2.1499989   0.96125   ] lower=[ 0.04999284 -2.3499989   0.68750001] upper=[ 0.54999284 -1.9499989   1.23499999] inside=False
[obj_inside_of] obj=obj obj_pos=[ 0.5073327  -2.7556307   0.96470356] fixture_pos=[ 0.29999284 -2.1999989   0.96125   ] fsize=[0.91666663 0.55       0.24749999] shifted_fpos=[ 0.29999284 -2.1499989   0.96125   ] lower=[ 0.04999284 -2.3499989   0.68750001] upper=[ 0.54999284 -1.9499989   1.23499999] inside=False
[obj_inside_of] obj=obj obj_pos=[ 0.50733286 -2.7556305   0.96470356] fixture_pos=[ 0.29999284 -2.1999989   0.96125   ] fsize=[0.91666663 0.55       0.24749999] shifted_fpos=[ 0.29999284 -2.1499989   0.96125   ] lower=[ 0.04999284 -2.3499989   0.68750001] upper=[ 0.54999284 -1.9499989   1.23499999] inside=False
[obj_inside_of] obj=obj obj_pos=[ 0.50733256 -2.7556307   0.9647036 ] fixture_pos=[ 0.29999284 -2.1999989   0.96125   ] fsize=[0.91666663 0.55       0.24749999] shifted_fpos=[ 0.29999284 -2.1499989   0.96125   ] lower=[ 0.04999284 -2.3499989   0.68750001] upper=[ 0.54999284 -1.9499989   1.23499999] inside=False
[obj_inside_of] obj=obj obj_pos=[ 0.50733256 -2.7556307   0.9647036 ] fixture_pos=[ 0.29999284 -2.1999989   0.96125   ] fsize=[0.91666663 0.55       0.24749999] shifted_fpos=[ 0.29999284 -2.1499989   0.96125   ] lower=[ 0.04999284 -2.3499989   0.68750001] upper=[ 0.54999284 -1.9499989   1.23499999] inside=False
[obj_inside_of] obj=obj obj_pos=[ 0.50733256 -2.7556307   0.9647036 ] fixture_pos=[ 0.29999284 -2.1999989   0.96125   ] fsize=[0.91666663 0.55       0.24749999] shifted_fpos=[ 0.29999284 -2.1499989   0.96125   ] lower=[ 0.04999284 -2.3499989   0.68750001] upper=[ 0.54999284 -1.9499989   1.23499999] inside=False
[obj_inside_of] obj=obj obj_pos=[ 0.50733256 -2.7556307   0.9647036 ] fixture_pos=[ 0.29999284 -2.1999989   0.96125   ] fsize=[0.91666663 0.55       0.24749999] shifted_fpos=[ 0.29999284 -2.1499989   0.96125   ] lower=[ 0.04999284 -2.3499989   0.68750001] upper=[ 0.54999284 -1.9499989   1.23499999] inside=False
[obj_inside_of] obj=obj obj_pos=[ 0.50733256 -2.7556307   0.9647036 ] fixture_pos=[ 0.29999284 -2.1999989   0.96125   ] fsize=[0.91666663 0.55       0.24749999] shifted_fpos=[ 0.29999284 -2.1499989   0.96125   ] lower=[ 0.04999284 -2.3499989   0.68750001] upper=[ 0.54999284 -1.9499989   1.23499999] inside=False
[obj_inside_of] obj=obj obj_pos=[ 0.50733256 -2.7556307   0.9647036 ] fixture_pos=[ 0.29999284 -2.1999989   0.96125   ] fsize=[0.91666663 0.55       0.24749999] shifted_fpos=[ 0.29999284 -2.1499989   0.96125   ] lower=[ 0.04999284 -2.3499989   0.68750001] upper=[ 0.54999284 -1.9499989   1.23499999] inside=False
[obj_inside_of] obj=obj obj_pos=[ 0.50733256 -2.7556307   0.9647036 ] fixture_pos=[ 0.29999284 -2.1999989   0.96125   ] fsize=[0.91666663 0.55       0.24749999] shifted_fpos=[ 0.29999284 -2.1499989   0.96125   ] lower=[ 0.04999284 -2.3499989   0.68750001] upper=[ 0.54999284 -1.9499989   1.23499999] inside=False
[obj_inside_of] obj=obj obj_pos=[ 0.50733256 -2.7556307   0.9647036 ] fixture_pos=[ 0.29999284 -2.1999989   0.96125   ] fsize=[0.91666663 0.55       0.24749999] shifted_fpos=[ 0.29999284 -2.1499989   0.96125   ] lower=[ 0.04999284 -2.3499989   0.68750001] upper=[ 0.54999284 -1.9499989   1.23499999] inside=False
[obj_inside_of] obj=obj obj_pos=[ 0.50733256 -2.7556307   0.9647036 ] fixture_pos=[ 0.29999284 -2.1999989   0.96125   ] fsize=[0.91666663 0.55       0.24749999] shifted_fpos=[ 0.29999284 -2.1499989   0.96125   ] lower=[ 0.04999284 -2.3499989   0.68750001] upper=[ 0.54999284 -1.9499989   1.23499999] inside=False
[obj_inside_of] obj=obj obj_pos=[ 0.50733256 -2.7556307   0.9647036 ] fixture_pos=[ 0.29999284 -2.1999989   0.96125   ] fsize=[0.91666663 0.55       0.24749999] shifted_fpos=[ 0.29999284 -2.1499989   0.96125   ] lower=[ 0.04999284 -2.3499989   0.68750001] upper=[ 0.54999284 -1.9499989   1.23499999] inside=False
[obj_inside_of] obj=obj obj_pos=[ 2.248244   -0.35239986  0.97261876] fixture_pos=[ 1.69       -0.30085139  0.97534056] fsize=[0.85139319 0.55       0.21540247] shifted_fpos=[ 1.69       -0.25085139  0.97534056] lower=[ 1.44       -0.45085139  0.71763932] upper=[ 1.94       -0.05085139  1.23304179] inside=False
[obj_inside_of] obj=obj obj_pos=[ 2.248244   -0.35239986  0.95790416] fixture_pos=[ 1.69       -0.30085139  0.97534056] fsize=[0.85139319 0.55       0.21540247] shifted_fpos=[ 1.69       -0.25085139  0.97534056] lower=[ 1.44       -0.45085139  0.71763932] upper=[ 1.94       -0.05085139  1.23304179] inside=False
[obj_inside_of] obj=obj obj_pos=[ 2.248864   -0.35095128  0.9395658 ] fixture_pos=[ 1.69       -0.30085139  0.97534056] fsize=[0.85139319 0.55       0.21540247] shifted_fpos=[ 1.69       -0.25085139  0.97534056] lower=[ 1.44       -0.45085139  0.71763932] upper=[ 1.94       -0.05085139  1.23304179] inside=False
[obj_inside_of] obj=obj obj_pos=[ 2.248864   -0.35095128  0.9395658 ] fixture_pos=[ 1.69       -0.30085139  0.97534056] fsize=[0.85139319 0.55       0.21540247] shifted_fpos=[ 1.69       -0.25085139  0.97534056] lower=[ 1.44       -0.45085139  0.71763932] upper=[ 1.94       -0.05085139  1.23304179] inside=False
[obj_inside_of] obj=obj obj_pos=[ 2.2499611  -0.34842214  0.9397015 ] fixture_pos=[ 1.69       -0.30085139  0.97534056] fsize=[0.85139319 0.55       0.21540247] shifted_fpos=[ 1.69       -0.25085139  0.97534056] lower=[ 1.44       -0.45085139  0.71763932] upper=[ 1.94       -0.05085139  1.23304179] inside=False
[obj_inside_of] obj=obj obj_pos=[ 2.2504885  -0.34713355  0.9397365 ] fixture_pos=[ 1.69       -0.30085139  0.97534056] fsize=[0.85139319 0.55       0.21540247] shifted_fpos=[ 1.69       -0.25085139  0.97534056] lower=[ 1.44       -0.45085139  0.71763932] upper=[ 1.94       -0.05085139  1.23304179] inside=False
[perceive] 20 objects from ['base_camera', 'wrist_camera']: ['floor_room_0', 'hingeleftdoor', 'hingerightdoor', 'stack_2_main_group_2_0', 'inner_box', 'eggplant', 'object', 'dishwasher_main_group_0', 'counter_main_main_group_0', 'rolling_pin']...
[obj_inside_of] obj=obj obj_pos=[ 2.2507777  -0.34639803  0.93975925] fixture_pos=[ 1.69       -0.30085139  0.97534056] fsize=[0.85139319 0.55       0.21540247] shifted_fpos=[ 1.69       -0.25085139  0.97534056] lower=[ 1.44       -0.45085139  0.71763932] upper=[ 1.94       -0.05085139  1.23304179] inside=False
[obj_inside_of] obj=obj obj_pos=[ 2.2509892 -0.3458614  0.9397592] fixture_pos=[ 1.69       -0.30085139  0.97534056] fsize=[0.85139319 0.55       0.21540247] shifted_fpos=[ 1.69       -0.25085139  0.97534056] lower=[ 1.44       -0.45085139  0.71763932] upper=[ 1.94       -0.05085139  1.23304179] inside=False
[obj_inside_of] obj=obj obj_pos=[ 2.2513201 -0.3450211  0.9397152] fixture_pos=[ 1.69       -0.30085139  0.97534056] fsize=[0.85139319 0.55       0.21540247] shifted_fpos=[ 1.69       -0.25085139  0.97534056] lower=[ 1.44       -0.45085139  0.71763932] upper=[ 1.94       -0.05085139  1.23304179] inside=False
[obj_inside_of] obj=obj obj_pos=[ 2.252076   -0.34310746  0.9394813 ] fixture_pos=[ 1.69       -0.30085139  0.97534056] fsize=[0.85139319 0.55       0.21540247] shifted_fpos=[ 1.69       -0.25085139  0.97534056] lower=[ 1.44       -0.45085139  0.71763932] upper=[ 1.94       -0.05085139  1.23304179] inside=False
[obj_inside_of] obj=obj obj_pos=[ 2.253101   -0.34026015  0.9393005 ] fixture_pos=[ 1.69       -0.30085139  0.97534056] fsize=[0.85139319 0.55       0.21540247] shifted_fpos=[ 1.69       -0.25085139  0.97534056] lower=[ 1.44       -0.45085139  0.71763932] upper=[ 1.94       -0.05085139  1.23304179] inside=False
[perceive] 19 objects from ['base_camera', 'wrist_camera']: ['floor_room_0', 'hingeleftdoor', 'hingerightdoor', 'stack_2_main_group_2_0', 'inner_box', 'object', 'dishwasher_main_group_0', 'counter_main_main_group_0', 'rolling_pin', 'counter_1_left_group_0']...
[obj_inside_of] obj=obj obj_pos=[ 2.253222   -0.33994737  0.9393544 ] fixture_pos=[ 1.69       -0.30085139  0.97534056] fsize=[0.85139319 0.55       0.21540247] shifted_fpos=[ 1.69       -0.25085139  0.97534056] lower=[ 1.44       -0.45085139  0.71763932] upper=[ 1.94       -0.05085139  1.23304179] inside=False
[obj_inside_of] obj=obj obj_pos=[ 2.2526622  -0.34152174  0.93920565] fixture_pos=[ 1.69       -0.30085139  0.97534056] fsize=[0.85139319 0.55       0.21540247] shifted_fpos=[ 1.69       -0.25085139  0.97534056] lower=[ 1.44       -0.45085139  0.71763932] upper=[ 1.94       -0.05085139  1.23304179] inside=False
[obj_inside_of] obj=obj obj_pos=[ 2.2525826  -0.34178105  0.93919694] fixture_pos=[ 1.69       -0.30085139  0.97534056] fsize=[0.85139319 0.55       0.21540247] shifted_fpos=[ 1.69       -0.25085139  0.97534056] lower=[ 1.44       -0.45085139  0.71763932] upper=[ 1.94       -0.05085139  1.23304179] inside=False
[obj_inside_of] obj=obj obj_pos=[ 2.2528043  -0.3410721   0.93919367] fixture_pos=[ 1.69       -0.30085139  0.97534056] fsize=[0.85139319 0.55       0.21540247] shifted_fpos=[ 1.69       -0.25085139  0.97534056] lower=[ 1.44       -0.45085139  0.71763932] upper=[ 1.94       -0.05085139  1.23304179] inside=False
[obj_inside_of] obj=obj obj_pos=[ 2.252873   -0.34085208  0.939186  ] fixture_pos=[ 1.69       -0.30085139  0.97534056] fsize=[0.85139319 0.55       0.21540247] shifted_fpos=[ 1.69       -0.25085139  0.97534056] lower=[ 1.44       -0.45085139  0.71763932] upper=[ 1.94       -0.05085139  1.23304179] inside=False
[obj_inside_of] obj=obj obj_pos=[ 2.2528837  -0.34081194  0.93918735] fixture_pos=[ 1.69       -0.30085139  0.97534056] fsize=[0.85139319 0.55       0.21540247] shifted_fpos=[ 1.69       -0.25085139  0.97534056] lower=[ 1.44       -0.45085139  0.71763932] upper=[ 1.94       -0.05085139  1.23304179] inside=False
[obj_inside_of] obj=obj obj_pos=[ 2.2528787  -0.3408375   0.93918467] fixture_pos=[ 1.69       -0.30085139  0.97534056] fsize=[0.85139319 0.55       0.21540247] shifted_fpos=[ 1.69       -0.25085139  0.97534056] lower=[ 1.44       -0.45085139  0.71763932] upper=[ 1.94       -0.05085139  1.23304179] inside=False
[obj_inside_of] obj=obj obj_pos=[ 2.2528849 -0.3408102  0.9391855] fixture_pos=[ 1.69       -0.30085139  0.97534056] fsize=[0.85139319 0.55       0.21540247] shifted_fpos=[ 1.69       -0.25085139  0.97534056] lower=[ 1.44       -0.45085139  0.71763932] upper=[ 1.94       -0.05085139  1.23304179] inside=False
[obj_inside_of] obj=obj obj_pos=[ 2.2528787  -0.34083748  0.9391863 ] fixture_pos=[ 1.69       -0.30085139  0.97534056] fsize=[0.85139319 0.55       0.21540247] shifted_fpos=[ 1.69       -0.25085139  0.97534056] lower=[ 1.44       -0.45085139  0.71763932] upper=[ 1.94       -0.05085139  1.23304179] inside=False
[obj_inside_of] obj=obj obj_pos=[ 2.2528841  -0.34081012  0.93918794] fixture_pos=[ 1.69       -0.30085139  0.97534056] fsize=[0.85139319 0.55       0.21540247] shifted_fpos=[ 1.69       -0.25085139  0.97534056] lower=[ 1.44       -0.45085139  0.71763932] upper=[ 1.94       -0.05085139  1.23304179] inside=False
[obj_inside_of] obj=obj obj_pos=[ 2.2528782  -0.34083754  0.9391848 ] fixture_pos=[ 1.69       -0.30085139  0.97534056] fsize=[0.85139319 0.55       0.21540247] shifted_fpos=[ 1.69       -0.25085139  0.97534056] lower=[ 1.44       -0.45085139  0.71763932] upper=[ 1.94       -0.05085139  1.23304179] inside=False
[obj_inside_of] obj=obj obj_pos=[ 2.2528849  -0.34081003  0.93918556] fixture_pos=[ 1.69       -0.30085139  0.97534056] fsize=[0.85139319 0.55       0.21540247] shifted_fpos=[ 1.69       -0.25085139  0.97534056] lower=[ 1.44       -0.45085139  0.71763932] upper=[ 1.94       -0.05085139  1.23304179] inside=False
[obj_inside_of] obj=obj obj_pos=[ 2.2528784  -0.34083754  0.93918633] fixture_pos=[ 1.69       -0.30085139  0.97534056] fsize=[0.85139319 0.55       0.21540247] shifted_fpos=[ 1.69       -0.25085139  0.97534056] lower=[ 1.44       -0.45085139  0.71763932] upper=[ 1.94       -0.05085139  1.23304179] inside=False
[obj_inside_of] obj=obj obj_pos=[ 2.252884   -0.34081003  0.93918794] fixture_pos=[ 1.69       -0.30085139  0.97534056] fsize=[0.85139319 0.55       0.21540247] shifted_fpos=[ 1.69       -0.25085139  0.97534056] lower=[ 1.44       -0.45085139  0.71763932] upper=[ 1.94       -0.05085139  1.23304179] inside=False
[obj_inside_of] obj=obj obj_pos=[ 2.2528841 -0.3408101  0.939188 ] fixture_pos=[ 1.69       -0.30085139  0.97534056] fsize=[0.85139319 0.55       0.21540247] shifted_fpos=[ 1.69       -0.25085139  0.97534056] lower=[ 1.44       -0.45085139  0.71763932] upper=[ 1.94       -0.05085139  1.23304179] inside=False
[obj_inside_of] obj=obj obj_pos=[ 2.2528841 -0.3408101  0.939188 ] fixture_pos=[ 1.69       -0.30085139  0.97534056] fsize=[0.85139319 0.55       0.21540247] shifted_fpos=[ 1.69       -0.25085139  0.97534056] lower=[ 1.44       -0.45085139  0.71763932] upper=[ 1.94       -0.05085139  1.23304179] inside=False
[obj_inside_of] obj=obj obj_pos=[ 2.2528841 -0.3408101  0.939188 ] fixture_pos=[ 1.69       -0.30085139  0.97534056] fsize=[0.85139319 0.55       0.21540247] shifted_fpos=[ 1.69       -0.25085139  0.97534056] lower=[ 1.44       -0.45085139  0.71763932] upper=[ 1.94       -0.05085139  1.23304179] inside=False
[obj_inside_of] obj=obj obj_pos=[ 2.2528841 -0.3408101  0.939188 ] fixture_pos=[ 1.69       -0.30085139  0.97534056] fsize=[0.85139319 0.55       0.21540247] shifted_fpos=[ 1.69       -0.25085139  0.97534056] lower=[ 1.44       -0.45085139  0.71763932] upper=[ 1.94       -0.05085139  1.23304179] inside=False
[obj_inside_of] obj=obj obj_pos=[ 2.2528841 -0.3408101  0.939188 ] fixture_pos=[ 1.69       -0.30085139  0.97534056] fsize=[0.85139319 0.55       0.21540247] shifted_fpos=[ 1.69       -0.25085139  0.97534056] lower=[ 1.44       -0.45085139  0.71763932] upper=[ 1.94       -0.05085139  1.23304179] inside=False
[obj_inside_of] obj=obj obj_pos=[ 2.2528841 -0.3408101  0.939188 ] fixture_pos=[ 1.69       -0.30085139  0.97534056] fsize=[0.85139319 0.55       0.21540247] shifted_fpos=[ 1.69       -0.25085139  0.97534056] lower=[ 1.44       -0.45085139  0.71763932] upper=[ 1.94       -0.05085139  1.23304179] inside=False
[obj_inside_of] obj=obj obj_pos=[ 2.2528841 -0.3408101  0.939188 ] fixture_pos=[ 1.69       -0.30085139  0.97534056] fsize=[0.85139319 0.55       0.21540247] shifted_fpos=[ 1.69       -0.25085139  0.97534056] lower=[ 1.44       -0.45085139  0.71763932] upper=[ 1.94       -0.05085139  1.23304179] inside=False
[obj_inside_of] obj=obj obj_pos=[ 2.2528841 -0.3408101  0.939188 ] fixture_pos=[ 1.69       -0.30085139  0.97534056] fsize=[0.85139319 0.55       0.21540247] shifted_fpos=[ 1.69       -0.25085139  0.97534056] lower=[ 1.44       -0.45085139  0.71763932] upper=[ 1.94       -0.05085139  1.23304179] inside=False
[obj_inside_of] obj=obj obj_pos=[ 2.2528841 -0.3408101  0.939188 ] fixture_pos=[ 1.69       -0.30085139  0.97534056] fsize=[0.85139319 0.55       0.21540247] shifted_fpos=[ 1.69       -0.25085139  0.97534056] lower=[ 1.44       -0.45085139  0.71763932] upper=[ 1.94       -0.05085139  1.23304179] inside=False
[obj_inside_of] obj=obj obj_pos=[ 2.2528841 -0.3408101  0.939188 ] fixture_pos=[ 1.69       -0.30085139  0.97534056] fsize=[0.85139319 0.55       0.21540247] shifted_fpos=[ 1.69       -0.25085139  0.97534056] lower=[ 1.44       -0.45085139  0.71763932] upper=[ 1.94       -0.05085139  1.23304179] inside=False
[obj_inside_of] obj=obj obj_pos=[ 2.2528841 -0.3408101  0.939188 ] fixture_pos=[ 1.69       -0.30085139  0.97534056] fsize=[0.85139319 0.55       0.21540247] shifted_fpos=[ 1.69       -0.25085139  0.97534056] lower=[ 1.44       -0.45085139  0.71763932] upper=[ 1.94       -0.05085139  1.23304179] inside=False
[obj_inside_of] obj=obj obj_pos=[ 2.2528841 -0.3408101  0.939188 ] fixture_pos=[ 1.69       -0.30085139  0.97534056] fsize=[0.85139319 0.55       0.21540247] shifted_fpos=[ 1.69       -0.25085139  0.97534056] lower=[ 1.44       -0.45085139  0.71763932] upper=[ 1.94       -0.05085139  1.23304179] inside=False
[obj_inside_of] obj=obj obj_pos=[ 2.2528841 -0.3408101  0.939188 ] fixture_pos=[ 1.69       -0.30085139  0.97534056] fsize=[0.85139319 0.55       0.21540247] shifted_fpos=[ 1.69       -0.25085139  0.97534056] lower=[ 1.44       -0.45085139  0.71763932] upper=[ 1.94       -0.05085139  1.23304179] inside=False
[obj_inside_of] obj=obj obj_pos=[ 2.2528841 -0.3408101  0.939188 ] fixture_pos=[ 1.69       -0.30085139  0.97534056] fsize=[0.85139319 0.55       0.21540247] shifted_fpos=[ 1.69       -0.25085139  0.97534056] lower=[ 1.44       -0.45085139  0.71763932] upper=[ 1.94       -0.05085139  1.23304179] inside=False
[obj_inside_of] obj=obj obj_pos=[ 2.2528841 -0.3408101  0.939188 ] fixture_pos=[ 1.69       -0.30085139  0.97534056] fsize=[0.85139319 0.55       0.21540247] shifted_fpos=[ 1.69       -0.25085139  0.97534056] lower=[ 1.44       -0.45085139  0.71763932] upper=[ 1.94       -0.05085139  1.23304179] inside=False
[obj_inside_of] obj=obj obj_pos=[ 2.2528841 -0.3408101  0.939188 ] fixture_pos=[ 1.69       -0.30085139  0.97534056] fsize=[0.85139319 0.55       0.21540247] shifted_fpos=[ 1.69       -0.25085139  0.97534056] lower=[ 1.44       -0.45085139  0.71763932] upper=[ 1.94       -0.05085139  1.23304179] inside=False
[obj_inside_of] obj=obj obj_pos=[ 2.2528841 -0.3408101  0.939188 ] fixture_pos=[ 1.69       -0.30085139  0.97534056] fsize=[0.85139319 0.55       0.21540247] shifted_fpos=[ 1.69       -0.25085139  0.97534056] lower=[ 1.44       -0.45085139  0.71763932] upper=[ 1.94       -0.05085139  1.23304179] inside=False
[obj_inside_of] obj=obj obj_pos=[ 2.2528841 -0.3408101  0.939188 ] fixture_pos=[ 1.69       -0.30085139  0.97534056] fsize=[0.85139319 0.55       0.21540247] shifted_fpos=[ 1.69       -0.25085139  0.97534056] lower=[ 1.44       -0.45085139  0.71763932] upper=[ 1.94       -0.05085139  1.23304179] inside=False
[obj_inside_of] obj=obj obj_pos=[ 2.2528841 -0.3408101  0.939188 ] fixture_pos=[ 1.69       -0.30085139  0.97534056] fsize=[0.85139319 0.55       0.21540247] shifted_fpos=[ 1.69       -0.25085139  0.97534056] lower=[ 1.44       -0.45085139  0.71763932] upper=[ 1.94       -0.05085139  1.23304179] inside=False
[obj_inside_of] obj=obj obj_pos=[ 2.2528841 -0.3408101  0.939188 ] fixture_pos=[ 1.69       -0.30085139  0.97534056] fsize=[0.85139319 0.55       0.21540247] shifted_fpos=[ 1.69       -0.25085139  0.97534056] lower=[ 1.44       -0.45085139  0.71763932] upper=[ 1.94       -0.05085139  1.23304179] inside=False
[obj_inside_of] obj=obj obj_pos=[ 2.2528841 -0.3408101  0.939188 ] fixture_pos=[ 1.69       -0.30085139  0.97534056] fsize=[0.85139319 0.55       0.21540247] shifted_fpos=[ 1.69       -0.25085139  0.97534056] lower=[ 1.44       -0.45085139  0.71763932] upper=[ 1.94       -0.05085139  1.23304179] inside=False
[obj_inside_of] obj=obj obj_pos=[ 2.2528841 -0.3408101  0.939188 ] fixture_pos=[ 1.69       -0.30085139  0.97534056] fsize=[0.85139319 0.55       0.21540247] shifted_fpos=[ 1.69       -0.25085139  0.97534056] lower=[ 1.44       -0.45085139  0.71763932] upper=[ 1.94       -0.05085139  1.23304179] inside=False
[obj_inside_of] obj=obj obj_pos=[ 2.2528841 -0.3408101  0.939188 ] fixture_pos=[ 1.69       -0.30085139  0.97534056] fsize=[0.85139319 0.55       0.21540247] shifted_fpos=[ 1.69       -0.25085139  0.97534056] lower=[ 1.44       -0.45085139  0.71763932] upper=[ 1.94       -0.05085139  1.23304179] inside=False
[obj_inside_of] obj=obj obj_pos=[ 2.2528841 -0.3408101  0.939188 ] fixture_pos=[ 1.69       -0.30085139  0.97534056] fsize=[0.85139319 0.55       0.21540247] shifted_fpos=[ 1.69       -0.25085139  0.97534056] lower=[ 1.44       -0.45085139  0.71763932] upper=[ 1.94       -0.05085139  1.23304179] inside=False
[obj_inside_of] obj=obj obj_pos=[ 2.2528841 -0.3408101  0.939188 ] fixture_pos=[ 1.69       -0.30085139  0.97534056] fsize=[0.85139319 0.55       0.21540247] shifted_fpos=[ 1.69       -0.25085139  0.97534056] lower=[ 1.44       -0.45085139  0.71763932] upper=[ 1.94       -0.05085139  1.23304179] inside=False
[obj_inside_of] obj=obj obj_pos=[ 2.2528841 -0.3408101  0.939188 ] fixture_pos=[ 1.69       -0.30085139  0.97534056] fsize=[0.85139319 0.55       0.21540247] shifted_fpos=[ 1.69       -0.25085139  0.97534056] lower=[ 1.44       -0.45085139  0.71763932] upper=[ 1.94       -0.05085139  1.23304179] inside=False
[obj_inside_of] obj=obj obj_pos=[ 2.2528841 -0.3408101  0.939188 ] fixture_pos=[ 1.69       -0.30085139  0.97534056] fsize=[0.85139319 0.55       0.21540247] shifted_fpos=[ 1.69       -0.25085139  0.97534056] lower=[ 1.44       -0.45085139  0.71763932] upper=[ 1.94       -0.05085139  1.23304179] inside=False
[obj_inside_of] obj=obj obj_pos=[ 2.2528841 -0.3408101  0.939188 ] fixture_pos=[ 1.69       -0.30085139  0.97534056] fsize=[0.85139319 0.55       0.21540247] shifted_fpos=[ 1.69       -0.25085139  0.97534056] lower=[ 1.44       -0.45085139  0.71763932] upper=[ 1.94       -0.05085139  1.23304179] inside=False
[obj_inside_of] obj=obj obj_pos=[ 2.2528841 -0.3408101  0.939188 ] fixture_pos=[ 1.69       -0.30085139  0.97534056] fsize=[0.85139319 0.55       0.21540247] shifted_fpos=[ 1.69       -0.25085139  0.97534056] lower=[ 1.44       -0.45085139  0.71763932] upper=[ 1.94       -0.05085139  1.23304179] inside=False
[obj_inside_of] obj=obj obj_pos=[ 2.2528841 -0.3408101  0.939188 ] fixture_pos=[ 1.69       -0.30085139  0.97534056] fsize=[0.85139319 0.55       0.21540247] shifted_fpos=[ 1.69       -0.25085139  0.97534056] lower=[ 1.44       -0.45085139  0.71763932] upper=[ 1.94       -0.05085139  1.23304179] inside=False
[obj_inside_of] obj=obj obj_pos=[ 2.2528841 -0.3408101  0.939188 ] fixture_pos=[ 1.69       -0.30085139  0.97534056] fsize=[0.85139319 0.55       0.21540247] shifted_fpos=[ 1.69       -0.25085139  0.97534056] lower=[ 1.44       -0.45085139  0.71763932] upper=[ 1.94       -0.05085139  1.23304179] inside=False
[obj_inside_of] obj=obj obj_pos=[ 2.2528841 -0.3408101  0.939188 ] fixture_pos=[ 1.69       -0.30085139  0.97534056] fsize=[0.85139319 0.55       0.21540247] shifted_fpos=[ 1.69       -0.25085139  0.97534056] lower=[ 1.44       -0.45085139  0.71763932] upper=[ 1.94       -0.05085139  1.23304179] inside=False
[obj_inside_of] obj=obj obj_pos=[ 2.2528841 -0.3408101  0.939188 ] fixture_pos=[ 1.69       -0.30085139  0.97534056] fsize=[0.85139319 0.55       0.21540247] shifted_fpos=[ 1.69       -0.25085139  0.97534056] lower=[ 1.44       -0.45085139  0.71763932] upper=[ 1.94       -0.05085139  1.23304179] inside=False
[obj_inside_of] obj=obj obj_pos=[ 2.2528841 -0.3408101  0.939188 ] fixture_pos=[ 1.69       -0.30085139  0.97534056] fsize=[0.85139319 0.55       0.21540247] shifted_fpos=[ 1.69       -0.25085139  0.97534056] lower=[ 1.44       -0.45085139  0.71763932] upper=[ 1.94       -0.05085139  1.23304179] inside=False
[obj_inside_of] obj=obj obj_pos=[ 2.2528841 -0.3408101  0.939188 ] fixture_pos=[ 1.69       -0.30085139  0.97534056] fsize=[0.85139319 0.55       0.21540247] shifted_fpos=[ 1.69       -0.25085139  0.97534056] lower=[ 1.44       -0.45085139  0.71763932] upper=[ 1.94       -0.05085139  1.23304179] inside=False
[obj_inside_of] obj=obj obj_pos=[ 2.2528841 -0.3408101  0.939188 ] fixture_pos=[ 1.69       -0.30085139  0.97534056] fsize=[0.85139319 0.55       0.21540247] shifted_fpos=[ 1.69       -0.25085139  0.97534056] lower=[ 1.44       -0.45085139  0.71763932] upper=[ 1.94       -0.05085139  1.23304179] inside=False
[obj_inside_of] obj=obj obj_pos=[ 2.2528841 -0.3408101  0.939188 ] fixture_pos=[ 1.69       -0.30085139  0.97534056] fsize=[0.85139319 0.55       0.21540247] shifted_fpos=[ 1.69       -0.25085139  0.97534056] lower=[ 1.44       -0.45085139  0.71763932] upper=[ 1.94       -0.05085139  1.23304179] inside=False
[obj_inside_of] obj=obj obj_pos=[ 2.2528841 -0.3408101  0.939188 ] fixture_pos=[ 1.69       -0.30085139  0.97534056] fsize=[0.85139319 0.55       0.21540247] shifted_fpos=[ 1.69       -0.25085139  0.97534056] lower=[ 1.44       -0.45085139  0.71763932] upper=[ 1.94       -0.05085139  1.23304179] inside=False
[obj_inside_of] obj=obj obj_pos=[ 2.2528841 -0.3408101  0.939188 ] fixture_pos=[ 1.69       -0.30085139  0.97534056] fsize=[0.85139319 0.55       0.21540247] shifted_fpos=[ 1.69       -0.25085139  0.97534056] lower=[ 1.44       -0.45085139  0.71763932] upper=[ 1.94       -0.05085139  1.23304179] inside=False
[obj_inside_of] obj=obj obj_pos=[ 2.2528841 -0.3408101  0.939188 ] fixture_pos=[ 1.69       -0.30085139  0.97534056] fsize=[0.85139319 0.55       0.21540247] shifted_fpos=[ 1.69       -0.25085139  0.97534056] lower=[ 1.44       -0.45085139  0.71763932] upper=[ 1.94       -0.05085139  1.23304179] inside=False
[obj_inside_of] obj=obj obj_pos=[ 2.2528841 -0.3408101  0.939188 ] fixture_pos=[ 1.69       -0.30085139  0.97534056] fsize=[0.85139319 0.55       0.21540247] shifted_fpos=[ 1.69       -0.25085139  0.97534056] lower=[ 1.44       -0.45085139  0.71763932] upper=[ 1.94       -0.05085139  1.23304179] inside=False
[obj_inside_of] obj=obj obj_pos=[ 2.2528841 -0.3408101  0.939188 ] fixture_pos=[ 1.69       -0.30085139  0.97534056] fsize=[0.85139319 0.55       0.21540247] shifted_fpos=[ 1.69       -0.25085139  0.97534056] lower=[ 1.44       -0.45085139  0.71763932] upper=[ 1.94       -0.05085139  1.23304179] inside=False
[obj_inside_of] obj=obj obj_pos=[ 2.2528841 -0.3408101  0.939188 ] fixture_pos=[ 1.69       -0.30085139  0.97534056] fsize=[0.85139319 0.55       0.21540247] shifted_fpos=[ 1.69       -0.25085139  0.97534056] lower=[ 1.44       -0.45085139  0.71763932] upper=[ 1.94       -0.05085139  1.23304179] inside=False
[obj_inside_of] obj=obj obj_pos=[ 2.2528841 -0.3408101  0.939188 ] fixture_pos=[ 1.69       -0.30085139  0.97534056] fsize=[0.85139319 0.55       0.21540247] shifted_fpos=[ 1.69       -0.25085139  0.97534056] lower=[ 1.44       -0.45085139  0.71763932] upper=[ 1.94       -0.05085139  1.23304179] inside=False
[obj_inside_of] obj=obj obj_pos=[ 2.2528841 -0.3408101  0.939188 ] fixture_pos=[ 1.69       -0.30085139  0.97534056] fsize=[0.85139319 0.55       0.21540247] shifted_fpos=[ 1.69       -0.25085139  0.97534056] lower=[ 1.44       -0.45085139  0.71763932] upper=[ 1.94       -0.05085139  1.23304179] inside=False
[obj_inside_of] obj=obj obj_pos=[ 2.2528841 -0.3408101  0.939188 ] fixture_pos=[ 1.69       -0.30085139  0.97534056] fsize=[0.85139319 0.55       0.21540247] shifted_fpos=[ 1.69       -0.25085139  0.97534056] lower=[ 1.44       -0.45085139  0.71763932] upper=[ 1.94       -0.05085139  1.23304179] inside=False
[obj_inside_of] obj=obj obj_pos=[ 2.2528841 -0.3408101  0.939188 ] fixture_pos=[ 1.69       -0.30085139  0.97534056] fsize=[0.85139319 0.55       0.21540247] shifted_fpos=[ 1.69       -0.25085139  0.97534056] lower=[ 1.44       -0.45085139  0.71763932] upper=[ 1.94       -0.05085139  1.23304179] inside=False
[obj_inside_of] obj=obj obj_pos=[ 2.2528841 -0.3408101  0.939188 ] fixture_pos=[ 1.69       -0.30085139  0.97534056] fsize=[0.85139319 0.55       0.21540247] shifted_fpos=[ 1.69       -0.25085139  0.97534056] lower=[ 1.44       -0.45085139  0.71763932] upper=[ 1.94       -0.05085139  1.23304179] inside=False
[obj_inside_of] obj=obj obj_pos=[ 2.2528841 -0.3408101  0.939188 ] fixture_pos=[ 1.69       -0.30085139  0.97534056] fsize=[0.85139319 0.55       0.21540247] shifted_fpos=[ 1.69       -0.25085139  0.97534056] lower=[ 1.44       -0.45085139  0.71763932] upper=[ 1.94       -0.05085139  1.23304179] inside=False
[obj_inside_of] obj=obj obj_pos=[ 2.2528841 -0.3408101  0.939188 ] fixture_pos=[ 1.69       -0.30085139  0.97534056] fsize=[0.85139319 0.55       0.21540247] shifted_fpos=[ 1.69       -0.25085139  0.97534056] lower=[ 1.44       -0.45085139  0.71763932] upper=[ 1.94       -0.05085139  1.23304179] inside=False
[obj_inside_of] obj=obj obj_pos=[ 2.2528841 -0.3408101  0.939188 ] fixture_pos=[ 1.69       -0.30085139  0.97534056] fsize=[0.85139319 0.55       0.21540247] shifted_fpos=[ 1.69       -0.25085139  0.97534056] lower=[ 1.44       -0.45085139  0.71763932] upper=[ 1.94       -0.05085139  1.23304179] inside=False
[obj_inside_of] obj=obj obj_pos=[ 2.2528841 -0.3408101  0.939188 ] fixture_pos=[ 1.69       -0.30085139  0.97534056] fsize=[0.85139319 0.55       0.21540247] shifted_fpos=[ 1.69       -0.25085139  0.97534056] lower=[ 1.44       -0.45085139  0.71763932] upper=[ 1.94       -0.05085139  1.23304179] inside=False
[obj_inside_of] obj=obj obj_pos=[ 2.2528841 -0.3408101  0.939188 ] fixture_pos=[ 1.69       -0.30085139  0.97534056] fsize=[0.85139319 0.55       0.21540247] shifted_fpos=[ 1.69       -0.25085139  0.97534056] lower=[ 1.44       -0.45085139  0.71763932] upper=[ 1.94       -0.05085139  1.23304179] inside=False
[obj_inside_of] obj=obj obj_pos=[ 2.2528841 -0.3408101  0.939188 ] fixture_pos=[ 1.69       -0.30085139  0.97534056] fsize=[0.85139319 0.55       0.21540247] shifted_fpos=[ 1.69       -0.25085139  0.97534056] lower=[ 1.44       -0.45085139  0.71763932] upper=[ 1.94       -0.05085139  1.23304179] inside=False
[obj_inside_of] obj=obj obj_pos=[ 2.2528841 -0.3408101  0.939188 ] fixture_pos=[ 1.69       -0.30085139  0.97534056] fsize=[0.85139319 0.55       0.21540247] shifted_fpos=[ 1.69       -0.25085139  0.97534056] lower=[ 1.44       -0.45085139  0.71763932] upper=[ 1.94       -0.05085139  1.23304179] inside=False
[obj_inside_of] obj=obj obj_pos=[ 2.2528841 -0.3408101  0.939188 ] fixture_pos=[ 1.69       -0.30085139  0.97534056] fsize=[0.85139319 0.55       0.21540247] shifted_fpos=[ 1.69       -0.25085139  0.97534056] lower=[ 1.44       -0.45085139  0.71763932] upper=[ 1.94       -0.05085139  1.23304179] inside=False
[obj_inside_of] obj=obj obj_pos=[ 2.2528841 -0.3408101  0.939188 ] fixture_pos=[ 1.69       -0.30085139  0.97534056] fsize=[0.85139319 0.55       0.21540247] shifted_fpos=[ 1.69       -0.25085139  0.97534056] lower=[ 1.44       -0.45085139  0.71763932] upper=[ 1.94       -0.05085139  1.23304179] inside=False
[obj_inside_of] obj=obj obj_pos=[ 2.2528841 -0.3408101  0.939188 ] fixture_pos=[ 1.69       -0.30085139  0.97534056] fsize=[0.85139319 0.55       0.21540247] shifted_fpos=[ 1.69       -0.25085139  0.97534056] lower=[ 1.44       -0.45085139  0.71763932] upper=[ 1.94       -0.05085139  1.23304179] inside=False
[obj_inside_of] obj=obj obj_pos=[ 2.2528841 -0.3408101  0.939188 ] fixture_pos=[ 1.69       -0.30085139  0.97534056] fsize=[0.85139319 0.55       0.21540247] shifted_fpos=[ 1.69       -0.25085139  0.97534056] lower=[ 1.44       -0.45085139  0.71763932] upper=[ 1.94       -0.05085139  1.23304179] inside=False
[obj_inside_of] obj=obj obj_pos=[ 2.2528841 -0.3408101  0.939188 ] fixture_pos=[ 1.69       -0.30085139  0.97534056] fsize=[0.85139319 0.55       0.21540247] shifted_fpos=[ 1.69       -0.25085139  0.97534056] lower=[ 1.44       -0.45085139  0.71763932] upper=[ 1.94       -0.05085139  1.23304179] inside=False
[obj_inside_of] obj=obj obj_pos=[ 2.2528841 -0.3408101  0.939188 ] fixture_pos=[ 1.69       -0.30085139  0.97534056] fsize=[0.85139319 0.55       0.21540247] shifted_fpos=[ 1.69       -0.25085139  0.97534056] lower=[ 1.44       -0.45085139  0.71763932] upper=[ 1.94       -0.05085139  1.23304179] inside=False
[obj_inside_of] obj=obj obj_pos=[ 2.2528841 -0.3408101  0.939188 ] fixture_pos=[ 1.69       -0.30085139  0.97534056] fsize=[0.85139319 0.55       0.21540247] shifted_fpos=[ 1.69       -0.25085139  0.97534056] lower=[ 1.44       -0.45085139  0.71763932] upper=[ 1.94       -0.05085139  1.23304179] inside=False
[obj_inside_of] obj=obj obj_pos=[ 2.2528841 -0.3408101  0.939188 ] fixture_pos=[ 1.69       -0.30085139  0.97534056] fsize=[0.85139319 0.55       0.21540247] shifted_fpos=[ 1.69       -0.25085139  0.97534056] lower=[ 1.44       -0.45085139  0.71763932] upper=[ 1.94       -0.05085139  1.23304179] inside=False
[obj_inside_of] obj=obj obj_pos=[ 2.2528841 -0.3408101  0.939188 ] fixture_pos=[ 1.69       -0.30085139  0.97534056] fsize=[0.85139319 0.55       0.21540247] shifted_fpos=[ 1.69       -0.25085139  0.97534056] lower=[ 1.44       -0.45085139  0.71763932] upper=[ 1.94       -0.05085139  1.23304179] inside=False
[obj_inside_of] obj=obj obj_pos=[ 2.2528841 -0.3408101  0.939188 ] fixture_pos=[ 1.69       -0.30085139  0.97534056] fsize=[0.85139319 0.55       0.21540247] shifted_fpos=[ 1.69       -0.25085139  0.97534056] lower=[ 1.44       -0.45085139  0.71763932] upper=[ 1.94       -0.05085139  1.23304179] inside=False
[obj_inside_of] obj=obj obj_pos=[ 2.2528841 -0.3408101  0.939188 ] fixture_pos=[ 1.69       -0.30085139  0.97534056] fsize=[0.85139319 0.55       0.21540247] shifted_fpos=[ 1.69       -0.25085139  0.97534056] lower=[ 1.44       -0.45085139  0.71763932] upper=[ 1.94       -0.05085139  1.23304179] inside=False
[obj_inside_of] obj=obj obj_pos=[ 2.2528841 -0.3408101  0.939188 ] fixture_pos=[ 1.69       -0.30085139  0.97534056] fsize=[0.85139319 0.55       0.21540247] shifted_fpos=[ 1.69       -0.25085139  0.97534056] lower=[ 1.44       -0.45085139  0.71763932] upper=[ 1.94       -0.05085139  1.23304179] inside=False
[obj_inside_of] obj=obj obj_pos=[ 2.2528841 -0.3408101  0.939188 ] fixture_pos=[ 1.69       -0.30085139  0.97534056] fsize=[0.85139319 0.55       0.21540247] shifted_fpos=[ 1.69       -0.25085139  0.97534056] lower=[ 1.44       -0.45085139  0.71763932] upper=[ 1.94       -0.05085139  1.23304179] inside=False
[obj_inside_of] obj=obj obj_pos=[ 2.2528841 -0.3408101  0.939188 ] fixture_pos=[ 1.69       -0.30085139  0.97534056] fsize=[0.85139319 0.55       0.21540247] shifted_fpos=[ 1.69       -0.25085139  0.97534056] lower=[ 1.44       -0.45085139  0.71763932] upper=[ 1.94       -0.05085139  1.23304179] inside=False
[obj_inside_of] obj=obj obj_pos=[ 2.2528841 -0.3408101  0.939188 ] fixture_pos=[ 1.69       -0.30085139  0.97534056] fsize=[0.85139319 0.55       0.21540247] shifted_fpos=[ 1.69       -0.25085139  0.97534056] lower=[ 1.44       -0.45085139  0.71763932] upper=[ 1.94       -0.05085139  1.23304179] inside=False
[obj_inside_of] obj=obj obj_pos=[ 2.2528841 -0.3408101  0.939188 ] fixture_pos=[ 1.69       -0.30085139  0.97534056] fsize=[0.85139319 0.55       0.21540247] shifted_fpos=[ 1.69       -0.25085139  0.97534056] lower=[ 1.44       -0.45085139  0.71763932] upper=[ 1.94       -0.05085139  1.23304179] inside=False
[obj_inside_of] obj=obj obj_pos=[ 2.2528841 -0.3408101  0.939188 ] fixture_pos=[ 1.69       -0.30085139  0.97534056] fsize=[0.85139319 0.55       0.21540247] shifted_fpos=[ 1.69       -0.25085139  0.97534056] lower=[ 1.44       -0.45085139  0.71763932] upper=[ 1.94       -0.05085139  1.23304179] inside=False
[obj_inside_of] obj=obj obj_pos=[ 2.2528841 -0.3408101  0.939188 ] fixture_pos=[ 1.69       -0.30085139  0.97534056] fsize=[0.85139319 0.55       0.21540247] shifted_fpos=[ 1.69       -0.25085139  0.97534056] lower=[ 1.44       -0.45085139  0.71763932] upper=[ 1.94       -0.05085139  1.23304179] inside=False
[obj_inside_of] obj=obj obj_pos=[ 2.2528841 -0.3408101  0.939188 ] fixture_pos=[ 1.69       -0.30085139  0.97534056] fsize=[0.85139319 0.55       0.21540247] shifted_fpos=[ 1.69       -0.25085139  0.97534056] lower=[ 1.44       -0.45085139  0.71763932] upper=[ 1.94       -0.05085139  1.23304179] inside=False
[obj_inside_of] obj=obj obj_pos=[ 2.2528841 -0.3408101  0.939188 ] fixture_pos=[ 1.69       -0.30085139  0.97534056] fsize=[0.85139319 0.55       0.21540247] shifted_fpos=[ 1.69       -0.25085139  0.97534056] lower=[ 1.44       -0.45085139  0.71763932] upper=[ 1.94       -0.05085139  1.23304179] inside=False
[obj_inside_of] obj=obj obj_pos=[ 2.2528841 -0.3408101  0.939188 ] fixture_pos=[ 1.69       -0.30085139  0.97534056] fsize=[0.85139319 0.55       0.21540247] shifted_fpos=[ 1.69       -0.25085139  0.97534056] lower=[ 1.44       -0.45085139  0.71763932] upper=[ 1.94       -0.05085139  1.23304179] inside=False
[obj_inside_of] obj=obj obj_pos=[ 2.2528841 -0.3408101  0.939188 ] fixture_pos=[ 1.69       -0.30085139  0.97534056] fsize=[0.85139319 0.55       0.21540247] shifted_fpos=[ 1.69       -0.25085139  0.97534056] lower=[ 1.44       -0.45085139  0.71763932] upper=[ 1.94       -0.05085139  1.23304179] inside=False
[obj_inside_of] obj=obj obj_pos=[ 2.2528841 -0.3408101  0.939188 ] fixture_pos=[ 1.69       -0.30085139  0.97534056] fsize=[0.85139319 0.55       0.21540247] shifted_fpos=[ 1.69       -0.25085139  0.97534056] lower=[ 1.44       -0.45085139  0.71763932] upper=[ 1.94       -0.05085139  1.23304179] inside=False
[obj_inside_of] obj=obj obj_pos=[ 2.2528841 -0.3408101  0.939188 ] fixture_pos=[ 1.69       -0.30085139  0.97534056] fsize=[0.85139319 0.55       0.21540247] shifted_fpos=[ 1.69       -0.25085139  0.97534056] lower=[ 1.44       -0.45085139  0.71763932] upper=[ 1.94       -0.05085139  1.23304179] inside=False
[obj_inside_of] obj=obj obj_pos=[ 2.2528841 -0.3408101  0.939188 ] fixture_pos=[ 1.69       -0.30085139  0.97534056] fsize=[0.85139319 0.55       0.21540247] shifted_fpos=[ 1.69       -0.25085139  0.97534056] lower=[ 1.44       -0.45085139  0.71763932] upper=[ 1.94       -0.05085139  1.23304179] inside=False
[obj_inside_of] obj=obj obj_pos=[ 2.2528841 -0.3408101  0.939188 ] fixture_pos=[ 1.69       -0.30085139  0.97534056] fsize=[0.85139319 0.55       0.21540247] shifted_fpos=[ 1.69       -0.25085139  0.97534056] lower=[ 1.44       -0.45085139  0.71763932] upper=[ 1.94       -0.05085139  1.23304179] inside=False
[obj_inside_of] obj=obj obj_pos=[ 2.2528841 -0.3408101  0.939188 ] fixture_pos=[ 1.69       -0.30085139  0.97534056] fsize=[0.85139319 0.55       0.21540247] shifted_fpos=[ 1.69       -0.25085139  0.97534056] lower=[ 1.44       -0.45085139  0.71763932] upper=[ 1.94       -0.05085139  1.23304179] inside=False
[obj_inside_of] obj=obj obj_pos=[ 2.2528841 -0.3408101  0.939188 ] fixture_pos=[ 1.69       -0.30085139  0.97534056] fsize=[0.85139319 0.55       0.21540247] shifted_fpos=[ 1.69       -0.25085139  0.97534056] lower=[ 1.44       -0.45085139  0.71763932] upper=[ 1.94       -0.05085139  1.23304179] inside=False
[obj_inside_of] obj=obj obj_pos=[ 2.2528841 -0.3408101  0.939188 ] fixture_pos=[ 1.69       -0.30085139  0.97534056] fsize=[0.85139319 0.55       0.21540247] shifted_fpos=[ 1.69       -0.25085139  0.97534056] lower=[ 1.44       -0.45085139  0.71763932] upper=[ 1.94       -0.05085139  1.23304179] inside=False
[obj_inside_of] obj=obj obj_pos=[ 2.2528841 -0.3408101  0.939188 ] fixture_pos=[ 1.69       -0.30085139  0.97534056] fsize=[0.85139319 0.55       0.21540247] shifted_fpos=[ 1.69       -0.25085139  0.97534056] lower=[ 1.44       -0.45085139  0.71763932] upper=[ 1.94       -0.05085139  1.23304179] inside=False
[obj_inside_of] obj=obj obj_pos=[ 2.2528841 -0.3408101  0.939188 ] fixture_pos=[ 1.69       -0.30085139  0.97534056] fsize=[0.85139319 0.55       0.21540247] shifted_fpos=[ 1.69       -0.25085139  0.97534056] lower=[ 1.44       -0.45085139  0.71763932] upper=[ 1.94       -0.05085139  1.23304179] inside=False
[obj_inside_of] obj=obj obj_pos=[ 2.2528841 -0.3408101  0.939188 ] fixture_pos=[ 1.69       -0.30085139  0.97534056] fsize=[0.85139319 0.55       0.21540247] shifted_fpos=[ 1.69       -0.25085139  0.97534056] lower=[ 1.44       -0.45085139  0.71763932] upper=[ 1.94       -0.05085139  1.23304179] inside=False
[obj_inside_of] obj=obj obj_pos=[ 2.2528841 -0.3408101  0.939188 ] fixture_pos=[ 1.69       -0.30085139  0.97534056] fsize=[0.85139319 0.55       0.21540247] shifted_fpos=[ 1.69       -0.25085139  0.97534056] lower=[ 1.44       -0.45085139  0.71763932] upper=[ 1.94       -0.05085139  1.23304179] inside=False
[obj_inside_of] obj=obj obj_pos=[ 2.2528841 -0.3408101  0.939188 ] fixture_pos=[ 1.69       -0.30085139  0.97534056] fsize=[0.85139319 0.55       0.21540247] shifted_fpos=[ 1.69       -0.25085139  0.97534056] lower=[ 1.44       -0.45085139  0.71763932] upper=[ 1.94       -0.05085139  1.23304179] inside=False
[obj_inside_of] obj=obj obj_pos=[ 2.2528841 -0.3408101  0.939188 ] fixture_pos=[ 1.69       -0.30085139  0.97534056] fsize=[0.85139319 0.55       0.21540247] shifted_fpos=[ 1.69       -0.25085139  0.97534056] lower=[ 1.44       -0.45085139  0.71763932] upper=[ 1.94       -0.05085139  1.23304179] inside=False
[obj_inside_of] obj=obj obj_pos=[ 2.2528841 -0.3408101  0.939188 ] fixture_pos=[ 1.69       -0.30085139  0.97534056] fsize=[0.85139319 0.55       0.21540247] shifted_fpos=[ 1.69       -0.25085139  0.97534056] lower=[ 1.44       -0.45085139  0.71763932] upper=[ 1.94       -0.05085139  1.23304179] inside=False
[obj_inside_of] obj=obj obj_pos=[ 2.2528841 -0.3408101  0.939188 ] fixture_pos=[ 1.69       -0.30085139  0.97534056] fsize=[0.85139319 0.55       0.21540247] shifted_fpos=[ 1.69       -0.25085139  0.97534056] lower=[ 1.44       -0.45085139  0.71763932] upper=[ 1.94       -0.05085139  1.23304179] inside=False
[obj_inside_of] obj=obj obj_pos=[ 2.2528841 -0.3408101  0.939188 ] fixture_pos=[ 1.69       -0.30085139  0.97534056] fsize=[0.85139319 0.55       0.21540247] shifted_fpos=[ 1.69       -0.25085139  0.97534056] lower=[ 1.44       -0.45085139  0.71763932] upper=[ 1.94       -0.05085139  1.23304179] inside=False
[obj_inside_of] obj=obj obj_pos=[ 2.2528841 -0.3408101  0.939188 ] fixture_pos=[ 1.69       -0.30085139  0.97534056] fsize=[0.85139319 0.55       0.21540247] shifted_fpos=[ 1.69       -0.25085139  0.97534056] lower=[ 1.44       -0.45085139  0.71763932] upper=[ 1.94       -0.05085139  1.23304179] inside=False
[obj_inside_of] obj=obj obj_pos=[ 2.2528841 -0.3408101  0.939188 ] fixture_pos=[ 1.69       -0.30085139  0.97534056] fsize=[0.85139319 0.55       0.21540247] shifted_fpos=[ 1.69       -0.25085139  0.97534056] lower=[ 1.44       -0.45085139  0.71763932] upper=[ 1.94       -0.05085139  1.23304179] inside=False
[obj_inside_of] obj=obj obj_pos=[ 2.2528841 -0.3408101  0.939188 ] fixture_pos=[ 1.69       -0.30085139  0.97534056] fsize=[0.85139319 0.55       0.21540247] shifted_fpos=[ 1.69       -0.25085139  0.97534056] lower=[ 1.44       -0.45085139  0.71763932] upper=[ 1.94       -0.05085139  1.23304179] inside=False
[obj_inside_of] obj=obj obj_pos=[ 2.2528841 -0.3408101  0.939188 ] fixture_pos=[ 1.69       -0.30085139  0.97534056] fsize=[0.85139319 0.55       0.21540247] shifted_fpos=[ 1.69       -0.25085139  0.97534056] lower=[ 1.44       -0.45085139  0.71763932] upper=[ 1.94       -0.05085139  1.23304179] inside=False
[obj_inside_of] obj=obj obj_pos=[ 2.2528841 -0.3408101  0.939188 ] fixture_pos=[ 1.69       -0.30085139  0.97534056] fsize=[0.85139319 0.55       0.21540247] shifted_fpos=[ 1.69       -0.25085139  0.97534056] lower=[ 1.44       -0.45085139  0.71763932] upper=[ 1.94       -0.05085139  1.23304179] inside=False
[obj_inside_of] obj=obj obj_pos=[ 2.2528841 -0.3408101  0.939188 ] fixture_pos=[ 1.69       -0.30085139  0.97534056] fsize=[0.85139319 0.55       0.21540247] shifted_fpos=[ 1.69       -0.25085139  0.97534056] lower=[ 1.44       -0.45085139  0.71763932] upper=[ 1.94       -0.05085139  1.23304179] inside=False
[obj_inside_of] obj=obj obj_pos=[ 2.2528841 -0.3408101  0.939188 ] fixture_pos=[ 1.69       -0.30085139  0.97534056] fsize=[0.85139319 0.55       0.21540247] shifted_fpos=[ 1.69       -0.25085139  0.97534056] lower=[ 1.44       -0.45085139  0.71763932] upper=[ 1.94       -0.05085139  1.23304179] inside=False
[obj_inside_of] obj=obj obj_pos=[ 2.2528841 -0.3408101  0.939188 ] fixture_pos=[ 1.69       -0.30085139  0.97534056] fsize=[0.85139319 0.55       0.21540247] shifted_fpos=[ 1.69       -0.25085139  0.97534056] lower=[ 1.44       -0.45085139  0.71763932] upper=[ 1.94       -0.05085139  1.23304179] inside=False
[obj_inside_of] obj=obj obj_pos=[ 2.2528841 -0.3408101  0.939188 ] fixture_pos=[ 1.69       -0.30085139  0.97534056] fsize=[0.85139319 0.55       0.21540247] shifted_fpos=[ 1.69       -0.25085139  0.97534056] lower=[ 1.44       -0.45085139  0.71763932] upper=[ 1.94       -0.05085139  1.23304179] inside=False
[obj_inside_of] obj=obj obj_pos=[ 2.252887   -0.34080476  0.9391876 ] fixture_pos=[ 1.69       -0.30085139  0.97534056] fsize=[0.85139319 0.55       0.21540247] shifted_fpos=[ 1.69       -0.25085139  0.97534056] lower=[ 1.44       -0.45085139  0.71763932] upper=[ 1.94       -0.05085139  1.23304179] inside=False
[obj_inside_of] obj=obj obj_pos=[ 2.2528815 -0.3408222  0.9391844] fixture_pos=[ 1.69       -0.30085139  0.97534056] fsize=[0.85139319 0.55       0.21540247] shifted_fpos=[ 1.69       -0.25085139  0.97534056] lower=[ 1.44       -0.45085139  0.71763932] upper=[ 1.94       -0.05085139  1.23304179] inside=False
[obj_inside_of] obj=obj obj_pos=[ 2.2528822  -0.3408189   0.93918496] fixture_pos=[ 1.69       -0.30085139  0.97534056] fsize=[0.85139319 0.55       0.21540247] shifted_fpos=[ 1.69       -0.25085139  0.97534056] lower=[ 1.44       -0.45085139  0.71763932] upper=[ 1.94       -0.05085139  1.23304179] inside=False
[obj_inside_of] obj=obj obj_pos=[ 2.2528813  -0.34082198  0.9391845 ] fixture_pos=[ 1.69       -0.30085139  0.97534056] fsize=[0.85139319 0.55       0.21540247] shifted_fpos=[ 1.69       -0.25085139  0.97534056] lower=[ 1.44       -0.45085139  0.71763932] upper=[ 1.94       -0.05085139  1.23304179] inside=False
[obj_inside_of] obj=obj obj_pos=[ 2.2528822  -0.34081888  0.939185  ] fixture_pos=[ 1.69       -0.30085139  0.97534056] fsize=[0.85139319 0.55       0.21540247] shifted_fpos=[ 1.69       -0.25085139  0.97534056] lower=[ 1.44       -0.45085139  0.71763932] upper=[ 1.94       -0.05085139  1.23304179] inside=False
[obj_inside_of] obj=obj obj_pos=[ 2.2528813  -0.34082198  0.93918455] fixture_pos=[ 1.69       -0.30085139  0.97534056] fsize=[0.85139319 0.55       0.21540247] shifted_fpos=[ 1.69       -0.25085139  0.97534056] lower=[ 1.44       -0.45085139  0.71763932] upper=[ 1.94       -0.05085139  1.23304179] inside=False
[obj_inside_of] obj=obj obj_pos=[ 2.2528822 -0.3408189  0.9391849] fixture_pos=[ 1.69       -0.30085139  0.97534056] fsize=[0.85139319 0.55       0.21540247] shifted_fpos=[ 1.69       -0.25085139  0.97534056] lower=[ 1.44       -0.45085139  0.71763932] upper=[ 1.94       -0.05085139  1.23304179] inside=False
[obj_inside_of] obj=obj obj_pos=[ 2.2528813  -0.34082192  0.9391844 ] fixture_pos=[ 1.69       -0.30085139  0.97534056] fsize=[0.85139319 0.55       0.21540247] shifted_fpos=[ 1.69       -0.25085139  0.97534056] lower=[ 1.44       -0.45085139  0.71763932] upper=[ 1.94       -0.05085139  1.23304179] inside=False
[obj_inside_of] obj=obj obj_pos=[ 2.2528822  -0.34081885  0.93918496] fixture_pos=[ 1.69       -0.30085139  0.97534056] fsize=[0.85139319 0.55       0.21540247] shifted_fpos=[ 1.69       -0.25085139  0.97534056] lower=[ 1.44       -0.45085139  0.71763932] upper=[ 1.94       -0.05085139  1.23304179] inside=False
[obj_inside_of] obj=obj obj_pos=[ 2.2528815  -0.34082192  0.9391845 ] fixture_pos=[ 1.69       -0.30085139  0.97534056] fsize=[0.85139319 0.55       0.21540247] shifted_fpos=[ 1.69       -0.25085139  0.97534056] lower=[ 1.44       -0.45085139  0.71763932] upper=[ 1.94       -0.05085139  1.23304179] inside=False
[obj_inside_of] obj=obj obj_pos=[ 2.2528822  -0.34081903  0.93918496] fixture_pos=[ 1.69       -0.30085139  0.97534056] fsize=[0.85139319 0.55       0.21540247] shifted_fpos=[ 1.69       -0.25085139  0.97534056] lower=[ 1.44       -0.45085139  0.71763932] upper=[ 1.94       -0.05085139  1.23304179] inside=False
[obj_inside_of] obj=obj obj_pos=[ 2.2528815  -0.34082195  0.9391845 ] fixture_pos=[ 1.69       -0.30085139  0.97534056] fsize=[0.85139319 0.55       0.21540247] shifted_fpos=[ 1.69       -0.25085139  0.97534056] lower=[ 1.44       -0.45085139  0.71763932] upper=[ 1.94       -0.05085139  1.23304179] inside=False
[obj_inside_of] obj=obj obj_pos=[ 2.2528822  -0.34081906  0.9391849 ] fixture_pos=[ 1.69       -0.30085139  0.97534056] fsize=[0.85139319 0.55       0.21540247] shifted_fpos=[ 1.69       -0.25085139  0.97534056] lower=[ 1.44       -0.45085139  0.71763932] upper=[ 1.94       -0.05085139  1.23304179] inside=False
[obj_inside_of] obj=obj obj_pos=[ 2.2528813 -0.340822   0.9391845] fixture_pos=[ 1.69       -0.30085139  0.97534056] fsize=[0.85139319 0.55       0.21540247] shifted_fpos=[ 1.69       -0.25085139  0.97534056] lower=[ 1.44       -0.45085139  0.71763932] upper=[ 1.94       -0.05085139  1.23304179] inside=False
[obj_inside_of] obj=obj obj_pos=[ 2.2528822  -0.34081897  0.93918496] fixture_pos=[ 1.69       -0.30085139  0.97534056] fsize=[0.85139319 0.55       0.21540247] shifted_fpos=[ 1.69       -0.25085139  0.97534056] lower=[ 1.44       -0.45085139  0.71763932] upper=[ 1.94       -0.05085139  1.23304179] inside=False
[obj_inside_of] obj=obj obj_pos=[ 2.2528813  -0.34082198  0.93918455] fixture_pos=[ 1.69       -0.30085139  0.97534056] fsize=[0.85139319 0.55       0.21540247] shifted_fpos=[ 1.69       -0.25085139  0.97534056] lower=[ 1.44       -0.45085139  0.71763932] upper=[ 1.94       -0.05085139  1.23304179] inside=False
[obj_inside_of] obj=obj obj_pos=[ 2.2528822  -0.34081885  0.93918496] fixture_pos=[ 1.69       -0.30085139  0.97534056] fsize=[0.85139319 0.55       0.21540247] shifted_fpos=[ 1.69       -0.25085139  0.97534056] lower=[ 1.44       -0.45085139  0.71763932] upper=[ 1.94       -0.05085139  1.23304179] inside=False
[obj_inside_of] obj=obj obj_pos=[ 2.2528813  -0.34082204  0.9391844 ] fixture_pos=[ 1.69       -0.30085139  0.97534056] fsize=[0.85139319 0.55       0.21540247] shifted_fpos=[ 1.69       -0.25085139  0.97534056] lower=[ 1.44       -0.45085139  0.71763932] upper=[ 1.94       -0.05085139  1.23304179] inside=False
[obj_inside_of] obj=obj obj_pos=[ 2.2528822  -0.340819    0.93918496] fixture_pos=[ 1.69       -0.30085139  0.97534056] fsize=[0.85139319 0.55       0.21540247] shifted_fpos=[ 1.69       -0.25085139  0.97534056] lower=[ 1.44       -0.45085139  0.71763932] upper=[ 1.94       -0.05085139  1.23304179] inside=False
[obj_inside_of] obj=obj obj_pos=[ 2.2528813  -0.34082198  0.9391845 ] fixture_pos=[ 1.69       -0.30085139  0.97534056] fsize=[0.85139319 0.55       0.21540247] shifted_fpos=[ 1.69       -0.25085139  0.97534056] lower=[ 1.44       -0.45085139  0.71763932] upper=[ 1.94       -0.05085139  1.23304179] inside=False
[obj_inside_of] obj=obj obj_pos=[ 2.2528822  -0.34081888  0.93918496] fixture_pos=[ 1.69       -0.30085139  0.97534056] fsize=[0.85139319 0.55       0.21540247] shifted_fpos=[ 1.69       -0.25085139  0.97534056] lower=[ 1.44       -0.45085139  0.71763932] upper=[ 1.94       -0.05085139  1.23304179] inside=False
[obj_inside_of] obj=obj obj_pos=[ 2.2528813  -0.34082192  0.93918455] fixture_pos=[ 1.69       -0.30085139  0.97534056] fsize=[0.85139319 0.55       0.21540247] shifted_fpos=[ 1.69       -0.25085139  0.97534056] lower=[ 1.44       -0.45085139  0.71763932] upper=[ 1.94       -0.05085139  1.23304179] inside=False
[obj_inside_of] obj=obj obj_pos=[ 2.2528822  -0.3408189   0.93918496] fixture_pos=[ 1.69       -0.30085139  0.97534056] fsize=[0.85139319 0.55       0.21540247] shifted_fpos=[ 1.69       -0.25085139  0.97534056] lower=[ 1.44       -0.45085139  0.71763932] upper=[ 1.94       -0.05085139  1.23304179] inside=False
[obj_inside_of] obj=obj obj_pos=[ 2.2528815  -0.34082195  0.9391845 ] fixture_pos=[ 1.69       -0.30085139  0.97534056] fsize=[0.85139319 0.55       0.21540247] shifted_fpos=[ 1.69       -0.25085139  0.97534056] lower=[ 1.44       -0.45085139  0.71763932] upper=[ 1.94       -0.05085139  1.23304179] inside=False
[obj_inside_of] obj=obj obj_pos=[ 2.2528822  -0.3408189   0.93918496] fixture_pos=[ 1.69       -0.30085139  0.97534056] fsize=[0.85139319 0.55       0.21540247] shifted_fpos=[ 1.69       -0.25085139  0.97534056] lower=[ 1.44       -0.45085139  0.71763932] upper=[ 1.94       -0.05085139  1.23304179] inside=False
[obj_inside_of] obj=obj obj_pos=[ 2.2528813  -0.34082198  0.9391845 ] fixture_pos=[ 1.69       -0.30085139  0.97534056] fsize=[0.85139319 0.55       0.21540247] shifted_fpos=[ 1.69       -0.25085139  0.97534056] lower=[ 1.44       -0.45085139  0.71763932] upper=[ 1.94       -0.05085139  1.23304179] inside=False
[obj_inside_of] obj=obj obj_pos=[ 2.2528822  -0.34081894  0.93918496] fixture_pos=[ 1.69       -0.30085139  0.97534056] fsize=[0.85139319 0.55       0.21540247] shifted_fpos=[ 1.69       -0.25085139  0.97534056] lower=[ 1.44       -0.45085139  0.71763932] upper=[ 1.94       -0.05085139  1.23304179] inside=False
[obj_inside_of] obj=obj obj_pos=[ 2.2528813  -0.34082195  0.9391845 ] fixture_pos=[ 1.69       -0.30085139  0.97534056] fsize=[0.85139319 0.55       0.21540247] shifted_fpos=[ 1.69       -0.25085139  0.97534056] lower=[ 1.44       -0.45085139  0.71763932] upper=[ 1.94       -0.05085139  1.23304179] inside=False
[obj_inside_of] obj=obj obj_pos=[ 2.2528822  -0.340819    0.93918496] fixture_pos=[ 1.69       -0.30085139  0.97534056] fsize=[0.85139319 0.55       0.21540247] shifted_fpos=[ 1.69       -0.25085139  0.97534056] lower=[ 1.44       -0.45085139  0.71763932] upper=[ 1.94       -0.05085139  1.23304179] inside=False
[obj_inside_of] obj=obj obj_pos=[ 2.2528813  -0.34082195  0.9391844 ] fixture_pos=[ 1.69       -0.30085139  0.97534056] fsize=[0.85139319 0.55       0.21540247] shifted_fpos=[ 1.69       -0.25085139  0.97534056] lower=[ 1.44       -0.45085139  0.71763932] upper=[ 1.94       -0.05085139  1.23304179] inside=False
[obj_inside_of] obj=obj obj_pos=[ 2.2528822 -0.3408191  0.9391849] fixture_pos=[ 1.69       -0.30085139  0.97534056] fsize=[0.85139319 0.55       0.21540247] shifted_fpos=[ 1.69       -0.25085139  0.97534056] lower=[ 1.44       -0.45085139  0.71763932] upper=[ 1.94       -0.05085139  1.23304179] inside=False
[obj_inside_of] obj=obj obj_pos=[ 2.2528813  -0.34082183  0.9391845 ] fixture_pos=[ 1.69       -0.30085139  0.97534056] fsize=[0.85139319 0.55       0.21540247] shifted_fpos=[ 1.69       -0.25085139  0.97534056] lower=[ 1.44       -0.45085139  0.71763932] upper=[ 1.94       -0.05085139  1.23304179] inside=False
[obj_inside_of] obj=obj obj_pos=[ 2.2528822  -0.3408189   0.93918496] fixture_pos=[ 1.69       -0.30085139  0.97534056] fsize=[0.85139319 0.55       0.21540247] shifted_fpos=[ 1.69       -0.25085139  0.97534056] lower=[ 1.44       -0.45085139  0.71763932] upper=[ 1.94       -0.05085139  1.23304179] inside=False
[obj_inside_of] obj=obj obj_pos=[ 2.2528813  -0.34082195  0.9391845 ] fixture_pos=[ 1.69       -0.30085139  0.97534056] fsize=[0.85139319 0.55       0.21540247] shifted_fpos=[ 1.69       -0.25085139  0.97534056] lower=[ 1.44       -0.45085139  0.71763932] upper=[ 1.94       -0.05085139  1.23304179] inside=False
[obj_inside_of] obj=obj obj_pos=[ 2.2528822 -0.3408189  0.9391849] fixture_pos=[ 1.69       -0.30085139  0.97534056] fsize=[0.85139319 0.55       0.21540247] shifted_fpos=[ 1.69       -0.25085139  0.97534056] lower=[ 1.44       -0.45085139  0.71763932] upper=[ 1.94       -0.05085139  1.23304179] inside=False
[obj_inside_of] obj=obj obj_pos=[ 2.2528813 -0.3408219  0.9391844] fixture_pos=[ 1.69       -0.30085139  0.97534056] fsize=[0.85139319 0.55       0.21540247] shifted_fpos=[ 1.69       -0.25085139  0.97534056] lower=[ 1.44       -0.45085139  0.71763932] upper=[ 1.94       -0.05085139  1.23304179] inside=False
[obj_inside_of] obj=obj obj_pos=[ 2.2528822  -0.340819    0.93918496] fixture_pos=[ 1.69       -0.30085139  0.97534056] fsize=[0.85139319 0.55       0.21540247] shifted_fpos=[ 1.69       -0.25085139  0.97534056] lower=[ 1.44       -0.45085139  0.71763932] upper=[ 1.94       -0.05085139  1.23304179] inside=False
[obj_inside_of] obj=obj obj_pos=[ 2.2528813  -0.34082186  0.9391845 ] fixture_pos=[ 1.69       -0.30085139  0.97534056] fsize=[0.85139319 0.55       0.21540247] shifted_fpos=[ 1.69       -0.25085139  0.97534056] lower=[ 1.44       -0.45085139  0.71763932] upper=[ 1.94       -0.05085139  1.23304179] inside=False
[obj_inside_of] obj=obj obj_pos=[ 2.2528822  -0.3408189   0.93918496] fixture_pos=[ 1.69       -0.30085139  0.97534056] fsize=[0.85139319 0.55       0.21540247] shifted_fpos=[ 1.69       -0.25085139  0.97534056] lower=[ 1.44       -0.45085139  0.71763932] upper=[ 1.94       -0.05085139  1.23304179] inside=False
[obj_inside_of] obj=obj obj_pos=[ 2.2528813  -0.34082186  0.9391845 ] fixture_pos=[ 1.69       -0.30085139  0.97534056] fsize=[0.85139319 0.55       0.21540247] shifted_fpos=[ 1.69       -0.25085139  0.97534056] lower=[ 1.44       -0.45085139  0.71763932] upper=[ 1.94       -0.05085139  1.23304179] inside=False
[obj_inside_of] obj=obj obj_pos=[ 2.2528822  -0.34081882  0.93918496] fixture_pos=[ 1.69       -0.30085139  0.97534056] fsize=[0.85139319 0.55       0.21540247] shifted_fpos=[ 1.69       -0.25085139  0.97534056] lower=[ 1.44       -0.45085139  0.71763932] upper=[ 1.94       -0.05085139  1.23304179] inside=False
[obj_inside_of] obj=obj obj_pos=[ 2.2528813  -0.34082198  0.9391844 ] fixture_pos=[ 1.69       -0.30085139  0.97534056] fsize=[0.85139319 0.55       0.21540247] shifted_fpos=[ 1.69       -0.25085139  0.97534056] lower=[ 1.44       -0.45085139  0.71763932] upper=[ 1.94       -0.05085139  1.23304179] inside=False
[obj_inside_of] obj=obj obj_pos=[ 2.2528822  -0.34081897  0.93918496] fixture_pos=[ 1.69       -0.30085139  0.97534056] fsize=[0.85139319 0.55       0.21540247] shifted_fpos=[ 1.69       -0.25085139  0.97534056] lower=[ 1.44       -0.45085139  0.71763932] upper=[ 1.94       -0.05085139  1.23304179] inside=False
[obj_inside_of] obj=obj obj_pos=[ 2.2528813  -0.34082198  0.9391844 ] fixture_pos=[ 1.69       -0.30085139  0.97534056] fsize=[0.85139319 0.55       0.21540247] shifted_fpos=[ 1.69       -0.25085139  0.97534056] lower=[ 1.44       -0.45085139  0.71763932] upper=[ 1.94       -0.05085139  1.23304179] inside=False
[obj_inside_of] obj=obj obj_pos=[ 2.2528822  -0.34081894  0.93918496] fixture_pos=[ 1.69       -0.30085139  0.97534056] fsize=[0.85139319 0.55       0.21540247] shifted_fpos=[ 1.69       -0.25085139  0.97534056] lower=[ 1.44       -0.45085139  0.71763932] upper=[ 1.94       -0.05085139  1.23304179] inside=False
[obj_inside_of] obj=obj obj_pos=[ 2.2528813  -0.34082192  0.9391845 ] fixture_pos=[ 1.69       -0.30085139  0.97534056] fsize=[0.85139319 0.55       0.21540247] shifted_fpos=[ 1.69       -0.25085139  0.97534056] lower=[ 1.44       -0.45085139  0.71763932] upper=[ 1.94       -0.05085139  1.23304179] inside=False
[obj_inside_of] obj=obj obj_pos=[ 2.2528822  -0.34081903  0.93918496] fixture_pos=[ 1.69       -0.30085139  0.97534056] fsize=[0.85139319 0.55       0.21540247] shifted_fpos=[ 1.69       -0.25085139  0.97534056] lower=[ 1.44       -0.45085139  0.71763932] upper=[ 1.94       -0.05085139  1.23304179] inside=False
[obj_inside_of] obj=obj obj_pos=[ 2.2528813  -0.34082195  0.9391845 ] fixture_pos=[ 1.69       -0.30085139  0.97534056] fsize=[0.85139319 0.55       0.21540247] shifted_fpos=[ 1.69       -0.25085139  0.97534056] lower=[ 1.44       -0.45085139  0.71763932] upper=[ 1.94       -0.05085139  1.23304179] inside=False
[obj_inside_of] obj=obj obj_pos=[ 2.2528822  -0.34081894  0.93918496] fixture_pos=[ 1.69       -0.30085139  0.97534056] fsize=[0.85139319 0.55       0.21540247] shifted_fpos=[ 1.69       -0.25085139  0.97534056] lower=[ 1.44       -0.45085139  0.71763932] upper=[ 1.94       -0.05085139  1.23304179] inside=False
[obj_inside_of] obj=obj obj_pos=[ 2.2528813  -0.34082195  0.9391845 ] fixture_pos=[ 1.69       -0.30085139  0.97534056] fsize=[0.85139319 0.55       0.21540247] shifted_fpos=[ 1.69       -0.25085139  0.97534056] lower=[ 1.44       -0.45085139  0.71763932] upper=[ 1.94       -0.05085139  1.23304179] inside=False
[obj_inside_of] obj=obj obj_pos=[ 2.2528822 -0.340819   0.939185 ] fixture_pos=[ 1.69       -0.30085139  0.97534056] fsize=[0.85139319 0.55       0.21540247] shifted_fpos=[ 1.69       -0.25085139  0.97534056] lower=[ 1.44       -0.45085139  0.71763932] upper=[ 1.94       -0.05085139  1.23304179] inside=False
[obj_inside_of] obj=obj obj_pos=[ 2.2528813  -0.34082198  0.9391845 ] fixture_pos=[ 1.69       -0.30085139  0.97534056] fsize=[0.85139319 0.55       0.21540247] shifted_fpos=[ 1.69       -0.25085139  0.97534056] lower=[ 1.44       -0.45085139  0.71763932] upper=[ 1.94       -0.05085139  1.23304179] inside=False
[obj_inside_of] obj=obj obj_pos=[ 2.2528822  -0.34081888  0.9391849 ] fixture_pos=[ 1.69       -0.30085139  0.97534056] fsize=[0.85139319 0.55       0.21540247] shifted_fpos=[ 1.69       -0.25085139  0.97534056] lower=[ 1.44       -0.45085139  0.71763932] upper=[ 1.94       -0.05085139  1.23304179] inside=False
[obj_inside_of] obj=obj obj_pos=[ 2.2528813  -0.34082198  0.93918455] fixture_pos=[ 1.69       -0.30085139  0.97534056] fsize=[0.85139319 0.55       0.21540247] shifted_fpos=[ 1.69       -0.25085139  0.97534056] lower=[ 1.44       -0.45085139  0.71763932] upper=[ 1.94       -0.05085139  1.23304179] inside=False
[obj_inside_of] obj=obj obj_pos=[ 2.2528822 -0.340819   0.9391849] fixture_pos=[ 1.69       -0.30085139  0.97534056] fsize=[0.85139319 0.55       0.21540247] shifted_fpos=[ 1.69       -0.25085139  0.97534056] lower=[ 1.44       -0.45085139  0.71763932] upper=[ 1.94       -0.05085139  1.23304179] inside=False
[obj_inside_of] obj=obj obj_pos=[ 2.2528813  -0.34082195  0.9391845 ] fixture_pos=[ 1.69       -0.30085139  0.97534056] fsize=[0.85139319 0.55       0.21540247] shifted_fpos=[ 1.69       -0.25085139  0.97534056] lower=[ 1.44       -0.45085139  0.71763932] upper=[ 1.94       -0.05085139  1.23304179] inside=False
[obj_inside_of] obj=obj obj_pos=[ 2.2528822  -0.34081888  0.93918496] fixture_pos=[ 1.69       -0.30085139  0.97534056] fsize=[0.85139319 0.55       0.21540247] shifted_fpos=[ 1.69       -0.25085139  0.97534056] lower=[ 1.44       -0.45085139  0.71763932] upper=[ 1.94       -0.05085139  1.23304179] inside=False
[obj_inside_of] obj=obj obj_pos=[ 2.2528813  -0.34082186  0.9391845 ] fixture_pos=[ 1.69       -0.30085139  0.97534056] fsize=[0.85139319 0.55       0.21540247] shifted_fpos=[ 1.69       -0.25085139  0.97534056] lower=[ 1.44       -0.45085139  0.71763932] upper=[ 1.94       -0.05085139  1.23304179] inside=False
[obj_inside_of] obj=obj obj_pos=[ 2.2528822  -0.3408189   0.93918496] fixture_pos=[ 1.69       -0.30085139  0.97534056] fsize=[0.85139319 0.55       0.21540247] shifted_fpos=[ 1.69       -0.25085139  0.97534056] lower=[ 1.44       -0.45085139  0.71763932] upper=[ 1.94       -0.05085139  1.23304179] inside=False
[obj_inside_of] obj=obj obj_pos=[ 2.2528813  -0.34082195  0.9391845 ] fixture_pos=[ 1.69       -0.30085139  0.97534056] fsize=[0.85139319 0.55       0.21540247] shifted_fpos=[ 1.69       -0.25085139  0.97534056] lower=[ 1.44       -0.45085139  0.71763932] upper=[ 1.94       -0.05085139  1.23304179] inside=False
[viz-debug] base_link.pose=(2.035,-0.857) q=(0.707,0.000,0.000,0.707) qpos[0:3]=(0.543,-0.345,0.001)
[obj_inside_of] obj=obj obj_pos=[ 2.2528822  -0.34081894  0.93918496] fixture_pos=[ 1.69       -0.30085139  0.97534056] fsize=[0.85139319 0.55       0.21540247] shifted_fpos=[ 1.69       -0.25085139  0.97534056] lower=[ 1.44       -0.45085139  0.71763932] upper=[ 1.94       -0.05085139  1.23304179] inside=False
[obj_inside_of] obj=obj obj_pos=[ 2.2528813  -0.34082192  0.9391844 ] fixture_pos=[ 1.69       -0.30085139  0.97534056] fsize=[0.85139319 0.55       0.21540247] shifted_fpos=[ 1.69       -0.25085139  0.97534056] lower=[ 1.44       -0.45085139  0.71763932] upper=[ 1.94       -0.05085139  1.23304179] inside=False
[obj_inside_of] obj=obj obj_pos=[ 2.2528822  -0.3408189   0.93918496] fixture_pos=[ 1.69       -0.30085139  0.97534056] fsize=[0.85139319 0.55       0.21540247] shifted_fpos=[ 1.69       -0.25085139  0.97534056] lower=[ 1.44       -0.45085139  0.71763932] upper=[ 1.94       -0.05085139  1.23304179] inside=False
[obj_inside_of] obj=obj obj_pos=[ 2.2528813  -0.34082198  0.9391845 ] fixture_pos=[ 1.69       -0.30085139  0.97534056] fsize=[0.85139319 0.55       0.21540247] shifted_fpos=[ 1.69       -0.25085139  0.97534056] lower=[ 1.44       -0.45085139  0.71763932] upper=[ 1.94       -0.05085139  1.23304179] inside=False
[obj_inside_of] obj=obj obj_pos=[ 2.2528822  -0.34081897  0.9391849 ] fixture_pos=[ 1.69       -0.30085139  0.97534056] fsize=[0.85139319 0.55       0.21540247] shifted_fpos=[ 1.69       -0.25085139  0.97534056] lower=[ 1.44       -0.45085139  0.71763932] upper=[ 1.94       -0.05085139  1.23304179] inside=False
[obj_inside_of] obj=obj obj_pos=[ 2.2528813  -0.34082195  0.93918455] fixture_pos=[ 1.69       -0.30085139  0.97534056] fsize=[0.85139319 0.55       0.21540247] shifted_fpos=[ 1.69       -0.25085139  0.97534056] lower=[ 1.44       -0.45085139  0.71763932] upper=[ 1.94       -0.05085139  1.23304179] inside=False
[obj_inside_of] obj=obj obj_pos=[ 2.2528822  -0.34081906  0.93918496] fixture_pos=[ 1.69       -0.30085139  0.97534056] fsize=[0.85139319 0.55       0.21540247] shifted_fpos=[ 1.69       -0.25085139  0.97534056] lower=[ 1.44       -0.45085139  0.71763932] upper=[ 1.94       -0.05085139  1.23304179] inside=False
[obj_inside_of] obj=obj obj_pos=[ 2.2528813  -0.34082198  0.9391845 ] fixture_pos=[ 1.69       -0.30085139  0.97534056] fsize=[0.85139319 0.55       0.21540247] shifted_fpos=[ 1.69       -0.25085139  0.97534056] lower=[ 1.44       -0.45085139  0.71763932] upper=[ 1.94       -0.05085139  1.23304179] inside=False
[obj_inside_of] obj=obj obj_pos=[ 2.2528822 -0.340819   0.9391849] fixture_pos=[ 1.69       -0.30085139  0.97534056] fsize=[0.85139319 0.55       0.21540247] shifted_fpos=[ 1.69       -0.25085139  0.97534056] lower=[ 1.44       -0.45085139  0.71763932] upper=[ 1.94       -0.05085139  1.23304179] inside=False
[obj_inside_of] obj=obj obj_pos=[ 2.2528813  -0.34082195  0.93918455] fixture_pos=[ 1.69       -0.30085139  0.97534056] fsize=[0.85139319 0.55       0.21540247] shifted_fpos=[ 1.69       -0.25085139  0.97534056] lower=[ 1.44       -0.45085139  0.71763932] upper=[ 1.94       -0.05085139  1.23304179] inside=False
[obj_inside_of] obj=obj obj_pos=[ 2.2528822 -0.340819   0.9391849] fixture_pos=[ 1.69       -0.30085139  0.97534056] fsize=[0.85139319 0.55       0.21540247] shifted_fpos=[ 1.69       -0.25085139  0.97534056] lower=[ 1.44       -0.45085139  0.71763932] upper=[ 1.94       -0.05085139  1.23304179] inside=False
[obj_inside_of] obj=obj obj_pos=[ 2.2528815  -0.34082195  0.93918455] fixture_pos=[ 1.69       -0.30085139  0.97534056] fsize=[0.85139319 0.55       0.21540247] shifted_fpos=[ 1.69       -0.25085139  0.97534056] lower=[ 1.44       -0.45085139  0.71763932] upper=[ 1.94       -0.05085139  1.23304179] inside=False
[obj_inside_of] obj=obj obj_pos=[ 2.2528822  -0.34081897  0.93918496] fixture_pos=[ 1.69       -0.30085139  0.97534056] fsize=[0.85139319 0.55       0.21540247] shifted_fpos=[ 1.69       -0.25085139  0.97534056] lower=[ 1.44       -0.45085139  0.71763932] upper=[ 1.94       -0.05085139  1.23304179] inside=False
[obj_inside_of] obj=obj obj_pos=[ 2.2528813  -0.34082195  0.9391845 ] fixture_pos=[ 1.69       -0.30085139  0.97534056] fsize=[0.85139319 0.55       0.21540247] shifted_fpos=[ 1.69       -0.25085139  0.97534056] lower=[ 1.44       -0.45085139  0.71763932] upper=[ 1.94       -0.05085139  1.23304179] inside=False
[obj_inside_of] obj=obj obj_pos=[ 2.2528822  -0.34081888  0.93918496] fixture_pos=[ 1.69       -0.30085139  0.97534056] fsize=[0.85139319 0.55       0.21540247] shifted_fpos=[ 1.69       -0.25085139  0.97534056] lower=[ 1.44       -0.45085139  0.71763932] upper=[ 1.94       -0.05085139  1.23304179] inside=False
[obj_inside_of] obj=obj obj_pos=[ 2.2528815  -0.34082207  0.9391845 ] fixture_pos=[ 1.69       -0.30085139  0.97534056] fsize=[0.85139319 0.55       0.21540247] shifted_fpos=[ 1.69       -0.25085139  0.97534056] lower=[ 1.44       -0.45085139  0.71763932] upper=[ 1.94       -0.05085139  1.23304179] inside=False
[obj_inside_of] obj=obj obj_pos=[ 2.2528822  -0.34081885  0.93918496] fixture_pos=[ 1.69       -0.30085139  0.97534056] fsize=[0.85139319 0.55       0.21540247] shifted_fpos=[ 1.69       -0.25085139  0.97534056] lower=[ 1.44       -0.45085139  0.71763932] upper=[ 1.94       -0.05085139  1.23304179] inside=False
[obj_inside_of] obj=obj obj_pos=[ 2.2528813  -0.34082198  0.9391845 ] fixture_pos=[ 1.69       -0.30085139  0.97534056] fsize=[0.85139319 0.55       0.21540247] shifted_fpos=[ 1.69       -0.25085139  0.97534056] lower=[ 1.44       -0.45085139  0.71763932] upper=[ 1.94       -0.05085139  1.23304179] inside=False
[obj_inside_of] obj=obj obj_pos=[ 2.2528822  -0.3408189   0.93918496] fixture_pos=[ 1.69       -0.30085139  0.97534056] fsize=[0.85139319 0.55       0.21540247] shifted_fpos=[ 1.69       -0.25085139  0.97534056] lower=[ 1.44       -0.45085139  0.71763932] upper=[ 1.94       -0.05085139  1.23304179] inside=False
[obj_inside_of] obj=obj obj_pos=[ 2.2528813 -0.3408219  0.9391845] fixture_pos=[ 1.69       -0.30085139  0.97534056] fsize=[0.85139319 0.55       0.21540247] shifted_fpos=[ 1.69       -0.25085139  0.97534056] lower=[ 1.44       -0.45085139  0.71763932] upper=[ 1.94       -0.05085139  1.23304179] inside=False
[obj_inside_of] obj=obj obj_pos=[ 2.2528822  -0.340819    0.93918496] fixture_pos=[ 1.69       -0.30085139  0.97534056] fsize=[0.85139319 0.55       0.21540247] shifted_fpos=[ 1.69       -0.25085139  0.97534056] lower=[ 1.44       -0.45085139  0.71763932] upper=[ 1.94       -0.05085139  1.23304179] inside=False
[obj_inside_of] obj=obj obj_pos=[ 2.2528813  -0.34082198  0.9391845 ] fixture_pos=[ 1.69       -0.30085139  0.97534056] fsize=[0.85139319 0.55       0.21540247] shifted_fpos=[ 1.69       -0.25085139  0.97534056] lower=[ 1.44       -0.45085139  0.71763932] upper=[ 1.94       -0.05085139  1.23304179] inside=False
[obj_inside_of] obj=obj obj_pos=[ 2.2528822  -0.3408188   0.93918496] fixture_pos=[ 1.69       -0.30085139  0.97534056] fsize=[0.85139319 0.55       0.21540247] shifted_fpos=[ 1.69       -0.25085139  0.97534056] lower=[ 1.44       -0.45085139  0.71763932] upper=[ 1.94       -0.05085139  1.23304179] inside=False
[obj_inside_of] obj=obj obj_pos=[ 2.2528815  -0.34082207  0.93918455] fixture_pos=[ 1.69       -0.30085139  0.97534056] fsize=[0.85139319 0.55       0.21540247] shifted_fpos=[ 1.69       -0.25085139  0.97534056] lower=[ 1.44       -0.45085139  0.71763932] upper=[ 1.94       -0.05085139  1.23304179] inside=False
[obj_inside_of] obj=obj obj_pos=[ 2.2528822  -0.34081897  0.93918496] fixture_pos=[ 1.69       -0.30085139  0.97534056] fsize=[0.85139319 0.55       0.21540247] shifted_fpos=[ 1.69       -0.25085139  0.97534056] lower=[ 1.44       -0.45085139  0.71763932] upper=[ 1.94       -0.05085139  1.23304179] inside=False
[obj_inside_of] obj=obj obj_pos=[ 2.2528813  -0.34082198  0.9391845 ] fixture_pos=[ 1.69       -0.30085139  0.97534056] fsize=[0.85139319 0.55       0.21540247] shifted_fpos=[ 1.69       -0.25085139  0.97534056] lower=[ 1.44       -0.45085139  0.71763932] upper=[ 1.94       -0.05085139  1.23304179] inside=False
[obj_inside_of] obj=obj obj_pos=[ 2.2528822  -0.3408189   0.93918496] fixture_pos=[ 1.69       -0.30085139  0.97534056] fsize=[0.85139319 0.55       0.21540247] shifted_fpos=[ 1.69       -0.25085139  0.97534056] lower=[ 1.44       -0.45085139  0.71763932] upper=[ 1.94       -0.05085139  1.23304179] inside=False
[obj_inside_of] obj=obj obj_pos=[ 2.2528813  -0.34082195  0.9391844 ] fixture_pos=[ 1.69       -0.30085139  0.97534056] fsize=[0.85139319 0.55       0.21540247] shifted_fpos=[ 1.69       -0.25085139  0.97534056] lower=[ 1.44       -0.45085139  0.71763932] upper=[ 1.94       -0.05085139  1.23304179] inside=False
[obj_inside_of] obj=obj obj_pos=[ 2.2528822  -0.34081897  0.9391849 ] fixture_pos=[ 1.69       -0.30085139  0.97534056] fsize=[0.85139319 0.55       0.21540247] shifted_fpos=[ 1.69       -0.25085139  0.97534056] lower=[ 1.44       -0.45085139  0.71763932] upper=[ 1.94       -0.05085139  1.23304179] inside=False
[obj_inside_of] obj=obj obj_pos=[ 2.2528815  -0.34082204  0.9391845 ] fixture_pos=[ 1.69       -0.30085139  0.97534056] fsize=[0.85139319 0.55       0.21540247] shifted_fpos=[ 1.69       -0.25085139  0.97534056] lower=[ 1.44       -0.45085139  0.71763932] upper=[ 1.94       -0.05085139  1.23304179] inside=False
[obj_inside_of] obj=obj obj_pos=[ 2.2528822  -0.34081882  0.93918496] fixture_pos=[ 1.69       -0.30085139  0.97534056] fsize=[0.85139319 0.55       0.21540247] shifted_fpos=[ 1.69       -0.25085139  0.97534056] lower=[ 1.44       -0.45085139  0.71763932] upper=[ 1.94       -0.05085139  1.23304179] inside=False
[obj_inside_of] obj=obj obj_pos=[ 2.2528813 -0.340822   0.9391844] fixture_pos=[ 1.69       -0.30085139  0.97534056] fsize=[0.85139319 0.55       0.21540247] shifted_fpos=[ 1.69       -0.25085139  0.97534056] lower=[ 1.44       -0.45085139  0.71763932] upper=[ 1.94       -0.05085139  1.23304179] inside=False
[obj_inside_of] obj=obj obj_pos=[ 2.2528822  -0.34081894  0.93918496] fixture_pos=[ 1.69       -0.30085139  0.97534056] fsize=[0.85139319 0.55       0.21540247] shifted_fpos=[ 1.69       -0.25085139  0.97534056] lower=[ 1.44       -0.45085139  0.71763932] upper=[ 1.94       -0.05085139  1.23304179] inside=False
[obj_inside_of] obj=obj obj_pos=[ 2.2528813  -0.34082195  0.9391844 ] fixture_pos=[ 1.69       -0.30085139  0.97534056] fsize=[0.85139319 0.55       0.21540247] shifted_fpos=[ 1.69       -0.25085139  0.97534056] lower=[ 1.44       -0.45085139  0.71763932] upper=[ 1.94       -0.05085139  1.23304179] inside=False
[obj_inside_of] obj=obj obj_pos=[ 2.2528822  -0.34081888  0.93918496] fixture_pos=[ 1.69       -0.30085139  0.97534056] fsize=[0.85139319 0.55       0.21540247] shifted_fpos=[ 1.69       -0.25085139  0.97534056] lower=[ 1.44       -0.45085139  0.71763932] upper=[ 1.94       -0.05085139  1.23304179] inside=False
[obj_inside_of] obj=obj obj_pos=[ 2.2528813  -0.34082195  0.9391845 ] fixture_pos=[ 1.69       -0.30085139  0.97534056] fsize=[0.85139319 0.55       0.21540247] shifted_fpos=[ 1.69       -0.25085139  0.97534056] lower=[ 1.44       -0.45085139  0.71763932] upper=[ 1.94       -0.05085139  1.23304179] inside=False
[obj_inside_of] obj=obj obj_pos=[ 2.2528822  -0.34081903  0.9391849 ] fixture_pos=[ 1.69       -0.30085139  0.97534056] fsize=[0.85139319 0.55       0.21540247] shifted_fpos=[ 1.69       -0.25085139  0.97534056] lower=[ 1.44       -0.45085139  0.71763932] upper=[ 1.94       -0.05085139  1.23304179] inside=False
[obj_inside_of] obj=obj obj_pos=[ 2.2528815 -0.340822   0.9391845] fixture_pos=[ 1.69       -0.30085139  0.97534056] fsize=[0.85139319 0.55       0.21540247] shifted_fpos=[ 1.69       -0.25085139  0.97534056] lower=[ 1.44       -0.45085139  0.71763932] upper=[ 1.94       -0.05085139  1.23304179] inside=False
[obj_inside_of] obj=obj obj_pos=[ 2.2528822  -0.34081888  0.93918496] fixture_pos=[ 1.69       -0.30085139  0.97534056] fsize=[0.85139319 0.55       0.21540247] shifted_fpos=[ 1.69       -0.25085139  0.97534056] lower=[ 1.44       -0.45085139  0.71763932] upper=[ 1.94       -0.05085139  1.23304179] inside=False
[obj_inside_of] obj=obj obj_pos=[ 2.2528813  -0.3408219   0.93918455] fixture_pos=[ 1.69       -0.30085139  0.97534056] fsize=[0.85139319 0.55       0.21540247] shifted_fpos=[ 1.69       -0.25085139  0.97534056] lower=[ 1.44       -0.45085139  0.71763932] upper=[ 1.94       -0.05085139  1.23304179] inside=False
[obj_inside_of] obj=obj obj_pos=[ 2.2528822  -0.3408189   0.93918496] fixture_pos=[ 1.69       -0.30085139  0.97534056] fsize=[0.85139319 0.55       0.21540247] shifted_fpos=[ 1.69       -0.25085139  0.97534056] lower=[ 1.44       -0.45085139  0.71763932] upper=[ 1.94       -0.05085139  1.23304179] inside=False
[obj_inside_of] obj=obj obj_pos=[ 2.2528813  -0.34082192  0.9391844 ] fixture_pos=[ 1.69       -0.30085139  0.97534056] fsize=[0.85139319 0.55       0.21540247] shifted_fpos=[ 1.69       -0.25085139  0.97534056] lower=[ 1.44       -0.45085139  0.71763932] upper=[ 1.94       -0.05085139  1.23304179] inside=False
[obj_inside_of] obj=obj obj_pos=[ 2.2528822 -0.3408189  0.939185 ] fixture_pos=[ 1.69       -0.30085139  0.97534056] fsize=[0.85139319 0.55       0.21540247] shifted_fpos=[ 1.69       -0.25085139  0.97534056] lower=[ 1.44       -0.45085139  0.71763932] upper=[ 1.94       -0.05085139  1.23304179] inside=False
[obj_inside_of] obj=obj obj_pos=[ 2.2528813  -0.34082195  0.9391845 ] fixture_pos=[ 1.69       -0.30085139  0.97534056] fsize=[0.85139319 0.55       0.21540247] shifted_fpos=[ 1.69       -0.25085139  0.97534056] lower=[ 1.44       -0.45085139  0.71763932] upper=[ 1.94       -0.05085139  1.23304179] inside=False
[obj_inside_of] obj=obj obj_pos=[ 2.2528822  -0.34081882  0.93918496] fixture_pos=[ 1.69       -0.30085139  0.97534056] fsize=[0.85139319 0.55       0.21540247] shifted_fpos=[ 1.69       -0.25085139  0.97534056] lower=[ 1.44       -0.45085139  0.71763932] upper=[ 1.94       -0.05085139  1.23304179] inside=False
[obj_inside_of] obj=obj obj_pos=[ 2.2528813  -0.34082195  0.9391845 ] fixture_pos=[ 1.69       -0.30085139  0.97534056] fsize=[0.85139319 0.55       0.21540247] shifted_fpos=[ 1.69       -0.25085139  0.97534056] lower=[ 1.44       -0.45085139  0.71763932] upper=[ 1.94       -0.05085139  1.23304179] inside=False
[obj_inside_of] obj=obj obj_pos=[ 2.2528822  -0.3408189   0.93918496] fixture_pos=[ 1.69       -0.30085139  0.97534056] fsize=[0.85139319 0.55       0.21540247] shifted_fpos=[ 1.69       -0.25085139  0.97534056] lower=[ 1.44       -0.45085139  0.71763932] upper=[ 1.94       -0.05085139  1.23304179] inside=False
[obj_inside_of] obj=obj obj_pos=[ 2.2528813  -0.34082204  0.9391845 ] fixture_pos=[ 1.69       -0.30085139  0.97534056] fsize=[0.85139319 0.55       0.21540247] shifted_fpos=[ 1.69       -0.25085139  0.97534056] lower=[ 1.44       -0.45085139  0.71763932] upper=[ 1.94       -0.05085139  1.23304179] inside=False
[perceive] 1 objects from ['base_camera', 'wrist_camera']: ['rolling_pin']
[obj_inside_of] obj=obj obj_pos=[ 2.2528822  -0.3408189   0.93918496] fixture_pos=[ 1.69       -0.30085139  0.97534056] fsize=[0.85139319 0.55       0.21540247] shifted_fpos=[ 1.69       -0.25085139  0.97534056] lower=[ 1.44       -0.45085139  0.71763932] upper=[ 1.94       -0.05085139  1.23304179] inside=False
[obj_inside_of] obj=obj obj_pos=[ 2.2528813  -0.34082192  0.9391845 ] fixture_pos=[ 1.69       -0.30085139  0.97534056] fsize=[0.85139319 0.55       0.21540247] shifted_fpos=[ 1.69       -0.25085139  0.97534056] lower=[ 1.44       -0.45085139  0.71763932] upper=[ 1.94       -0.05085139  1.23304179] inside=False
[obj_inside_of] obj=obj obj_pos=[ 2.2528822  -0.34081897  0.93918496] fixture_pos=[ 1.69       -0.30085139  0.97534056] fsize=[0.85139319 0.55       0.21540247] shifted_fpos=[ 1.69       -0.25085139  0.97534056] lower=[ 1.44       -0.45085139  0.71763932] upper=[ 1.94       -0.05085139  1.23304179] inside=False
[obj_inside_of] obj=obj obj_pos=[ 2.2528813 -0.3408218  0.9391845] fixture_pos=[ 1.69       -0.30085139  0.97534056] fsize=[0.85139319 0.55       0.21540247] shifted_fpos=[ 1.69       -0.25085139  0.97534056] lower=[ 1.44       -0.45085139  0.71763932] upper=[ 1.94       -0.05085139  1.23304179] inside=False
[obj_inside_of] obj=obj obj_pos=[ 2.2528822  -0.34081894  0.93918496] fixture_pos=[ 1.69       -0.30085139  0.97534056] fsize=[0.85139319 0.55       0.21540247] shifted_fpos=[ 1.69       -0.25085139  0.97534056] lower=[ 1.44       -0.45085139  0.71763932] upper=[ 1.94       -0.05085139  1.23304179] inside=False
[obj_inside_of] obj=obj obj_pos=[ 2.2528813  -0.34082198  0.9391845 ] fixture_pos=[ 1.69       -0.30085139  0.97534056] fsize=[0.85139319 0.55       0.21540247] shifted_fpos=[ 1.69       -0.25085139  0.97534056] lower=[ 1.44       -0.45085139  0.71763932] upper=[ 1.94       -0.05085139  1.23304179] inside=False
[obj_inside_of] obj=obj obj_pos=[ 2.2528822  -0.34081894  0.93918496] fixture_pos=[ 1.69       -0.30085139  0.97534056] fsize=[0.85139319 0.55       0.21540247] shifted_fpos=[ 1.69       -0.25085139  0.97534056] lower=[ 1.44       -0.45085139  0.71763932] upper=[ 1.94       -0.05085139  1.23304179] inside=False
[obj_inside_of] obj=obj obj_pos=[ 2.2528813 -0.3408219  0.9391845] fixture_pos=[ 1.69       -0.30085139  0.97534056] fsize=[0.85139319 0.55       0.21540247] shifted_fpos=[ 1.69       -0.25085139  0.97534056] lower=[ 1.44       -0.45085139  0.71763932] upper=[ 1.94       -0.05085139  1.23304179] inside=False
[obj_inside_of] obj=obj obj_pos=[ 2.2528822  -0.34081897  0.93918496] fixture_pos=[ 1.69       -0.30085139  0.97534056] fsize=[0.85139319 0.55       0.21540247] shifted_fpos=[ 1.69       -0.25085139  0.97534056] lower=[ 1.44       -0.45085139  0.71763932] upper=[ 1.94       -0.05085139  1.23304179] inside=False
[obj_inside_of] obj=obj obj_pos=[ 2.2528813  -0.34082183  0.9391845 ] fixture_pos=[ 1.69       -0.30085139  0.97534056] fsize=[0.85139319 0.55       0.21540247] shifted_fpos=[ 1.69       -0.25085139  0.97534056] lower=[ 1.44       -0.45085139  0.71763932] upper=[ 1.94       -0.05085139  1.23304179] inside=False
[obj_inside_of] obj=obj obj_pos=[ 2.2528822 -0.3408189  0.9391849] fixture_pos=[ 1.69       -0.30085139  0.97534056] fsize=[0.85139319 0.55       0.21540247] shifted_fpos=[ 1.69       -0.25085139  0.97534056] lower=[ 1.44       -0.45085139  0.71763932] upper=[ 1.94       -0.05085139  1.23304179] inside=False
[obj_inside_of] obj=obj obj_pos=[ 2.2528813  -0.34082195  0.9391845 ] fixture_pos=[ 1.69       -0.30085139  0.97534056] fsize=[0.85139319 0.55       0.21540247] shifted_fpos=[ 1.69       -0.25085139  0.97534056] lower=[ 1.44       -0.45085139  0.71763932] upper=[ 1.94       -0.05085139  1.23304179] inside=False
[obj_inside_of] obj=obj obj_pos=[ 2.2528822  -0.34081897  0.93918496] fixture_pos=[ 1.69       -0.30085139  0.97534056] fsize=[0.85139319 0.55       0.21540247] shifted_fpos=[ 1.69       -0.25085139  0.97534056] lower=[ 1.44       -0.45085139  0.71763932] upper=[ 1.94       -0.05085139  1.23304179] inside=False
[obj_inside_of] obj=obj obj_pos=[ 2.2528813  -0.34082192  0.9391845 ] fixture_pos=[ 1.69       -0.30085139  0.97534056] fsize=[0.85139319 0.55       0.21540247] shifted_fpos=[ 1.69       -0.25085139  0.97534056] lower=[ 1.44       -0.45085139  0.71763932] upper=[ 1.94       -0.05085139  1.23304179] inside=False
[obj_inside_of] obj=obj obj_pos=[ 2.2528822  -0.3408189   0.93918496] fixture_pos=[ 1.69       -0.30085139  0.97534056] fsize=[0.85139319 0.55       0.21540247] shifted_fpos=[ 1.69       -0.25085139  0.97534056] lower=[ 1.44       -0.45085139  0.71763932] upper=[ 1.94       -0.05085139  1.23304179] inside=False
[obj_inside_of] obj=obj obj_pos=[ 2.2528813 -0.3408219  0.9391845] fixture_pos=[ 1.69       -0.30085139  0.97534056] fsize=[0.85139319 0.55       0.21540247] shifted_fpos=[ 1.69       -0.25085139  0.97534056] lower=[ 1.44       -0.45085139  0.71763932] upper=[ 1.94       -0.05085139  1.23304179] inside=False
[obj_inside_of] obj=obj obj_pos=[ 2.2528822  -0.3408189   0.93918496] fixture_pos=[ 1.69       -0.30085139  0.97534056] fsize=[0.85139319 0.55       0.21540247] shifted_fpos=[ 1.69       -0.25085139  0.97534056] lower=[ 1.44       -0.45085139  0.71763932] upper=[ 1.94       -0.05085139  1.23304179] inside=False
[obj_inside_of] obj=obj obj_pos=[ 2.2528813  -0.34082198  0.9391845 ] fixture_pos=[ 1.69       -0.30085139  0.97534056] fsize=[0.85139319 0.55       0.21540247] shifted_fpos=[ 1.69       -0.25085139  0.97534056] lower=[ 1.44       -0.45085139  0.71763932] upper=[ 1.94       -0.05085139  1.23304179] inside=False
[obj_inside_of] obj=obj obj_pos=[ 2.2528822  -0.34081888  0.93918496] fixture_pos=[ 1.69       -0.30085139  0.97534056] fsize=[0.85139319 0.55       0.21540247] shifted_fpos=[ 1.69       -0.25085139  0.97534056] lower=[ 1.44       -0.45085139  0.71763932] upper=[ 1.94       -0.05085139  1.23304179] inside=False
[obj_inside_of] obj=obj obj_pos=[ 2.2528813  -0.34082195  0.9391845 ] fixture_pos=[ 1.69       -0.30085139  0.97534056] fsize=[0.85139319 0.55       0.21540247] shifted_fpos=[ 1.69       -0.25085139  0.97534056] lower=[ 1.44       -0.45085139  0.71763932] upper=[ 1.94       -0.05085139  1.23304179] inside=False
[obj_inside_of] obj=obj obj_pos=[ 2.2528822 -0.3408191  0.9391849] fixture_pos=[ 1.69       -0.30085139  0.97534056] fsize=[0.85139319 0.55       0.21540247] shifted_fpos=[ 1.69       -0.25085139  0.97534056] lower=[ 1.44       -0.45085139  0.71763932] upper=[ 1.94       -0.05085139  1.23304179] inside=False
[obj_inside_of] obj=obj obj_pos=[ 2.2528813  -0.34082192  0.9391844 ] fixture_pos=[ 1.69       -0.30085139  0.97534056] fsize=[0.85139319 0.55       0.21540247] shifted_fpos=[ 1.69       -0.25085139  0.97534056] lower=[ 1.44       -0.45085139  0.71763932] upper=[ 1.94       -0.05085139  1.23304179] inside=False
[obj_inside_of] obj=obj obj_pos=[ 2.2528822  -0.34081894  0.93918496] fixture_pos=[ 1.69       -0.30085139  0.97534056] fsize=[0.85139319 0.55       0.21540247] shifted_fpos=[ 1.69       -0.25085139  0.97534056] lower=[ 1.44       -0.45085139  0.71763932] upper=[ 1.94       -0.05085139  1.23304179] inside=False
[obj_inside_of] obj=obj obj_pos=[ 2.2528813  -0.34082195  0.9391844 ] fixture_pos=[ 1.69       -0.30085139  0.97534056] fsize=[0.85139319 0.55       0.21540247] shifted_fpos=[ 1.69       -0.25085139  0.97534056] lower=[ 1.44       -0.45085139  0.71763932] upper=[ 1.94       -0.05085139  1.23304179] inside=False
[obj_inside_of] obj=obj obj_pos=[ 2.2528822  -0.340819    0.93918496] fixture_pos=[ 1.69       -0.30085139  0.97534056] fsize=[0.85139319 0.55       0.21540247] shifted_fpos=[ 1.69       -0.25085139  0.97534056] lower=[ 1.44       -0.45085139  0.71763932] upper=[ 1.94       -0.05085139  1.23304179] inside=False
[obj_inside_of] obj=obj obj_pos=[ 2.2528813  -0.34082204  0.9391845 ] fixture_pos=[ 1.69       -0.30085139  0.97534056] fsize=[0.85139319 0.55       0.21540247] shifted_fpos=[ 1.69       -0.25085139  0.97534056] lower=[ 1.44       -0.45085139  0.71763932] upper=[ 1.94       -0.05085139  1.23304179] inside=False
[obj_inside_of] obj=obj obj_pos=[ 2.2528822  -0.3408189   0.93918496] fixture_pos=[ 1.69       -0.30085139  0.97534056] fsize=[0.85139319 0.55       0.21540247] shifted_fpos=[ 1.69       -0.25085139  0.97534056] lower=[ 1.44       -0.45085139  0.71763932] upper=[ 1.94       -0.05085139  1.23304179] inside=False
[obj_inside_of] obj=obj obj_pos=[ 2.2528813  -0.34082186  0.9391845 ] fixture_pos=[ 1.69       -0.30085139  0.97534056] fsize=[0.85139319 0.55       0.21540247] shifted_fpos=[ 1.69       -0.25085139  0.97534056] lower=[ 1.44       -0.45085139  0.71763932] upper=[ 1.94       -0.05085139  1.23304179] inside=False
[obj_inside_of] obj=obj obj_pos=[ 2.2528822  -0.340819    0.93918496] fixture_pos=[ 1.69       -0.30085139  0.97534056] fsize=[0.85139319 0.55       0.21540247] shifted_fpos=[ 1.69       -0.25085139  0.97534056] lower=[ 1.44       -0.45085139  0.71763932] upper=[ 1.94       -0.05085139  1.23304179] inside=False
[obj_inside_of] obj=obj obj_pos=[ 2.2528813  -0.34082195  0.9391844 ] fixture_pos=[ 1.69       -0.30085139  0.97534056] fsize=[0.85139319 0.55       0.21540247] shifted_fpos=[ 1.69       -0.25085139  0.97534056] lower=[ 1.44       -0.45085139  0.71763932] upper=[ 1.94       -0.05085139  1.23304179] inside=False
[obj_inside_of] obj=obj obj_pos=[ 2.2528822  -0.34081888  0.93918496] fixture_pos=[ 1.69       -0.30085139  0.97534056] fsize=[0.85139319 0.55       0.21540247] shifted_fpos=[ 1.69       -0.25085139  0.97534056] lower=[ 1.44       -0.45085139  0.71763932] upper=[ 1.94       -0.05085139  1.23304179] inside=False
[obj_inside_of] obj=obj obj_pos=[ 2.2528813  -0.34082192  0.9391844 ] fixture_pos=[ 1.69       -0.30085139  0.97534056] fsize=[0.85139319 0.55       0.21540247] shifted_fpos=[ 1.69       -0.25085139  0.97534056] lower=[ 1.44       -0.45085139  0.71763932] upper=[ 1.94       -0.05085139  1.23304179] inside=False
[obj_inside_of] obj=obj obj_pos=[ 2.2528822  -0.34081894  0.93918496] fixture_pos=[ 1.69       -0.30085139  0.97534056] fsize=[0.85139319 0.55       0.21540247] shifted_fpos=[ 1.69       -0.25085139  0.97534056] lower=[ 1.44       -0.45085139  0.71763932] upper=[ 1.94       -0.05085139  1.23304179] inside=False
[obj_inside_of] obj=obj obj_pos=[ 2.2528813  -0.34082195  0.9391845 ] fixture_pos=[ 1.69       -0.30085139  0.97534056] fsize=[0.85139319 0.55       0.21540247] shifted_fpos=[ 1.69       -0.25085139  0.97534056] lower=[ 1.44       -0.45085139  0.71763932] upper=[ 1.94       -0.05085139  1.23304179] inside=False
[obj_inside_of] obj=obj obj_pos=[ 2.2528822  -0.340819    0.93918496] fixture_pos=[ 1.69       -0.30085139  0.97534056] fsize=[0.85139319 0.55       0.21540247] shifted_fpos=[ 1.69       -0.25085139  0.97534056] lower=[ 1.44       -0.45085139  0.71763932] upper=[ 1.94       -0.05085139  1.23304179] inside=False
[obj_inside_of] obj=obj obj_pos=[ 2.2528813  -0.34082207  0.9391845 ] fixture_pos=[ 1.69       -0.30085139  0.97534056] fsize=[0.85139319 0.55       0.21540247] shifted_fpos=[ 1.69       -0.25085139  0.97534056] lower=[ 1.44       -0.45085139  0.71763932] upper=[ 1.94       -0.05085139  1.23304179] inside=False
[obj_inside_of] obj=obj obj_pos=[ 2.2528822  -0.34081903  0.93918496] fixture_pos=[ 1.69       -0.30085139  0.97534056] fsize=[0.85139319 0.55       0.21540247] shifted_fpos=[ 1.69       -0.25085139  0.97534056] lower=[ 1.44       -0.45085139  0.71763932] upper=[ 1.94       -0.05085139  1.23304179] inside=False
[obj_inside_of] obj=obj obj_pos=[ 2.2528815  -0.34082195  0.9391845 ] fixture_pos=[ 1.69       -0.30085139  0.97534056] fsize=[0.85139319 0.55       0.21540247] shifted_fpos=[ 1.69       -0.25085139  0.97534056] lower=[ 1.44       -0.45085139  0.71763932] upper=[ 1.94       -0.05085139  1.23304179] inside=False
[obj_inside_of] obj=obj obj_pos=[ 2.2528822  -0.3408189   0.93918496] fixture_pos=[ 1.69       -0.30085139  0.97534056] fsize=[0.85139319 0.55       0.21540247] shifted_fpos=[ 1.69       -0.25085139  0.97534056] lower=[ 1.44       -0.45085139  0.71763932] upper=[ 1.94       -0.05085139  1.23304179] inside=False
[obj_inside_of] obj=obj obj_pos=[ 2.2528813  -0.34082195  0.93918455] fixture_pos=[ 1.69       -0.30085139  0.97534056] fsize=[0.85139319 0.55       0.21540247] shifted_fpos=[ 1.69       -0.25085139  0.97534056] lower=[ 1.44       -0.45085139  0.71763932] upper=[ 1.94       -0.05085139  1.23304179] inside=False
[obj_inside_of] obj=obj obj_pos=[ 2.2528825 -0.3408188  0.9391849] fixture_pos=[ 1.69       -0.30085139  0.97534056] fsize=[0.85139319 0.55       0.21540247] shifted_fpos=[ 1.69       -0.25085139  0.97534056] lower=[ 1.44       -0.45085139  0.71763932] upper=[ 1.94       -0.05085139  1.23304179] inside=False
[obj_inside_of] obj=obj obj_pos=[ 2.2528813  -0.34082195  0.9391845 ] fixture_pos=[ 1.69       -0.30085139  0.97534056] fsize=[0.85139319 0.55       0.21540247] shifted_fpos=[ 1.69       -0.25085139  0.97534056] lower=[ 1.44       -0.45085139  0.71763932] upper=[ 1.94       -0.05085139  1.23304179] inside=False
[obj_inside_of] obj=obj obj_pos=[ 2.2528822  -0.34081882  0.939185  ] fixture_pos=[ 1.69       -0.30085139  0.97534056] fsize=[0.85139319 0.55       0.21540247] shifted_fpos=[ 1.69       -0.25085139  0.97534056] lower=[ 1.44       -0.45085139  0.71763932] upper=[ 1.94       -0.05085139  1.23304179] inside=False
[obj_inside_of] obj=obj obj_pos=[ 2.2528813  -0.34082186  0.9391845 ] fixture_pos=[ 1.69       -0.30085139  0.97534056] fsize=[0.85139319 0.55       0.21540247] shifted_fpos=[ 1.69       -0.25085139  0.97534056] lower=[ 1.44       -0.45085139  0.71763932] upper=[ 1.94       -0.05085139  1.23304179] inside=False
[obj_inside_of] obj=obj obj_pos=[ 2.2528822  -0.340819    0.93918496] fixture_pos=[ 1.69       -0.30085139  0.97534056] fsize=[0.85139319 0.55       0.21540247] shifted_fpos=[ 1.69       -0.25085139  0.97534056] lower=[ 1.44       -0.45085139  0.71763932] upper=[ 1.94       -0.05085139  1.23304179] inside=False
[obj_inside_of] obj=obj obj_pos=[ 2.2528813  -0.34082198  0.9391845 ] fixture_pos=[ 1.69       -0.30085139  0.97534056] fsize=[0.85139319 0.55       0.21540247] shifted_fpos=[ 1.69       -0.25085139  0.97534056] lower=[ 1.44       -0.45085139  0.71763932] upper=[ 1.94       -0.05085139  1.23304179] inside=False
[obj_inside_of] obj=obj obj_pos=[ 2.2528822  -0.34081888  0.93918496] fixture_pos=[ 1.69       -0.30085139  0.97534056] fsize=[0.85139319 0.55       0.21540247] shifted_fpos=[ 1.69       -0.25085139  0.97534056] lower=[ 1.44       -0.45085139  0.71763932] upper=[ 1.94       -0.05085139  1.23304179] inside=False
[obj_inside_of] obj=obj obj_pos=[ 2.2528813  -0.34082198  0.9391845 ] fixture_pos=[ 1.69       -0.30085139  0.97534056] fsize=[0.85139319 0.55       0.21540247] shifted_fpos=[ 1.69       -0.25085139  0.97534056] lower=[ 1.44       -0.45085139  0.71763932] upper=[ 1.94       -0.05085139  1.23304179] inside=False
[obj_inside_of] obj=obj obj_pos=[ 2.2528822  -0.34081888  0.93918496] fixture_pos=[ 1.69       -0.30085139  0.97534056] fsize=[0.85139319 0.55       0.21540247] shifted_fpos=[ 1.69       -0.25085139  0.97534056] lower=[ 1.44       -0.45085139  0.71763932] upper=[ 1.94       -0.05085139  1.23304179] inside=False
[obj_inside_of] obj=obj obj_pos=[ 2.2528813 -0.3408219  0.9391845] fixture_pos=[ 1.69       -0.30085139  0.97534056] fsize=[0.85139319 0.55       0.21540247] shifted_fpos=[ 1.69       -0.25085139  0.97534056] lower=[ 1.44       -0.45085139  0.71763932] upper=[ 1.94       -0.05085139  1.23304179] inside=False
[obj_inside_of] obj=obj obj_pos=[ 2.2528822  -0.340819    0.93918496] fixture_pos=[ 1.69       -0.30085139  0.97534056] fsize=[0.85139319 0.55       0.21540247] shifted_fpos=[ 1.69       -0.25085139  0.97534056] lower=[ 1.44       -0.45085139  0.71763932] upper=[ 1.94       -0.05085139  1.23304179] inside=False
[obj_inside_of] obj=obj obj_pos=[ 2.2528813  -0.34082192  0.9391845 ] fixture_pos=[ 1.69       -0.30085139  0.97534056] fsize=[0.85139319 0.55       0.21540247] shifted_fpos=[ 1.69       -0.25085139  0.97534056] lower=[ 1.44       -0.45085139  0.71763932] upper=[ 1.94       -0.05085139  1.23304179] inside=False
[obj_inside_of] obj=obj obj_pos=[ 2.2528822  -0.34081897  0.93918484] fixture_pos=[ 1.69       -0.30085139  0.97534056] fsize=[0.85139319 0.55       0.21540247] shifted_fpos=[ 1.69       -0.25085139  0.97534056] lower=[ 1.44       -0.45085139  0.71763932] upper=[ 1.94       -0.05085139  1.23304179] inside=False
[obj_inside_of] obj=obj obj_pos=[ 2.2528813  -0.34082195  0.93918455] fixture_pos=[ 1.69       -0.30085139  0.97534056] fsize=[0.85139319 0.55       0.21540247] shifted_fpos=[ 1.69       -0.25085139  0.97534056] lower=[ 1.44       -0.45085139  0.71763932] upper=[ 1.94       -0.05085139  1.23304179] inside=False
[obj_inside_of] obj=obj obj_pos=[ 2.2528806  -0.34082207  0.9391845 ] fixture_pos=[ 1.69       -0.30085139  0.97534056] fsize=[0.85139319 0.55       0.21540247] shifted_fpos=[ 1.69       -0.25085139  0.97534056] lower=[ 1.44       -0.45085139  0.71763932] upper=[ 1.94       -0.05085139  1.23304179] inside=False
[obj_inside_of] obj=obj obj_pos=[ 2.2528822  -0.3408188   0.93918496] fixture_pos=[ 1.69       -0.30085139  0.97534056] fsize=[0.85139319 0.55       0.21540247] shifted_fpos=[ 1.69       -0.25085139  0.97534056] lower=[ 1.44       -0.45085139  0.71763932] upper=[ 1.94       -0.05085139  1.23304179] inside=False
[obj_inside_of] obj=obj obj_pos=[ 2.252881   -0.34082186  0.9391844 ] fixture_pos=[ 1.69       -0.30085139  0.97534056] fsize=[0.85139319 0.55       0.21540247] shifted_fpos=[ 1.69       -0.25085139  0.97534056] lower=[ 1.44       -0.45085139  0.71763932] upper=[ 1.94       -0.05085139  1.23304179] inside=False
[obj_inside_of] obj=obj obj_pos=[ 2.252882   -0.34081888  0.9391849 ] fixture_pos=[ 1.69       -0.30085139  0.97534056] fsize=[0.85139319 0.55       0.21540247] shifted_fpos=[ 1.69       -0.25085139  0.97534056] lower=[ 1.44       -0.45085139  0.71763932] upper=[ 1.94       -0.05085139  1.23304179] inside=False
[obj_inside_of] obj=obj obj_pos=[ 2.2528813 -0.3408218  0.9391845] fixture_pos=[ 1.69       -0.30085139  0.97534056] fsize=[0.85139319 0.55       0.21540247] shifted_fpos=[ 1.69       -0.25085139  0.97534056] lower=[ 1.44       -0.45085139  0.71763932] upper=[ 1.94       -0.05085139  1.23304179] inside=False
[obj_inside_of] obj=obj obj_pos=[ 2.2528822  -0.34081885  0.93918496] fixture_pos=[ 1.69       -0.30085139  0.97534056] fsize=[0.85139319 0.55       0.21540247] shifted_fpos=[ 1.69       -0.25085139  0.97534056] lower=[ 1.44       -0.45085139  0.71763932] upper=[ 1.94       -0.05085139  1.23304179] inside=False
[obj_inside_of] obj=obj obj_pos=[ 2.252881   -0.34082174  0.9391844 ] fixture_pos=[ 1.69       -0.30085139  0.97534056] fsize=[0.85139319 0.55       0.21540247] shifted_fpos=[ 1.69       -0.25085139  0.97534056] lower=[ 1.44       -0.45085139  0.71763932] upper=[ 1.94       -0.05085139  1.23304179] inside=False
[obj_inside_of] obj=obj obj_pos=[ 2.2528822  -0.34081885  0.93918496] fixture_pos=[ 1.69       -0.30085139  0.97534056] fsize=[0.85139319 0.55       0.21540247] shifted_fpos=[ 1.69       -0.25085139  0.97534056] lower=[ 1.44       -0.45085139  0.71763932] upper=[ 1.94       -0.05085139  1.23304179] inside=False
[obj_inside_of] obj=obj obj_pos=[ 2.252881   -0.34082183  0.9391844 ] fixture_pos=[ 1.69       -0.30085139  0.97534056] fsize=[0.85139319 0.55       0.21540247] shifted_fpos=[ 1.69       -0.25085139  0.97534056] lower=[ 1.44       -0.45085139  0.71763932] upper=[ 1.94       -0.05085139  1.23304179] inside=False
[obj_inside_of] obj=obj obj_pos=[ 2.252881   -0.34082183  0.9391844 ] fixture_pos=[ 1.69       -0.30085139  0.97534056] fsize=[0.85139319 0.55       0.21540247] shifted_fpos=[ 1.69       -0.25085139  0.97534056] lower=[ 1.44       -0.45085139  0.71763932] upper=[ 1.94       -0.05085139  1.23304179] inside=False
[obj_inside_of] obj=obj obj_pos=[ 2.252881   -0.34082183  0.9391844 ] fixture_pos=[ 1.69       -0.30085139  0.97534056] fsize=[0.85139319 0.55       0.21540247] shifted_fpos=[ 1.69       -0.25085139  0.97534056] lower=[ 1.44       -0.45085139  0.71763932] upper=[ 1.94       -0.05085139  1.23304179] inside=False
[obj_inside_of] obj=obj obj_pos=[ 2.252881   -0.34082183  0.9391844 ] fixture_pos=[ 1.69       -0.30085139  0.97534056] fsize=[0.85139319 0.55       0.21540247] shifted_fpos=[ 1.69       -0.25085139  0.97534056] lower=[ 1.44       -0.45085139  0.71763932] upper=[ 1.94       -0.05085139  1.23304179] inside=False
[obj_inside_of] obj=obj obj_pos=[ 2.252881   -0.34082183  0.9391844 ] fixture_pos=[ 1.69       -0.30085139  0.97534056] fsize=[0.85139319 0.55       0.21540247] shifted_fpos=[ 1.69       -0.25085139  0.97534056] lower=[ 1.44       -0.45085139  0.71763932] upper=[ 1.94       -0.05085139  1.23304179] inside=False
[obj_inside_of] obj=obj obj_pos=[ 2.252881   -0.34082183  0.9391844 ] fixture_pos=[ 1.69       -0.30085139  0.97534056] fsize=[0.85139319 0.55       0.21540247] shifted_fpos=[ 1.69       -0.25085139  0.97534056] lower=[ 1.44       -0.45085139  0.71763932] upper=[ 1.94       -0.05085139  1.23304179] inside=False
[obj_inside_of] obj=obj obj_pos=[ 2.252881   -0.34082183  0.9391844 ] fixture_pos=[ 1.69       -0.30085139  0.97534056] fsize=[0.85139319 0.55       0.21540247] shifted_fpos=[ 1.69       -0.25085139  0.97534056] lower=[ 1.44       -0.45085139  0.71763932] upper=[ 1.94       -0.05085139  1.23304179] inside=False
[obj_inside_of] obj=obj obj_pos=[ 2.252881   -0.34082183  0.9391844 ] fixture_pos=[ 1.69       -0.30085139  0.97534056] fsize=[0.85139319 0.55       0.21540247] shifted_fpos=[ 1.69       -0.25085139  0.97534056] lower=[ 1.44       -0.45085139  0.71763932] upper=[ 1.94       -0.05085139  1.23304179] inside=False
[obj_inside_of] obj=obj obj_pos=[ 2.252881   -0.34082183  0.9391844 ] fixture_pos=[ 1.69       -0.30085139  0.97534056] fsize=[0.85139319 0.55       0.21540247] shifted_fpos=[ 1.69       -0.25085139  0.97534056] lower=[ 1.44       -0.45085139  0.71763932] upper=[ 1.94       -0.05085139  1.23304179] inside=False
[obj_inside_of] obj=obj obj_pos=[ 2.252881   -0.34082183  0.9391844 ] fixture_pos=[ 1.69       -0.30085139  0.97534056] fsize=[0.85139319 0.55       0.21540247] shifted_fpos=[ 1.69       -0.25085139  0.97534056] lower=[ 1.44       -0.45085139  0.71763932] upper=[ 1.94       -0.05085139  1.23304179] inside=False
[obj_inside_of] obj=obj obj_pos=[ 2.252881   -0.34082183  0.9391844 ] fixture_pos=[ 1.69       -0.30085139  0.97534056] fsize=[0.85139319 0.55       0.21540247] shifted_fpos=[ 1.69       -0.25085139  0.97534056] lower=[ 1.44       -0.45085139  0.71763932] upper=[ 1.94       -0.05085139  1.23304179] inside=False
[obj_inside_of] obj=obj obj_pos=[ 2.252881   -0.34082183  0.9391844 ] fixture_pos=[ 1.69       -0.30085139  0.97534056] fsize=[0.85139319 0.55       0.21540247] shifted_fpos=[ 1.69       -0.25085139  0.97534056] lower=[ 1.44       -0.45085139  0.71763932] upper=[ 1.94       -0.05085139  1.23304179] inside=False
[obj_inside_of] obj=obj obj_pos=[ 2.252881   -0.34082183  0.9391844 ] fixture_pos=[ 1.69       -0.30085139  0.97534056] fsize=[0.85139319 0.55       0.21540247] shifted_fpos=[ 1.69       -0.25085139  0.97534056] lower=[ 1.44       -0.45085139  0.71763932] upper=[ 1.94       -0.05085139  1.23304179] inside=False
[obj_inside_of] obj=obj obj_pos=[ 2.252881   -0.34082183  0.9391844 ] fixture_pos=[ 1.69       -0.30085139  0.97534056] fsize=[0.85139319 0.55       0.21540247] shifted_fpos=[ 1.69       -0.25085139  0.97534056] lower=[ 1.44       -0.45085139  0.71763932] upper=[ 1.94       -0.05085139  1.23304179] inside=False
[obj_inside_of] obj=obj obj_pos=[ 2.252881   -0.34082183  0.9391844 ] fixture_pos=[ 1.69       -0.30085139  0.97534056] fsize=[0.85139319 0.55       0.21540247] shifted_fpos=[ 1.69       -0.25085139  0.97534056] lower=[ 1.44       -0.45085139  0.71763932] upper=[ 1.94       -0.05085139  1.23304179] inside=False
[obj_inside_of] obj=obj obj_pos=[ 2.252881   -0.34082183  0.9391844 ] fixture_pos=[ 1.69       -0.30085139  0.97534056] fsize=[0.85139319 0.55       0.21540247] shifted_fpos=[ 1.69       -0.25085139  0.97534056] lower=[ 1.44       -0.45085139  0.71763932] upper=[ 1.94       -0.05085139  1.23304179] inside=False
[obj_inside_of] obj=obj obj_pos=[ 2.252881   -0.34082183  0.9391844 ] fixture_pos=[ 1.69       -0.30085139  0.97534056] fsize=[0.85139319 0.55       0.21540247] shifted_fpos=[ 1.69       -0.25085139  0.97534056] lower=[ 1.44       -0.45085139  0.71763932] upper=[ 1.94       -0.05085139  1.23304179] inside=False
[obj_inside_of] obj=obj obj_pos=[ 2.252881   -0.34082183  0.9391844 ] fixture_pos=[ 1.69       -0.30085139  0.97534056] fsize=[0.85139319 0.55       0.21540247] shifted_fpos=[ 1.69       -0.25085139  0.97534056] lower=[ 1.44       -0.45085139  0.71763932] upper=[ 1.94       -0.05085139  1.23304179] inside=False
[obj_inside_of] obj=obj obj_pos=[ 2.252881   -0.34082183  0.9391844 ] fixture_pos=[ 1.69       -0.30085139  0.97534056] fsize=[0.85139319 0.55       0.21540247] shifted_fpos=[ 1.69       -0.25085139  0.97534056] lower=[ 1.44       -0.45085139  0.71763932] upper=[ 1.94       -0.05085139  1.23304179] inside=False
[obj_inside_of] obj=obj obj_pos=[ 2.252881   -0.34082183  0.9391844 ] fixture_pos=[ 1.69       -0.30085139  0.97534056] fsize=[0.85139319 0.55       0.21540247] shifted_fpos=[ 1.69       -0.25085139  0.97534056] lower=[ 1.44       -0.45085139  0.71763932] upper=[ 1.94       -0.05085139  1.23304179] inside=False
[obj_inside_of] obj=obj obj_pos=[ 2.252881   -0.34082183  0.9391844 ] fixture_pos=[ 1.69       -0.30085139  0.97534056] fsize=[0.85139319 0.55       0.21540247] shifted_fpos=[ 1.69       -0.25085139  0.97534056] lower=[ 1.44       -0.45085139  0.71763932] upper=[ 1.94       -0.05085139  1.23304179] inside=False
[obj_inside_of] obj=obj obj_pos=[ 2.252881   -0.34082183  0.9391844 ] fixture_pos=[ 1.69       -0.30085139  0.97534056] fsize=[0.85139319 0.55       0.21540247] shifted_fpos=[ 1.69       -0.25085139  0.97534056] lower=[ 1.44       -0.45085139  0.71763932] upper=[ 1.94       -0.05085139  1.23304179] inside=False
[obj_inside_of] obj=obj obj_pos=[ 2.252881   -0.34082183  0.9391844 ] fixture_pos=[ 1.69       -0.30085139  0.97534056] fsize=[0.85139319 0.55       0.21540247] shifted_fpos=[ 1.69       -0.25085139  0.97534056] lower=[ 1.44       -0.45085139  0.71763932] upper=[ 1.94       -0.05085139  1.23304179] inside=False
[obj_inside_of] obj=obj obj_pos=[ 2.252881   -0.34082183  0.9391844 ] fixture_pos=[ 1.69       -0.30085139  0.97534056] fsize=[0.85139319 0.55       0.21540247] shifted_fpos=[ 1.69       -0.25085139  0.97534056] lower=[ 1.44       -0.45085139  0.71763932] upper=[ 1.94       -0.05085139  1.23304179] inside=False
[obj_inside_of] obj=obj obj_pos=[ 2.252881   -0.34082183  0.9391844 ] fixture_pos=[ 1.69       -0.30085139  0.97534056] fsize=[0.85139319 0.55       0.21540247] shifted_fpos=[ 1.69       -0.25085139  0.97534056] lower=[ 1.44       -0.45085139  0.71763932] upper=[ 1.94       -0.05085139  1.23304179] inside=False
[obj_inside_of] obj=obj obj_pos=[ 2.252881   -0.34082183  0.9391844 ] fixture_pos=[ 1.69       -0.30085139  0.97534056] fsize=[0.85139319 0.55       0.21540247] shifted_fpos=[ 1.69       -0.25085139  0.97534056] lower=[ 1.44       -0.45085139  0.71763932] upper=[ 1.94       -0.05085139  1.23304179] inside=False
[obj_inside_of] obj=obj obj_pos=[ 2.252881   -0.34082183  0.9391844 ] fixture_pos=[ 1.69       -0.30085139  0.97534056] fsize=[0.85139319 0.55       0.21540247] shifted_fpos=[ 1.69       -0.25085139  0.97534056] lower=[ 1.44       -0.45085139  0.71763932] upper=[ 1.94       -0.05085139  1.23304179] inside=False
[obj_inside_of] obj=obj obj_pos=[ 2.252881   -0.34082183  0.9391844 ] fixture_pos=[ 1.69       -0.30085139  0.97534056] fsize=[0.85139319 0.55       0.21540247] shifted_fpos=[ 1.69       -0.25085139  0.97534056] lower=[ 1.44       -0.45085139  0.71763932] upper=[ 1.94       -0.05085139  1.23304179] inside=False
[obj_inside_of] obj=obj obj_pos=[ 2.252881   -0.34082183  0.9391844 ] fixture_pos=[ 1.69       -0.30085139  0.97534056] fsize=[0.85139319 0.55       0.21540247] shifted_fpos=[ 1.69       -0.25085139  0.97534056] lower=[ 1.44       -0.45085139  0.71763932] upper=[ 1.94       -0.05085139  1.23304179] inside=False
[obj_inside_of] obj=obj obj_pos=[ 2.252881   -0.34082183  0.9391844 ] fixture_pos=[ 1.69       -0.30085139  0.97534056] fsize=[0.85139319 0.55       0.21540247] shifted_fpos=[ 1.69       -0.25085139  0.97534056] lower=[ 1.44       -0.45085139  0.71763932] upper=[ 1.94       -0.05085139  1.23304179] inside=False
[obj_inside_of] obj=obj obj_pos=[ 2.252881   -0.34082183  0.9391844 ] fixture_pos=[ 1.69       -0.30085139  0.97534056] fsize=[0.85139319 0.55       0.21540247] shifted_fpos=[ 1.69       -0.25085139  0.97534056] lower=[ 1.44       -0.45085139  0.71763932] upper=[ 1.94       -0.05085139  1.23304179] inside=False
[obj_inside_of] obj=obj obj_pos=[ 2.252881   -0.34082183  0.9391844 ] fixture_pos=[ 1.69       -0.30085139  0.97534056] fsize=[0.85139319 0.55       0.21540247] shifted_fpos=[ 1.69       -0.25085139  0.97534056] lower=[ 1.44       -0.45085139  0.71763932] upper=[ 1.94       -0.05085139  1.23304179] inside=False
[obj_inside_of] obj=obj obj_pos=[ 2.252881   -0.34082183  0.9391844 ] fixture_pos=[ 1.69       -0.30085139  0.97534056] fsize=[0.85139319 0.55       0.21540247] shifted_fpos=[ 1.69       -0.25085139  0.97534056] lower=[ 1.44       -0.45085139  0.71763932] upper=[ 1.94       -0.05085139  1.23304179] inside=False
[obj_inside_of] obj=obj obj_pos=[ 2.252881   -0.34082183  0.9391844 ] fixture_pos=[ 1.69       -0.30085139  0.97534056] fsize=[0.85139319 0.55       0.21540247] shifted_fpos=[ 1.69       -0.25085139  0.97534056] lower=[ 1.44       -0.45085139  0.71763932] upper=[ 1.94       -0.05085139  1.23304179] inside=False
[obj_inside_of] obj=obj obj_pos=[ 2.252881   -0.34082183  0.9391844 ] fixture_pos=[ 1.69       -0.30085139  0.97534056] fsize=[0.85139319 0.55       0.21540247] shifted_fpos=[ 1.69       -0.25085139  0.97534056] lower=[ 1.44       -0.45085139  0.71763932] upper=[ 1.94       -0.05085139  1.23304179] inside=False
[obj_inside_of] obj=obj obj_pos=[ 2.252881   -0.34082183  0.9391844 ] fixture_pos=[ 1.69       -0.30085139  0.97534056] fsize=[0.85139319 0.55       0.21540247] shifted_fpos=[ 1.69       -0.25085139  0.97534056] lower=[ 1.44       -0.45085139  0.71763932] upper=[ 1.94       -0.05085139  1.23304179] inside=False
[obj_inside_of] obj=obj obj_pos=[ 2.252881   -0.34082183  0.9391844 ] fixture_pos=[ 1.69       -0.30085139  0.97534056] fsize=[0.85139319 0.55       0.21540247] shifted_fpos=[ 1.69       -0.25085139  0.97534056] lower=[ 1.44       -0.45085139  0.71763932] upper=[ 1.94       -0.05085139  1.23304179] inside=False
[obj_inside_of] obj=obj obj_pos=[ 2.252881   -0.34082183  0.9391844 ] fixture_pos=[ 1.69       -0.30085139  0.97534056] fsize=[0.85139319 0.55       0.21540247] shifted_fpos=[ 1.69       -0.25085139  0.97534056] lower=[ 1.44       -0.45085139  0.71763932] upper=[ 1.94       -0.05085139  1.23304179] inside=False
[obj_inside_of] obj=obj obj_pos=[ 2.252881   -0.34082183  0.9391844 ] fixture_pos=[ 1.69       -0.30085139  0.97534056] fsize=[0.85139319 0.55       0.21540247] shifted_fpos=[ 1.69       -0.25085139  0.97534056] lower=[ 1.44       -0.45085139  0.71763932] upper=[ 1.94       -0.05085139  1.23304179] inside=False
[obj_inside_of] obj=obj obj_pos=[ 2.252881   -0.34082183  0.9391844 ] fixture_pos=[ 1.69       -0.30085139  0.97534056] fsize=[0.85139319 0.55       0.21540247] shifted_fpos=[ 1.69       -0.25085139  0.97534056] lower=[ 1.44       -0.45085139  0.71763932] upper=[ 1.94       -0.05085139  1.23304179] inside=False
[obj_inside_of] obj=obj obj_pos=[ 2.252881   -0.34082183  0.9391844 ] fixture_pos=[ 1.69       -0.30085139  0.97534056] fsize=[0.85139319 0.55       0.21540247] shifted_fpos=[ 1.69       -0.25085139  0.97534056] lower=[ 1.44       -0.45085139  0.71763932] upper=[ 1.94       -0.05085139  1.23304179] inside=False
[obj_inside_of] obj=obj obj_pos=[ 2.252881   -0.34082183  0.9391844 ] fixture_pos=[ 1.69       -0.30085139  0.97534056] fsize=[0.85139319 0.55       0.21540247] shifted_fpos=[ 1.69       -0.25085139  0.97534056] lower=[ 1.44       -0.45085139  0.71763932] upper=[ 1.94       -0.05085139  1.23304179] inside=False
[obj_inside_of] obj=obj obj_pos=[ 2.252881   -0.34082183  0.9391844 ] fixture_pos=[ 1.69       -0.30085139  0.97534056] fsize=[0.85139319 0.55       0.21540247] shifted_fpos=[ 1.69       -0.25085139  0.97534056] lower=[ 1.44       -0.45085139  0.71763932] upper=[ 1.94       -0.05085139  1.23304179] inside=False
[obj_inside_of] obj=obj obj_pos=[ 2.252881   -0.34082183  0.9391844 ] fixture_pos=[ 1.69       -0.30085139  0.97534056] fsize=[0.85139319 0.55       0.21540247] shifted_fpos=[ 1.69       -0.25085139  0.97534056] lower=[ 1.44       -0.45085139  0.71763932] upper=[ 1.94       -0.05085139  1.23304179] inside=False
[obj_inside_of] obj=obj obj_pos=[ 2.252881   -0.34082183  0.9391844 ] fixture_pos=[ 1.69       -0.30085139  0.97534056] fsize=[0.85139319 0.55       0.21540247] shifted_fpos=[ 1.69       -0.25085139  0.97534056] lower=[ 1.44       -0.45085139  0.71763932] upper=[ 1.94       -0.05085139  1.23304179] inside=False
[obj_inside_of] obj=obj obj_pos=[ 2.252881   -0.34082183  0.9391844 ] fixture_pos=[ 1.69       -0.30085139  0.97534056] fsize=[0.85139319 0.55       0.21540247] shifted_fpos=[ 1.69       -0.25085139  0.97534056] lower=[ 1.44       -0.45085139  0.71763932] upper=[ 1.94       -0.05085139  1.23304179] inside=False
[obj_inside_of] obj=obj obj_pos=[ 2.252881   -0.34082183  0.9391844 ] fixture_pos=[ 1.69       -0.30085139  0.97534056] fsize=[0.85139319 0.55       0.21540247] shifted_fpos=[ 1.69       -0.25085139  0.97534056] lower=[ 1.44       -0.45085139  0.71763932] upper=[ 1.94       -0.05085139  1.23304179] inside=False
[obj_inside_of] obj=obj obj_pos=[ 2.252881   -0.34082183  0.9391844 ] fixture_pos=[ 1.69       -0.30085139  0.97534056] fsize=[0.85139319 0.55       0.21540247] shifted_fpos=[ 1.69       -0.25085139  0.97534056] lower=[ 1.44       -0.45085139  0.71763932] upper=[ 1.94       -0.05085139  1.23304179] inside=False
[obj_inside_of] obj=obj obj_pos=[ 2.252881   -0.34082183  0.9391844 ] fixture_pos=[ 1.69       -0.30085139  0.97534056] fsize=[0.85139319 0.55       0.21540247] shifted_fpos=[ 1.69       -0.25085139  0.97534056] lower=[ 1.44       -0.45085139  0.71763932] upper=[ 1.94       -0.05085139  1.23304179] inside=False
[obj_inside_of] obj=obj obj_pos=[ 2.252881   -0.34082183  0.9391844 ] fixture_pos=[ 1.69       -0.30085139  0.97534056] fsize=[0.85139319 0.55       0.21540247] shifted_fpos=[ 1.69       -0.25085139  0.97534056] lower=[ 1.44       -0.45085139  0.71763932] upper=[ 1.94       -0.05085139  1.23304179] inside=False
[obj_inside_of] obj=obj obj_pos=[ 2.252881   -0.34082183  0.9391844 ] fixture_pos=[ 1.69       -0.30085139  0.97534056] fsize=[0.85139319 0.55       0.21540247] shifted_fpos=[ 1.69       -0.25085139  0.97534056] lower=[ 1.44       -0.45085139  0.71763932] upper=[ 1.94       -0.05085139  1.23304179] inside=False
[obj_inside_of] obj=obj obj_pos=[ 2.252881   -0.34082183  0.9391844 ] fixture_pos=[ 1.69       -0.30085139  0.97534056] fsize=[0.85139319 0.55       0.21540247] shifted_fpos=[ 1.69       -0.25085139  0.97534056] lower=[ 1.44       -0.45085139  0.71763932] upper=[ 1.94       -0.05085139  1.23304179] inside=False
[obj_inside_of] obj=obj obj_pos=[ 2.252881   -0.34082183  0.9391844 ] fixture_pos=[ 1.69       -0.30085139  0.97534056] fsize=[0.85139319 0.55       0.21540247] shifted_fpos=[ 1.69       -0.25085139  0.97534056] lower=[ 1.44       -0.45085139  0.71763932] upper=[ 1.94       -0.05085139  1.23304179] inside=False
[obj_inside_of] obj=obj obj_pos=[ 2.252881   -0.34082183  0.9391844 ] fixture_pos=[ 1.69       -0.30085139  0.97534056] fsize=[0.85139319 0.55       0.21540247] shifted_fpos=[ 1.69       -0.25085139  0.97534056] lower=[ 1.44       -0.45085139  0.71763932] upper=[ 1.94       -0.05085139  1.23304179] inside=False
[obj_inside_of] obj=obj obj_pos=[ 2.252881   -0.34082183  0.9391844 ] fixture_pos=[ 1.69       -0.30085139  0.97534056] fsize=[0.85139319 0.55       0.21540247] shifted_fpos=[ 1.69       -0.25085139  0.97534056] lower=[ 1.44       -0.45085139  0.71763932] upper=[ 1.94       -0.05085139  1.23304179] inside=False
[obj_inside_of] obj=obj obj_pos=[ 2.252881   -0.34082183  0.9391844 ] fixture_pos=[ 1.69       -0.30085139  0.97534056] fsize=[0.85139319 0.55       0.21540247] shifted_fpos=[ 1.69       -0.25085139  0.97534056] lower=[ 1.44       -0.45085139  0.71763932] upper=[ 1.94       -0.05085139  1.23304179] inside=False
[obj_inside_of] obj=obj obj_pos=[ 2.252881   -0.34082183  0.9391844 ] fixture_pos=[ 1.69       -0.30085139  0.97534056] fsize=[0.85139319 0.55       0.21540247] shifted_fpos=[ 1.69       -0.25085139  0.97534056] lower=[ 1.44       -0.45085139  0.71763932] upper=[ 1.94       -0.05085139  1.23304179] inside=False
[obj_inside_of] obj=obj obj_pos=[ 2.252881   -0.34082183  0.9391844 ] fixture_pos=[ 1.69       -0.30085139  0.97534056] fsize=[0.85139319 0.55       0.21540247] shifted_fpos=[ 1.69       -0.25085139  0.97534056] lower=[ 1.44       -0.45085139  0.71763932] upper=[ 1.94       -0.05085139  1.23304179] inside=False
[obj_inside_of] obj=obj obj_pos=[ 2.252881   -0.34082183  0.9391844 ] fixture_pos=[ 1.69       -0.30085139  0.97534056] fsize=[0.85139319 0.55       0.21540247] shifted_fpos=[ 1.69       -0.25085139  0.97534056] lower=[ 1.44       -0.45085139  0.71763932] upper=[ 1.94       -0.05085139  1.23304179] inside=False
[obj_inside_of] obj=obj obj_pos=[ 2.252881   -0.34082183  0.9391844 ] fixture_pos=[ 1.69       -0.30085139  0.97534056] fsize=[0.85139319 0.55       0.21540247] shifted_fpos=[ 1.69       -0.25085139  0.97534056] lower=[ 1.44       -0.45085139  0.71763932] upper=[ 1.94       -0.05085139  1.23304179] inside=False
[obj_inside_of] obj=obj obj_pos=[ 2.252881   -0.34082183  0.9391844 ] fixture_pos=[ 1.69       -0.30085139  0.97534056] fsize=[0.85139319 0.55       0.21540247] shifted_fpos=[ 1.69       -0.25085139  0.97534056] lower=[ 1.44       -0.45085139  0.71763932] upper=[ 1.94       -0.05085139  1.23304179] inside=False
[obj_inside_of] obj=obj obj_pos=[ 2.252881   -0.34082183  0.9391844 ] fixture_pos=[ 1.69       -0.30085139  0.97534056] fsize=[0.85139319 0.55       0.21540247] shifted_fpos=[ 1.69       -0.25085139  0.97534056] lower=[ 1.44       -0.45085139  0.71763932] upper=[ 1.94       -0.05085139  1.23304179] inside=False
[obj_inside_of] obj=obj obj_pos=[ 2.252881   -0.34082183  0.9391844 ] fixture_pos=[ 1.69       -0.30085139  0.97534056] fsize=[0.85139319 0.55       0.21540247] shifted_fpos=[ 1.69       -0.25085139  0.97534056] lower=[ 1.44       -0.45085139  0.71763932] upper=[ 1.94       -0.05085139  1.23304179] inside=False
[obj_inside_of] obj=obj obj_pos=[ 2.252881   -0.34082183  0.9391844 ] fixture_pos=[ 1.69       -0.30085139  0.97534056] fsize=[0.85139319 0.55       0.21540247] shifted_fpos=[ 1.69       -0.25085139  0.97534056] lower=[ 1.44       -0.45085139  0.71763932] upper=[ 1.94       -0.05085139  1.23304179] inside=False
[obj_inside_of] obj=obj obj_pos=[ 2.252881   -0.34082183  0.9391844 ] fixture_pos=[ 1.69       -0.30085139  0.97534056] fsize=[0.85139319 0.55       0.21540247] shifted_fpos=[ 1.69       -0.25085139  0.97534056] lower=[ 1.44       -0.45085139  0.71763932] upper=[ 1.94       -0.05085139  1.23304179] inside=False
[obj_inside_of] obj=obj obj_pos=[ 2.252881   -0.34082183  0.9391844 ] fixture_pos=[ 1.69       -0.30085139  0.97534056] fsize=[0.85139319 0.55       0.21540247] shifted_fpos=[ 1.69       -0.25085139  0.97534056] lower=[ 1.44       -0.45085139  0.71763932] upper=[ 1.94       -0.05085139  1.23304179] inside=False
[obj_inside_of] obj=obj obj_pos=[ 2.252881   -0.34082183  0.9391844 ] fixture_pos=[ 1.69       -0.30085139  0.97534056] fsize=[0.85139319 0.55       0.21540247] shifted_fpos=[ 1.69       -0.25085139  0.97534056] lower=[ 1.44       -0.45085139  0.71763932] upper=[ 1.94       -0.05085139  1.23304179] inside=False
[obj_inside_of] obj=obj obj_pos=[ 2.252881   -0.34082183  0.9391844 ] fixture_pos=[ 1.69       -0.30085139  0.97534056] fsize=[0.85139319 0.55       0.21540247] shifted_fpos=[ 1.69       -0.25085139  0.97534056] lower=[ 1.44       -0.45085139  0.71763932] upper=[ 1.94       -0.05085139  1.23304179] inside=False
[obj_inside_of] obj=obj obj_pos=[ 2.2528775 -0.3408355  0.9391848] fixture_pos=[ 1.69       -0.30085139  0.97534056] fsize=[0.85139319 0.55       0.21540247] shifted_fpos=[ 1.69       -0.25085139  0.97534056] lower=[ 1.44       -0.45085139  0.71763932] upper=[ 1.94       -0.05085139  1.23304179] inside=False
[obj_inside_of] obj=obj obj_pos=[ 2.252884   -0.34080902  0.9391855 ] fixture_pos=[ 1.69       -0.30085139  0.97534056] fsize=[0.85139319 0.55       0.21540247] shifted_fpos=[ 1.69       -0.25085139  0.97534056] lower=[ 1.44       -0.45085139  0.71763932] upper=[ 1.94       -0.05085139  1.23304179] inside=False
[obj_inside_of] obj=obj obj_pos=[ 2.252878   -0.34083596  0.9391847 ] fixture_pos=[ 1.69       -0.30085139  0.97534056] fsize=[0.85139319 0.55       0.21540247] shifted_fpos=[ 1.69       -0.25085139  0.97534056] lower=[ 1.44       -0.45085139  0.71763932] upper=[ 1.94       -0.05085139  1.23304179] inside=False
[obj_inside_of] obj=obj obj_pos=[ 2.252884   -0.34080896  0.93918544] fixture_pos=[ 1.69       -0.30085139  0.97534056] fsize=[0.85139319 0.55       0.21540247] shifted_fpos=[ 1.69       -0.25085139  0.97534056] lower=[ 1.44       -0.45085139  0.71763932] upper=[ 1.94       -0.05085139  1.23304179] inside=False
[obj_inside_of] obj=obj obj_pos=[ 2.252878   -0.34083593  0.9391848 ] fixture_pos=[ 1.69       -0.30085139  0.97534056] fsize=[0.85139319 0.55       0.21540247] shifted_fpos=[ 1.69       -0.25085139  0.97534056] lower=[ 1.44       -0.45085139  0.71763932] upper=[ 1.94       -0.05085139  1.23304179] inside=False
[obj_inside_of] obj=obj obj_pos=[ 2.252884   -0.34080893  0.9391855 ] fixture_pos=[ 1.69       -0.30085139  0.97534056] fsize=[0.85139319 0.55       0.21540247] shifted_fpos=[ 1.69       -0.25085139  0.97534056] lower=[ 1.44       -0.45085139  0.71763932] upper=[ 1.94       -0.05085139  1.23304179] inside=False
[obj_inside_of] obj=obj obj_pos=[ 2.252878   -0.34083593  0.9391848 ] fixture_pos=[ 1.69       -0.30085139  0.97534056] fsize=[0.85139319 0.55       0.21540247] shifted_fpos=[ 1.69       -0.25085139  0.97534056] lower=[ 1.44       -0.45085139  0.71763932] upper=[ 1.94       -0.05085139  1.23304179] inside=False
[obj_inside_of] obj=obj obj_pos=[ 2.252884  -0.3408089  0.9391855] fixture_pos=[ 1.69       -0.30085139  0.97534056] fsize=[0.85139319 0.55       0.21540247] shifted_fpos=[ 1.69       -0.25085139  0.97534056] lower=[ 1.44       -0.45085139  0.71763932] upper=[ 1.94       -0.05085139  1.23304179] inside=False
[obj_inside_of] obj=obj obj_pos=[ 2.252878   -0.34083596  0.9391847 ] fixture_pos=[ 1.69       -0.30085139  0.97534056] fsize=[0.85139319 0.55       0.21540247] shifted_fpos=[ 1.69       -0.25085139  0.97534056] lower=[ 1.44       -0.45085139  0.71763932] upper=[ 1.94       -0.05085139  1.23304179] inside=False
[obj_inside_of] obj=obj obj_pos=[ 2.252884   -0.34080887  0.9391855 ] fixture_pos=[ 1.69       -0.30085139  0.97534056] fsize=[0.85139319 0.55       0.21540247] shifted_fpos=[ 1.69       -0.25085139  0.97534056] lower=[ 1.44       -0.45085139  0.71763932] upper=[ 1.94       -0.05085139  1.23304179] inside=False
[obj_inside_of] obj=obj obj_pos=[ 2.252878   -0.34083596  0.9391847 ] fixture_pos=[ 1.69       -0.30085139  0.97534056] fsize=[0.85139319 0.55       0.21540247] shifted_fpos=[ 1.69       -0.25085139  0.97534056] lower=[ 1.44       -0.45085139  0.71763932] upper=[ 1.94       -0.05085139  1.23304179] inside=False
[obj_inside_of] obj=obj obj_pos=[ 2.252884  -0.3408088  0.9391855] fixture_pos=[ 1.69       -0.30085139  0.97534056] fsize=[0.85139319 0.55       0.21540247] shifted_fpos=[ 1.69       -0.25085139  0.97534056] lower=[ 1.44       -0.45085139  0.71763932] upper=[ 1.94       -0.05085139  1.23304179] inside=False
[obj_inside_of] obj=obj obj_pos=[ 2.252878   -0.34083593  0.9391847 ] fixture_pos=[ 1.69       -0.30085139  0.97534056] fsize=[0.85139319 0.55       0.21540247] shifted_fpos=[ 1.69       -0.25085139  0.97534056] lower=[ 1.44       -0.45085139  0.71763932] upper=[ 1.94       -0.05085139  1.23304179] inside=False
[obj_inside_of] obj=obj obj_pos=[ 2.252884  -0.340809   0.9391855] fixture_pos=[ 1.69       -0.30085139  0.97534056] fsize=[0.85139319 0.55       0.21540247] shifted_fpos=[ 1.69       -0.25085139  0.97534056] lower=[ 1.44       -0.45085139  0.71763932] upper=[ 1.94       -0.05085139  1.23304179] inside=False
[obj_inside_of] obj=obj obj_pos=[ 2.252878   -0.34083593  0.9391847 ] fixture_pos=[ 1.69       -0.30085139  0.97534056] fsize=[0.85139319 0.55       0.21540247] shifted_fpos=[ 1.69       -0.25085139  0.97534056] lower=[ 1.44       -0.45085139  0.71763932] upper=[ 1.94       -0.05085139  1.23304179] inside=False
[obj_inside_of] obj=obj obj_pos=[ 2.252884   -0.34080896  0.93918544] fixture_pos=[ 1.69       -0.30085139  0.97534056] fsize=[0.85139319 0.55       0.21540247] shifted_fpos=[ 1.69       -0.25085139  0.97534056] lower=[ 1.44       -0.45085139  0.71763932] upper=[ 1.94       -0.05085139  1.23304179] inside=False
[obj_inside_of] obj=obj obj_pos=[ 2.252878  -0.3408359  0.9391847] fixture_pos=[ 1.69       -0.30085139  0.97534056] fsize=[0.85139319 0.55       0.21540247] shifted_fpos=[ 1.69       -0.25085139  0.97534056] lower=[ 1.44       -0.45085139  0.71763932] upper=[ 1.94       -0.05085139  1.23304179] inside=False
[obj_inside_of] obj=obj obj_pos=[ 2.252884  -0.340809   0.9391855] fixture_pos=[ 1.69       -0.30085139  0.97534056] fsize=[0.85139319 0.55       0.21540247] shifted_fpos=[ 1.69       -0.25085139  0.97534056] lower=[ 1.44       -0.45085139  0.71763932] upper=[ 1.94       -0.05085139  1.23304179] inside=False
[obj_inside_of] obj=obj obj_pos=[ 2.252878   -0.34083593  0.9391847 ] fixture_pos=[ 1.69       -0.30085139  0.97534056] fsize=[0.85139319 0.55       0.21540247] shifted_fpos=[ 1.69       -0.25085139  0.97534056] lower=[ 1.44       -0.45085139  0.71763932] upper=[ 1.94       -0.05085139  1.23304179] inside=False
[obj_inside_of] obj=obj obj_pos=[ 2.252884   -0.34080893  0.9391855 ] fixture_pos=[ 1.69       -0.30085139  0.97534056] fsize=[0.85139319 0.55       0.21540247] shifted_fpos=[ 1.69       -0.25085139  0.97534056] lower=[ 1.44       -0.45085139  0.71763932] upper=[ 1.94       -0.05085139  1.23304179] inside=False
[obj_inside_of] obj=obj obj_pos=[ 2.252878   -0.34083596  0.9391847 ] fixture_pos=[ 1.69       -0.30085139  0.97534056] fsize=[0.85139319 0.55       0.21540247] shifted_fpos=[ 1.69       -0.25085139  0.97534056] lower=[ 1.44       -0.45085139  0.71763932] upper=[ 1.94       -0.05085139  1.23304179] inside=False
[obj_inside_of] obj=obj obj_pos=[ 2.252884   -0.34080896  0.9391855 ] fixture_pos=[ 1.69       -0.30085139  0.97534056] fsize=[0.85139319 0.55       0.21540247] shifted_fpos=[ 1.69       -0.25085139  0.97534056] lower=[ 1.44       -0.45085139  0.71763932] upper=[ 1.94       -0.05085139  1.23304179] inside=False
[obj_inside_of] obj=obj obj_pos=[ 2.252878   -0.34083596  0.9391847 ] fixture_pos=[ 1.69       -0.30085139  0.97534056] fsize=[0.85139319 0.55       0.21540247] shifted_fpos=[ 1.69       -0.25085139  0.97534056] lower=[ 1.44       -0.45085139  0.71763932] upper=[ 1.94       -0.05085139  1.23304179] inside=False
[viz-debug] base_link.pose=(2.035,-0.857) q=(0.707,0.000,0.000,0.707) qpos[0:3]=(0.543,-0.345,0.001)
[obj_inside_of] obj=obj obj_pos=[ 2.252884  -0.340809   0.9391855] fixture_pos=[ 1.69       -0.30085139  0.97534056] fsize=[0.85139319 0.55       0.21540247] shifted_fpos=[ 1.69       -0.25085139  0.97534056] lower=[ 1.44       -0.45085139  0.71763932] upper=[ 1.94       -0.05085139  1.23304179] inside=False
[obj_inside_of] obj=obj obj_pos=[ 2.252878   -0.34083596  0.9391847 ] fixture_pos=[ 1.69       -0.30085139  0.97534056] fsize=[0.85139319 0.55       0.21540247] shifted_fpos=[ 1.69       -0.25085139  0.97534056] lower=[ 1.44       -0.45085139  0.71763932] upper=[ 1.94       -0.05085139  1.23304179] inside=False
[obj_inside_of] obj=obj obj_pos=[ 2.252884   -0.34080893  0.9391855 ] fixture_pos=[ 1.69       -0.30085139  0.97534056] fsize=[0.85139319 0.55       0.21540247] shifted_fpos=[ 1.69       -0.25085139  0.97534056] lower=[ 1.44       -0.45085139  0.71763932] upper=[ 1.94       -0.05085139  1.23304179] inside=False
[obj_inside_of] obj=obj obj_pos=[ 2.252878   -0.34083596  0.9391847 ] fixture_pos=[ 1.69       -0.30085139  0.97534056] fsize=[0.85139319 0.55       0.21540247] shifted_fpos=[ 1.69       -0.25085139  0.97534056] lower=[ 1.44       -0.45085139  0.71763932] upper=[ 1.94       -0.05085139  1.23304179] inside=False
[obj_inside_of] obj=obj obj_pos=[ 2.252884  -0.3408089  0.9391855] fixture_pos=[ 1.69       -0.30085139  0.97534056] fsize=[0.85139319 0.55       0.21540247] shifted_fpos=[ 1.69       -0.25085139  0.97534056] lower=[ 1.44       -0.45085139  0.71763932] upper=[ 1.94       -0.05085139  1.23304179] inside=False
[obj_inside_of] obj=obj obj_pos=[ 2.252878   -0.34083596  0.9391847 ] fixture_pos=[ 1.69       -0.30085139  0.97534056] fsize=[0.85139319 0.55       0.21540247] shifted_fpos=[ 1.69       -0.25085139  0.97534056] lower=[ 1.44       -0.45085139  0.71763932] upper=[ 1.94       -0.05085139  1.23304179] inside=False
[obj_inside_of] obj=obj obj_pos=[ 2.252884  -0.340809   0.9391855] fixture_pos=[ 1.69       -0.30085139  0.97534056] fsize=[0.85139319 0.55       0.21540247] shifted_fpos=[ 1.69       -0.25085139  0.97534056] lower=[ 1.44       -0.45085139  0.71763932] upper=[ 1.94       -0.05085139  1.23304179] inside=False
[obj_inside_of] obj=obj obj_pos=[ 2.2526007  -0.34050214  0.9392897 ] fixture_pos=[ 1.69       -0.30085139  0.97534056] fsize=[0.85139319 0.55       0.21540247] shifted_fpos=[ 1.69       -0.25085139  0.97534056] lower=[ 1.44       -0.45085139  0.71763932] upper=[ 1.94       -0.05085139  1.23304179] inside=False
[obj_inside_of] obj=obj obj_pos=[ 2.2521305  -0.34067732  0.94009423] fixture_pos=[ 1.69       -0.30085139  0.97534056] fsize=[0.85139319 0.55       0.21540247] shifted_fpos=[ 1.69       -0.25085139  0.97534056] lower=[ 1.44       -0.45085139  0.71763932] upper=[ 1.94       -0.05085139  1.23304179] inside=False
[obj_inside_of] obj=obj obj_pos=[ 2.2517333 -0.3407393  0.9405655] fixture_pos=[ 1.69       -0.30085139  0.97534056] fsize=[0.85139319 0.55       0.21540247] shifted_fpos=[ 1.69       -0.25085139  0.97534056] lower=[ 1.44       -0.45085139  0.71763932] upper=[ 1.94       -0.05085139  1.23304179] inside=False
[obj_inside_of] obj=obj obj_pos=[ 2.2514718 -0.3407568  0.9407823] fixture_pos=[ 1.69       -0.30085139  0.97534056] fsize=[0.85139319 0.55       0.21540247] shifted_fpos=[ 1.69       -0.25085139  0.97534056] lower=[ 1.44       -0.45085139  0.71763932] upper=[ 1.94       -0.05085139  1.23304179] inside=False
[obj_inside_of] obj=obj obj_pos=[ 2.2512388  -0.34085232  0.9410293 ] fixture_pos=[ 1.69       -0.30085139  0.97534056] fsize=[0.85139319 0.55       0.21540247] shifted_fpos=[ 1.69       -0.25085139  0.97534056] lower=[ 1.44       -0.45085139  0.71763932] upper=[ 1.94       -0.05085139  1.23304179] inside=False
[obj_inside_of] obj=obj obj_pos=[ 2.2506766  -0.34210536  0.9402608 ] fixture_pos=[ 1.69       -0.30085139  0.97534056] fsize=[0.85139319 0.55       0.21540247] shifted_fpos=[ 1.69       -0.25085139  0.97534056] lower=[ 1.44       -0.45085139  0.71763932] upper=[ 1.94       -0.05085139  1.23304179] inside=False
[obj_inside_of] obj=obj obj_pos=[ 2.2500134  -0.34182987  0.9413798 ] fixture_pos=[ 1.69       -0.30085139  0.97534056] fsize=[0.85139319 0.55       0.21540247] shifted_fpos=[ 1.69       -0.25085139  0.97534056] lower=[ 1.44       -0.45085139  0.71763932] upper=[ 1.94       -0.05085139  1.23304179] inside=False
[obj_inside_of] obj=obj obj_pos=[ 2.2500515  -0.3414657   0.94134295] fixture_pos=[ 1.69       -0.30085139  0.97534056] fsize=[0.85139319 0.55       0.21540247] shifted_fpos=[ 1.69       -0.25085139  0.97534056] lower=[ 1.44       -0.45085139  0.71763932] upper=[ 1.94       -0.05085139  1.23304179] inside=False
[obj_inside_of] obj=obj obj_pos=[ 2.249915   -0.34181875  0.9413398 ] fixture_pos=[ 1.69       -0.30085139  0.97534056] fsize=[0.85139319 0.55       0.21540247] shifted_fpos=[ 1.69       -0.25085139  0.97534056] lower=[ 1.44       -0.45085139  0.71763932] upper=[ 1.94       -0.05085139  1.23304179] inside=False
[obj_inside_of] obj=obj obj_pos=[ 2.250083  -0.3418047  0.9413844] fixture_pos=[ 1.69       -0.30085139  0.97534056] fsize=[0.85139319 0.55       0.21540247] shifted_fpos=[ 1.69       -0.25085139  0.97534056] lower=[ 1.44       -0.45085139  0.71763932] upper=[ 1.94       -0.05085139  1.23304179] inside=False
[obj_inside_of] obj=obj obj_pos=[ 2.2499921  -0.34071773  0.9418202 ] fixture_pos=[ 1.69       -0.30085139  0.97534056] fsize=[0.85139319 0.55       0.21540247] shifted_fpos=[ 1.69       -0.25085139  0.97534056] lower=[ 1.44       -0.45085139  0.71763932] upper=[ 1.94       -0.05085139  1.23304179] inside=False
[obj_inside_of] obj=obj obj_pos=[ 2.2501287  -0.34090132  0.94128144] fixture_pos=[ 1.69       -0.30085139  0.97534056] fsize=[0.85139319 0.55       0.21540247] shifted_fpos=[ 1.69       -0.25085139  0.97534056] lower=[ 1.44       -0.45085139  0.71763932] upper=[ 1.94       -0.05085139  1.23304179] inside=False
[obj_inside_of] obj=obj obj_pos=[ 2.2501605  -0.34081256  0.94131625] fixture_pos=[ 1.69       -0.30085139  0.97534056] fsize=[0.85139319 0.55       0.21540247] shifted_fpos=[ 1.69       -0.25085139  0.97534056] lower=[ 1.44       -0.45085139  0.71763932] upper=[ 1.94       -0.05085139  1.23304179] inside=False
[obj_inside_of] obj=obj obj_pos=[ 2.2501745  -0.3407658   0.94130623] fixture_pos=[ 1.69       -0.30085139  0.97534056] fsize=[0.85139319 0.55       0.21540247] shifted_fpos=[ 1.69       -0.25085139  0.97534056] lower=[ 1.44       -0.45085139  0.71763932] upper=[ 1.94       -0.05085139  1.23304179] inside=False
[obj_inside_of] obj=obj obj_pos=[ 2.250176   -0.34071904  0.94130445] fixture_pos=[ 1.69       -0.30085139  0.97534056] fsize=[0.85139319 0.55       0.21540247] shifted_fpos=[ 1.69       -0.25085139  0.97534056] lower=[ 1.44       -0.45085139  0.71763932] upper=[ 1.94       -0.05085139  1.23304179] inside=False
[obj_inside_of] obj=obj obj_pos=[ 2.250204   -0.34068894  0.94131625] fixture_pos=[ 1.69       -0.30085139  0.97534056] fsize=[0.85139319 0.55       0.21540247] shifted_fpos=[ 1.69       -0.25085139  0.97534056] lower=[ 1.44       -0.45085139  0.71763932] upper=[ 1.94       -0.05085139  1.23304179] inside=False
[obj_inside_of] obj=obj obj_pos=[ 2.2502375  -0.34064153  0.9413249 ] fixture_pos=[ 1.69       -0.30085139  0.97534056] fsize=[0.85139319 0.55       0.21540247] shifted_fpos=[ 1.69       -0.25085139  0.97534056] lower=[ 1.44       -0.45085139  0.71763932] upper=[ 1.94       -0.05085139  1.23304179] inside=False
[obj_inside_of] obj=obj obj_pos=[ 2.2502434  -0.34060508  0.94131094] fixture_pos=[ 1.69       -0.30085139  0.97534056] fsize=[0.85139319 0.55       0.21540247] shifted_fpos=[ 1.69       -0.25085139  0.97534056] lower=[ 1.44       -0.45085139  0.71763932] upper=[ 1.94       -0.05085139  1.23304179] inside=False
[obj_inside_of] obj=obj obj_pos=[ 2.2502432 -0.34052    0.9412474] fixture_pos=[ 1.69       -0.30085139  0.97534056] fsize=[0.85139319 0.55       0.21540247] shifted_fpos=[ 1.69       -0.25085139  0.97534056] lower=[ 1.44       -0.45085139  0.71763932] upper=[ 1.94       -0.05085139  1.23304179] inside=False
[obj_inside_of] obj=obj obj_pos=[ 2.2502968  -0.3404467   0.94119024] fixture_pos=[ 1.69       -0.30085139  0.97534056] fsize=[0.85139319 0.55       0.21540247] shifted_fpos=[ 1.69       -0.25085139  0.97534056] lower=[ 1.44       -0.45085139  0.71763932] upper=[ 1.94       -0.05085139  1.23304179] inside=False
[obj_inside_of] obj=obj obj_pos=[ 2.2503138  -0.34039244  0.94117945] fixture_pos=[ 1.69       -0.30085139  0.97534056] fsize=[0.85139319 0.55       0.21540247] shifted_fpos=[ 1.69       -0.25085139  0.97534056] lower=[ 1.44       -0.45085139  0.71763932] upper=[ 1.94       -0.05085139  1.23304179] inside=False
[obj_inside_of] obj=obj obj_pos=[ 2.2503667  -0.34036222  0.9411761 ] fixture_pos=[ 1.69       -0.30085139  0.97534056] fsize=[0.85139319 0.55       0.21540247] shifted_fpos=[ 1.69       -0.25085139  0.97534056] lower=[ 1.44       -0.45085139  0.71763932] upper=[ 1.94       -0.05085139  1.23304179] inside=False
[obj_inside_of] obj=obj obj_pos=[ 2.2503893  -0.34031078  0.9411694 ] fixture_pos=[ 1.69       -0.30085139  0.97534056] fsize=[0.85139319 0.55       0.21540247] shifted_fpos=[ 1.69       -0.25085139  0.97534056] lower=[ 1.44       -0.45085139  0.71763932] upper=[ 1.94       -0.05085139  1.23304179] inside=False
[obj_inside_of] obj=obj obj_pos=[ 2.2504005 -0.3402549  0.9412022] fixture_pos=[ 1.69       -0.30085139  0.97534056] fsize=[0.85139319 0.55       0.21540247] shifted_fpos=[ 1.69       -0.25085139  0.97534056] lower=[ 1.44       -0.45085139  0.71763932] upper=[ 1.94       -0.05085139  1.23304179] inside=False
[obj_inside_of] obj=obj obj_pos=[ 2.2504244  -0.34023333  0.94116706] fixture_pos=[ 1.69       -0.30085139  0.97534056] fsize=[0.85139319 0.55       0.21540247] shifted_fpos=[ 1.69       -0.25085139  0.97534056] lower=[ 1.44       -0.45085139  0.71763932] upper=[ 1.94       -0.05085139  1.23304179] inside=False
[obj_inside_of] obj=obj obj_pos=[ 2.250444  -0.3401835  0.9411858] fixture_pos=[ 1.69       -0.30085139  0.97534056] fsize=[0.85139319 0.55       0.21540247] shifted_fpos=[ 1.69       -0.25085139  0.97534056] lower=[ 1.44       -0.45085139  0.71763932] upper=[ 1.94       -0.05085139  1.23304179] inside=False
[obj_inside_of] obj=obj obj_pos=[ 2.250441   -0.34016272  0.9411667 ] fixture_pos=[ 1.69       -0.30085139  0.97534056] fsize=[0.85139319 0.55       0.21540247] shifted_fpos=[ 1.69       -0.25085139  0.97534056] lower=[ 1.44       -0.45085139  0.71763932] upper=[ 1.94       -0.05085139  1.23304179] inside=False
[obj_inside_of] obj=obj obj_pos=[ 2.2504878 -0.3401231  0.9412372] fixture_pos=[ 1.69       -0.30085139  0.97534056] fsize=[0.85139319 0.55       0.21540247] shifted_fpos=[ 1.69       -0.25085139  0.97534056] lower=[ 1.44       -0.45085139  0.71763932] upper=[ 1.94       -0.05085139  1.23304179] inside=False
[obj_inside_of] obj=obj obj_pos=[ 2.2505012  -0.34009674  0.9411812 ] fixture_pos=[ 1.69       -0.30085139  0.97534056] fsize=[0.85139319 0.55       0.21540247] shifted_fpos=[ 1.69       -0.25085139  0.97534056] lower=[ 1.44       -0.45085139  0.71763932] upper=[ 1.94       -0.05085139  1.23304179] inside=False
[obj_inside_of] obj=obj obj_pos=[ 2.2505295  -0.34006622  0.94118196] fixture_pos=[ 1.69       -0.30085139  0.97534056] fsize=[0.85139319 0.55       0.21540247] shifted_fpos=[ 1.69       -0.25085139  0.97534056] lower=[ 1.44       -0.45085139  0.71763932] upper=[ 1.94       -0.05085139  1.23304179] inside=False
[obj_inside_of] obj=obj obj_pos=[ 2.250524   -0.33997163  0.94174916] fixture_pos=[ 1.69       -0.30085139  0.97534056] fsize=[0.85139319 0.55       0.21540247] shifted_fpos=[ 1.69       -0.25085139  0.97534056] lower=[ 1.44       -0.45085139  0.71763932] upper=[ 1.94       -0.05085139  1.23304179] inside=False
[obj_inside_of] obj=obj obj_pos=[ 2.2505715  -0.33961108  0.94213563] fixture_pos=[ 1.69       -0.30085139  0.97534056] fsize=[0.85139319 0.55       0.21540247] shifted_fpos=[ 1.69       -0.25085139  0.97534056] lower=[ 1.44       -0.45085139  0.71763932] upper=[ 1.94       -0.05085139  1.23304179] inside=False
[obj_inside_of] obj=obj obj_pos=[ 2.2505517  -0.33936653  0.9424878 ] fixture_pos=[ 1.69       -0.30085139  0.97534056] fsize=[0.85139319 0.55       0.21540247] shifted_fpos=[ 1.69       -0.25085139  0.97534056] lower=[ 1.44       -0.45085139  0.71763932] upper=[ 1.94       -0.05085139  1.23304179] inside=False
[obj_inside_of] obj=obj obj_pos=[ 2.2506578  -0.33938584  0.9426921 ] fixture_pos=[ 1.69       -0.30085139  0.97534056] fsize=[0.85139319 0.55       0.21540247] shifted_fpos=[ 1.69       -0.25085139  0.97534056] lower=[ 1.44       -0.45085139  0.71763932] upper=[ 1.94       -0.05085139  1.23304179] inside=False
[obj_inside_of] obj=obj obj_pos=[ 2.250791   -0.33930576  0.94286615] fixture_pos=[ 1.69       -0.30085139  0.97534056] fsize=[0.85139319 0.55       0.21540247] shifted_fpos=[ 1.69       -0.25085139  0.97534056] lower=[ 1.44       -0.45085139  0.71763932] upper=[ 1.94       -0.05085139  1.23304179] inside=False
[obj_inside_of] obj=obj obj_pos=[ 2.250828  -0.3390348  0.9437454] fixture_pos=[ 1.69       -0.30085139  0.97534056] fsize=[0.85139319 0.55       0.21540247] shifted_fpos=[ 1.69       -0.25085139  0.97534056] lower=[ 1.44       -0.45085139  0.71763932] upper=[ 1.94       -0.05085139  1.23304179] inside=False
[obj_inside_of] obj=obj obj_pos=[ 2.2508957  -0.33893898  0.94618016] fixture_pos=[ 1.69       -0.30085139  0.97534056] fsize=[0.85139319 0.55       0.21540247] shifted_fpos=[ 1.69       -0.25085139  0.97534056] lower=[ 1.44       -0.45085139  0.71763932] upper=[ 1.94       -0.05085139  1.23304179] inside=False
[obj_inside_of] obj=obj obj_pos=[ 2.2509942  -0.33900887  0.9517031 ] fixture_pos=[ 1.69       -0.30085139  0.97534056] fsize=[0.85139319 0.55       0.21540247] shifted_fpos=[ 1.69       -0.25085139  0.97534056] lower=[ 1.44       -0.45085139  0.71763932] upper=[ 1.94       -0.05085139  1.23304179] inside=False
[obj_inside_of] obj=obj obj_pos=[ 2.2511513 -0.338986   0.9587284] fixture_pos=[ 1.69       -0.30085139  0.97534056] fsize=[0.85139319 0.55       0.21540247] shifted_fpos=[ 1.69       -0.25085139  0.97534056] lower=[ 1.44       -0.45085139  0.71763932] upper=[ 1.94       -0.05085139  1.23304179] inside=False
[obj_inside_of] obj=obj obj_pos=[ 2.2512407 -0.3389615  0.9650903] fixture_pos=[ 1.69       -0.30085139  0.97534056] fsize=[0.85139319 0.55       0.21540247] shifted_fpos=[ 1.69       -0.25085139  0.97534056] lower=[ 1.44       -0.45085139  0.71763932] upper=[ 1.94       -0.05085139  1.23304179] inside=False
[obj_inside_of] obj=obj obj_pos=[ 2.2512913  -0.33893752  0.96936893] fixture_pos=[ 1.69       -0.30085139  0.97534056] fsize=[0.85139319 0.55       0.21540247] shifted_fpos=[ 1.69       -0.25085139  0.97534056] lower=[ 1.44       -0.45085139  0.71763932] upper=[ 1.94       -0.05085139  1.23304179] inside=False
[obj_inside_of] obj=obj obj_pos=[ 2.2512877  -0.33893552  0.9717794 ] fixture_pos=[ 1.69       -0.30085139  0.97534056] fsize=[0.85139319 0.55       0.21540247] shifted_fpos=[ 1.69       -0.25085139  0.97534056] lower=[ 1.44       -0.45085139  0.71763932] upper=[ 1.94       -0.05085139  1.23304179] inside=False
[obj_inside_of] obj=obj obj_pos=[ 2.2512832  -0.33893424  0.9729854 ] fixture_pos=[ 1.69       -0.30085139  0.97534056] fsize=[0.85139319 0.55       0.21540247] shifted_fpos=[ 1.69       -0.25085139  0.97534056] lower=[ 1.44       -0.45085139  0.71763932] upper=[ 1.94       -0.05085139  1.23304179] inside=False
[obj_inside_of] obj=obj obj_pos=[ 2.2512937  -0.33892655  0.9735388 ] fixture_pos=[ 1.69       -0.30085139  0.97534056] fsize=[0.85139319 0.55       0.21540247] shifted_fpos=[ 1.69       -0.25085139  0.97534056] lower=[ 1.44       -0.45085139  0.71763932] upper=[ 1.94       -0.05085139  1.23304179] inside=False
[obj_inside_of] obj=obj obj_pos=[ 2.2513173  -0.3389153   0.97377783] fixture_pos=[ 1.69       -0.30085139  0.97534056] fsize=[0.85139319 0.55       0.21540247] shifted_fpos=[ 1.69       -0.25085139  0.97534056] lower=[ 1.44       -0.45085139  0.71763932] upper=[ 1.94       -0.05085139  1.23304179] inside=False
[obj_inside_of] obj=obj obj_pos=[ 2.2513523  -0.33890277  0.9738807 ] fixture_pos=[ 1.69       -0.30085139  0.97534056] fsize=[0.85139319 0.55       0.21540247] shifted_fpos=[ 1.69       -0.25085139  0.97534056] lower=[ 1.44       -0.45085139  0.71763932] upper=[ 1.94       -0.05085139  1.23304179] inside=False
[obj_inside_of] obj=obj obj_pos=[ 2.2513855 -0.3388865  0.9739235] fixture_pos=[ 1.69       -0.30085139  0.97534056] fsize=[0.85139319 0.55       0.21540247] shifted_fpos=[ 1.69       -0.25085139  0.97534056] lower=[ 1.44       -0.45085139  0.71763932] upper=[ 1.94       -0.05085139  1.23304179] inside=False
[obj_inside_of] obj=obj obj_pos=[ 2.2514129  -0.33887038  0.9739426 ] fixture_pos=[ 1.69       -0.30085139  0.97534056] fsize=[0.85139319 0.55       0.21540247] shifted_fpos=[ 1.69       -0.25085139  0.97534056] lower=[ 1.44       -0.45085139  0.71763932] upper=[ 1.94       -0.05085139  1.23304179] inside=False
[obj_inside_of] obj=obj obj_pos=[ 2.2514346  -0.33885527  0.9739509 ] fixture_pos=[ 1.69       -0.30085139  0.97534056] fsize=[0.85139319 0.55       0.21540247] shifted_fpos=[ 1.69       -0.25085139  0.97534056] lower=[ 1.44       -0.45085139  0.71763932] upper=[ 1.94       -0.05085139  1.23304179] inside=False
[obj_inside_of] obj=obj obj_pos=[ 2.2514522  -0.33884037  0.9739576 ] fixture_pos=[ 1.69       -0.30085139  0.97534056] fsize=[0.85139319 0.55       0.21540247] shifted_fpos=[ 1.69       -0.25085139  0.97534056] lower=[ 1.44       -0.45085139  0.71763932] upper=[ 1.94       -0.05085139  1.23304179] inside=False
[obj_inside_of] obj=obj obj_pos=[ 2.2514682  -0.33882907  0.97396195] fixture_pos=[ 1.69       -0.30085139  0.97534056] fsize=[0.85139319 0.55       0.21540247] shifted_fpos=[ 1.69       -0.25085139  0.97534056] lower=[ 1.44       -0.45085139  0.71763932] upper=[ 1.94       -0.05085139  1.23304179] inside=False
[obj_inside_of] obj=obj obj_pos=[ 2.2514803  -0.33881834  0.9739646 ] fixture_pos=[ 1.69       -0.30085139  0.97534056] fsize=[0.85139319 0.55       0.21540247] shifted_fpos=[ 1.69       -0.25085139  0.97534056] lower=[ 1.44       -0.45085139  0.71763932] upper=[ 1.94       -0.05085139  1.23304179] inside=False
[obj_inside_of] obj=obj obj_pos=[ 2.251489   -0.33880997  0.9739648 ] fixture_pos=[ 1.69       -0.30085139  0.97534056] fsize=[0.85139319 0.55       0.21540247] shifted_fpos=[ 1.69       -0.25085139  0.97534056] lower=[ 1.44       -0.45085139  0.71763932] upper=[ 1.94       -0.05085139  1.23304179] inside=False
[obj_inside_of] obj=obj obj_pos=[ 2.2514992  -0.33880258  0.973967  ] fixture_pos=[ 1.69       -0.30085139  0.97534056] fsize=[0.85139319 0.55       0.21540247] shifted_fpos=[ 1.69       -0.25085139  0.97534056] lower=[ 1.44       -0.45085139  0.71763932] upper=[ 1.94       -0.05085139  1.23304179] inside=False
[obj_inside_of] obj=obj obj_pos=[ 2.2515056  -0.33879808  0.9739663 ] fixture_pos=[ 1.69       -0.30085139  0.97534056] fsize=[0.85139319 0.55       0.21540247] shifted_fpos=[ 1.69       -0.25085139  0.97534056] lower=[ 1.44       -0.45085139  0.71763932] upper=[ 1.94       -0.05085139  1.23304179] inside=False
[obj_inside_of] obj=obj obj_pos=[ 2.251513   -0.33879384  0.9739675 ] fixture_pos=[ 1.69       -0.30085139  0.97534056] fsize=[0.85139319 0.55       0.21540247] shifted_fpos=[ 1.69       -0.25085139  0.97534056] lower=[ 1.44       -0.45085139  0.71763932] upper=[ 1.94       -0.05085139  1.23304179] inside=False
[obj_inside_of] obj=obj obj_pos=[ 2.251519   -0.33879045  0.9739687 ] fixture_pos=[ 1.69       -0.30085139  0.97534056] fsize=[0.85139319 0.55       0.21540247] shifted_fpos=[ 1.69       -0.25085139  0.97534056] lower=[ 1.44       -0.45085139  0.71763932] upper=[ 1.94       -0.05085139  1.23304179] inside=False
[obj_inside_of] obj=obj obj_pos=[ 2.25159    -0.33857393  0.974126  ] fixture_pos=[ 1.69       -0.30085139  0.97534056] fsize=[0.85139319 0.55       0.21540247] shifted_fpos=[ 1.69       -0.25085139  0.97534056] lower=[ 1.44       -0.45085139  0.71763932] upper=[ 1.94       -0.05085139  1.23304179] inside=False
[obj_inside_of] obj=obj obj_pos=[ 2.251889   -0.33755845  0.97374356] fixture_pos=[ 1.69       -0.30085139  0.97534056] fsize=[0.85139319 0.55       0.21540247] shifted_fpos=[ 1.69       -0.25085139  0.97534056] lower=[ 1.44       -0.45085139  0.71763932] upper=[ 1.94       -0.05085139  1.23304179] inside=False
[obj_inside_of] obj=obj obj_pos=[ 2.2519543  -0.33739868  0.97400594] fixture_pos=[ 1.69       -0.30085139  0.97534056] fsize=[0.85139319 0.55       0.21540247] shifted_fpos=[ 1.69       -0.25085139  0.97534056] lower=[ 1.44       -0.45085139  0.71763932] upper=[ 1.94       -0.05085139  1.23304179] inside=False
[obj_inside_of] obj=obj obj_pos=[ 2.2520256  -0.33713853  0.9742368 ] fixture_pos=[ 1.69       -0.30085139  0.97534056] fsize=[0.85139319 0.55       0.21540247] shifted_fpos=[ 1.69       -0.25085139  0.97534056] lower=[ 1.44       -0.45085139  0.71763932] upper=[ 1.94       -0.05085139  1.23304179] inside=False
[obj_inside_of] obj=obj obj_pos=[ 2.252024   -0.3369998   0.97497773] fixture_pos=[ 1.69       -0.30085139  0.97534056] fsize=[0.85139319 0.55       0.21540247] shifted_fpos=[ 1.69       -0.25085139  0.97534056] lower=[ 1.44       -0.45085139  0.71763932] upper=[ 1.94       -0.05085139  1.23304179] inside=False
[obj_inside_of] obj=obj obj_pos=[ 2.2520082 -0.33703    0.9769597] fixture_pos=[ 1.69       -0.30085139  0.97534056] fsize=[0.85139319 0.55       0.21540247] shifted_fpos=[ 1.69       -0.25085139  0.97534056] lower=[ 1.44       -0.45085139  0.71763932] upper=[ 1.94       -0.05085139  1.23304179] inside=False
[obj_inside_of] obj=obj obj_pos=[ 2.2519891 -0.3370485  0.9818718] fixture_pos=[ 1.69       -0.30085139  0.97534056] fsize=[0.85139319 0.55       0.21540247] shifted_fpos=[ 1.69       -0.25085139  0.97534056] lower=[ 1.44       -0.45085139  0.71763932] upper=[ 1.94       -0.05085139  1.23304179] inside=False
[obj_inside_of] obj=obj obj_pos=[ 2.2520201  -0.33704314  0.9887959 ] fixture_pos=[ 1.69       -0.30085139  0.97534056] fsize=[0.85139319 0.55       0.21540247] shifted_fpos=[ 1.69       -0.25085139  0.97534056] lower=[ 1.44       -0.45085139  0.71763932] upper=[ 1.94       -0.05085139  1.23304179] inside=False
[obj_inside_of] obj=obj obj_pos=[ 2.2520266  -0.33707213  0.9957836 ] fixture_pos=[ 1.69       -0.30085139  0.97534056] fsize=[0.85139319 0.55       0.21540247] shifted_fpos=[ 1.69       -0.25085139  0.97534056] lower=[ 1.44       -0.45085139  0.71763932] upper=[ 1.94       -0.05085139  1.23304179] inside=False
[obj_inside_of] obj=obj obj_pos=[ 2.2520607  -0.33741903  1.0008533 ] fixture_pos=[ 1.69       -0.30085139  0.97534056] fsize=[0.85139319 0.55       0.21540247] shifted_fpos=[ 1.69       -0.25085139  0.97534056] lower=[ 1.44       -0.45085139  0.71763932] upper=[ 1.94       -0.05085139  1.23304179] inside=False
[obj_inside_of] obj=obj obj_pos=[ 2.2520168 -0.337467   1.0040135] fixture_pos=[ 1.69       -0.30085139  0.97534056] fsize=[0.85139319 0.55       0.21540247] shifted_fpos=[ 1.69       -0.25085139  0.97534056] lower=[ 1.44       -0.45085139  0.71763932] upper=[ 1.94       -0.05085139  1.23304179] inside=False
[obj_inside_of] obj=obj obj_pos=[ 2.2519863  -0.33749038  1.0056835 ] fixture_pos=[ 1.69       -0.30085139  0.97534056] fsize=[0.85139319 0.55       0.21540247] shifted_fpos=[ 1.69       -0.25085139  0.97534056] lower=[ 1.44       -0.45085139  0.71763932] upper=[ 1.94       -0.05085139  1.23304179] inside=False
[obj_inside_of] obj=obj obj_pos=[ 2.2519786  -0.33749348  1.0064886 ] fixture_pos=[ 1.69       -0.30085139  0.97534056] fsize=[0.85139319 0.55       0.21540247] shifted_fpos=[ 1.69       -0.25085139  0.97534056] lower=[ 1.44       -0.45085139  0.71763932] upper=[ 1.94       -0.05085139  1.23304179] inside=False
[obj_inside_of] obj=obj obj_pos=[ 2.2519891  -0.33748293  1.0068523 ] fixture_pos=[ 1.69       -0.30085139  0.97534056] fsize=[0.85139319 0.55       0.21540247] shifted_fpos=[ 1.69       -0.25085139  0.97534056] lower=[ 1.44       -0.45085139  0.71763932] upper=[ 1.94       -0.05085139  1.23304179] inside=False
[obj_inside_of] obj=obj obj_pos=[ 2.2520072  -0.33746836  1.0070097 ] fixture_pos=[ 1.69       -0.30085139  0.97534056] fsize=[0.85139319 0.55       0.21540247] shifted_fpos=[ 1.69       -0.25085139  0.97534056] lower=[ 1.44       -0.45085139  0.71763932] upper=[ 1.94       -0.05085139  1.23304179] inside=False
[obj_inside_of] obj=obj obj_pos=[ 2.2520247 -0.3374528  1.0070784] fixture_pos=[ 1.69       -0.30085139  0.97534056] fsize=[0.85139319 0.55       0.21540247] shifted_fpos=[ 1.69       -0.25085139  0.97534056] lower=[ 1.44       -0.45085139  0.71763932] upper=[ 1.94       -0.05085139  1.23304179] inside=False
[obj_inside_of] obj=obj obj_pos=[ 2.252039  -0.3374382  1.0071106] fixture_pos=[ 1.69       -0.30085139  0.97534056] fsize=[0.85139319 0.55       0.21540247] shifted_fpos=[ 1.69       -0.25085139  0.97534056] lower=[ 1.44       -0.45085139  0.71763932] upper=[ 1.94       -0.05085139  1.23304179] inside=False
[obj_inside_of] obj=obj obj_pos=[ 2.2520485 -0.3374262  1.0071276] fixture_pos=[ 1.69       -0.30085139  0.97534056] fsize=[0.85139319 0.55       0.21540247] shifted_fpos=[ 1.69       -0.25085139  0.97534056] lower=[ 1.44       -0.45085139  0.71763932] upper=[ 1.94       -0.05085139  1.23304179] inside=False
[obj_inside_of] obj=obj obj_pos=[ 2.2520542  -0.33741763  1.0071378 ] fixture_pos=[ 1.69       -0.30085139  0.97534056] fsize=[0.85139319 0.55       0.21540247] shifted_fpos=[ 1.69       -0.25085139  0.97534056] lower=[ 1.44       -0.45085139  0.71763932] upper=[ 1.94       -0.05085139  1.23304179] inside=False
[obj_inside_of] obj=obj obj_pos=[ 2.252059   -0.33741125  1.0071452 ] fixture_pos=[ 1.69       -0.30085139  0.97534056] fsize=[0.85139319 0.55       0.21540247] shifted_fpos=[ 1.69       -0.25085139  0.97534056] lower=[ 1.44       -0.45085139  0.71763932] upper=[ 1.94       -0.05085139  1.23304179] inside=False
[obj_inside_of] obj=obj obj_pos=[ 2.2520602  -0.33740634  1.0071499 ] fixture_pos=[ 1.69       -0.30085139  0.97534056] fsize=[0.85139319 0.55       0.21540247] shifted_fpos=[ 1.69       -0.25085139  0.97534056] lower=[ 1.44       -0.45085139  0.71763932] upper=[ 1.94       -0.05085139  1.23304179] inside=False
[obj_inside_of] obj=obj obj_pos=[ 2.252061   -0.33740506  1.0071537 ] fixture_pos=[ 1.69       -0.30085139  0.97534056] fsize=[0.85139319 0.55       0.21540247] shifted_fpos=[ 1.69       -0.25085139  0.97534056] lower=[ 1.44       -0.45085139  0.71763932] upper=[ 1.94       -0.05085139  1.23304179] inside=False
[obj_inside_of] obj=obj obj_pos=[ 2.252062   -0.33740517  1.0071566 ] fixture_pos=[ 1.69       -0.30085139  0.97534056] fsize=[0.85139319 0.55       0.21540247] shifted_fpos=[ 1.69       -0.25085139  0.97534056] lower=[ 1.44       -0.45085139  0.71763932] upper=[ 1.94       -0.05085139  1.23304179] inside=False
[obj_inside_of] obj=obj obj_pos=[ 2.252061   -0.33740523  1.0071584 ] fixture_pos=[ 1.69       -0.30085139  0.97534056] fsize=[0.85139319 0.55       0.21540247] shifted_fpos=[ 1.69       -0.25085139  0.97534056] lower=[ 1.44       -0.45085139  0.71763932] upper=[ 1.94       -0.05085139  1.23304179] inside=False
[obj_inside_of] obj=obj obj_pos=[ 2.2520611  -0.33740574  1.0071586 ] fixture_pos=[ 1.69       -0.30085139  0.97534056] fsize=[0.85139319 0.55       0.21540247] shifted_fpos=[ 1.69       -0.25085139  0.97534056] lower=[ 1.44       -0.45085139  0.71763932] upper=[ 1.94       -0.05085139  1.23304179] inside=False
[obj_inside_of] obj=obj obj_pos=[ 2.2520607 -0.3374068  1.0071608] fixture_pos=[ 1.69       -0.30085139  0.97534056] fsize=[0.85139319 0.55       0.21540247] shifted_fpos=[ 1.69       -0.25085139  0.97534056] lower=[ 1.44       -0.45085139  0.71763932] upper=[ 1.94       -0.05085139  1.23304179] inside=False
[obj_inside_of] obj=obj obj_pos=[ 2.2521496  -0.33715913  1.0073466 ] fixture_pos=[ 1.69       -0.30085139  0.97534056] fsize=[0.85139319 0.55       0.21540247] shifted_fpos=[ 1.69       -0.25085139  0.97534056] lower=[ 1.44       -0.45085139  0.71763932] upper=[ 1.94       -0.05085139  1.23304179] inside=False
[obj_inside_of] obj=obj obj_pos=[ 2.2522256 -0.3369048  1.0075725] fixture_pos=[ 1.69       -0.30085139  0.97534056] fsize=[0.85139319 0.55       0.21540247] shifted_fpos=[ 1.69       -0.25085139  0.97534056] lower=[ 1.44       -0.45085139  0.71763932] upper=[ 1.94       -0.05085139  1.23304179] inside=False
[obj_inside_of] obj=obj obj_pos=[ 2.2522984  -0.33665478  1.007801  ] fixture_pos=[ 1.69       -0.30085139  0.97534056] fsize=[0.85139319 0.55       0.21540247] shifted_fpos=[ 1.69       -0.25085139  0.97534056] lower=[ 1.44       -0.45085139  0.71763932] upper=[ 1.94       -0.05085139  1.23304179] inside=False
[obj_inside_of] obj=obj obj_pos=[ 2.252366   -0.33639392  1.008031  ] fixture_pos=[ 1.69       -0.30085139  0.97534056] fsize=[0.85139319 0.55       0.21540247] shifted_fpos=[ 1.69       -0.25085139  0.97534056] lower=[ 1.44       -0.45085139  0.71763932] upper=[ 1.94       -0.05085139  1.23304179] inside=False
[obj_inside_of] obj=obj obj_pos=[ 2.2524354 -0.3361388  1.00826  ] fixture_pos=[ 1.69       -0.30085139  0.97534056] fsize=[0.85139319 0.55       0.21540247] shifted_fpos=[ 1.69       -0.25085139  0.97534056] lower=[ 1.44       -0.45085139  0.71763932] upper=[ 1.94       -0.05085139  1.23304179] inside=False
[obj_inside_of] obj=obj obj_pos=[ 2.2523699 -0.3361869  1.0095928] fixture_pos=[ 1.69       -0.30085139  0.97534056] fsize=[0.85139319 0.55       0.21540247] shifted_fpos=[ 1.69       -0.25085139  0.97534056] lower=[ 1.44       -0.45085139  0.71763932] upper=[ 1.94       -0.05085139  1.23304179] inside=False
[obj_inside_of] obj=obj obj_pos=[ 2.2523403 -0.3362333  1.0123342] fixture_pos=[ 1.69       -0.30085139  0.97534056] fsize=[0.85139319 0.55       0.21540247] shifted_fpos=[ 1.69       -0.25085139  0.97534056] lower=[ 1.44       -0.45085139  0.71763932] upper=[ 1.94       -0.05085139  1.23304179] inside=False
[obj_inside_of] obj=obj obj_pos=[ 2.252296   -0.33628199  1.0180352 ] fixture_pos=[ 1.69       -0.30085139  0.97534056] fsize=[0.85139319 0.55       0.21540247] shifted_fpos=[ 1.69       -0.25085139  0.97534056] lower=[ 1.44       -0.45085139  0.71763932] upper=[ 1.94       -0.05085139  1.23304179] inside=False
[obj_inside_of] obj=obj obj_pos=[ 2.2522905  -0.33635706  1.0250506 ] fixture_pos=[ 1.69       -0.30085139  0.97534056] fsize=[0.85139319 0.55       0.21540247] shifted_fpos=[ 1.69       -0.25085139  0.97534056] lower=[ 1.44       -0.45085139  0.71763932] upper=[ 1.94       -0.05085139  1.23304179] inside=False
[obj_inside_of] obj=obj obj_pos=[ 2.252254   -0.33648112  1.0313313 ] fixture_pos=[ 1.69       -0.30085139  0.97534056] fsize=[0.85139319 0.55       0.21540247] shifted_fpos=[ 1.69       -0.25085139  0.97534056] lower=[ 1.44       -0.45085139  0.71763932] upper=[ 1.94       -0.05085139  1.23304179] inside=False
[obj_inside_of] obj=obj obj_pos=[ 2.2522137 -0.3365348  1.0355469] fixture_pos=[ 1.69       -0.30085139  0.97534056] fsize=[0.85139319 0.55       0.21540247] shifted_fpos=[ 1.69       -0.25085139  0.97534056] lower=[ 1.44       -0.45085139  0.71763932] upper=[ 1.94       -0.05085139  1.23304179] inside=False
[obj_inside_of] obj=obj obj_pos=[ 2.2521722 -0.3366115  1.0381521] fixture_pos=[ 1.69       -0.30085139  0.97534056] fsize=[0.85139319 0.55       0.21540247] shifted_fpos=[ 1.69       -0.25085139  0.97534056] lower=[ 1.44       -0.45085139  0.71763932] upper=[ 1.94       -0.05085139  1.23304179] inside=False
[obj_inside_of] obj=obj obj_pos=[ 2.252156   -0.33660528  1.0395637 ] fixture_pos=[ 1.69       -0.30085139  0.97534056] fsize=[0.85139319 0.55       0.21540247] shifted_fpos=[ 1.69       -0.25085139  0.97534056] lower=[ 1.44       -0.45085139  0.71763932] upper=[ 1.94       -0.05085139  1.23304179] inside=False
[obj_inside_of] obj=obj obj_pos=[ 2.2521648  -0.33657593  1.0402567 ] fixture_pos=[ 1.69       -0.30085139  0.97534056] fsize=[0.85139319 0.55       0.21540247] shifted_fpos=[ 1.69       -0.25085139  0.97534056] lower=[ 1.44       -0.45085139  0.71763932] upper=[ 1.94       -0.05085139  1.23304179] inside=False
[obj_inside_of] obj=obj obj_pos=[ 2.2521856  -0.33653995  1.0405779 ] fixture_pos=[ 1.69       -0.30085139  0.97534056] fsize=[0.85139319 0.55       0.21540247] shifted_fpos=[ 1.69       -0.25085139  0.97534056] lower=[ 1.44       -0.45085139  0.71763932] upper=[ 1.94       -0.05085139  1.23304179] inside=False
[obj_inside_of] obj=obj obj_pos=[ 2.2522104  -0.33650324  1.0407242 ] fixture_pos=[ 1.69       -0.30085139  0.97534056] fsize=[0.85139319 0.55       0.21540247] shifted_fpos=[ 1.69       -0.25085139  0.97534056] lower=[ 1.44       -0.45085139  0.71763932] upper=[ 1.94       -0.05085139  1.23304179] inside=False
[obj_inside_of] obj=obj obj_pos=[ 2.2522302  -0.33647385  1.0407922 ] fixture_pos=[ 1.69       -0.30085139  0.97534056] fsize=[0.85139319 0.55       0.21540247] shifted_fpos=[ 1.69       -0.25085139  0.97534056] lower=[ 1.44       -0.45085139  0.71763932] upper=[ 1.94       -0.05085139  1.23304179] inside=False
[obj_inside_of] obj=obj obj_pos=[ 2.2522452  -0.33645043  1.0408269 ] fixture_pos=[ 1.69       -0.30085139  0.97534056] fsize=[0.85139319 0.55       0.21540247] shifted_fpos=[ 1.69       -0.25085139  0.97534056] lower=[ 1.44       -0.45085139  0.71763932] upper=[ 1.94       -0.05085139  1.23304179] inside=False
[obj_inside_of] obj=obj obj_pos=[ 2.2522535  -0.33643293  1.0408465 ] fixture_pos=[ 1.69       -0.30085139  0.97534056] fsize=[0.85139319 0.55       0.21540247] shifted_fpos=[ 1.69       -0.25085139  0.97534056] lower=[ 1.44       -0.45085139  0.71763932] upper=[ 1.94       -0.05085139  1.23304179] inside=False
[obj_inside_of] obj=obj obj_pos=[ 2.2522583  -0.33642167  1.04086   ] fixture_pos=[ 1.69       -0.30085139  0.97534056] fsize=[0.85139319 0.55       0.21540247] shifted_fpos=[ 1.69       -0.25085139  0.97534056] lower=[ 1.44       -0.45085139  0.71763932] upper=[ 1.94       -0.05085139  1.23304179] inside=False
[obj_inside_of] obj=obj obj_pos=[ 2.2522595 -0.3364149  1.0408692] fixture_pos=[ 1.69       -0.30085139  0.97534056] fsize=[0.85139319 0.55       0.21540247] shifted_fpos=[ 1.69       -0.25085139  0.97534056] lower=[ 1.44       -0.45085139  0.71763932] upper=[ 1.94       -0.05085139  1.23304179] inside=False
[obj_inside_of] obj=obj obj_pos=[ 2.2522602  -0.33641174  1.0408759 ] fixture_pos=[ 1.69       -0.30085139  0.97534056] fsize=[0.85139319 0.55       0.21540247] shifted_fpos=[ 1.69       -0.25085139  0.97534056] lower=[ 1.44       -0.45085139  0.71763932] upper=[ 1.94       -0.05085139  1.23304179] inside=False
[obj_inside_of] obj=obj obj_pos=[ 2.252259   -0.33641165  1.0408809 ] fixture_pos=[ 1.69       -0.30085139  0.97534056] fsize=[0.85139319 0.55       0.21540247] shifted_fpos=[ 1.69       -0.25085139  0.97534056] lower=[ 1.44       -0.45085139  0.71763932] upper=[ 1.94       -0.05085139  1.23304179] inside=False
[obj_inside_of] obj=obj obj_pos=[ 2.2522583  -0.33641174  1.040884  ] fixture_pos=[ 1.69       -0.30085139  0.97534056] fsize=[0.85139319 0.55       0.21540247] shifted_fpos=[ 1.69       -0.25085139  0.97534056] lower=[ 1.44       -0.45085139  0.71763932] upper=[ 1.94       -0.05085139  1.23304179] inside=False
[obj_inside_of] obj=obj obj_pos=[ 2.2522573  -0.33641568  1.0408864 ] fixture_pos=[ 1.69       -0.30085139  0.97534056] fsize=[0.85139319 0.55       0.21540247] shifted_fpos=[ 1.69       -0.25085139  0.97534056] lower=[ 1.44       -0.45085139  0.71763932] upper=[ 1.94       -0.05085139  1.23304179] inside=False
[obj_inside_of] obj=obj obj_pos=[ 2.2522552  -0.33642027  1.0408877 ] fixture_pos=[ 1.69       -0.30085139  0.97534056] fsize=[0.85139319 0.55       0.21540247] shifted_fpos=[ 1.69       -0.25085139  0.97534056] lower=[ 1.44       -0.45085139  0.71763932] upper=[ 1.94       -0.05085139  1.23304179] inside=False
[obj_inside_of] obj=obj obj_pos=[ 2.2522526  -0.33642483  1.0408888 ] fixture_pos=[ 1.69       -0.30085139  0.97534056] fsize=[0.85139319 0.55       0.21540247] shifted_fpos=[ 1.69       -0.25085139  0.97534056] lower=[ 1.44       -0.45085139  0.71763932] upper=[ 1.94       -0.05085139  1.23304179] inside=False
[obj_inside_of] obj=obj obj_pos=[ 2.252344   -0.33617812  1.0410814 ] fixture_pos=[ 1.69       -0.30085139  0.97534056] fsize=[0.85139319 0.55       0.21540247] shifted_fpos=[ 1.69       -0.25085139  0.97534056] lower=[ 1.44       -0.45085139  0.71763932] upper=[ 1.94       -0.05085139  1.23304179] inside=False
[obj_inside_of] obj=obj obj_pos=[ 2.252422   -0.33592752  1.0413105 ] fixture_pos=[ 1.69       -0.30085139  0.97534056] fsize=[0.85139319 0.55       0.21540247] shifted_fpos=[ 1.69       -0.25085139  0.97534056] lower=[ 1.44       -0.45085139  0.71763932] upper=[ 1.94       -0.05085139  1.23304179] inside=False
[obj_inside_of] obj=obj obj_pos=[ 2.252492  -0.3356781  1.0415423] fixture_pos=[ 1.69       -0.30085139  0.97534056] fsize=[0.85139319 0.55       0.21540247] shifted_fpos=[ 1.69       -0.25085139  0.97534056] lower=[ 1.44       -0.45085139  0.71763932] upper=[ 1.94       -0.05085139  1.23304179] inside=False
[obj_inside_of] obj=obj obj_pos=[ 2.252555   -0.33539408  1.0418001 ] fixture_pos=[ 1.69       -0.30085139  0.97534056] fsize=[0.85139319 0.55       0.21540247] shifted_fpos=[ 1.69       -0.25085139  0.97534056] lower=[ 1.44       -0.45085139  0.71763932] upper=[ 1.94       -0.05085139  1.23304179] inside=False
[obj_inside_of] obj=obj obj_pos=[ 2.2526371  -0.33517092  1.0420077 ] fixture_pos=[ 1.69       -0.30085139  0.97534056] fsize=[0.85139319 0.55       0.21540247] shifted_fpos=[ 1.69       -0.25085139  0.97534056] lower=[ 1.44       -0.45085139  0.71763932] upper=[ 1.94       -0.05085139  1.23304179] inside=False
[obj_inside_of] obj=obj obj_pos=[ 2.25257    -0.33520907  1.0433683 ] fixture_pos=[ 1.69       -0.30085139  0.97534056] fsize=[0.85139319 0.55       0.21540247] shifted_fpos=[ 1.69       -0.25085139  0.97534056] lower=[ 1.44       -0.45085139  0.71763932] upper=[ 1.94       -0.05085139  1.23304179] inside=False
[obj_inside_of] obj=obj obj_pos=[ 2.252532  -0.3352623  1.0461315] fixture_pos=[ 1.69       -0.30085139  0.97534056] fsize=[0.85139319 0.55       0.21540247] shifted_fpos=[ 1.69       -0.25085139  0.97534056] lower=[ 1.44       -0.45085139  0.71763932] upper=[ 1.94       -0.05085139  1.23304179] inside=False
[obj_inside_of] obj=obj obj_pos=[ 2.2524743 -0.3353206  1.0519067] fixture_pos=[ 1.69       -0.30085139  0.97534056] fsize=[0.85139319 0.55       0.21540247] shifted_fpos=[ 1.69       -0.25085139  0.97534056] lower=[ 1.44       -0.45085139  0.71763932] upper=[ 1.94       -0.05085139  1.23304179] inside=False
[obj_inside_of] obj=obj obj_pos=[ 2.2524438  -0.33545077  1.0588939 ] fixture_pos=[ 1.69       -0.30085139  0.97534056] fsize=[0.85139319 0.55       0.21540247] shifted_fpos=[ 1.69       -0.25085139  0.97534056] lower=[ 1.44       -0.45085139  0.71763932] upper=[ 1.94       -0.05085139  1.23304179] inside=False
[obj_inside_of] obj=obj obj_pos=[ 2.252383   -0.33564135  1.0651033 ] fixture_pos=[ 1.69       -0.30085139  0.97534056] fsize=[0.85139319 0.55       0.21540247] shifted_fpos=[ 1.69       -0.25085139  0.97534056] lower=[ 1.44       -0.45085139  0.71763932] upper=[ 1.94       -0.05085139  1.23304179] inside=False
[obj_inside_of] obj=obj obj_pos=[ 2.252311   -0.33579805  1.0695825 ] fixture_pos=[ 1.69       -0.30085139  0.97534056] fsize=[0.85139319 0.55       0.21540247] shifted_fpos=[ 1.69       -0.25085139  0.97534056] lower=[ 1.44       -0.45085139  0.71763932] upper=[ 1.94       -0.05085139  1.23304179] inside=False
[obj_inside_of] obj=obj obj_pos=[ 2.2522829  -0.33586296  1.0721705 ] fixture_pos=[ 1.69       -0.30085139  0.97534056] fsize=[0.85139319 0.55       0.21540247] shifted_fpos=[ 1.69       -0.25085139  0.97534056] lower=[ 1.44       -0.45085139  0.71763932] upper=[ 1.94       -0.05085139  1.23304179] inside=False
[obj_inside_of] obj=obj obj_pos=[ 2.2522855 -0.3358442  1.0735184] fixture_pos=[ 1.69       -0.30085139  0.97534056] fsize=[0.85139319 0.55       0.21540247] shifted_fpos=[ 1.69       -0.25085139  0.97534056] lower=[ 1.44       -0.45085139  0.71763932] upper=[ 1.94       -0.05085139  1.23304179] inside=False
[obj_inside_of] obj=obj obj_pos=[ 2.2523115  -0.33579102  1.0741721 ] fixture_pos=[ 1.69       -0.30085139  0.97534056] fsize=[0.85139319 0.55       0.21540247] shifted_fpos=[ 1.69       -0.25085139  0.97534056] lower=[ 1.44       -0.45085139  0.71763932] upper=[ 1.94       -0.05085139  1.23304179] inside=False
[perceive] 1 objects from ['base_camera', 'wrist_camera']: ['spout']
[obj_inside_of] obj=obj obj_pos=[ 2.2523448  -0.33572882  1.0744762 ] fixture_pos=[ 1.69       -0.30085139  0.97534056] fsize=[0.85139319 0.55       0.21540247] shifted_fpos=[ 1.69       -0.25085139  0.97534056] lower=[ 1.44       -0.45085139  0.71763932] upper=[ 1.94       -0.05085139  1.23304179] inside=False
[obj_inside_of] obj=obj obj_pos=[ 2.2523768 -0.3356703  1.0746183] fixture_pos=[ 1.69       -0.30085139  0.97534056] fsize=[0.85139319 0.55       0.21540247] shifted_fpos=[ 1.69       -0.25085139  0.97534056] lower=[ 1.44       -0.45085139  0.71763932] upper=[ 1.94       -0.05085139  1.23304179] inside=False
[obj_inside_of] obj=obj obj_pos=[ 2.2524016 -0.3356236  1.0746877] fixture_pos=[ 1.69       -0.30085139  0.97534056] fsize=[0.85139319 0.55       0.21540247] shifted_fpos=[ 1.69       -0.25085139  0.97534056] lower=[ 1.44       -0.45085139  0.71763932] upper=[ 1.94       -0.05085139  1.23304179] inside=False
[obj_inside_of] obj=obj obj_pos=[ 2.2524176  -0.33558896  1.0747275 ] fixture_pos=[ 1.69       -0.30085139  0.97534056] fsize=[0.85139319 0.55       0.21540247] shifted_fpos=[ 1.69       -0.25085139  0.97534056] lower=[ 1.44       -0.45085139  0.71763932] upper=[ 1.94       -0.05085139  1.23304179] inside=False
[obj_inside_of] obj=obj obj_pos=[ 2.2524261 -0.3355647  1.074752 ] fixture_pos=[ 1.69       -0.30085139  0.97534056] fsize=[0.85139319 0.55       0.21540247] shifted_fpos=[ 1.69       -0.25085139  0.97534056] lower=[ 1.44       -0.45085139  0.71763932] upper=[ 1.94       -0.05085139  1.23304179] inside=False
[obj_inside_of] obj=obj obj_pos=[ 2.252431   -0.33554992  1.0747693 ] fixture_pos=[ 1.69       -0.30085139  0.97534056] fsize=[0.85139319 0.55       0.21540247] shifted_fpos=[ 1.69       -0.25085139  0.97534056] lower=[ 1.44       -0.45085139  0.71763932] upper=[ 1.94       -0.05085139  1.23304179] inside=False
[obj_inside_of] obj=obj obj_pos=[ 2.2524312  -0.33554178  1.0747815 ] fixture_pos=[ 1.69       -0.30085139  0.97534056] fsize=[0.85139319 0.55       0.21540247] shifted_fpos=[ 1.69       -0.25085139  0.97534056] lower=[ 1.44       -0.45085139  0.71763932] upper=[ 1.94       -0.05085139  1.23304179] inside=False
[obj_inside_of] obj=obj obj_pos=[ 2.2524312  -0.33553898  1.0747912 ] fixture_pos=[ 1.69       -0.30085139  0.97534056] fsize=[0.85139319 0.55       0.21540247] shifted_fpos=[ 1.69       -0.25085139  0.97534056] lower=[ 1.44       -0.45085139  0.71763932] upper=[ 1.94       -0.05085139  1.23304179] inside=False
[obj_inside_of] obj=obj obj_pos=[ 2.2524285  -0.33553907  1.0747976 ] fixture_pos=[ 1.69       -0.30085139  0.97534056] fsize=[0.85139319 0.55       0.21540247] shifted_fpos=[ 1.69       -0.25085139  0.97534056] lower=[ 1.44       -0.45085139  0.71763932] upper=[ 1.94       -0.05085139  1.23304179] inside=False
[obj_inside_of] obj=obj obj_pos=[ 2.2524261  -0.33554366  1.0748022 ] fixture_pos=[ 1.69       -0.30085139  0.97534056] fsize=[0.85139319 0.55       0.21540247] shifted_fpos=[ 1.69       -0.25085139  0.97534056] lower=[ 1.44       -0.45085139  0.71763932] upper=[ 1.94       -0.05085139  1.23304179] inside=False
[obj_inside_of] obj=obj obj_pos=[ 2.2524235  -0.33554867  1.0748055 ] fixture_pos=[ 1.69       -0.30085139  0.97534056] fsize=[0.85139319 0.55       0.21540247] shifted_fpos=[ 1.69       -0.25085139  0.97534056] lower=[ 1.44       -0.45085139  0.71763932] upper=[ 1.94       -0.05085139  1.23304179] inside=False
[obj_inside_of] obj=obj obj_pos=[ 2.2524202 -0.3355538  1.0748072] fixture_pos=[ 1.69       -0.30085139  0.97534056] fsize=[0.85139319 0.55       0.21540247] shifted_fpos=[ 1.69       -0.25085139  0.97534056] lower=[ 1.44       -0.45085139  0.71763932] upper=[ 1.94       -0.05085139  1.23304179] inside=False
[obj_inside_of] obj=obj obj_pos=[ 2.252418   -0.33555993  1.0748088 ] fixture_pos=[ 1.69       -0.30085139  0.97534056] fsize=[0.85139319 0.55       0.21540247] shifted_fpos=[ 1.69       -0.25085139  0.97534056] lower=[ 1.44       -0.45085139  0.71763932] upper=[ 1.94       -0.05085139  1.23304179] inside=False
[obj_inside_of] obj=obj obj_pos=[ 2.2524142 -0.3355681  1.0748104] fixture_pos=[ 1.69       -0.30085139  0.97534056] fsize=[0.85139319 0.55       0.21540247] shifted_fpos=[ 1.69       -0.25085139  0.97534056] lower=[ 1.44       -0.45085139  0.71763932] upper=[ 1.94       -0.05085139  1.23304179] inside=False
[obj_inside_of] obj=obj obj_pos=[ 2.2525074  -0.33532083  1.0750079 ] fixture_pos=[ 1.69       -0.30085139  0.97534056] fsize=[0.85139319 0.55       0.21540247] shifted_fpos=[ 1.69       -0.25085139  0.97534056] lower=[ 1.44       -0.45085139  0.71763932] upper=[ 1.94       -0.05085139  1.23304179] inside=False
[obj_inside_of] obj=obj obj_pos=[ 2.2525887  -0.33507115  1.0752412 ] fixture_pos=[ 1.69       -0.30085139  0.97534056] fsize=[0.85139319 0.55       0.21540247] shifted_fpos=[ 1.69       -0.25085139  0.97534056] lower=[ 1.44       -0.45085139  0.71763932] upper=[ 1.94       -0.05085139  1.23304179] inside=False
[obj_inside_of] obj=obj obj_pos=[ 2.2526653  -0.33481956  1.0754771 ] fixture_pos=[ 1.69       -0.30085139  0.97534056] fsize=[0.85139319 0.55       0.21540247] shifted_fpos=[ 1.69       -0.25085139  0.97534056] lower=[ 1.44       -0.45085139  0.71763932] upper=[ 1.94       -0.05085139  1.23304179] inside=False
[obj_inside_of] obj=obj obj_pos=[ 2.2527392 -0.3345677  1.075714 ] fixture_pos=[ 1.69       -0.30085139  0.97534056] fsize=[0.85139319 0.55       0.21540247] shifted_fpos=[ 1.69       -0.25085139  0.97534056] lower=[ 1.44       -0.45085139  0.71763932] upper=[ 1.94       -0.05085139  1.23304179] inside=False
[obj_inside_of] obj=obj obj_pos=[ 2.2528143 -0.33432    1.0759503] fixture_pos=[ 1.69       -0.30085139  0.97534056] fsize=[0.85139319 0.55       0.21540247] shifted_fpos=[ 1.69       -0.25085139  0.97534056] lower=[ 1.44       -0.45085139  0.71763932] upper=[ 1.94       -0.05085139  1.23304179] inside=False
[obj_inside_of] obj=obj obj_pos=[ 2.2528877  -0.33406195  1.0761886 ] fixture_pos=[ 1.69       -0.30085139  0.97534056] fsize=[0.85139319 0.55       0.21540247] shifted_fpos=[ 1.69       -0.25085139  0.97534056] lower=[ 1.44       -0.45085139  0.71763932] upper=[ 1.94       -0.05085139  1.23304179] inside=False
[obj_inside_of] obj=obj obj_pos=[ 2.2527547  -0.33397892  1.0761242 ] fixture_pos=[ 1.69       -0.30085139  0.97534056] fsize=[0.85139319 0.55       0.21540247] shifted_fpos=[ 1.69       -0.25085139  0.97534056] lower=[ 1.44       -0.45085139  0.71763932] upper=[ 1.94       -0.05085139  1.23304179] inside=False
[obj_inside_of] obj=obj obj_pos=[ 2.2523618 -0.3337481  1.0759931] fixture_pos=[ 1.69       -0.30085139  0.97534056] fsize=[0.85139319 0.55       0.21540247] shifted_fpos=[ 1.69       -0.25085139  0.97534056] lower=[ 1.44       -0.45085139  0.71763932] upper=[ 1.94       -0.05085139  1.23304179] inside=False
[obj_inside_of] obj=obj obj_pos=[ 2.2516942 -0.3333898  1.0758922] fixture_pos=[ 1.69       -0.30085139  0.97534056] fsize=[0.85139319 0.55       0.21540247] shifted_fpos=[ 1.69       -0.25085139  0.97534056] lower=[ 1.44       -0.45085139  0.71763932] upper=[ 1.94       -0.05085139  1.23304179] inside=False
[obj_inside_of] obj=obj obj_pos=[ 2.2502391 -0.332747   1.0758424] fixture_pos=[ 1.69       -0.30085139  0.97534056] fsize=[0.85139319 0.55       0.21540247] shifted_fpos=[ 1.69       -0.25085139  0.97534056] lower=[ 1.44       -0.45085139  0.71763932] upper=[ 1.94       -0.05085139  1.23304179] inside=False
[obj_inside_of] obj=obj obj_pos=[ 2.2479956 -0.3317061  1.0758135] fixture_pos=[ 1.69       -0.30085139  0.97534056] fsize=[0.85139319 0.55       0.21540247] shifted_fpos=[ 1.69       -0.25085139  0.97534056] lower=[ 1.44       -0.45085139  0.71763932] upper=[ 1.94       -0.05085139  1.23304179] inside=False
[obj_inside_of] obj=obj obj_pos=[ 2.2448702 -0.3302402  1.0759665] fixture_pos=[ 1.69       -0.30085139  0.97534056] fsize=[0.85139319 0.55       0.21540247] shifted_fpos=[ 1.69       -0.25085139  0.97534056] lower=[ 1.44       -0.45085139  0.71763932] upper=[ 1.94       -0.05085139  1.23304179] inside=False
[obj_inside_of] obj=obj obj_pos=[ 2.2405927  -0.32816797  1.0762185 ] fixture_pos=[ 1.69       -0.30085139  0.97534056] fsize=[0.85139319 0.55       0.21540247] shifted_fpos=[ 1.69       -0.25085139  0.97534056] lower=[ 1.44       -0.45085139  0.71763932] upper=[ 1.94       -0.05085139  1.23304179] inside=False
[obj_inside_of] obj=obj obj_pos=[ 2.2350898  -0.32546768  1.0766063 ] fixture_pos=[ 1.69       -0.30085139  0.97534056] fsize=[0.85139319 0.55       0.21540247] shifted_fpos=[ 1.69       -0.25085139  0.97534056] lower=[ 1.44       -0.45085139  0.71763932] upper=[ 1.94       -0.05085139  1.23304179] inside=False
[obj_inside_of] obj=obj obj_pos=[ 2.2282147  -0.32207125  1.0771345 ] fixture_pos=[ 1.69       -0.30085139  0.97534056] fsize=[0.85139319 0.55       0.21540247] shifted_fpos=[ 1.69       -0.25085139  0.97534056] lower=[ 1.44       -0.45085139  0.71763932] upper=[ 1.94       -0.05085139  1.23304179] inside=False
[obj_inside_of] obj=obj obj_pos=[ 2.2196343  -0.31780615  1.0779427 ] fixture_pos=[ 1.69       -0.30085139  0.97534056] fsize=[0.85139319 0.55       0.21540247] shifted_fpos=[ 1.69       -0.25085139  0.97534056] lower=[ 1.44       -0.45085139  0.71763932] upper=[ 1.94       -0.05085139  1.23304179] inside=False
[obj_inside_of] obj=obj obj_pos=[ 2.2091522  -0.31256726  1.0788043 ] fixture_pos=[ 1.69       -0.30085139  0.97534056] fsize=[0.85139319 0.55       0.21540247] shifted_fpos=[ 1.69       -0.25085139  0.97534056] lower=[ 1.44       -0.45085139  0.71763932] upper=[ 1.94       -0.05085139  1.23304179] inside=False
[obj_inside_of] obj=obj obj_pos=[ 2.1968071 -0.3064041  1.0798057] fixture_pos=[ 1.69       -0.30085139  0.97534056] fsize=[0.85139319 0.55       0.21540247] shifted_fpos=[ 1.69       -0.25085139  0.97534056] lower=[ 1.44       -0.45085139  0.71763932] upper=[ 1.94       -0.05085139  1.23304179] inside=False
[obj_inside_of] obj=obj obj_pos=[ 2.183096   -0.29970294  1.08078   ] fixture_pos=[ 1.69       -0.30085139  0.97534056] fsize=[0.85139319 0.55       0.21540247] shifted_fpos=[ 1.69       -0.25085139  0.97534056] lower=[ 1.44       -0.45085139  0.71763932] upper=[ 1.94       -0.05085139  1.23304179] inside=False
[obj_inside_of] obj=obj obj_pos=[ 2.169072  -0.2930509  1.0816563] fixture_pos=[ 1.69       -0.30085139  0.97534056] fsize=[0.85139319 0.55       0.21540247] shifted_fpos=[ 1.69       -0.25085139  0.97534056] lower=[ 1.44       -0.45085139  0.71763932] upper=[ 1.94       -0.05085139  1.23304179] inside=False
[obj_inside_of] obj=obj obj_pos=[ 2.1557417 -0.2868731  1.0824374] fixture_pos=[ 1.69       -0.30085139  0.97534056] fsize=[0.85139319 0.55       0.21540247] shifted_fpos=[ 1.69       -0.25085139  0.97534056] lower=[ 1.44       -0.45085139  0.71763932] upper=[ 1.94       -0.05085139  1.23304179] inside=False
[obj_inside_of] obj=obj obj_pos=[ 2.1437633 -0.2813721  1.0831232] fixture_pos=[ 1.69       -0.30085139  0.97534056] fsize=[0.85139319 0.55       0.21540247] shifted_fpos=[ 1.69       -0.25085139  0.97534056] lower=[ 1.44       -0.45085139  0.71763932] upper=[ 1.94       -0.05085139  1.23304179] inside=False
[obj_inside_of] obj=obj obj_pos=[ 2.133441   -0.27661246  1.0837088 ] fixture_pos=[ 1.69       -0.30085139  0.97534056] fsize=[0.85139319 0.55       0.21540247] shifted_fpos=[ 1.69       -0.25085139  0.97534056] lower=[ 1.44       -0.45085139  0.71763932] upper=[ 1.94       -0.05085139  1.23304179] inside=False
[obj_inside_of] obj=obj obj_pos=[ 2.1248417  -0.27259213  1.084191  ] fixture_pos=[ 1.69       -0.30085139  0.97534056] fsize=[0.85139319 0.55       0.21540247] shifted_fpos=[ 1.69       -0.25085139  0.97534056] lower=[ 1.44       -0.45085139  0.71763932] upper=[ 1.94       -0.05085139  1.23304179] inside=False
[obj_inside_of] obj=obj obj_pos=[ 2.1179698  -0.26927647  1.0843416 ] fixture_pos=[ 1.69       -0.30085139  0.97534056] fsize=[0.85139319 0.55       0.21540247] shifted_fpos=[ 1.69       -0.25085139  0.97534056] lower=[ 1.44       -0.45085139  0.71763932] upper=[ 1.94       -0.05085139  1.23304179] inside=False
[obj_inside_of] obj=obj obj_pos=[ 2.1126359 -0.2666411  1.084654 ] fixture_pos=[ 1.69       -0.30085139  0.97534056] fsize=[0.85139319 0.55       0.21540247] shifted_fpos=[ 1.69       -0.25085139  0.97534056] lower=[ 1.44       -0.45085139  0.71763932] upper=[ 1.94       -0.05085139  1.23304179] inside=False
[obj_inside_of] obj=obj obj_pos=[ 2.1085188  -0.26453835  1.0849562 ] fixture_pos=[ 1.69       -0.30085139  0.97534056] fsize=[0.85139319 0.55       0.21540247] shifted_fpos=[ 1.69       -0.25085139  0.97534056] lower=[ 1.44       -0.45085139  0.71763932] upper=[ 1.94       -0.05085139  1.23304179] inside=False
[obj_inside_of] obj=obj obj_pos=[ 2.1054814  -0.26287615  1.0850068 ] fixture_pos=[ 1.69       -0.30085139  0.97534056] fsize=[0.85139319 0.55       0.21540247] shifted_fpos=[ 1.69       -0.25085139  0.97534056] lower=[ 1.44       -0.45085139  0.71763932] upper=[ 1.94       -0.05085139  1.23304179] inside=False
[obj_inside_of] obj=obj obj_pos=[ 2.1033924 -0.2616991  1.0851935] fixture_pos=[ 1.69       -0.30085139  0.97534056] fsize=[0.85139319 0.55       0.21540247] shifted_fpos=[ 1.69       -0.25085139  0.97534056] lower=[ 1.44       -0.45085139  0.71763932] upper=[ 1.94       -0.05085139  1.23304179] inside=False
[obj_inside_of] obj=obj obj_pos=[ 2.1021016  -0.26082036  1.0852123 ] fixture_pos=[ 1.69       -0.30085139  0.97534056] fsize=[0.85139319 0.55       0.21540247] shifted_fpos=[ 1.69       -0.25085139  0.97534056] lower=[ 1.44       -0.45085139  0.71763932] upper=[ 1.94       -0.05085139  1.23304179] inside=False
[obj_inside_of] obj=obj obj_pos=[ 2.101377   -0.26024175  1.0853869 ] fixture_pos=[ 1.69       -0.30085139  0.97534056] fsize=[0.85139319 0.55       0.21540247] shifted_fpos=[ 1.69       -0.25085139  0.97534056] lower=[ 1.44       -0.45085139  0.71763932] upper=[ 1.94       -0.05085139  1.23304179] inside=False
[obj_inside_of] obj=obj obj_pos=[ 2.1009893 -0.2598698  1.0854825] fixture_pos=[ 1.69       -0.30085139  0.97534056] fsize=[0.85139319 0.55       0.21540247] shifted_fpos=[ 1.69       -0.25085139  0.97534056] lower=[ 1.44       -0.45085139  0.71763932] upper=[ 1.94       -0.05085139  1.23304179] inside=False
[obj_inside_of] obj=obj obj_pos=[ 2.100846   -0.25965962  1.0855628 ] fixture_pos=[ 1.69       -0.30085139  0.97534056] fsize=[0.85139319 0.55       0.21540247] shifted_fpos=[ 1.69       -0.25085139  0.97534056] lower=[ 1.44       -0.45085139  0.71763932] upper=[ 1.94       -0.05085139  1.23304179] inside=False
[obj_inside_of] obj=obj obj_pos=[ 2.1008472  -0.25955907  1.0856366 ] fixture_pos=[ 1.69       -0.30085139  0.97534056] fsize=[0.85139319 0.55       0.21540247] shifted_fpos=[ 1.69       -0.25085139  0.97534056] lower=[ 1.44       -0.45085139  0.71763932] upper=[ 1.94       -0.05085139  1.23304179] inside=False
[obj_inside_of] obj=obj obj_pos=[ 2.1009204  -0.25952876  1.0857002 ] fixture_pos=[ 1.69       -0.30085139  0.97534056] fsize=[0.85139319 0.55       0.21540247] shifted_fpos=[ 1.69       -0.25085139  0.97534056] lower=[ 1.44       -0.45085139  0.71763932] upper=[ 1.94       -0.05085139  1.23304179] inside=False
[obj_inside_of] obj=obj obj_pos=[ 2.1010237  -0.25954372  1.0857505 ] fixture_pos=[ 1.69       -0.30085139  0.97534056] fsize=[0.85139319 0.55       0.21540247] shifted_fpos=[ 1.69       -0.25085139  0.97534056] lower=[ 1.44       -0.45085139  0.71763932] upper=[ 1.94       -0.05085139  1.23304179] inside=False
[obj_inside_of] obj=obj obj_pos=[ 2.101135   -0.25958446  1.0857884 ] fixture_pos=[ 1.69       -0.30085139  0.97534056] fsize=[0.85139319 0.55       0.21540247] shifted_fpos=[ 1.69       -0.25085139  0.97534056] lower=[ 1.44       -0.45085139  0.71763932] upper=[ 1.94       -0.05085139  1.23304179] inside=False
[obj_inside_of] obj=obj obj_pos=[ 2.1012454  -0.25964573  1.0858157 ] fixture_pos=[ 1.69       -0.30085139  0.97534056] fsize=[0.85139319 0.55       0.21540247] shifted_fpos=[ 1.69       -0.25085139  0.97534056] lower=[ 1.44       -0.45085139  0.71763932] upper=[ 1.94       -0.05085139  1.23304179] inside=False
[obj_inside_of] obj=obj obj_pos=[ 2.101347   -0.25970525  1.0858355 ] fixture_pos=[ 1.69       -0.30085139  0.97534056] fsize=[0.85139319 0.55       0.21540247] shifted_fpos=[ 1.69       -0.25085139  0.97534056] lower=[ 1.44       -0.45085139  0.71763932] upper=[ 1.94       -0.05085139  1.23304179] inside=False
[obj_inside_of] obj=obj obj_pos=[ 2.1014438 -0.259772   1.0858487] fixture_pos=[ 1.69       -0.30085139  0.97534056] fsize=[0.85139319 0.55       0.21540247] shifted_fpos=[ 1.69       -0.25085139  0.97534056] lower=[ 1.44       -0.45085139  0.71763932] upper=[ 1.94       -0.05085139  1.23304179] inside=False
[obj_inside_of] obj=obj obj_pos=[ 2.1015322 -0.2598384  1.085857 ] fixture_pos=[ 1.69       -0.30085139  0.97534056] fsize=[0.85139319 0.55       0.21540247] shifted_fpos=[ 1.69       -0.25085139  0.97534056] lower=[ 1.44       -0.45085139  0.71763932] upper=[ 1.94       -0.05085139  1.23304179] inside=False
[obj_inside_of] obj=obj obj_pos=[ 2.101612   -0.25990397  1.0858631 ] fixture_pos=[ 1.69       -0.30085139  0.97534056] fsize=[0.85139319 0.55       0.21540247] shifted_fpos=[ 1.69       -0.25085139  0.97534056] lower=[ 1.44       -0.45085139  0.71763932] upper=[ 1.94       -0.05085139  1.23304179] inside=False
[obj_inside_of] obj=obj obj_pos=[ 2.1016853 -0.2599657  1.0858669] fixture_pos=[ 1.69       -0.30085139  0.97534056] fsize=[0.85139319 0.55       0.21540247] shifted_fpos=[ 1.69       -0.25085139  0.97534056] lower=[ 1.44       -0.45085139  0.71763932] upper=[ 1.94       -0.05085139  1.23304179] inside=False
[obj_inside_of] obj=obj obj_pos=[ 2.101752  -0.2600234  1.0858696] fixture_pos=[ 1.69       -0.30085139  0.97534056] fsize=[0.85139319 0.55       0.21540247] shifted_fpos=[ 1.69       -0.25085139  0.97534056] lower=[ 1.44       -0.45085139  0.71763932] upper=[ 1.94       -0.05085139  1.23304179] inside=False
[obj_inside_of] obj=obj obj_pos=[ 2.1018114  -0.26007617  1.0858717 ] fixture_pos=[ 1.69       -0.30085139  0.97534056] fsize=[0.85139319 0.55       0.21540247] shifted_fpos=[ 1.69       -0.25085139  0.97534056] lower=[ 1.44       -0.45085139  0.71763932] upper=[ 1.94       -0.05085139  1.23304179] inside=False
[obj_inside_of] obj=obj obj_pos=[ 2.1018653  -0.26012418  1.0858722 ] fixture_pos=[ 1.69       -0.30085139  0.97534056] fsize=[0.85139319 0.55       0.21540247] shifted_fpos=[ 1.69       -0.25085139  0.97534056] lower=[ 1.44       -0.45085139  0.71763932] upper=[ 1.94       -0.05085139  1.23304179] inside=False
[obj_inside_of] obj=obj obj_pos=[ 2.1019354  -0.25985312  1.0860616 ] fixture_pos=[ 1.69       -0.30085139  0.97534056] fsize=[0.85139319 0.55       0.21540247] shifted_fpos=[ 1.69       -0.25085139  0.97534056] lower=[ 1.44       -0.45085139  0.71763932] upper=[ 1.94       -0.05085139  1.23304179] inside=False
[obj_inside_of] obj=obj obj_pos=[ 2.1019893  -0.25958064  1.0862799 ] fixture_pos=[ 1.69       -0.30085139  0.97534056] fsize=[0.85139319 0.55       0.21540247] shifted_fpos=[ 1.69       -0.25085139  0.97534056] lower=[ 1.44       -0.45085139  0.71763932] upper=[ 1.94       -0.05085139  1.23304179] inside=False
[obj_inside_of] obj=obj obj_pos=[ 2.1020353  -0.25930834  1.0865016 ] fixture_pos=[ 1.69       -0.30085139  0.97534056] fsize=[0.85139319 0.55       0.21540247] shifted_fpos=[ 1.69       -0.25085139  0.97534056] lower=[ 1.44       -0.45085139  0.71763932] upper=[ 1.94       -0.05085139  1.23304179] inside=False
[obj_inside_of] obj=obj obj_pos=[ 2.1020734  -0.25902444  1.0867258 ] fixture_pos=[ 1.69       -0.30085139  0.97534056] fsize=[0.85139319 0.55       0.21540247] shifted_fpos=[ 1.69       -0.25085139  0.97534056] lower=[ 1.44       -0.45085139  0.71763932] upper=[ 1.94       -0.05085139  1.23304179] inside=False
[obj_inside_of] obj=obj obj_pos=[ 2.1021073 -0.2587404  1.0869495] fixture_pos=[ 1.69       -0.30085139  0.97534056] fsize=[0.85139319 0.55       0.21540247] shifted_fpos=[ 1.69       -0.25085139  0.97534056] lower=[ 1.44       -0.45085139  0.71763932] upper=[ 1.94       -0.05085139  1.23304179] inside=False
[obj_inside_of] obj=obj obj_pos=[ 2.101991   -0.25867176  1.0868921 ] fixture_pos=[ 1.69       -0.30085139  0.97534056] fsize=[0.85139319 0.55       0.21540247] shifted_fpos=[ 1.69       -0.25085139  0.97534056] lower=[ 1.44       -0.45085139  0.71763932] upper=[ 1.94       -0.05085139  1.23304179] inside=False
[obj_inside_of] obj=obj obj_pos=[ 2.1017144 -0.2585175  1.0867338] fixture_pos=[ 1.69       -0.30085139  0.97534056] fsize=[0.85139319 0.55       0.21540247] shifted_fpos=[ 1.69       -0.25085139  0.97534056] lower=[ 1.44       -0.45085139  0.71763932] upper=[ 1.94       -0.05085139  1.23304179] inside=False
[obj_inside_of] obj=obj obj_pos=[ 2.1011257  -0.25818983  1.0866022 ] fixture_pos=[ 1.69       -0.30085139  0.97534056] fsize=[0.85139319 0.55       0.21540247] shifted_fpos=[ 1.69       -0.25085139  0.97534056] lower=[ 1.44       -0.45085139  0.71763932] upper=[ 1.94       -0.05085139  1.23304179] inside=False
[obj_inside_of] obj=obj obj_pos=[ 2.0999532  -0.25773475  1.0864218 ] fixture_pos=[ 1.69       -0.30085139  0.97534056] fsize=[0.85139319 0.55       0.21540247] shifted_fpos=[ 1.69       -0.25085139  0.97534056] lower=[ 1.44       -0.45085139  0.71763932] upper=[ 1.94       -0.05085139  1.23304179] inside=False
[obj_inside_of] obj=obj obj_pos=[ 2.0978446 -0.2567857  1.0862721] fixture_pos=[ 1.69       -0.30085139  0.97534056] fsize=[0.85139319 0.55       0.21540247] shifted_fpos=[ 1.69       -0.25085139  0.97534056] lower=[ 1.44       -0.45085139  0.71763932] upper=[ 1.94       -0.05085139  1.23304179] inside=False
[viz-debug] base_link.pose=(2.035,-0.857) q=(0.707,0.000,0.000,0.707) qpos[0:3]=(0.543,-0.345,0.001)
[obj_inside_of] obj=obj obj_pos=[ 2.09479    -0.25555876  1.086134  ] fixture_pos=[ 1.69       -0.30085139  0.97534056] fsize=[0.85139319 0.55       0.21540247] shifted_fpos=[ 1.69       -0.25085139  0.97534056] lower=[ 1.44       -0.45085139  0.71763932] upper=[ 1.94       -0.05085139  1.23304179] inside=False
[obj_inside_of] obj=obj obj_pos=[ 2.0907767 -0.2538387  1.0860133] fixture_pos=[ 1.69       -0.30085139  0.97534056] fsize=[0.85139319 0.55       0.21540247] shifted_fpos=[ 1.69       -0.25085139  0.97534056] lower=[ 1.44       -0.45085139  0.71763932] upper=[ 1.94       -0.05085139  1.23304179] inside=False
[obj_inside_of] obj=obj obj_pos=[ 2.085482   -0.25149533  1.0861079 ] fixture_pos=[ 1.69       -0.30085139  0.97534056] fsize=[0.85139319 0.55       0.21540247] shifted_fpos=[ 1.69       -0.25085139  0.97534056] lower=[ 1.44       -0.45085139  0.71763932] upper=[ 1.94       -0.05085139  1.23304179] inside=False
[obj_inside_of] obj=obj obj_pos=[ 2.0786994  -0.24847735  1.0860285 ] fixture_pos=[ 1.69       -0.30085139  0.97534056] fsize=[0.85139319 0.55       0.21540247] shifted_fpos=[ 1.69       -0.25085139  0.97534056] lower=[ 1.44       -0.45085139  0.71763932] upper=[ 1.94       -0.05085139  1.23304179] inside=False
[obj_inside_of] obj=obj obj_pos=[ 2.0703719  -0.24481633  1.0867238 ] fixture_pos=[ 1.69       -0.30085139  0.97534056] fsize=[0.85139319 0.55       0.21540247] shifted_fpos=[ 1.69       -0.25085139  0.97534056] lower=[ 1.44       -0.45085139  0.71763932] upper=[ 1.94       -0.05085139  1.23304179] inside=False
[obj_inside_of] obj=obj obj_pos=[ 2.0624058  -0.24186887  1.0854267 ] fixture_pos=[ 1.69       -0.30085139  0.97534056] fsize=[0.85139319 0.55       0.21540247] shifted_fpos=[ 1.69       -0.25085139  0.97534056] lower=[ 1.44       -0.45085139  0.71763932] upper=[ 1.94       -0.05085139  1.23304179] inside=False
[obj_inside_of] obj=obj obj_pos=[ 2.0570142  -0.23988831  1.0843494 ] fixture_pos=[ 1.69       -0.30085139  0.97534056] fsize=[0.85139319 0.55       0.21540247] shifted_fpos=[ 1.69       -0.25085139  0.97534056] lower=[ 1.44       -0.45085139  0.71763932] upper=[ 1.94       -0.05085139  1.23304179] inside=False
[obj_inside_of] obj=obj obj_pos=[ 2.053923   -0.23864575  1.0838609 ] fixture_pos=[ 1.69       -0.30085139  0.97534056] fsize=[0.85139319 0.55       0.21540247] shifted_fpos=[ 1.69       -0.25085139  0.97534056] lower=[ 1.44       -0.45085139  0.71763932] upper=[ 1.94       -0.05085139  1.23304179] inside=False
[obj_inside_of] obj=obj obj_pos=[ 2.052333   -0.23788309  1.0838003 ] fixture_pos=[ 1.69       -0.30085139  0.97534056] fsize=[0.85139319 0.55       0.21540247] shifted_fpos=[ 1.69       -0.25085139  0.97534056] lower=[ 1.44       -0.45085139  0.71763932] upper=[ 1.94       -0.05085139  1.23304179] inside=False
[obj_inside_of] obj=obj obj_pos=[ 2.051588   -0.23741846  1.08394   ] fixture_pos=[ 1.69       -0.30085139  0.97534056] fsize=[0.85139319 0.55       0.21540247] shifted_fpos=[ 1.69       -0.25085139  0.97534056] lower=[ 1.44       -0.45085139  0.71763932] upper=[ 1.94       -0.05085139  1.23304179] inside=False
[obj_inside_of] obj=obj obj_pos=[ 2.0512738  -0.23713683  1.0841299 ] fixture_pos=[ 1.69       -0.30085139  0.97534056] fsize=[0.85139319 0.55       0.21540247] shifted_fpos=[ 1.69       -0.25085139  0.97534056] lower=[ 1.44       -0.45085139  0.71763932] upper=[ 1.94       -0.05085139  1.23304179] inside=False
[obj_inside_of] obj=obj obj_pos=[ 2.0511653  -0.23696722  1.0842991 ] fixture_pos=[ 1.69       -0.30085139  0.97534056] fsize=[0.85139319 0.55       0.21540247] shifted_fpos=[ 1.69       -0.25085139  0.97534056] lower=[ 1.44       -0.45085139  0.71763932] upper=[ 1.94       -0.05085139  1.23304179] inside=False
[obj_inside_of] obj=obj obj_pos=[ 2.0511484  -0.23686978  1.0844269 ] fixture_pos=[ 1.69       -0.30085139  0.97534056] fsize=[0.85139319 0.55       0.21540247] shifted_fpos=[ 1.69       -0.25085139  0.97534056] lower=[ 1.44       -0.45085139  0.71763932] upper=[ 1.94       -0.05085139  1.23304179] inside=False
[obj_inside_of] obj=obj obj_pos=[ 2.051174   -0.23681794  1.0845149 ] fixture_pos=[ 1.69       -0.30085139  0.97534056] fsize=[0.85139319 0.55       0.21540247] shifted_fpos=[ 1.69       -0.25085139  0.97534056] lower=[ 1.44       -0.45085139  0.71763932] upper=[ 1.94       -0.05085139  1.23304179] inside=False
[obj_inside_of] obj=obj obj_pos=[ 2.0512192  -0.23680155  1.0845723 ] fixture_pos=[ 1.69       -0.30085139  0.97534056] fsize=[0.85139319 0.55       0.21540247] shifted_fpos=[ 1.69       -0.25085139  0.97534056] lower=[ 1.44       -0.45085139  0.71763932] upper=[ 1.94       -0.05085139  1.23304179] inside=False
[obj_inside_of] obj=obj obj_pos=[ 2.0512729 -0.2367996  1.0846106] fixture_pos=[ 1.69       -0.30085139  0.97534056] fsize=[0.85139319 0.55       0.21540247] shifted_fpos=[ 1.69       -0.25085139  0.97534056] lower=[ 1.44       -0.45085139  0.71763932] upper=[ 1.94       -0.05085139  1.23304179] inside=False
[obj_inside_of] obj=obj obj_pos=[ 2.0513299  -0.23681523  1.0846349 ] fixture_pos=[ 1.69       -0.30085139  0.97534056] fsize=[0.85139319 0.55       0.21540247] shifted_fpos=[ 1.69       -0.25085139  0.97534056] lower=[ 1.44       -0.45085139  0.71763932] upper=[ 1.94       -0.05085139  1.23304179] inside=False
[obj_inside_of] obj=obj obj_pos=[ 2.0513897  -0.23684096  1.0846506 ] fixture_pos=[ 1.69       -0.30085139  0.97534056] fsize=[0.85139319 0.55       0.21540247] shifted_fpos=[ 1.69       -0.25085139  0.97534056] lower=[ 1.44       -0.45085139  0.71763932] upper=[ 1.94       -0.05085139  1.23304179] inside=False
[obj_inside_of] obj=obj obj_pos=[ 2.0514483 -0.236872   1.0846615] fixture_pos=[ 1.69       -0.30085139  0.97534056] fsize=[0.85139319 0.55       0.21540247] shifted_fpos=[ 1.69       -0.25085139  0.97534056] lower=[ 1.44       -0.45085139  0.71763932] upper=[ 1.94       -0.05085139  1.23304179] inside=False
[obj_inside_of] obj=obj obj_pos=[ 2.0515056 -0.2369057  1.0846685] fixture_pos=[ 1.69       -0.30085139  0.97534056] fsize=[0.85139319 0.55       0.21540247] shifted_fpos=[ 1.69       -0.25085139  0.97534056] lower=[ 1.44       -0.45085139  0.71763932] upper=[ 1.94       -0.05085139  1.23304179] inside=False
[obj_inside_of] obj=obj obj_pos=[ 2.0515592  -0.23693979  1.0846732 ] fixture_pos=[ 1.69       -0.30085139  0.97534056] fsize=[0.85139319 0.55       0.21540247] shifted_fpos=[ 1.69       -0.25085139  0.97534056] lower=[ 1.44       -0.45085139  0.71763932] upper=[ 1.94       -0.05085139  1.23304179] inside=False
[obj_inside_of] obj=obj obj_pos=[ 2.051612   -0.23697284  1.0846772 ] fixture_pos=[ 1.69       -0.30085139  0.97534056] fsize=[0.85139319 0.55       0.21540247] shifted_fpos=[ 1.69       -0.25085139  0.97534056] lower=[ 1.44       -0.45085139  0.71763932] upper=[ 1.94       -0.05085139  1.23304179] inside=False
[obj_inside_of] obj=obj obj_pos=[ 2.0516603  -0.23700546  1.0846796 ] fixture_pos=[ 1.69       -0.30085139  0.97534056] fsize=[0.85139319 0.55       0.21540247] shifted_fpos=[ 1.69       -0.25085139  0.97534056] lower=[ 1.44       -0.45085139  0.71763932] upper=[ 1.94       -0.05085139  1.23304179] inside=False
[obj_inside_of] obj=obj obj_pos=[ 2.0517027 -0.2370372  1.0846815] fixture_pos=[ 1.69       -0.30085139  0.97534056] fsize=[0.85139319 0.55       0.21540247] shifted_fpos=[ 1.69       -0.25085139  0.97534056] lower=[ 1.44       -0.45085139  0.71763932] upper=[ 1.94       -0.05085139  1.23304179] inside=False
[obj_inside_of] obj=obj obj_pos=[ 2.0517437  -0.23706545  1.0846825 ] fixture_pos=[ 1.69       -0.30085139  0.97534056] fsize=[0.85139319 0.55       0.21540247] shifted_fpos=[ 1.69       -0.25085139  0.97534056] lower=[ 1.44       -0.45085139  0.71763932] upper=[ 1.94       -0.05085139  1.23304179] inside=False
[obj_inside_of] obj=obj obj_pos=[ 2.051781   -0.23709273  1.0846831 ] fixture_pos=[ 1.69       -0.30085139  0.97534056] fsize=[0.85139319 0.55       0.21540247] shifted_fpos=[ 1.69       -0.25085139  0.97534056] lower=[ 1.44       -0.45085139  0.71763932] upper=[ 1.94       -0.05085139  1.23304179] inside=False
[obj_inside_of] obj=obj obj_pos=[ 2.051813   -0.23711634  1.0846833 ] fixture_pos=[ 1.69       -0.30085139  0.97534056] fsize=[0.85139319 0.55       0.21540247] shifted_fpos=[ 1.69       -0.25085139  0.97534056] lower=[ 1.44       -0.45085139  0.71763932] upper=[ 1.94       -0.05085139  1.23304179] inside=False
[obj_inside_of] obj=obj obj_pos=[ 2.0518427  -0.23713878  1.0846833 ] fixture_pos=[ 1.69       -0.30085139  0.97534056] fsize=[0.85139319 0.55       0.21540247] shifted_fpos=[ 1.69       -0.25085139  0.97534056] lower=[ 1.44       -0.45085139  0.71763932] upper=[ 1.94       -0.05085139  1.23304179] inside=False
[obj_inside_of] obj=obj obj_pos=[ 2.0518684  -0.23715743  1.0846832 ] fixture_pos=[ 1.69       -0.30085139  0.97534056] fsize=[0.85139319 0.55       0.21540247] shifted_fpos=[ 1.69       -0.25085139  0.97534056] lower=[ 1.44       -0.45085139  0.71763932] upper=[ 1.94       -0.05085139  1.23304179] inside=False
[obj_inside_of] obj=obj obj_pos=[ 2.051892   -0.23717554  1.0846828 ] fixture_pos=[ 1.69       -0.30085139  0.97534056] fsize=[0.85139319 0.55       0.21540247] shifted_fpos=[ 1.69       -0.25085139  0.97534056] lower=[ 1.44       -0.45085139  0.71763932] upper=[ 1.94       -0.05085139  1.23304179] inside=False
[obj_inside_of] obj=obj obj_pos=[ 2.0519135 -0.2371903  1.0846833] fixture_pos=[ 1.69       -0.30085139  0.97534056] fsize=[0.85139319 0.55       0.21540247] shifted_fpos=[ 1.69       -0.25085139  0.97534056] lower=[ 1.44       -0.45085139  0.71763932] upper=[ 1.94       -0.05085139  1.23304179] inside=False
[obj_inside_of] obj=obj obj_pos=[ 2.0519314  -0.23720394  1.0846833 ] fixture_pos=[ 1.69       -0.30085139  0.97534056] fsize=[0.85139319 0.55       0.21540247] shifted_fpos=[ 1.69       -0.25085139  0.97534056] lower=[ 1.44       -0.45085139  0.71763932] upper=[ 1.94       -0.05085139  1.23304179] inside=False
[obj_inside_of] obj=obj obj_pos=[ 2.0519474  -0.23721647  1.0846833 ] fixture_pos=[ 1.69       -0.30085139  0.97534056] fsize=[0.85139319 0.55       0.21540247] shifted_fpos=[ 1.69       -0.25085139  0.97534056] lower=[ 1.44       -0.45085139  0.71763932] upper=[ 1.94       -0.05085139  1.23304179] inside=False
[obj_inside_of] obj=obj obj_pos=[ 2.0519612  -0.23722593  1.0846827 ] fixture_pos=[ 1.69       -0.30085139  0.97534056] fsize=[0.85139319 0.55       0.21540247] shifted_fpos=[ 1.69       -0.25085139  0.97534056] lower=[ 1.44       -0.45085139  0.71763932] upper=[ 1.94       -0.05085139  1.23304179] inside=False
[obj_inside_of] obj=obj obj_pos=[ 2.0519736  -0.23723495  1.0846827 ] fixture_pos=[ 1.69       -0.30085139  0.97534056] fsize=[0.85139319 0.55       0.21540247] shifted_fpos=[ 1.69       -0.25085139  0.97534056] lower=[ 1.44       -0.45085139  0.71763932] upper=[ 1.94       -0.05085139  1.23304179] inside=False
[obj_inside_of] obj=obj obj_pos=[ 2.0519845 -0.2372438  1.0846827] fixture_pos=[ 1.69       -0.30085139  0.97534056] fsize=[0.85139319 0.55       0.21540247] shifted_fpos=[ 1.69       -0.25085139  0.97534056] lower=[ 1.44       -0.45085139  0.71763932] upper=[ 1.94       -0.05085139  1.23304179] inside=False
[obj_inside_of] obj=obj obj_pos=[ 2.0519943 -0.2372506  1.084683 ] fixture_pos=[ 1.69       -0.30085139  0.97534056] fsize=[0.85139319 0.55       0.21540247] shifted_fpos=[ 1.69       -0.25085139  0.97534056] lower=[ 1.44       -0.45085139  0.71763932] upper=[ 1.94       -0.05085139  1.23304179] inside=False
[obj_inside_of] obj=obj obj_pos=[ 2.0520022  -0.23725557  1.0846822 ] fixture_pos=[ 1.69       -0.30085139  0.97534056] fsize=[0.85139319 0.55       0.21540247] shifted_fpos=[ 1.69       -0.25085139  0.97534056] lower=[ 1.44       -0.45085139  0.71763932] upper=[ 1.94       -0.05085139  1.23304179] inside=False
[obj_inside_of] obj=obj obj_pos=[ 2.0520108  -0.23726022  1.084682  ] fixture_pos=[ 1.69       -0.30085139  0.97534056] fsize=[0.85139319 0.55       0.21540247] shifted_fpos=[ 1.69       -0.25085139  0.97534056] lower=[ 1.44       -0.45085139  0.71763932] upper=[ 1.94       -0.05085139  1.23304179] inside=False
[obj_inside_of] obj=obj obj_pos=[ 2.0520167 -0.2372651  1.084682 ] fixture_pos=[ 1.69       -0.30085139  0.97534056] fsize=[0.85139319 0.55       0.21540247] shifted_fpos=[ 1.69       -0.25085139  0.97534056] lower=[ 1.44       -0.45085139  0.71763932] upper=[ 1.94       -0.05085139  1.23304179] inside=False
[obj_inside_of] obj=obj obj_pos=[ 2.0520227  -0.23726924  1.0846819 ] fixture_pos=[ 1.69       -0.30085139  0.97534056] fsize=[0.85139319 0.55       0.21540247] shifted_fpos=[ 1.69       -0.25085139  0.97534056] lower=[ 1.44       -0.45085139  0.71763932] upper=[ 1.94       -0.05085139  1.23304179] inside=False
[obj_inside_of] obj=obj obj_pos=[ 2.0520277  -0.23727395  1.0846819 ] fixture_pos=[ 1.69       -0.30085139  0.97534056] fsize=[0.85139319 0.55       0.21540247] shifted_fpos=[ 1.69       -0.25085139  0.97534056] lower=[ 1.44       -0.45085139  0.71763932] upper=[ 1.94       -0.05085139  1.23304179] inside=False
[obj_inside_of] obj=obj obj_pos=[ 2.0520318  -0.23727784  1.0846817 ] fixture_pos=[ 1.69       -0.30085139  0.97534056] fsize=[0.85139319 0.55       0.21540247] shifted_fpos=[ 1.69       -0.25085139  0.97534056] lower=[ 1.44       -0.45085139  0.71763932] upper=[ 1.94       -0.05085139  1.23304179] inside=False
[obj_inside_of] obj=obj obj_pos=[ 2.0520346  -0.23728007  1.0846816 ] fixture_pos=[ 1.69       -0.30085139  0.97534056] fsize=[0.85139319 0.55       0.21540247] shifted_fpos=[ 1.69       -0.25085139  0.97534056] lower=[ 1.44       -0.45085139  0.71763932] upper=[ 1.94       -0.05085139  1.23304179] inside=False
[obj_inside_of] obj=obj obj_pos=[ 2.052038   -0.23728071  1.0846812 ] fixture_pos=[ 1.69       -0.30085139  0.97534056] fsize=[0.85139319 0.55       0.21540247] shifted_fpos=[ 1.69       -0.25085139  0.97534056] lower=[ 1.44       -0.45085139  0.71763932] upper=[ 1.94       -0.05085139  1.23304179] inside=False
[obj_inside_of] obj=obj obj_pos=[ 2.0520418 -0.2372812  1.0846814] fixture_pos=[ 1.69       -0.30085139  0.97534056] fsize=[0.85139319 0.55       0.21540247] shifted_fpos=[ 1.69       -0.25085139  0.97534056] lower=[ 1.44       -0.45085139  0.71763932] upper=[ 1.94       -0.05085139  1.23304179] inside=False
[obj_inside_of] obj=obj obj_pos=[ 2.052044   -0.23728177  1.0846812 ] fixture_pos=[ 1.69       -0.30085139  0.97534056] fsize=[0.85139319 0.55       0.21540247] shifted_fpos=[ 1.69       -0.25085139  0.97534056] lower=[ 1.44       -0.45085139  0.71763932] upper=[ 1.94       -0.05085139  1.23304179] inside=False
[obj_inside_of] obj=obj obj_pos=[ 2.0520463  -0.23728219  1.0846813 ] fixture_pos=[ 1.69       -0.30085139  0.97534056] fsize=[0.85139319 0.55       0.21540247] shifted_fpos=[ 1.69       -0.25085139  0.97534056] lower=[ 1.44       -0.45085139  0.71763932] upper=[ 1.94       -0.05085139  1.23304179] inside=False
[obj_inside_of] obj=obj obj_pos=[ 2.052049   -0.23728283  1.0846813 ] fixture_pos=[ 1.69       -0.30085139  0.97534056] fsize=[0.85139319 0.55       0.21540247] shifted_fpos=[ 1.69       -0.25085139  0.97534056] lower=[ 1.44       -0.45085139  0.71763932] upper=[ 1.94       -0.05085139  1.23304179] inside=False
[obj_inside_of] obj=obj obj_pos=[ 2.0520504  -0.23728319  1.0846815 ] fixture_pos=[ 1.69       -0.30085139  0.97534056] fsize=[0.85139319 0.55       0.21540247] shifted_fpos=[ 1.69       -0.25085139  0.97534056] lower=[ 1.44       -0.45085139  0.71763932] upper=[ 1.94       -0.05085139  1.23304179] inside=False
[obj_inside_of] obj=obj obj_pos=[ 2.052052   -0.23728353  1.0846816 ] fixture_pos=[ 1.69       -0.30085139  0.97534056] fsize=[0.85139319 0.55       0.21540247] shifted_fpos=[ 1.69       -0.25085139  0.97534056] lower=[ 1.44       -0.45085139  0.71763932] upper=[ 1.94       -0.05085139  1.23304179] inside=False
[obj_inside_of] obj=obj obj_pos=[ 2.052053   -0.23728397  1.0846813 ] fixture_pos=[ 1.69       -0.30085139  0.97534056] fsize=[0.85139319 0.55       0.21540247] shifted_fpos=[ 1.69       -0.25085139  0.97534056] lower=[ 1.44       -0.45085139  0.71763932] upper=[ 1.94       -0.05085139  1.23304179] inside=False
[obj_inside_of] obj=obj obj_pos=[ 2.0520532  -0.23728408  1.0846812 ] fixture_pos=[ 1.69       -0.30085139  0.97534056] fsize=[0.85139319 0.55       0.21540247] shifted_fpos=[ 1.69       -0.25085139  0.97534056] lower=[ 1.44       -0.45085139  0.71763932] upper=[ 1.94       -0.05085139  1.23304179] inside=False
[obj_inside_of] obj=obj obj_pos=[ 2.0520546  -0.23728421  1.0846815 ] fixture_pos=[ 1.69       -0.30085139  0.97534056] fsize=[0.85139319 0.55       0.21540247] shifted_fpos=[ 1.69       -0.25085139  0.97534056] lower=[ 1.44       -0.45085139  0.71763932] upper=[ 1.94       -0.05085139  1.23304179] inside=False
[obj_inside_of] obj=obj obj_pos=[ 2.052055  -0.2372846  1.0846813] fixture_pos=[ 1.69       -0.30085139  0.97534056] fsize=[0.85139319 0.55       0.21540247] shifted_fpos=[ 1.69       -0.25085139  0.97534056] lower=[ 1.44       -0.45085139  0.71763932] upper=[ 1.94       -0.05085139  1.23304179] inside=False
[obj_inside_of] obj=obj obj_pos=[ 2.0520554  -0.23728494  1.084681  ] fixture_pos=[ 1.69       -0.30085139  0.97534056] fsize=[0.85139319 0.55       0.21540247] shifted_fpos=[ 1.69       -0.25085139  0.97534056] lower=[ 1.44       -0.45085139  0.71763932] upper=[ 1.94       -0.05085139  1.23304179] inside=False
[obj_inside_of] obj=obj obj_pos=[ 2.052056   -0.23728512  1.0846808 ] fixture_pos=[ 1.69       -0.30085139  0.97534056] fsize=[0.85139319 0.55       0.21540247] shifted_fpos=[ 1.69       -0.25085139  0.97534056] lower=[ 1.44       -0.45085139  0.71763932] upper=[ 1.94       -0.05085139  1.23304179] inside=False
[obj_inside_of] obj=obj obj_pos=[ 2.0520566  -0.23728554  1.0846807 ] fixture_pos=[ 1.69       -0.30085139  0.97534056] fsize=[0.85139319 0.55       0.21540247] shifted_fpos=[ 1.69       -0.25085139  0.97534056] lower=[ 1.44       -0.45085139  0.71763932] upper=[ 1.94       -0.05085139  1.23304179] inside=False
[obj_inside_of] obj=obj obj_pos=[ 2.0520575  -0.23728603  1.0846814 ] fixture_pos=[ 1.69       -0.30085139  0.97534056] fsize=[0.85139319 0.55       0.21540247] shifted_fpos=[ 1.69       -0.25085139  0.97534056] lower=[ 1.44       -0.45085139  0.71763932] upper=[ 1.94       -0.05085139  1.23304179] inside=False
[obj_inside_of] obj=obj obj_pos=[ 2.0520582 -0.2372862  1.0846815] fixture_pos=[ 1.69       -0.30085139  0.97534056] fsize=[0.85139319 0.55       0.21540247] shifted_fpos=[ 1.69       -0.25085139  0.97534056] lower=[ 1.44       -0.45085139  0.71763932] upper=[ 1.94       -0.05085139  1.23304179] inside=False
[obj_inside_of] obj=obj obj_pos=[ 2.0520587 -0.2372866  1.0846814] fixture_pos=[ 1.69       -0.30085139  0.97534056] fsize=[0.85139319 0.55       0.21540247] shifted_fpos=[ 1.69       -0.25085139  0.97534056] lower=[ 1.44       -0.45085139  0.71763932] upper=[ 1.94       -0.05085139  1.23304179] inside=False
[obj_inside_of] obj=obj obj_pos=[ 2.0520587  -0.23728694  1.0846814 ] fixture_pos=[ 1.69       -0.30085139  0.97534056] fsize=[0.85139319 0.55       0.21540247] shifted_fpos=[ 1.69       -0.25085139  0.97534056] lower=[ 1.44       -0.45085139  0.71763932] upper=[ 1.94       -0.05085139  1.23304179] inside=False
[obj_inside_of] obj=obj obj_pos=[ 2.0520592  -0.23728722  1.0846813 ] fixture_pos=[ 1.69       -0.30085139  0.97534056] fsize=[0.85139319 0.55       0.21540247] shifted_fpos=[ 1.69       -0.25085139  0.97534056] lower=[ 1.44       -0.45085139  0.71763932] upper=[ 1.94       -0.05085139  1.23304179] inside=False
[obj_inside_of] obj=obj obj_pos=[ 2.05206    -0.23728749  1.0846814 ] fixture_pos=[ 1.69       -0.30085139  0.97534056] fsize=[0.85139319 0.55       0.21540247] shifted_fpos=[ 1.69       -0.25085139  0.97534056] lower=[ 1.44       -0.45085139  0.71763932] upper=[ 1.94       -0.05085139  1.23304179] inside=False
[obj_inside_of] obj=obj obj_pos=[ 2.0520594  -0.23728769  1.084681  ] fixture_pos=[ 1.69       -0.30085139  0.97534056] fsize=[0.85139319 0.55       0.21540247] shifted_fpos=[ 1.69       -0.25085139  0.97534056] lower=[ 1.44       -0.45085139  0.71763932] upper=[ 1.94       -0.05085139  1.23304179] inside=False
[obj_inside_of] obj=obj obj_pos=[ 2.0520597  -0.23728809  1.0846809 ] fixture_pos=[ 1.69       -0.30085139  0.97534056] fsize=[0.85139319 0.55       0.21540247] shifted_fpos=[ 1.69       -0.25085139  0.97534056] lower=[ 1.44       -0.45085139  0.71763932] upper=[ 1.94       -0.05085139  1.23304179] inside=False
[obj_inside_of] obj=obj obj_pos=[ 2.0520601  -0.23728827  1.0846814 ] fixture_pos=[ 1.69       -0.30085139  0.97534056] fsize=[0.85139319 0.55       0.21540247] shifted_fpos=[ 1.69       -0.25085139  0.97534056] lower=[ 1.44       -0.45085139  0.71763932] upper=[ 1.94       -0.05085139  1.23304179] inside=False
[obj_inside_of] obj=obj obj_pos=[ 2.0520606 -0.2372884  1.0846815] fixture_pos=[ 1.69       -0.30085139  0.97534056] fsize=[0.85139319 0.55       0.21540247] shifted_fpos=[ 1.69       -0.25085139  0.97534056] lower=[ 1.44       -0.45085139  0.71763932] upper=[ 1.94       -0.05085139  1.23304179] inside=False
[obj_inside_of] obj=obj obj_pos=[ 2.0520608  -0.23728843  1.0846814 ] fixture_pos=[ 1.69       -0.30085139  0.97534056] fsize=[0.85139319 0.55       0.21540247] shifted_fpos=[ 1.69       -0.25085139  0.97534056] lower=[ 1.44       -0.45085139  0.71763932] upper=[ 1.94       -0.05085139  1.23304179] inside=False
[obj_inside_of] obj=obj obj_pos=[ 2.0520613  -0.23728849  1.0846813 ] fixture_pos=[ 1.69       -0.30085139  0.97534056] fsize=[0.85139319 0.55       0.21540247] shifted_fpos=[ 1.69       -0.25085139  0.97534056] lower=[ 1.44       -0.45085139  0.71763932] upper=[ 1.94       -0.05085139  1.23304179] inside=False
[obj_inside_of] obj=obj obj_pos=[ 2.0520613  -0.23728831  1.0846812 ] fixture_pos=[ 1.69       -0.30085139  0.97534056] fsize=[0.85139319 0.55       0.21540247] shifted_fpos=[ 1.69       -0.25085139  0.97534056] lower=[ 1.44       -0.45085139  0.71763932] upper=[ 1.94       -0.05085139  1.23304179] inside=False
[obj_inside_of] obj=obj obj_pos=[ 2.0520616 -0.2372882  1.084681 ] fixture_pos=[ 1.69       -0.30085139  0.97534056] fsize=[0.85139319 0.55       0.21540247] shifted_fpos=[ 1.69       -0.25085139  0.97534056] lower=[ 1.44       -0.45085139  0.71763932] upper=[ 1.94       -0.05085139  1.23304179] inside=False
[obj_inside_of] obj=obj obj_pos=[ 2.0520616 -0.2372882  1.084681 ] fixture_pos=[ 1.69       -0.30085139  0.97534056] fsize=[0.85139319 0.55       0.21540247] shifted_fpos=[ 1.69       -0.25085139  0.97534056] lower=[ 1.44       -0.45085139  0.71763932] upper=[ 1.94       -0.05085139  1.23304179] inside=False
[obj_inside_of] obj=obj obj_pos=[ 2.0520613  -0.23728831  1.0846813 ] fixture_pos=[ 1.69       -0.30085139  0.97534056] fsize=[0.85139319 0.55       0.21540247] shifted_fpos=[ 1.69       -0.25085139  0.97534056] lower=[ 1.44       -0.45085139  0.71763932] upper=[ 1.94       -0.05085139  1.23304179] inside=False
[obj_inside_of] obj=obj obj_pos=[ 2.0520616  -0.23728848  1.0846809 ] fixture_pos=[ 1.69       -0.30085139  0.97534056] fsize=[0.85139319 0.55       0.21540247] shifted_fpos=[ 1.69       -0.25085139  0.97534056] lower=[ 1.44       -0.45085139  0.71763932] upper=[ 1.94       -0.05085139  1.23304179] inside=False
[obj_inside_of] obj=obj obj_pos=[ 2.052062   -0.23728843  1.0846814 ] fixture_pos=[ 1.69       -0.30085139  0.97534056] fsize=[0.85139319 0.55       0.21540247] shifted_fpos=[ 1.69       -0.25085139  0.97534056] lower=[ 1.44       -0.45085139  0.71763932] upper=[ 1.94       -0.05085139  1.23304179] inside=False
[obj_inside_of] obj=obj obj_pos=[ 2.0520623  -0.23728843  1.0846813 ] fixture_pos=[ 1.69       -0.30085139  0.97534056] fsize=[0.85139319 0.55       0.21540247] shifted_fpos=[ 1.69       -0.25085139  0.97534056] lower=[ 1.44       -0.45085139  0.71763932] upper=[ 1.94       -0.05085139  1.23304179] inside=False
