Unknown attribute "D" in /robot[@name='tidyverse']/joint[@name='panda_joint1']/dynamics
Unknown attribute "K" in /robot[@name='tidyverse']/joint[@name='panda_joint1']/dynamics
Unknown attribute "mu_coulomb" in /robot[@name='tidyverse']/joint[@name='panda_joint1']/dynamics
Unknown attribute "mu_viscous" in /robot[@name='tidyverse']/joint[@name='panda_joint1']/dynamics
Unknown attribute "D" in /robot[@name='tidyverse']/joint[@name='panda_joint2']/dynamics
Unknown attribute "K" in /robot[@name='tidyverse']/joint[@name='panda_joint2']/dynamics
Unknown attribute "mu_coulomb" in /robot[@name='tidyverse']/joint[@name='panda_joint2']/dynamics
Unknown attribute "mu_viscous" in /robot[@name='tidyverse']/joint[@name='panda_joint2']/dynamics
Unknown attribute "D" in /robot[@name='tidyverse']/joint[@name='panda_joint3']/dynamics
Unknown attribute "K" in /robot[@name='tidyverse']/joint[@name='panda_joint3']/dynamics
Unknown attribute "mu_coulomb" in /robot[@name='tidyverse']/joint[@name='panda_joint3']/dynamics
Unknown attribute "mu_viscous" in /robot[@name='tidyverse']/joint[@name='panda_joint3']/dynamics
Unknown attribute "D" in /robot[@name='tidyverse']/joint[@name='panda_joint4']/dynamics
Unknown attribute "K" in /robot[@name='tidyverse']/joint[@name='panda_joint4']/dynamics
Unknown attribute "mu_coulomb" in /robot[@name='tidyverse']/joint[@name='panda_joint4']/dynamics
Unknown attribute "mu_viscous" in /robot[@name='tidyverse']/joint[@name='panda_joint4']/dynamics
Unknown attribute "D" in /robot[@name='tidyverse']/joint[@name='panda_joint5']/dynamics
Unknown attribute "K" in /robot[@name='tidyverse']/joint[@name='panda_joint5']/dynamics
Unknown attribute "mu_coulomb" in /robot[@name='tidyverse']/joint[@name='panda_joint5']/dynamics
Unknown attribute "mu_viscous" in /robot[@name='tidyverse']/joint[@name='panda_joint5']/dynamics
Unknown attribute "D" in /robot[@name='tidyverse']/joint[@name='panda_joint6']/dynamics
Unknown attribute "K" in /robot[@name='tidyverse']/joint[@name='panda_joint6']/dynamics
Unknown attribute "mu_coulomb" in /robot[@name='tidyverse']/joint[@name='panda_joint6']/dynamics
Unknown attribute "mu_viscous" in /robot[@name='tidyverse']/joint[@name='panda_joint6']/dynamics
Unknown attribute "D" in /robot[@name='tidyverse']/joint[@name='panda_joint7']/dynamics
Unknown attribute "K" in /robot[@name='tidyverse']/joint[@name='panda_joint7']/dynamics
Unknown attribute "mu_coulomb" in /robot[@name='tidyverse']/joint[@name='panda_joint7']/dynamics
Unknown attribute "mu_viscous" in /robot[@name='tidyverse']/joint[@name='panda_joint7']/dynamics
[33;1m2026-09-28 00:01:36,955 - mani_skill  - WARNING - tidyverse is not in the task's list of supported robots. Code may not run as intended[0m
[franka-bridge] IK solver loaded from /home/truares/文档/maniskill-tidyverse/arm_franka_maniskill_service/franka_server/tidyverse_arm_only.urdf
[maniskill] Creating env: task=RoboCasa-Pn-P-Counter-To-Sink-v0, control_mode=whole_body, obs_mode=rgb+depth+segmentation, num_envs=1
Could not place objects. Trying again with new objects
Could not place objects. Trying again with new objects
[obj_inside_of] obj=obj obj_pos=[ 3.9280279 -1.8760474  1.0890545] fixture_pos=[ 4.09999816 -1.1997989   0.96125   ] fsize=[0.91666663 0.55       0.24749999] shifted_fpos=[ 4.09999816 -1.1497989   0.96125   ] lower=[ 3.84999816 -1.3497989   0.68750001] upper=[ 4.34999816 -0.9497989   1.23499999] inside=False
[obj_inside_of] obj=obj obj_pos=[ 0.5072005 -2.75566    1.0069567] fixture_pos=[ 0.29999284 -2.1999989   0.96125   ] fsize=[0.91666663 0.55       0.24749999] shifted_fpos=[ 0.29999284 -2.1499989   0.96125   ] lower=[ 0.04999284 -2.3499989   0.68750001] upper=[ 0.54999284 -1.9499989   1.23499999] inside=False
[maniskill] Env reset with seed=0 (reconfigure=True)
[maniskill] Simulation device: cpu
[viz-debug] all robot links:
  root: pos=(1.400,-2.200,0.000) q=(-0.000,0.000,0.000,1.000)
  base_x_link: pos=(1.400,-2.200,0.000) q=(-0.000,0.000,0.000,1.000)
  base_y_link: pos=(1.400,-2.200,0.000) q=(-0.000,0.000,0.000,1.000)
  base_link: pos=(1.400,-2.200,0.000) q=(-0.000,0.000,0.000,1.000)
  panda_link0: pos=(1.400,-2.200,0.472) q=(-0.000,0.000,0.000,1.000)
  panda_link1: pos=(1.400,-2.200,0.805) q=(-0.000,0.000,0.000,1.000)
  panda_link2: pos=(1.400,-2.200,0.805) q=(0.270,0.270,-0.653,0.653)
  panda_link3: pos=(1.623,-2.200,1.029) q=(-0.000,0.382,0.000,0.924)
  panda_link4: pos=(1.565,-2.200,1.087) q=(0.500,-0.500,0.500,0.500)
  panda_link5: pos=(1.181,-2.200,1.170) q=(-0.000,-0.707,-0.000,0.707)
  panda_link6: pos=(1.181,-2.200,1.170) q=(-0.120,0.120,0.697,0.697)
  panda_link7: pos=(1.098,-2.200,1.199) q=(-0.157,0.377,0.910,-0.065)
  panda_link8: pos=(1.062,-2.200,1.098) q=(-0.157,0.377,0.910,-0.065)
  robotiq_arg2f_base_link: pos=(1.062,-2.200,1.098) q=(-0.157,0.377,0.910,-0.065)
  eef: pos=(1.014,-2.200,0.962) q=(-0.157,0.377,0.910,-0.065)
  left_outer_knuckle: pos=(1.023,-2.222,1.054) q=(0.065,0.910,-0.377,-0.157)
  left_inner_knuckle: pos=(1.033,-2.209,1.043) q=(0.065,0.910,-0.377,-0.157)
  right_outer_knuckle: pos=(1.064,-2.178,1.039) q=(-0.157,0.377,0.910,-0.065)
  right_inner_knuckle: pos=(1.050,-2.191,1.037) q=(-0.157,0.377,0.910,-0.065)
  left_outer_finger: pos=(1.004,-2.244,1.065) q=(0.065,0.910,-0.377,-0.157)
  right_outer_finger: pos=(1.086,-2.156,1.036) q=(-0.157,0.377,0.910,-0.065)
  left_inner_finger: pos=(0.984,-2.248,1.022) q=(0.065,0.910,-0.377,-0.157)
  right_inner_finger: pos=(1.075,-2.152,0.990) q=(-0.157,0.377,0.910,-0.065)
  left_inner_finger_pad: pos=(0.988,-2.233,0.986) q=(0.065,0.910,-0.377,-0.157)
  right_inner_finger_pad: pos=(1.049,-2.167,0.965) q=(-0.157,0.377,0.910,-0.065)
[viz] cuRobo OBB visualization created (0.734m x 0.524m, red transparent)
[planner] base_link home: pos=[1.3999928, -2.1999948, 0.0] q=[-1.8366026e-06, 0.0, 0.0, 1.0]
[planner] Creating SapienPlanningWorld...

  Planning world contents (ACM mode=strict):
    Robot links (25): ['scene-0-tidyverse_root', 'scene-0-tidyverse_base_x_link', 'scene-0-tidyverse_base_y_link', 'scene-0-tidyverse_base_link', 'scene-0-tidyverse_panda_link0']...
    Articulations (24):
      [PENDING] scene-0_stack_3_left_group_3_0_141 (3 links)
      [PENDING] scene-0_stack_3_left_group_2_0_138 (3 links)
      [PENDING] scene-0_top_left_group_0_119 (4 links)
      [PENDING] scene-0_bottom_left_group_1_0_107 (3 links)
      [PENDING] scene-0_sink_left_group_0_98 (5 links)
      [ROBOT] scene-0_tidyverse_1
      [PENDING] scene-0_cab_1_left_group_0_89 (3 links)
      [PENDING] scene-0_stovetop_main_group_0_36 (8 links)
      [PENDING] scene-0_cab_2_left_group_0_93 (3 links)
      [PENDING] scene-0_stack_1_main_group_1_0_48 (3 links)
      [PENDING] scene-0_stack_2_left_group_1_0_128 (4 links)
      [PENDING] scene-0_stack_1_main_group_3_0_54 (3 links)
      [PENDING] scene-0_stack_1_main_group_4_0_57 (3 links)
      [PENDING] scene-0_stack_2_main_group_1_0_61 (4 links)
      [PENDING] scene-0_stack_3_left_group_1_0_134 (4 links)
      [PENDING] scene-0_stack_1_main_group_2_0_51 (3 links)
      [PENDING] scene-0_stack_3_main_group_1_0_67 (4 links)
      [PENDING] scene-0_cab_main_main_group_0_78 (4 links)
      [PENDING] scene-0_microwave_left_group_0_115 (3 links)
      [PENDING] scene-0_stack_3_main_group_2_0_71 (3 links)
      [PENDING] scene-0_fridge_cab_main_group_0_83 (4 links)
      [PENDING] scene-0_stack_1_left_group_0_123 (3 links)
      [PENDING] scene-0_bottom_left_group_2_0_110 (3 links)
      [PENDING] scene-0_stack_3_main_group_3_0_74 (3 links)
    Static objects (94 total):
      Targets (always checked): 0
      Collision-checked (near, <1.5m): 94
        - fixture_box_stool_3_stool_group  dist=-1.00m
        - fixture_box_stool_2_stool_group  dist=-1.00m
        - fixture_box_stool_1_stool_group  dist=-1.00m
        - fixture_box_knife_block_left_group  dist=-1.00m
        - fixture_box_paper_towel_left_group  dist=-1.00m
        - fixture_box_coffee_machine_left_group  dist=-1.00m
        - fixture_box_stack_3_left_group_3  dist=-1.00m
        - fixture_box_stack_3_left_group_2  dist=-1.00m
        - fixture_box_stack_3_left_group_1  dist=-1.00m
        - fixture_box_stack_3_left_group_base  dist=-1.00m
        - fixture_box_stack_2_left_group_2  dist=-1.00m
        - fixture_box_stack_2_left_group_1  dist=-1.00m
        - fixture_box_micro_housing_left_group  dist=-1.00m
        - fixture_box_microwave_left_group  dist=-1.00m
        - fixture_box_oven_left_group  dist=-1.00m
        - fixture_box_bottom_left_group_1  dist=-1.00m
        - fixture_box_bottom_left_group_base  dist=-1.00m
        - fixture_box_stack_2_left_group_base  dist=-1.00m
        - fixture_box_counter_corner_left_group  dist=-1.00m
        - fixture_box_sink_left_group  dist=-1.00m
        - fixture_box_cab_corner_4_left_group  dist=-1.00m
        - fixture_box_cab_corner_3_left_group  dist=-1.00m
        - fixture_box_cab_2_left_group  dist=-1.00m
        - fixture_box_window_group_left_group  dist=-1.00m
        - fixture_box_oven_housing_left_group  dist=-1.00m
        - fixture_box_utensil_holder_main_group  dist=-1.00m
        - fixture_box_toaster_main_group  dist=-1.00m
        - scene-0_dishwasher_left_group_0_126  dist=-1.00m
        - fixture_box_fridge_main_group  dist=-1.00m
        - scene-0_bottom_left_group_base_0_106  dist=-1.00m
        - fixture_box_stack_1_main_group_base  dist=-1.00m
        - fixture_box_cab_1_left_group  dist=-1.00m
        - scene-0_counter_corner_left_group_0_104  dist=-1.00m
        - scene-0_window_group_left_group_0_92  dist=-1.00m
        - fixture_box_counter_1_left_left_group  dist=-1.00m
        - scene-0_utensil_holder_main_group_0_88  dist=-1.00m
        - scene-0_shelves_main_group_0_82  dist=-1.00m
        - scene-0_cab_corner_4_left_group_0_97  dist=-1.00m
        - scene-0_stack_2_left_group_base_0_127  dist=-1.00m
        - fixture_box_stack_1_main_group_4  dist=-1.00m
        - scene-0_floor_room_0_32  dist=-1.00m
        - scene-0_island_left_group_0_105  dist=-1.00m
        - scene-0_stool_3_stool_group_0_150  dist=-1.00m
        - scene-0_distr_counter_0_152  dist=-1.00m
        - scene-0_stack_2_left_group_2_0_132  dist=-1.00m
        - fixture_box_dishwasher_left_group  dist=-1.00m
        - fixture_box_bottom_left_group_2  dist=-1.00m
        - scene-0_hood_main_group_0_77  dist=-1.00m
        - scene-0_wall_room_0_26  dist=-1.00m
        - fixture_box_plant_left_group  dist=-1.00m
        - fixture_box_stack_1_left_group  dist=-1.00m
        - scene-0_wall_left_room_0_27  dist=-1.00m
        - scene-0_counter_corner_main_main_group_0_34  dist=-1.00m
        - scene-0_distr_sink_0_153  dist=-1.00m
        - fixture_box_counter_1_right_main_group  dist=-1.00m
        - scene-0_counter_1_right_main_group_0_44  dist=-1.00m
        - fixture_box_stack_1_main_group_2  dist=-1.00m
        - scene-0_stack_2_main_group_2_0_65  dist=-1.00m
        - scene-0_toaster_main_group_0_87  dist=-1.00m
        - scene-0_stack_1_main_group_base_0_47  dist=-1.00m
        - scene-0_oven_left_group_0_113  dist=-1.00m
        - scene-0_coffee_machine_left_group_0_144  dist=-1.00m
        - scene-0_cab_corner_3_left_group_0_96  dist=-1.00m
        - fixture_box_fridge_cab_main_group  dist=-1.00m
        - scene-0_stack_2_main_group_base_0_60  dist=-1.00m
        - scene-0_obj_0_151  dist=-1.00m
        - fixture_box_hood_main_group  dist=-1.00m
        - scene-0_stack_3_left_group_base_0_133  dist=-1.00m
        - scene-0_paper_towel_left_group_0_145  dist=-1.00m
        - scene-0_knife_block_left_group_0_146  dist=-1.00m
        - scene-0_stool_2_stool_group_0_149  dist=-1.00m
        - fixture_box_stack_2_main_group_1  dist=-1.00m
        - scene-0_plant_left_group_0_147  dist=-1.00m
        - scene-0_counter_main_main_group_0_35  dist=-1.00m
        - scene-0_stool_1_stool_group_0_148  dist=-1.00m
        - fixture_box_top_left_group  dist=-1.00m
        - fixture_box_counter_corner_main_main_group  dist=-1.00m
        - fixture_box_island_left_group  dist=-1.00m
        - scene-0_counter_1_left_left_group_0_103  dist=-1.00m
        - fixture_box_counter_main_main_group  dist=-1.00m
        - fixture_box_stovetop_main_group  dist=-1.00m
        - fixture_box_stack_2_main_group_2  dist=-1.00m
        - fixture_box_stack_1_main_group_3  dist=-1.00m
        - fixture_box_stack_2_main_group_base  dist=-1.00m
        - scene-0_fridge_main_group_0_45  dist=-1.00m
        - fixture_box_fridge_housing_main_group  dist=-1.00m
        - fixture_box_stack_3_main_group_base  dist=-1.00m
        - fixture_box_stack_3_main_group_2  dist=-1.00m
        - fixture_box_stack_1_main_group_1  dist=-1.00m
        - fixture_box_stack_3_main_group_1  dist=-1.00m
        - fixture_box_stack_3_main_group_3  dist=-1.00m
        - fixture_box_cab_main_main_group  dist=-1.00m
        - scene-0_stack_3_main_group_base_0_66  dist=-1.00m
        - fixture_box_shelves_main_group  dist=-1.00m
      ACM-relaxed (far): 0

  No initial collisions.
[planner] Added 57 fixture boxes (cached 57 cuboids for cuRobo)
[planner] mplib ready
[curobo] Using in-process planner (set CUROBO_SERVICE_URL to switch)
[curobo] Loading franka_mobile config...
Warp DeprecationWarning: The symbol `warp.torch.device_from_torch` will soon be removed from the public API. Use `warp.device_from_torch` instead.
[curobo] Warming up CUDA kernels...
[curobo] Loading arm-only config (base joints locked)...
[curobo] Ready (15.6s, whole_body + arm_only)
[curobo] Updated collision world: 54 cuboids (skipped 0 overlap, 3 far)
[curobo] Loaded 57 cuboids (transformed world→local)
[curobo] Collision world for target: 54 cuboids (excl 0 at target, 0 overlap, 3 far)
[curobo] Plan OK (2.74s, whole_body): 31 waypoints
[planner] dummy plan JIT warmup done (2.7s)
[maniskill] Environment ready (1 env(s))
[franka-bridge] State PUB on 6356, CMD REP on 6355, Stream SUB on 6357
[gripper-bridge] State PUB on 6371, CMD REP on 6370
[base-bridge] Using world-frame poses (no local conversion)
[maniskill] Started 3 bridge(s)
[base-bridge] RPC server listening on port 50800 (env 0)
[maniskill] HTTP API on port 6300 (env 0: /task/success, /task/info, /plan, /perceive, /reset)
[maniskill] Entering physics loop (1 env(s), Ctrl+C to stop)
[obj_inside_of] obj=obj obj_pos=[ 0.5072005 -2.75566    0.9922421] fixture_pos=[ 0.29999284 -2.1999989   0.96125   ] fsize=[0.91666663 0.55       0.24749999] shifted_fpos=[ 0.29999284 -2.1499989   0.96125   ] lower=[ 0.04999284 -2.3499989   0.68750001] upper=[ 0.54999284 -1.9499989   1.23499999] inside=False
[viz-debug] base_link.pose=(1.400,-2.200) q=(-0.000,-0.000,0.000,1.000) qpos[0:3]=(0.000,0.000,0.000)
[obj_inside_of] obj=obj obj_pos=[ 0.507529  -2.7553966  0.9647855] fixture_pos=[ 0.29999284 -2.1999989   0.96125   ] fsize=[0.91666663 0.55       0.24749999] shifted_fpos=[ 0.29999284 -2.1499989   0.96125   ] lower=[ 0.04999284 -2.3499989   0.68750001] upper=[ 0.54999284 -1.9499989   1.23499999] inside=False
[obj_inside_of] obj=obj obj_pos=[ 0.5072301 -2.7556841  0.9647163] fixture_pos=[ 0.29999284 -2.1999989   0.96125   ] fsize=[0.91666663 0.55       0.24749999] shifted_fpos=[ 0.29999284 -2.1499989   0.96125   ] lower=[ 0.04999284 -2.3499989   0.68750001] upper=[ 0.54999284 -1.9499989   1.23499999] inside=False
[obj_inside_of] obj=obj obj_pos=[ 0.5073308 -2.755629   0.9647054] fixture_pos=[ 0.29999284 -2.1999989   0.96125   ] fsize=[0.91666663 0.55       0.24749999] shifted_fpos=[ 0.29999284 -2.1499989   0.96125   ] lower=[ 0.04999284 -2.3499989   0.68750001] upper=[ 0.54999284 -1.9499989   1.23499999] inside=False
[obj_inside_of] obj=obj obj_pos=[ 0.5073328 -2.7556305  0.9647035] fixture_pos=[ 0.29999284 -2.1999989   0.96125   ] fsize=[0.91666663 0.55       0.24749999] shifted_fpos=[ 0.29999284 -2.1499989   0.96125   ] lower=[ 0.04999284 -2.3499989   0.68750001] upper=[ 0.54999284 -1.9499989   1.23499999] inside=False
[obj_inside_of] obj=obj obj_pos=[ 0.50733274 -2.7556305   0.96470356] fixture_pos=[ 0.29999284 -2.1999989   0.96125   ] fsize=[0.91666663 0.55       0.24749999] shifted_fpos=[ 0.29999284 -2.1499989   0.96125   ] lower=[ 0.04999284 -2.3499989   0.68750001] upper=[ 0.54999284 -1.9499989   1.23499999] inside=False
[obj_inside_of] obj=obj obj_pos=[ 0.5073327  -2.7556307   0.96470356] fixture_pos=[ 0.29999284 -2.1999989   0.96125   ] fsize=[0.91666663 0.55       0.24749999] shifted_fpos=[ 0.29999284 -2.1499989   0.96125   ] lower=[ 0.04999284 -2.3499989   0.68750001] upper=[ 0.54999284 -1.9499989   1.23499999] inside=False
[obj_inside_of] obj=obj obj_pos=[ 0.50733286 -2.7556305   0.96470356] fixture_pos=[ 0.29999284 -2.1999989   0.96125   ] fsize=[0.91666663 0.55       0.24749999] shifted_fpos=[ 0.29999284 -2.1499989   0.96125   ] lower=[ 0.04999284 -2.3499989   0.68750001] upper=[ 0.54999284 -1.9499989   1.23499999] inside=False
[obj_inside_of] obj=obj obj_pos=[ 0.50733256 -2.7556307   0.9647036 ] fixture_pos=[ 0.29999284 -2.1999989   0.96125   ] fsize=[0.91666663 0.55       0.24749999] shifted_fpos=[ 0.29999284 -2.1499989   0.96125   ] lower=[ 0.04999284 -2.3499989   0.68750001] upper=[ 0.54999284 -1.9499989   1.23499999] inside=False
[obj_inside_of] obj=obj obj_pos=[ 0.50733256 -2.7556307   0.9647036 ] fixture_pos=[ 0.29999284 -2.1999989   0.96125   ] fsize=[0.91666663 0.55       0.24749999] shifted_fpos=[ 0.29999284 -2.1499989   0.96125   ] lower=[ 0.04999284 -2.3499989   0.68750001] upper=[ 0.54999284 -1.9499989   1.23499999] inside=False
[obj_inside_of] obj=obj obj_pos=[ 0.50733256 -2.7556307   0.9647036 ] fixture_pos=[ 0.29999284 -2.1999989   0.96125   ] fsize=[0.91666663 0.55       0.24749999] shifted_fpos=[ 0.29999284 -2.1499989   0.96125   ] lower=[ 0.04999284 -2.3499989   0.68750001] upper=[ 0.54999284 -1.9499989   1.23499999] inside=False
[obj_inside_of] obj=obj obj_pos=[ 0.50733256 -2.7556307   0.9647036 ] fixture_pos=[ 0.29999284 -2.1999989   0.96125   ] fsize=[0.91666663 0.55       0.24749999] shifted_fpos=[ 0.29999284 -2.1499989   0.96125   ] lower=[ 0.04999284 -2.3499989   0.68750001] upper=[ 0.54999284 -1.9499989   1.23499999] inside=False
[obj_inside_of] obj=obj obj_pos=[ 0.50733256 -2.7556307   0.9647036 ] fixture_pos=[ 0.29999284 -2.1999989   0.96125   ] fsize=[0.91666663 0.55       0.24749999] shifted_fpos=[ 0.29999284 -2.1499989   0.96125   ] lower=[ 0.04999284 -2.3499989   0.68750001] upper=[ 0.54999284 -1.9499989   1.23499999] inside=False
[obj_inside_of] obj=obj obj_pos=[ 0.50733256 -2.7556307   0.9647036 ] fixture_pos=[ 0.29999284 -2.1999989   0.96125   ] fsize=[0.91666663 0.55       0.24749999] shifted_fpos=[ 0.29999284 -2.1499989   0.96125   ] lower=[ 0.04999284 -2.3499989   0.68750001] upper=[ 0.54999284 -1.9499989   1.23499999] inside=False
[obj_inside_of] obj=obj obj_pos=[ 0.50733256 -2.7556307   0.9647036 ] fixture_pos=[ 0.29999284 -2.1999989   0.96125   ] fsize=[0.91666663 0.55       0.24749999] shifted_fpos=[ 0.29999284 -2.1499989   0.96125   ] lower=[ 0.04999284 -2.3499989   0.68750001] upper=[ 0.54999284 -1.9499989   1.23499999] inside=False
[obj_inside_of] obj=obj obj_pos=[ 0.50733256 -2.7556307   0.9647036 ] fixture_pos=[ 0.29999284 -2.1999989   0.96125   ] fsize=[0.91666663 0.55       0.24749999] shifted_fpos=[ 0.29999284 -2.1499989   0.96125   ] lower=[ 0.04999284 -2.3499989   0.68750001] upper=[ 0.54999284 -1.9499989   1.23499999] inside=False
[obj_inside_of] obj=obj obj_pos=[ 0.50733256 -2.7556307   0.9647036 ] fixture_pos=[ 0.29999284 -2.1999989   0.96125   ] fsize=[0.91666663 0.55       0.24749999] shifted_fpos=[ 0.29999284 -2.1499989   0.96125   ] lower=[ 0.04999284 -2.3499989   0.68750001] upper=[ 0.54999284 -1.9499989   1.23499999] inside=False
[obj_inside_of] obj=obj obj_pos=[ 0.50733256 -2.7556307   0.9647036 ] fixture_pos=[ 0.29999284 -2.1999989   0.96125   ] fsize=[0.91666663 0.55       0.24749999] shifted_fpos=[ 0.29999284 -2.1499989   0.96125   ] lower=[ 0.04999284 -2.3499989   0.68750001] upper=[ 0.54999284 -1.9499989   1.23499999] inside=False
[obj_inside_of] obj=obj obj_pos=[ 0.50733256 -2.7556307   0.9647036 ] fixture_pos=[ 0.29999284 -2.1999989   0.96125   ] fsize=[0.91666663 0.55       0.24749999] shifted_fpos=[ 0.29999284 -2.1499989   0.96125   ] lower=[ 0.04999284 -2.3499989   0.68750001] upper=[ 0.54999284 -1.9499989   1.23499999] inside=False
[obj_inside_of] obj=obj obj_pos=[ 0.50733256 -2.7556307   0.9647036 ] fixture_pos=[ 0.29999284 -2.1999989   0.96125   ] fsize=[0.91666663 0.55       0.24749999] shifted_fpos=[ 0.29999284 -2.1499989   0.96125   ] lower=[ 0.04999284 -2.3499989   0.68750001] upper=[ 0.54999284 -1.9499989   1.23499999] inside=False
[obj_inside_of] obj=obj obj_pos=[ 0.50733256 -2.7556307   0.9647036 ] fixture_pos=[ 0.29999284 -2.1999989   0.96125   ] fsize=[0.91666663 0.55       0.24749999] shifted_fpos=[ 0.29999284 -2.1499989   0.96125   ] lower=[ 0.04999284 -2.3499989   0.68750001] upper=[ 0.54999284 -1.9499989   1.23499999] inside=False
[obj_inside_of] obj=obj obj_pos=[ 3.81386   -1.8014078  1.0059942] fixture_pos=[ 4.09914677 -1.19979889  0.97534056] fsize=[0.85139319 0.55       0.21540247] shifted_fpos=[ 4.09914677 -1.14979889  0.97534056] lower=[ 3.84914677 -1.34979889  0.71763932] upper=[ 4.34914677 -0.94979889  1.23304179] inside=False
[obj_inside_of] obj=obj obj_pos=[ 3.81386   -1.8014078  0.9912789] fixture_pos=[ 4.09914677 -1.19979889  0.97534056] fsize=[0.85139319 0.55       0.21540247] shifted_fpos=[ 4.09914677 -1.14979889  0.97534056] lower=[ 3.84914677 -1.34979889  0.71763932] upper=[ 4.34914677 -0.94979889  1.23304179] inside=False
[obj_inside_of] obj=obj obj_pos=[ 3.8137684 -1.8013942  0.9700311] fixture_pos=[ 4.09914677 -1.19979889  0.97534056] fsize=[0.85139319 0.55       0.21540247] shifted_fpos=[ 4.09914677 -1.14979889  0.97534056] lower=[ 3.84914677 -1.34979889  0.71763932] upper=[ 4.34914677 -0.94979889  1.23304179] inside=False
[obj_inside_of] obj=obj obj_pos=[ 3.8138626  -1.801398    0.97000045] fixture_pos=[ 4.09914677 -1.19979889  0.97534056] fsize=[0.85139319 0.55       0.21540247] shifted_fpos=[ 4.09914677 -1.14979889  0.97534056] lower=[ 3.84914677 -1.34979889  0.71763932] upper=[ 4.34914677 -0.94979889  1.23304179] inside=False
[perceive] 26 objects from ['base_camera', 'wrist_camera']: ['floor_room_0', 'inner_box', 'stack_1_right_group_2_0', 'counter_1_right_group_0', 'counter_main_main_group_0', 'object', 'boxed_drink', 'toaster_main_group_0', 'dishwasher_right_group_0', 'counter_corner_2_right_group_0']...
[obj_inside_of] obj=obj obj_pos=[ 3.813861  -1.8013978  0.9700001] fixture_pos=[ 4.09914677 -1.19979889  0.97534056] fsize=[0.85139319 0.55       0.21540247] shifted_fpos=[ 4.09914677 -1.14979889  0.97534056] lower=[ 3.84914677 -1.34979889  0.71763932] upper=[ 4.34914677 -0.94979889  1.23304179] inside=False
[obj_inside_of] obj=obj obj_pos=[ 3.813861  -1.8013978  0.9700001] fixture_pos=[ 4.09914677 -1.19979889  0.97534056] fsize=[0.85139319 0.55       0.21540247] shifted_fpos=[ 4.09914677 -1.14979889  0.97534056] lower=[ 3.84914677 -1.34979889  0.71763932] upper=[ 4.34914677 -0.94979889  1.23304179] inside=False
[obj_inside_of] obj=obj obj_pos=[ 3.813861  -1.8013976  0.97     ] fixture_pos=[ 4.09914677 -1.19979889  0.97534056] fsize=[0.85139319 0.55       0.21540247] shifted_fpos=[ 4.09914677 -1.14979889  0.97534056] lower=[ 3.84914677 -1.34979889  0.71763932] upper=[ 4.34914677 -0.94979889  1.23304179] inside=False
[obj_inside_of] obj=obj obj_pos=[ 3.813858  -1.8013964  0.9700002] fixture_pos=[ 4.09914677 -1.19979889  0.97534056] fsize=[0.85139319 0.55       0.21540247] shifted_fpos=[ 4.09914677 -1.14979889  0.97534056] lower=[ 3.84914677 -1.34979889  0.71763932] upper=[ 4.34914677 -0.94979889  1.23304179] inside=False
[perceive] 26 objects from ['base_camera', 'wrist_camera']: ['floor_room_0', 'inner_box', 'stack_1_right_group_2_0', 'counter_1_right_group_0', 'counter_main_main_group_0', 'object', 'boxed_drink', 'toaster_main_group_0', 'dishwasher_right_group_0', 'counter_corner_2_right_group_0']...
[obj_inside_of] obj=obj obj_pos=[ 3.8138583 -1.8013964  0.9700003] fixture_pos=[ 4.09914677 -1.19979889  0.97534056] fsize=[0.85139319 0.55       0.21540247] shifted_fpos=[ 4.09914677 -1.14979889  0.97534056] lower=[ 3.84914677 -1.34979889  0.71763932] upper=[ 4.34914677 -0.94979889  1.23304179] inside=False
[obj_inside_of] obj=obj obj_pos=[ 3.8138585 -1.8013964  0.9700003] fixture_pos=[ 4.09914677 -1.19979889  0.97534056] fsize=[0.85139319 0.55       0.21540247] shifted_fpos=[ 4.09914677 -1.14979889  0.97534056] lower=[ 3.84914677 -1.34979889  0.71763932] upper=[ 4.34914677 -0.94979889  1.23304179] inside=False
[obj_inside_of] obj=obj obj_pos=[ 3.8138645 -1.8013995  0.9700012] fixture_pos=[ 4.09914677 -1.19979889  0.97534056] fsize=[0.85139319 0.55       0.21540247] shifted_fpos=[ 4.09914677 -1.14979889  0.97534056] lower=[ 3.84914677 -1.34979889  0.71763932] upper=[ 4.34914677 -0.94979889  1.23304179] inside=False
[obj_inside_of] obj=obj obj_pos=[ 3.8138645 -1.8013995  0.9700012] fixture_pos=[ 4.09914677 -1.19979889  0.97534056] fsize=[0.85139319 0.55       0.21540247] shifted_fpos=[ 4.09914677 -1.14979889  0.97534056] lower=[ 3.84914677 -1.34979889  0.71763932] upper=[ 4.34914677 -0.94979889  1.23304179] inside=False
[obj_inside_of] obj=obj obj_pos=[ 3.8138645 -1.8013995  0.9700012] fixture_pos=[ 4.09914677 -1.19979889  0.97534056] fsize=[0.85139319 0.55       0.21540247] shifted_fpos=[ 4.09914677 -1.14979889  0.97534056] lower=[ 3.84914677 -1.34979889  0.71763932] upper=[ 4.34914677 -0.94979889  1.23304179] inside=False
[obj_inside_of] obj=obj obj_pos=[ 3.8138645 -1.8013995  0.9700012] fixture_pos=[ 4.09914677 -1.19979889  0.97534056] fsize=[0.85139319 0.55       0.21540247] shifted_fpos=[ 4.09914677 -1.14979889  0.97534056] lower=[ 3.84914677 -1.34979889  0.71763932] upper=[ 4.34914677 -0.94979889  1.23304179] inside=False
[obj_inside_of] obj=obj obj_pos=[ 3.8138645 -1.8013995  0.9700012] fixture_pos=[ 4.09914677 -1.19979889  0.97534056] fsize=[0.85139319 0.55       0.21540247] shifted_fpos=[ 4.09914677 -1.14979889  0.97534056] lower=[ 3.84914677 -1.34979889  0.71763932] upper=[ 4.34914677 -0.94979889  1.23304179] inside=False
[obj_inside_of] obj=obj obj_pos=[ 3.8138645 -1.8013995  0.9700012] fixture_pos=[ 4.09914677 -1.19979889  0.97534056] fsize=[0.85139319 0.55       0.21540247] shifted_fpos=[ 4.09914677 -1.14979889  0.97534056] lower=[ 3.84914677 -1.34979889  0.71763932] upper=[ 4.34914677 -0.94979889  1.23304179] inside=False
[obj_inside_of] obj=obj obj_pos=[ 3.8138645 -1.8013995  0.9700012] fixture_pos=[ 4.09914677 -1.19979889  0.97534056] fsize=[0.85139319 0.55       0.21540247] shifted_fpos=[ 4.09914677 -1.14979889  0.97534056] lower=[ 3.84914677 -1.34979889  0.71763932] upper=[ 4.34914677 -0.94979889  1.23304179] inside=False
[obj_inside_of] obj=obj obj_pos=[ 3.8138645 -1.8013995  0.9700012] fixture_pos=[ 4.09914677 -1.19979889  0.97534056] fsize=[0.85139319 0.55       0.21540247] shifted_fpos=[ 4.09914677 -1.14979889  0.97534056] lower=[ 3.84914677 -1.34979889  0.71763932] upper=[ 4.34914677 -0.94979889  1.23304179] inside=False
[obj_inside_of] obj=obj obj_pos=[ 3.8138645 -1.8013995  0.9700012] fixture_pos=[ 4.09914677 -1.19979889  0.97534056] fsize=[0.85139319 0.55       0.21540247] shifted_fpos=[ 4.09914677 -1.14979889  0.97534056] lower=[ 3.84914677 -1.34979889  0.71763932] upper=[ 4.34914677 -0.94979889  1.23304179] inside=False
[obj_inside_of] obj=obj obj_pos=[ 3.8138645 -1.8013995  0.9700012] fixture_pos=[ 4.09914677 -1.19979889  0.97534056] fsize=[0.85139319 0.55       0.21540247] shifted_fpos=[ 4.09914677 -1.14979889  0.97534056] lower=[ 3.84914677 -1.34979889  0.71763932] upper=[ 4.34914677 -0.94979889  1.23304179] inside=False
[obj_inside_of] obj=obj obj_pos=[ 3.8138645 -1.8013995  0.9700012] fixture_pos=[ 4.09914677 -1.19979889  0.97534056] fsize=[0.85139319 0.55       0.21540247] shifted_fpos=[ 4.09914677 -1.14979889  0.97534056] lower=[ 3.84914677 -1.34979889  0.71763932] upper=[ 4.34914677 -0.94979889  1.23304179] inside=False
[obj_inside_of] obj=obj obj_pos=[ 3.8138645 -1.8013995  0.9700012] fixture_pos=[ 4.09914677 -1.19979889  0.97534056] fsize=[0.85139319 0.55       0.21540247] shifted_fpos=[ 4.09914677 -1.14979889  0.97534056] lower=[ 3.84914677 -1.34979889  0.71763932] upper=[ 4.34914677 -0.94979889  1.23304179] inside=False
[obj_inside_of] obj=obj obj_pos=[ 3.8138645 -1.8013995  0.9700012] fixture_pos=[ 4.09914677 -1.19979889  0.97534056] fsize=[0.85139319 0.55       0.21540247] shifted_fpos=[ 4.09914677 -1.14979889  0.97534056] lower=[ 3.84914677 -1.34979889  0.71763932] upper=[ 4.34914677 -0.94979889  1.23304179] inside=False
[obj_inside_of] obj=obj obj_pos=[ 3.8138645 -1.8013995  0.9700012] fixture_pos=[ 4.09914677 -1.19979889  0.97534056] fsize=[0.85139319 0.55       0.21540247] shifted_fpos=[ 4.09914677 -1.14979889  0.97534056] lower=[ 3.84914677 -1.34979889  0.71763932] upper=[ 4.34914677 -0.94979889  1.23304179] inside=False
[obj_inside_of] obj=obj obj_pos=[ 3.8138645 -1.8013995  0.9700012] fixture_pos=[ 4.09914677 -1.19979889  0.97534056] fsize=[0.85139319 0.55       0.21540247] shifted_fpos=[ 4.09914677 -1.14979889  0.97534056] lower=[ 3.84914677 -1.34979889  0.71763932] upper=[ 4.34914677 -0.94979889  1.23304179] inside=False
[obj_inside_of] obj=obj obj_pos=[ 3.8138645 -1.8013995  0.9700012] fixture_pos=[ 4.09914677 -1.19979889  0.97534056] fsize=[0.85139319 0.55       0.21540247] shifted_fpos=[ 4.09914677 -1.14979889  0.97534056] lower=[ 3.84914677 -1.34979889  0.71763932] upper=[ 4.34914677 -0.94979889  1.23304179] inside=False
[obj_inside_of] obj=obj obj_pos=[ 3.8138645 -1.8013995  0.9700012] fixture_pos=[ 4.09914677 -1.19979889  0.97534056] fsize=[0.85139319 0.55       0.21540247] shifted_fpos=[ 4.09914677 -1.14979889  0.97534056] lower=[ 3.84914677 -1.34979889  0.71763932] upper=[ 4.34914677 -0.94979889  1.23304179] inside=False
[obj_inside_of] obj=obj obj_pos=[ 3.8138645 -1.8013995  0.9700012] fixture_pos=[ 4.09914677 -1.19979889  0.97534056] fsize=[0.85139319 0.55       0.21540247] shifted_fpos=[ 4.09914677 -1.14979889  0.97534056] lower=[ 3.84914677 -1.34979889  0.71763932] upper=[ 4.34914677 -0.94979889  1.23304179] inside=False
[obj_inside_of] obj=obj obj_pos=[ 3.8138645 -1.8013995  0.9700012] fixture_pos=[ 4.09914677 -1.19979889  0.97534056] fsize=[0.85139319 0.55       0.21540247] shifted_fpos=[ 4.09914677 -1.14979889  0.97534056] lower=[ 3.84914677 -1.34979889  0.71763932] upper=[ 4.34914677 -0.94979889  1.23304179] inside=False
[obj_inside_of] obj=obj obj_pos=[ 3.8138645 -1.8013995  0.9700012] fixture_pos=[ 4.09914677 -1.19979889  0.97534056] fsize=[0.85139319 0.55       0.21540247] shifted_fpos=[ 4.09914677 -1.14979889  0.97534056] lower=[ 3.84914677 -1.34979889  0.71763932] upper=[ 4.34914677 -0.94979889  1.23304179] inside=False
[obj_inside_of] obj=obj obj_pos=[ 3.8138645 -1.8013995  0.9700012] fixture_pos=[ 4.09914677 -1.19979889  0.97534056] fsize=[0.85139319 0.55       0.21540247] shifted_fpos=[ 4.09914677 -1.14979889  0.97534056] lower=[ 3.84914677 -1.34979889  0.71763932] upper=[ 4.34914677 -0.94979889  1.23304179] inside=False
[obj_inside_of] obj=obj obj_pos=[ 3.8138645 -1.8013995  0.9700012] fixture_pos=[ 4.09914677 -1.19979889  0.97534056] fsize=[0.85139319 0.55       0.21540247] shifted_fpos=[ 4.09914677 -1.14979889  0.97534056] lower=[ 3.84914677 -1.34979889  0.71763932] upper=[ 4.34914677 -0.94979889  1.23304179] inside=False
[obj_inside_of] obj=obj obj_pos=[ 3.8138645 -1.8013995  0.9700012] fixture_pos=[ 4.09914677 -1.19979889  0.97534056] fsize=[0.85139319 0.55       0.21540247] shifted_fpos=[ 4.09914677 -1.14979889  0.97534056] lower=[ 3.84914677 -1.34979889  0.71763932] upper=[ 4.34914677 -0.94979889  1.23304179] inside=False
[obj_inside_of] obj=obj obj_pos=[ 3.8138645 -1.8013995  0.9700012] fixture_pos=[ 4.09914677 -1.19979889  0.97534056] fsize=[0.85139319 0.55       0.21540247] shifted_fpos=[ 4.09914677 -1.14979889  0.97534056] lower=[ 3.84914677 -1.34979889  0.71763932] upper=[ 4.34914677 -0.94979889  1.23304179] inside=False
[obj_inside_of] obj=obj obj_pos=[ 3.8138645 -1.8013995  0.9700012] fixture_pos=[ 4.09914677 -1.19979889  0.97534056] fsize=[0.85139319 0.55       0.21540247] shifted_fpos=[ 4.09914677 -1.14979889  0.97534056] lower=[ 3.84914677 -1.34979889  0.71763932] upper=[ 4.34914677 -0.94979889  1.23304179] inside=False
[obj_inside_of] obj=obj obj_pos=[ 3.8138645 -1.8013995  0.9700012] fixture_pos=[ 4.09914677 -1.19979889  0.97534056] fsize=[0.85139319 0.55       0.21540247] shifted_fpos=[ 4.09914677 -1.14979889  0.97534056] lower=[ 3.84914677 -1.34979889  0.71763932] upper=[ 4.34914677 -0.94979889  1.23304179] inside=False
[obj_inside_of] obj=obj obj_pos=[ 3.8138645 -1.8013995  0.9700012] fixture_pos=[ 4.09914677 -1.19979889  0.97534056] fsize=[0.85139319 0.55       0.21540247] shifted_fpos=[ 4.09914677 -1.14979889  0.97534056] lower=[ 3.84914677 -1.34979889  0.71763932] upper=[ 4.34914677 -0.94979889  1.23304179] inside=False
[obj_inside_of] obj=obj obj_pos=[ 3.8138645 -1.8013995  0.9700012] fixture_pos=[ 4.09914677 -1.19979889  0.97534056] fsize=[0.85139319 0.55       0.21540247] shifted_fpos=[ 4.09914677 -1.14979889  0.97534056] lower=[ 3.84914677 -1.34979889  0.71763932] upper=[ 4.34914677 -0.94979889  1.23304179] inside=False
[obj_inside_of] obj=obj obj_pos=[ 3.8138645 -1.8013995  0.9700012] fixture_pos=[ 4.09914677 -1.19979889  0.97534056] fsize=[0.85139319 0.55       0.21540247] shifted_fpos=[ 4.09914677 -1.14979889  0.97534056] lower=[ 3.84914677 -1.34979889  0.71763932] upper=[ 4.34914677 -0.94979889  1.23304179] inside=False
[obj_inside_of] obj=obj obj_pos=[ 3.8138645 -1.8013995  0.9700012] fixture_pos=[ 4.09914677 -1.19979889  0.97534056] fsize=[0.85139319 0.55       0.21540247] shifted_fpos=[ 4.09914677 -1.14979889  0.97534056] lower=[ 3.84914677 -1.34979889  0.71763932] upper=[ 4.34914677 -0.94979889  1.23304179] inside=False
[obj_inside_of] obj=obj obj_pos=[ 3.8138645 -1.8013995  0.9700012] fixture_pos=[ 4.09914677 -1.19979889  0.97534056] fsize=[0.85139319 0.55       0.21540247] shifted_fpos=[ 4.09914677 -1.14979889  0.97534056] lower=[ 3.84914677 -1.34979889  0.71763932] upper=[ 4.34914677 -0.94979889  1.23304179] inside=False
[obj_inside_of] obj=obj obj_pos=[ 3.8138645 -1.8013995  0.9700012] fixture_pos=[ 4.09914677 -1.19979889  0.97534056] fsize=[0.85139319 0.55       0.21540247] shifted_fpos=[ 4.09914677 -1.14979889  0.97534056] lower=[ 3.84914677 -1.34979889  0.71763932] upper=[ 4.34914677 -0.94979889  1.23304179] inside=False
[obj_inside_of] obj=obj obj_pos=[ 3.8138645 -1.8013995  0.9700012] fixture_pos=[ 4.09914677 -1.19979889  0.97534056] fsize=[0.85139319 0.55       0.21540247] shifted_fpos=[ 4.09914677 -1.14979889  0.97534056] lower=[ 3.84914677 -1.34979889  0.71763932] upper=[ 4.34914677 -0.94979889  1.23304179] inside=False
[obj_inside_of] obj=obj obj_pos=[ 3.8138645 -1.8013995  0.9700012] fixture_pos=[ 4.09914677 -1.19979889  0.97534056] fsize=[0.85139319 0.55       0.21540247] shifted_fpos=[ 4.09914677 -1.14979889  0.97534056] lower=[ 3.84914677 -1.34979889  0.71763932] upper=[ 4.34914677 -0.94979889  1.23304179] inside=False
[obj_inside_of] obj=obj obj_pos=[ 3.8138645 -1.8013995  0.9700012] fixture_pos=[ 4.09914677 -1.19979889  0.97534056] fsize=[0.85139319 0.55       0.21540247] shifted_fpos=[ 4.09914677 -1.14979889  0.97534056] lower=[ 3.84914677 -1.34979889  0.71763932] upper=[ 4.34914677 -0.94979889  1.23304179] inside=False
[obj_inside_of] obj=obj obj_pos=[ 3.8138645 -1.8013995  0.9700012] fixture_pos=[ 4.09914677 -1.19979889  0.97534056] fsize=[0.85139319 0.55       0.21540247] shifted_fpos=[ 4.09914677 -1.14979889  0.97534056] lower=[ 3.84914677 -1.34979889  0.71763932] upper=[ 4.34914677 -0.94979889  1.23304179] inside=False
[obj_inside_of] obj=obj obj_pos=[ 3.8138645 -1.8013995  0.9700012] fixture_pos=[ 4.09914677 -1.19979889  0.97534056] fsize=[0.85139319 0.55       0.21540247] shifted_fpos=[ 4.09914677 -1.14979889  0.97534056] lower=[ 3.84914677 -1.34979889  0.71763932] upper=[ 4.34914677 -0.94979889  1.23304179] inside=False
[obj_inside_of] obj=obj obj_pos=[ 3.8138645 -1.8013995  0.9700012] fixture_pos=[ 4.09914677 -1.19979889  0.97534056] fsize=[0.85139319 0.55       0.21540247] shifted_fpos=[ 4.09914677 -1.14979889  0.97534056] lower=[ 3.84914677 -1.34979889  0.71763932] upper=[ 4.34914677 -0.94979889  1.23304179] inside=False
[obj_inside_of] obj=obj obj_pos=[ 3.8138645 -1.8013995  0.9700012] fixture_pos=[ 4.09914677 -1.19979889  0.97534056] fsize=[0.85139319 0.55       0.21540247] shifted_fpos=[ 4.09914677 -1.14979889  0.97534056] lower=[ 3.84914677 -1.34979889  0.71763932] upper=[ 4.34914677 -0.94979889  1.23304179] inside=False
[obj_inside_of] obj=obj obj_pos=[ 3.8138645 -1.8013995  0.9700012] fixture_pos=[ 4.09914677 -1.19979889  0.97534056] fsize=[0.85139319 0.55       0.21540247] shifted_fpos=[ 4.09914677 -1.14979889  0.97534056] lower=[ 3.84914677 -1.34979889  0.71763932] upper=[ 4.34914677 -0.94979889  1.23304179] inside=False
[obj_inside_of] obj=obj obj_pos=[ 3.8138645 -1.8013995  0.9700012] fixture_pos=[ 4.09914677 -1.19979889  0.97534056] fsize=[0.85139319 0.55       0.21540247] shifted_fpos=[ 4.09914677 -1.14979889  0.97534056] lower=[ 3.84914677 -1.34979889  0.71763932] upper=[ 4.34914677 -0.94979889  1.23304179] inside=False
[obj_inside_of] obj=obj obj_pos=[ 3.8138645 -1.8013995  0.9700012] fixture_pos=[ 4.09914677 -1.19979889  0.97534056] fsize=[0.85139319 0.55       0.21540247] shifted_fpos=[ 4.09914677 -1.14979889  0.97534056] lower=[ 3.84914677 -1.34979889  0.71763932] upper=[ 4.34914677 -0.94979889  1.23304179] inside=False
[obj_inside_of] obj=obj obj_pos=[ 3.8138645 -1.8013995  0.9700012] fixture_pos=[ 4.09914677 -1.19979889  0.97534056] fsize=[0.85139319 0.55       0.21540247] shifted_fpos=[ 4.09914677 -1.14979889  0.97534056] lower=[ 3.84914677 -1.34979889  0.71763932] upper=[ 4.34914677 -0.94979889  1.23304179] inside=False
[obj_inside_of] obj=obj obj_pos=[ 3.8138645 -1.8013995  0.9700012] fixture_pos=[ 4.09914677 -1.19979889  0.97534056] fsize=[0.85139319 0.55       0.21540247] shifted_fpos=[ 4.09914677 -1.14979889  0.97534056] lower=[ 3.84914677 -1.34979889  0.71763932] upper=[ 4.34914677 -0.94979889  1.23304179] inside=False
[obj_inside_of] obj=obj obj_pos=[ 3.8138645 -1.8013995  0.9700012] fixture_pos=[ 4.09914677 -1.19979889  0.97534056] fsize=[0.85139319 0.55       0.21540247] shifted_fpos=[ 4.09914677 -1.14979889  0.97534056] lower=[ 3.84914677 -1.34979889  0.71763932] upper=[ 4.34914677 -0.94979889  1.23304179] inside=False
[obj_inside_of] obj=obj obj_pos=[ 3.8138645 -1.8013995  0.9700012] fixture_pos=[ 4.09914677 -1.19979889  0.97534056] fsize=[0.85139319 0.55       0.21540247] shifted_fpos=[ 4.09914677 -1.14979889  0.97534056] lower=[ 3.84914677 -1.34979889  0.71763932] upper=[ 4.34914677 -0.94979889  1.23304179] inside=False
[obj_inside_of] obj=obj obj_pos=[ 3.8138645 -1.8013995  0.9700012] fixture_pos=[ 4.09914677 -1.19979889  0.97534056] fsize=[0.85139319 0.55       0.21540247] shifted_fpos=[ 4.09914677 -1.14979889  0.97534056] lower=[ 3.84914677 -1.34979889  0.71763932] upper=[ 4.34914677 -0.94979889  1.23304179] inside=False
[obj_inside_of] obj=obj obj_pos=[ 3.8138645 -1.8013995  0.9700012] fixture_pos=[ 4.09914677 -1.19979889  0.97534056] fsize=[0.85139319 0.55       0.21540247] shifted_fpos=[ 4.09914677 -1.14979889  0.97534056] lower=[ 3.84914677 -1.34979889  0.71763932] upper=[ 4.34914677 -0.94979889  1.23304179] inside=False
[obj_inside_of] obj=obj obj_pos=[ 3.8138645 -1.8013995  0.9700012] fixture_pos=[ 4.09914677 -1.19979889  0.97534056] fsize=[0.85139319 0.55       0.21540247] shifted_fpos=[ 4.09914677 -1.14979889  0.97534056] lower=[ 3.84914677 -1.34979889  0.71763932] upper=[ 4.34914677 -0.94979889  1.23304179] inside=False
[obj_inside_of] obj=obj obj_pos=[ 3.8138645 -1.8013995  0.9700012] fixture_pos=[ 4.09914677 -1.19979889  0.97534056] fsize=[0.85139319 0.55       0.21540247] shifted_fpos=[ 4.09914677 -1.14979889  0.97534056] lower=[ 3.84914677 -1.34979889  0.71763932] upper=[ 4.34914677 -0.94979889  1.23304179] inside=False
[obj_inside_of] obj=obj obj_pos=[ 3.8138645 -1.8013995  0.9700012] fixture_pos=[ 4.09914677 -1.19979889  0.97534056] fsize=[0.85139319 0.55       0.21540247] shifted_fpos=[ 4.09914677 -1.14979889  0.97534056] lower=[ 3.84914677 -1.34979889  0.71763932] upper=[ 4.34914677 -0.94979889  1.23304179] inside=False
[obj_inside_of] obj=obj obj_pos=[ 3.8138645 -1.8013995  0.9700012] fixture_pos=[ 4.09914677 -1.19979889  0.97534056] fsize=[0.85139319 0.55       0.21540247] shifted_fpos=[ 4.09914677 -1.14979889  0.97534056] lower=[ 3.84914677 -1.34979889  0.71763932] upper=[ 4.34914677 -0.94979889  1.23304179] inside=False
[obj_inside_of] obj=obj obj_pos=[ 3.8138645 -1.8013995  0.9700012] fixture_pos=[ 4.09914677 -1.19979889  0.97534056] fsize=[0.85139319 0.55       0.21540247] shifted_fpos=[ 4.09914677 -1.14979889  0.97534056] lower=[ 3.84914677 -1.34979889  0.71763932] upper=[ 4.34914677 -0.94979889  1.23304179] inside=False
[obj_inside_of] obj=obj obj_pos=[ 3.8138645 -1.8013995  0.9700012] fixture_pos=[ 4.09914677 -1.19979889  0.97534056] fsize=[0.85139319 0.55       0.21540247] shifted_fpos=[ 4.09914677 -1.14979889  0.97534056] lower=[ 3.84914677 -1.34979889  0.71763932] upper=[ 4.34914677 -0.94979889  1.23304179] inside=False
[obj_inside_of] obj=obj obj_pos=[ 3.8138645 -1.8013995  0.9700012] fixture_pos=[ 4.09914677 -1.19979889  0.97534056] fsize=[0.85139319 0.55       0.21540247] shifted_fpos=[ 4.09914677 -1.14979889  0.97534056] lower=[ 3.84914677 -1.34979889  0.71763932] upper=[ 4.34914677 -0.94979889  1.23304179] inside=False
[obj_inside_of] obj=obj obj_pos=[ 3.8138645 -1.8013995  0.9700012] fixture_pos=[ 4.09914677 -1.19979889  0.97534056] fsize=[0.85139319 0.55       0.21540247] shifted_fpos=[ 4.09914677 -1.14979889  0.97534056] lower=[ 3.84914677 -1.34979889  0.71763932] upper=[ 4.34914677 -0.94979889  1.23304179] inside=False
[obj_inside_of] obj=obj obj_pos=[ 3.8138645 -1.8013995  0.9700012] fixture_pos=[ 4.09914677 -1.19979889  0.97534056] fsize=[0.85139319 0.55       0.21540247] shifted_fpos=[ 4.09914677 -1.14979889  0.97534056] lower=[ 3.84914677 -1.34979889  0.71763932] upper=[ 4.34914677 -0.94979889  1.23304179] inside=False
[obj_inside_of] obj=obj obj_pos=[ 3.8138645 -1.8013995  0.9700012] fixture_pos=[ 4.09914677 -1.19979889  0.97534056] fsize=[0.85139319 0.55       0.21540247] shifted_fpos=[ 4.09914677 -1.14979889  0.97534056] lower=[ 3.84914677 -1.34979889  0.71763932] upper=[ 4.34914677 -0.94979889  1.23304179] inside=False
[obj_inside_of] obj=obj obj_pos=[ 3.8138645 -1.8013995  0.9700012] fixture_pos=[ 4.09914677 -1.19979889  0.97534056] fsize=[0.85139319 0.55       0.21540247] shifted_fpos=[ 4.09914677 -1.14979889  0.97534056] lower=[ 3.84914677 -1.34979889  0.71763932] upper=[ 4.34914677 -0.94979889  1.23304179] inside=False
[obj_inside_of] obj=obj obj_pos=[ 3.8138645 -1.8013995  0.9700012] fixture_pos=[ 4.09914677 -1.19979889  0.97534056] fsize=[0.85139319 0.55       0.21540247] shifted_fpos=[ 4.09914677 -1.14979889  0.97534056] lower=[ 3.84914677 -1.34979889  0.71763932] upper=[ 4.34914677 -0.94979889  1.23304179] inside=False
[obj_inside_of] obj=obj obj_pos=[ 3.8138645 -1.8013995  0.9700012] fixture_pos=[ 4.09914677 -1.19979889  0.97534056] fsize=[0.85139319 0.55       0.21540247] shifted_fpos=[ 4.09914677 -1.14979889  0.97534056] lower=[ 3.84914677 -1.34979889  0.71763932] upper=[ 4.34914677 -0.94979889  1.23304179] inside=False
[obj_inside_of] obj=obj obj_pos=[ 3.8138645 -1.8013995  0.9700012] fixture_pos=[ 4.09914677 -1.19979889  0.97534056] fsize=[0.85139319 0.55       0.21540247] shifted_fpos=[ 4.09914677 -1.14979889  0.97534056] lower=[ 3.84914677 -1.34979889  0.71763932] upper=[ 4.34914677 -0.94979889  1.23304179] inside=False
[obj_inside_of] obj=obj obj_pos=[ 3.8138645 -1.8013995  0.9700012] fixture_pos=[ 4.09914677 -1.19979889  0.97534056] fsize=[0.85139319 0.55       0.21540247] shifted_fpos=[ 4.09914677 -1.14979889  0.97534056] lower=[ 3.84914677 -1.34979889  0.71763932] upper=[ 4.34914677 -0.94979889  1.23304179] inside=False
[obj_inside_of] obj=obj obj_pos=[ 3.8138645 -1.8013995  0.9700012] fixture_pos=[ 4.09914677 -1.19979889  0.97534056] fsize=[0.85139319 0.55       0.21540247] shifted_fpos=[ 4.09914677 -1.14979889  0.97534056] lower=[ 3.84914677 -1.34979889  0.71763932] upper=[ 4.34914677 -0.94979889  1.23304179] inside=False
[obj_inside_of] obj=obj obj_pos=[ 3.8138645 -1.8013995  0.9700012] fixture_pos=[ 4.09914677 -1.19979889  0.97534056] fsize=[0.85139319 0.55       0.21540247] shifted_fpos=[ 4.09914677 -1.14979889  0.97534056] lower=[ 3.84914677 -1.34979889  0.71763932] upper=[ 4.34914677 -0.94979889  1.23304179] inside=False
[obj_inside_of] obj=obj obj_pos=[ 3.8138645 -1.8013995  0.9700012] fixture_pos=[ 4.09914677 -1.19979889  0.97534056] fsize=[0.85139319 0.55       0.21540247] shifted_fpos=[ 4.09914677 -1.14979889  0.97534056] lower=[ 3.84914677 -1.34979889  0.71763932] upper=[ 4.34914677 -0.94979889  1.23304179] inside=False
[obj_inside_of] obj=obj obj_pos=[ 3.8138645 -1.8013995  0.9700012] fixture_pos=[ 4.09914677 -1.19979889  0.97534056] fsize=[0.85139319 0.55       0.21540247] shifted_fpos=[ 4.09914677 -1.14979889  0.97534056] lower=[ 3.84914677 -1.34979889  0.71763932] upper=[ 4.34914677 -0.94979889  1.23304179] inside=False
[obj_inside_of] obj=obj obj_pos=[ 3.8138645 -1.8013995  0.9700012] fixture_pos=[ 4.09914677 -1.19979889  0.97534056] fsize=[0.85139319 0.55       0.21540247] shifted_fpos=[ 4.09914677 -1.14979889  0.97534056] lower=[ 3.84914677 -1.34979889  0.71763932] upper=[ 4.34914677 -0.94979889  1.23304179] inside=False
[obj_inside_of] obj=obj obj_pos=[ 3.8138645 -1.8013995  0.9700012] fixture_pos=[ 4.09914677 -1.19979889  0.97534056] fsize=[0.85139319 0.55       0.21540247] shifted_fpos=[ 4.09914677 -1.14979889  0.97534056] lower=[ 3.84914677 -1.34979889  0.71763932] upper=[ 4.34914677 -0.94979889  1.23304179] inside=False
[obj_inside_of] obj=obj obj_pos=[ 3.8138645 -1.8013995  0.9700012] fixture_pos=[ 4.09914677 -1.19979889  0.97534056] fsize=[0.85139319 0.55       0.21540247] shifted_fpos=[ 4.09914677 -1.14979889  0.97534056] lower=[ 3.84914677 -1.34979889  0.71763932] upper=[ 4.34914677 -0.94979889  1.23304179] inside=False
[obj_inside_of] obj=obj obj_pos=[ 3.8138645 -1.8013995  0.9700012] fixture_pos=[ 4.09914677 -1.19979889  0.97534056] fsize=[0.85139319 0.55       0.21540247] shifted_fpos=[ 4.09914677 -1.14979889  0.97534056] lower=[ 3.84914677 -1.34979889  0.71763932] upper=[ 4.34914677 -0.94979889  1.23304179] inside=False
[obj_inside_of] obj=obj obj_pos=[ 3.8138645 -1.8013995  0.9700012] fixture_pos=[ 4.09914677 -1.19979889  0.97534056] fsize=[0.85139319 0.55       0.21540247] shifted_fpos=[ 4.09914677 -1.14979889  0.97534056] lower=[ 3.84914677 -1.34979889  0.71763932] upper=[ 4.34914677 -0.94979889  1.23304179] inside=False
[obj_inside_of] obj=obj obj_pos=[ 3.8138645 -1.8013995  0.9700012] fixture_pos=[ 4.09914677 -1.19979889  0.97534056] fsize=[0.85139319 0.55       0.21540247] shifted_fpos=[ 4.09914677 -1.14979889  0.97534056] lower=[ 3.84914677 -1.34979889  0.71763932] upper=[ 4.34914677 -0.94979889  1.23304179] inside=False
[obj_inside_of] obj=obj obj_pos=[ 3.8138645 -1.8013995  0.9700012] fixture_pos=[ 4.09914677 -1.19979889  0.97534056] fsize=[0.85139319 0.55       0.21540247] shifted_fpos=[ 4.09914677 -1.14979889  0.97534056] lower=[ 3.84914677 -1.34979889  0.71763932] upper=[ 4.34914677 -0.94979889  1.23304179] inside=False
[obj_inside_of] obj=obj obj_pos=[ 3.8138645 -1.8013995  0.9700012] fixture_pos=[ 4.09914677 -1.19979889  0.97534056] fsize=[0.85139319 0.55       0.21540247] shifted_fpos=[ 4.09914677 -1.14979889  0.97534056] lower=[ 3.84914677 -1.34979889  0.71763932] upper=[ 4.34914677 -0.94979889  1.23304179] inside=False
[obj_inside_of] obj=obj obj_pos=[ 3.8138645 -1.8013995  0.9700012] fixture_pos=[ 4.09914677 -1.19979889  0.97534056] fsize=[0.85139319 0.55       0.21540247] shifted_fpos=[ 4.09914677 -1.14979889  0.97534056] lower=[ 3.84914677 -1.34979889  0.71763932] upper=[ 4.34914677 -0.94979889  1.23304179] inside=False
[obj_inside_of] obj=obj obj_pos=[ 3.8138645 -1.8013995  0.9700012] fixture_pos=[ 4.09914677 -1.19979889  0.97534056] fsize=[0.85139319 0.55       0.21540247] shifted_fpos=[ 4.09914677 -1.14979889  0.97534056] lower=[ 3.84914677 -1.34979889  0.71763932] upper=[ 4.34914677 -0.94979889  1.23304179] inside=False
[obj_inside_of] obj=obj obj_pos=[ 3.8138645 -1.8013995  0.9700012] fixture_pos=[ 4.09914677 -1.19979889  0.97534056] fsize=[0.85139319 0.55       0.21540247] shifted_fpos=[ 4.09914677 -1.14979889  0.97534056] lower=[ 3.84914677 -1.34979889  0.71763932] upper=[ 4.34914677 -0.94979889  1.23304179] inside=False
[obj_inside_of] obj=obj obj_pos=[ 3.8138645 -1.8013995  0.9700012] fixture_pos=[ 4.09914677 -1.19979889  0.97534056] fsize=[0.85139319 0.55       0.21540247] shifted_fpos=[ 4.09914677 -1.14979889  0.97534056] lower=[ 3.84914677 -1.34979889  0.71763932] upper=[ 4.34914677 -0.94979889  1.23304179] inside=False
[obj_inside_of] obj=obj obj_pos=[ 3.8138645 -1.8013995  0.9700012] fixture_pos=[ 4.09914677 -1.19979889  0.97534056] fsize=[0.85139319 0.55       0.21540247] shifted_fpos=[ 4.09914677 -1.14979889  0.97534056] lower=[ 3.84914677 -1.34979889  0.71763932] upper=[ 4.34914677 -0.94979889  1.23304179] inside=False
[obj_inside_of] obj=obj obj_pos=[ 3.8138645 -1.8013995  0.9700012] fixture_pos=[ 4.09914677 -1.19979889  0.97534056] fsize=[0.85139319 0.55       0.21540247] shifted_fpos=[ 4.09914677 -1.14979889  0.97534056] lower=[ 3.84914677 -1.34979889  0.71763932] upper=[ 4.34914677 -0.94979889  1.23304179] inside=False
[obj_inside_of] obj=obj obj_pos=[ 3.8138645 -1.8013995  0.9700012] fixture_pos=[ 4.09914677 -1.19979889  0.97534056] fsize=[0.85139319 0.55       0.21540247] shifted_fpos=[ 4.09914677 -1.14979889  0.97534056] lower=[ 3.84914677 -1.34979889  0.71763932] upper=[ 4.34914677 -0.94979889  1.23304179] inside=False
[obj_inside_of] obj=obj obj_pos=[ 3.8138645 -1.8013995  0.9700012] fixture_pos=[ 4.09914677 -1.19979889  0.97534056] fsize=[0.85139319 0.55       0.21540247] shifted_fpos=[ 4.09914677 -1.14979889  0.97534056] lower=[ 3.84914677 -1.34979889  0.71763932] upper=[ 4.34914677 -0.94979889  1.23304179] inside=False
[obj_inside_of] obj=obj obj_pos=[ 3.8138645 -1.8013995  0.9700012] fixture_pos=[ 4.09914677 -1.19979889  0.97534056] fsize=[0.85139319 0.55       0.21540247] shifted_fpos=[ 4.09914677 -1.14979889  0.97534056] lower=[ 3.84914677 -1.34979889  0.71763932] upper=[ 4.34914677 -0.94979889  1.23304179] inside=False
[obj_inside_of] obj=obj obj_pos=[ 3.8138645 -1.8013995  0.9700012] fixture_pos=[ 4.09914677 -1.19979889  0.97534056] fsize=[0.85139319 0.55       0.21540247] shifted_fpos=[ 4.09914677 -1.14979889  0.97534056] lower=[ 3.84914677 -1.34979889  0.71763932] upper=[ 4.34914677 -0.94979889  1.23304179] inside=False
[obj_inside_of] obj=obj obj_pos=[ 3.8138645 -1.8013995  0.9700012] fixture_pos=[ 4.09914677 -1.19979889  0.97534056] fsize=[0.85139319 0.55       0.21540247] shifted_fpos=[ 4.09914677 -1.14979889  0.97534056] lower=[ 3.84914677 -1.34979889  0.71763932] upper=[ 4.34914677 -0.94979889  1.23304179] inside=False
[obj_inside_of] obj=obj obj_pos=[ 3.8138645 -1.8013995  0.9700012] fixture_pos=[ 4.09914677 -1.19979889  0.97534056] fsize=[0.85139319 0.55       0.21540247] shifted_fpos=[ 4.09914677 -1.14979889  0.97534056] lower=[ 3.84914677 -1.34979889  0.71763932] upper=[ 4.34914677 -0.94979889  1.23304179] inside=False
[obj_inside_of] obj=obj obj_pos=[ 3.8138645 -1.8013995  0.9700012] fixture_pos=[ 4.09914677 -1.19979889  0.97534056] fsize=[0.85139319 0.55       0.21540247] shifted_fpos=[ 4.09914677 -1.14979889  0.97534056] lower=[ 3.84914677 -1.34979889  0.71763932] upper=[ 4.34914677 -0.94979889  1.23304179] inside=False
[obj_inside_of] obj=obj obj_pos=[ 3.8138645 -1.8013995  0.9700012] fixture_pos=[ 4.09914677 -1.19979889  0.97534056] fsize=[0.85139319 0.55       0.21540247] shifted_fpos=[ 4.09914677 -1.14979889  0.97534056] lower=[ 3.84914677 -1.34979889  0.71763932] upper=[ 4.34914677 -0.94979889  1.23304179] inside=False
[obj_inside_of] obj=obj obj_pos=[ 3.8138645 -1.8013995  0.9700012] fixture_pos=[ 4.09914677 -1.19979889  0.97534056] fsize=[0.85139319 0.55       0.21540247] shifted_fpos=[ 4.09914677 -1.14979889  0.97534056] lower=[ 3.84914677 -1.34979889  0.71763932] upper=[ 4.34914677 -0.94979889  1.23304179] inside=False
[obj_inside_of] obj=obj obj_pos=[ 3.8138645 -1.8013995  0.9700012] fixture_pos=[ 4.09914677 -1.19979889  0.97534056] fsize=[0.85139319 0.55       0.21540247] shifted_fpos=[ 4.09914677 -1.14979889  0.97534056] lower=[ 3.84914677 -1.34979889  0.71763932] upper=[ 4.34914677 -0.94979889  1.23304179] inside=False
[obj_inside_of] obj=obj obj_pos=[ 3.8138645 -1.8013995  0.9700012] fixture_pos=[ 4.09914677 -1.19979889  0.97534056] fsize=[0.85139319 0.55       0.21540247] shifted_fpos=[ 4.09914677 -1.14979889  0.97534056] lower=[ 3.84914677 -1.34979889  0.71763932] upper=[ 4.34914677 -0.94979889  1.23304179] inside=False
[obj_inside_of] obj=obj obj_pos=[ 3.8138645 -1.8013995  0.9700012] fixture_pos=[ 4.09914677 -1.19979889  0.97534056] fsize=[0.85139319 0.55       0.21540247] shifted_fpos=[ 4.09914677 -1.14979889  0.97534056] lower=[ 3.84914677 -1.34979889  0.71763932] upper=[ 4.34914677 -0.94979889  1.23304179] inside=False
[obj_inside_of] obj=obj obj_pos=[ 3.8138645 -1.8013995  0.9700012] fixture_pos=[ 4.09914677 -1.19979889  0.97534056] fsize=[0.85139319 0.55       0.21540247] shifted_fpos=[ 4.09914677 -1.14979889  0.97534056] lower=[ 3.84914677 -1.34979889  0.71763932] upper=[ 4.34914677 -0.94979889  1.23304179] inside=False
[obj_inside_of] obj=obj obj_pos=[ 3.8138645 -1.8013995  0.9700012] fixture_pos=[ 4.09914677 -1.19979889  0.97534056] fsize=[0.85139319 0.55       0.21540247] shifted_fpos=[ 4.09914677 -1.14979889  0.97534056] lower=[ 3.84914677 -1.34979889  0.71763932] upper=[ 4.34914677 -0.94979889  1.23304179] inside=False
[obj_inside_of] obj=obj obj_pos=[ 3.8138645 -1.8013995  0.9700012] fixture_pos=[ 4.09914677 -1.19979889  0.97534056] fsize=[0.85139319 0.55       0.21540247] shifted_fpos=[ 4.09914677 -1.14979889  0.97534056] lower=[ 3.84914677 -1.34979889  0.71763932] upper=[ 4.34914677 -0.94979889  1.23304179] inside=False
[obj_inside_of] obj=obj obj_pos=[ 3.8138645 -1.8013995  0.9700012] fixture_pos=[ 4.09914677 -1.19979889  0.97534056] fsize=[0.85139319 0.55       0.21540247] shifted_fpos=[ 4.09914677 -1.14979889  0.97534056] lower=[ 3.84914677 -1.34979889  0.71763932] upper=[ 4.34914677 -0.94979889  1.23304179] inside=False
[obj_inside_of] obj=obj obj_pos=[ 3.8138645 -1.8013995  0.9700012] fixture_pos=[ 4.09914677 -1.19979889  0.97534056] fsize=[0.85139319 0.55       0.21540247] shifted_fpos=[ 4.09914677 -1.14979889  0.97534056] lower=[ 3.84914677 -1.34979889  0.71763932] upper=[ 4.34914677 -0.94979889  1.23304179] inside=False
[obj_inside_of] obj=obj obj_pos=[ 3.8138645 -1.8013995  0.9700012] fixture_pos=[ 4.09914677 -1.19979889  0.97534056] fsize=[0.85139319 0.55       0.21540247] shifted_fpos=[ 4.09914677 -1.14979889  0.97534056] lower=[ 3.84914677 -1.34979889  0.71763932] upper=[ 4.34914677 -0.94979889  1.23304179] inside=False
[obj_inside_of] obj=obj obj_pos=[ 3.8138645 -1.8013995  0.9700012] fixture_pos=[ 4.09914677 -1.19979889  0.97534056] fsize=[0.85139319 0.55       0.21540247] shifted_fpos=[ 4.09914677 -1.14979889  0.97534056] lower=[ 3.84914677 -1.34979889  0.71763932] upper=[ 4.34914677 -0.94979889  1.23304179] inside=False
[obj_inside_of] obj=obj obj_pos=[ 3.8138645 -1.8013995  0.9700012] fixture_pos=[ 4.09914677 -1.19979889  0.97534056] fsize=[0.85139319 0.55       0.21540247] shifted_fpos=[ 4.09914677 -1.14979889  0.97534056] lower=[ 3.84914677 -1.34979889  0.71763932] upper=[ 4.34914677 -0.94979889  1.23304179] inside=False
[obj_inside_of] obj=obj obj_pos=[ 3.8138645 -1.8013995  0.9700012] fixture_pos=[ 4.09914677 -1.19979889  0.97534056] fsize=[0.85139319 0.55       0.21540247] shifted_fpos=[ 4.09914677 -1.14979889  0.97534056] lower=[ 3.84914677 -1.34979889  0.71763932] upper=[ 4.34914677 -0.94979889  1.23304179] inside=False
[obj_inside_of] obj=obj obj_pos=[ 3.8138645 -1.8013995  0.9700012] fixture_pos=[ 4.09914677 -1.19979889  0.97534056] fsize=[0.85139319 0.55       0.21540247] shifted_fpos=[ 4.09914677 -1.14979889  0.97534056] lower=[ 3.84914677 -1.34979889  0.71763932] upper=[ 4.34914677 -0.94979889  1.23304179] inside=False
[obj_inside_of] obj=obj obj_pos=[ 3.8138645 -1.8013995  0.9700012] fixture_pos=[ 4.09914677 -1.19979889  0.97534056] fsize=[0.85139319 0.55       0.21540247] shifted_fpos=[ 4.09914677 -1.14979889  0.97534056] lower=[ 3.84914677 -1.34979889  0.71763932] upper=[ 4.34914677 -0.94979889  1.23304179] inside=False
[obj_inside_of] obj=obj obj_pos=[ 3.8138645 -1.8013995  0.9700012] fixture_pos=[ 4.09914677 -1.19979889  0.97534056] fsize=[0.85139319 0.55       0.21540247] shifted_fpos=[ 4.09914677 -1.14979889  0.97534056] lower=[ 3.84914677 -1.34979889  0.71763932] upper=[ 4.34914677 -0.94979889  1.23304179] inside=False
[obj_inside_of] obj=obj obj_pos=[ 3.8138645 -1.8013995  0.9700012] fixture_pos=[ 4.09914677 -1.19979889  0.97534056] fsize=[0.85139319 0.55       0.21540247] shifted_fpos=[ 4.09914677 -1.14979889  0.97534056] lower=[ 3.84914677 -1.34979889  0.71763932] upper=[ 4.34914677 -0.94979889  1.23304179] inside=False
[obj_inside_of] obj=obj obj_pos=[ 3.8138645 -1.8013995  0.9700012] fixture_pos=[ 4.09914677 -1.19979889  0.97534056] fsize=[0.85139319 0.55       0.21540247] shifted_fpos=[ 4.09914677 -1.14979889  0.97534056] lower=[ 3.84914677 -1.34979889  0.71763932] upper=[ 4.34914677 -0.94979889  1.23304179] inside=False
[obj_inside_of] obj=obj obj_pos=[ 3.8138645 -1.8013995  0.9700012] fixture_pos=[ 4.09914677 -1.19979889  0.97534056] fsize=[0.85139319 0.55       0.21540247] shifted_fpos=[ 4.09914677 -1.14979889  0.97534056] lower=[ 3.84914677 -1.34979889  0.71763932] upper=[ 4.34914677 -0.94979889  1.23304179] inside=False
[obj_inside_of] obj=obj obj_pos=[ 3.8138645 -1.8013995  0.9700012] fixture_pos=[ 4.09914677 -1.19979889  0.97534056] fsize=[0.85139319 0.55       0.21540247] shifted_fpos=[ 4.09914677 -1.14979889  0.97534056] lower=[ 3.84914677 -1.34979889  0.71763932] upper=[ 4.34914677 -0.94979889  1.23304179] inside=False
[obj_inside_of] obj=obj obj_pos=[ 3.8138645 -1.8013995  0.9700012] fixture_pos=[ 4.09914677 -1.19979889  0.97534056] fsize=[0.85139319 0.55       0.21540247] shifted_fpos=[ 4.09914677 -1.14979889  0.97534056] lower=[ 3.84914677 -1.34979889  0.71763932] upper=[ 4.34914677 -0.94979889  1.23304179] inside=False
[obj_inside_of] obj=obj obj_pos=[ 3.8138645 -1.8013995  0.9700012] fixture_pos=[ 4.09914677 -1.19979889  0.97534056] fsize=[0.85139319 0.55       0.21540247] shifted_fpos=[ 4.09914677 -1.14979889  0.97534056] lower=[ 3.84914677 -1.34979889  0.71763932] upper=[ 4.34914677 -0.94979889  1.23304179] inside=False
[obj_inside_of] obj=obj obj_pos=[ 3.8138645 -1.8013995  0.9700012] fixture_pos=[ 4.09914677 -1.19979889  0.97534056] fsize=[0.85139319 0.55       0.21540247] shifted_fpos=[ 4.09914677 -1.14979889  0.97534056] lower=[ 3.84914677 -1.34979889  0.71763932] upper=[ 4.34914677 -0.94979889  1.23304179] inside=False
[obj_inside_of] obj=obj obj_pos=[ 3.8138645 -1.8013995  0.9700012] fixture_pos=[ 4.09914677 -1.19979889  0.97534056] fsize=[0.85139319 0.55       0.21540247] shifted_fpos=[ 4.09914677 -1.14979889  0.97534056] lower=[ 3.84914677 -1.34979889  0.71763932] upper=[ 4.34914677 -0.94979889  1.23304179] inside=False
[obj_inside_of] obj=obj obj_pos=[ 3.8138645 -1.8013995  0.9700012] fixture_pos=[ 4.09914677 -1.19979889  0.97534056] fsize=[0.85139319 0.55       0.21540247] shifted_fpos=[ 4.09914677 -1.14979889  0.97534056] lower=[ 3.84914677 -1.34979889  0.71763932] upper=[ 4.34914677 -0.94979889  1.23304179] inside=False
[obj_inside_of] obj=obj obj_pos=[ 3.8138645 -1.8013995  0.9700012] fixture_pos=[ 4.09914677 -1.19979889  0.97534056] fsize=[0.85139319 0.55       0.21540247] shifted_fpos=[ 4.09914677 -1.14979889  0.97534056] lower=[ 3.84914677 -1.34979889  0.71763932] upper=[ 4.34914677 -0.94979889  1.23304179] inside=False
[obj_inside_of] obj=obj obj_pos=[ 3.8138645 -1.8013995  0.9700012] fixture_pos=[ 4.09914677 -1.19979889  0.97534056] fsize=[0.85139319 0.55       0.21540247] shifted_fpos=[ 4.09914677 -1.14979889  0.97534056] lower=[ 3.84914677 -1.34979889  0.71763932] upper=[ 4.34914677 -0.94979889  1.23304179] inside=False
[obj_inside_of] obj=obj obj_pos=[ 3.8138645 -1.8013995  0.9700012] fixture_pos=[ 4.09914677 -1.19979889  0.97534056] fsize=[0.85139319 0.55       0.21540247] shifted_fpos=[ 4.09914677 -1.14979889  0.97534056] lower=[ 3.84914677 -1.34979889  0.71763932] upper=[ 4.34914677 -0.94979889  1.23304179] inside=False
[obj_inside_of] obj=obj obj_pos=[ 3.8138645 -1.8013995  0.9700012] fixture_pos=[ 4.09914677 -1.19979889  0.97534056] fsize=[0.85139319 0.55       0.21540247] shifted_fpos=[ 4.09914677 -1.14979889  0.97534056] lower=[ 3.84914677 -1.34979889  0.71763932] upper=[ 4.34914677 -0.94979889  1.23304179] inside=False
[obj_inside_of] obj=obj obj_pos=[ 3.8138645 -1.8013995  0.9700012] fixture_pos=[ 4.09914677 -1.19979889  0.97534056] fsize=[0.85139319 0.55       0.21540247] shifted_fpos=[ 4.09914677 -1.14979889  0.97534056] lower=[ 3.84914677 -1.34979889  0.71763932] upper=[ 4.34914677 -0.94979889  1.23304179] inside=False
[obj_inside_of] obj=obj obj_pos=[ 3.8138645 -1.8013995  0.9700012] fixture_pos=[ 4.09914677 -1.19979889  0.97534056] fsize=[0.85139319 0.55       0.21540247] shifted_fpos=[ 4.09914677 -1.14979889  0.97534056] lower=[ 3.84914677 -1.34979889  0.71763932] upper=[ 4.34914677 -0.94979889  1.23304179] inside=False
[obj_inside_of] obj=obj obj_pos=[ 3.8138645 -1.8013995  0.9700012] fixture_pos=[ 4.09914677 -1.19979889  0.97534056] fsize=[0.85139319 0.55       0.21540247] shifted_fpos=[ 4.09914677 -1.14979889  0.97534056] lower=[ 3.84914677 -1.34979889  0.71763932] upper=[ 4.34914677 -0.94979889  1.23304179] inside=False
[obj_inside_of] obj=obj obj_pos=[ 3.8138645 -1.8013995  0.9700012] fixture_pos=[ 4.09914677 -1.19979889  0.97534056] fsize=[0.85139319 0.55       0.21540247] shifted_fpos=[ 4.09914677 -1.14979889  0.97534056] lower=[ 3.84914677 -1.34979889  0.71763932] upper=[ 4.34914677 -0.94979889  1.23304179] inside=False
[obj_inside_of] obj=obj obj_pos=[ 3.8138645 -1.8013995  0.9700012] fixture_pos=[ 4.09914677 -1.19979889  0.97534056] fsize=[0.85139319 0.55       0.21540247] shifted_fpos=[ 4.09914677 -1.14979889  0.97534056] lower=[ 3.84914677 -1.34979889  0.71763932] upper=[ 4.34914677 -0.94979889  1.23304179] inside=False
[obj_inside_of] obj=obj obj_pos=[ 3.8138645 -1.8013995  0.9700012] fixture_pos=[ 4.09914677 -1.19979889  0.97534056] fsize=[0.85139319 0.55       0.21540247] shifted_fpos=[ 4.09914677 -1.14979889  0.97534056] lower=[ 3.84914677 -1.34979889  0.71763932] upper=[ 4.34914677 -0.94979889  1.23304179] inside=False
[obj_inside_of] obj=obj obj_pos=[ 3.8138645 -1.8013995  0.9700012] fixture_pos=[ 4.09914677 -1.19979889  0.97534056] fsize=[0.85139319 0.55       0.21540247] shifted_fpos=[ 4.09914677 -1.14979889  0.97534056] lower=[ 3.84914677 -1.34979889  0.71763932] upper=[ 4.34914677 -0.94979889  1.23304179] inside=False
[obj_inside_of] obj=obj obj_pos=[ 3.8138645 -1.8013995  0.9700012] fixture_pos=[ 4.09914677 -1.19979889  0.97534056] fsize=[0.85139319 0.55       0.21540247] shifted_fpos=[ 4.09914677 -1.14979889  0.97534056] lower=[ 3.84914677 -1.34979889  0.71763932] upper=[ 4.34914677 -0.94979889  1.23304179] inside=False
[obj_inside_of] obj=obj obj_pos=[ 3.8138645 -1.8013995  0.9700012] fixture_pos=[ 4.09914677 -1.19979889  0.97534056] fsize=[0.85139319 0.55       0.21540247] shifted_fpos=[ 4.09914677 -1.14979889  0.97534056] lower=[ 3.84914677 -1.34979889  0.71763932] upper=[ 4.34914677 -0.94979889  1.23304179] inside=False
[obj_inside_of] obj=obj obj_pos=[ 3.8138645 -1.8013995  0.9700012] fixture_pos=[ 4.09914677 -1.19979889  0.97534056] fsize=[0.85139319 0.55       0.21540247] shifted_fpos=[ 4.09914677 -1.14979889  0.97534056] lower=[ 3.84914677 -1.34979889  0.71763932] upper=[ 4.34914677 -0.94979889  1.23304179] inside=False
[obj_inside_of] obj=obj obj_pos=[ 3.8138645 -1.8013995  0.9700012] fixture_pos=[ 4.09914677 -1.19979889  0.97534056] fsize=[0.85139319 0.55       0.21540247] shifted_fpos=[ 4.09914677 -1.14979889  0.97534056] lower=[ 3.84914677 -1.34979889  0.71763932] upper=[ 4.34914677 -0.94979889  1.23304179] inside=False
[obj_inside_of] obj=obj obj_pos=[ 3.8138645 -1.8013995  0.9700012] fixture_pos=[ 4.09914677 -1.19979889  0.97534056] fsize=[0.85139319 0.55       0.21540247] shifted_fpos=[ 4.09914677 -1.14979889  0.97534056] lower=[ 3.84914677 -1.34979889  0.71763932] upper=[ 4.34914677 -0.94979889  1.23304179] inside=False
[obj_inside_of] obj=obj obj_pos=[ 3.8138645 -1.8013995  0.9700012] fixture_pos=[ 4.09914677 -1.19979889  0.97534056] fsize=[0.85139319 0.55       0.21540247] shifted_fpos=[ 4.09914677 -1.14979889  0.97534056] lower=[ 3.84914677 -1.34979889  0.71763932] upper=[ 4.34914677 -0.94979889  1.23304179] inside=False
[obj_inside_of] obj=obj obj_pos=[ 3.8138645 -1.8013995  0.9700012] fixture_pos=[ 4.09914677 -1.19979889  0.97534056] fsize=[0.85139319 0.55       0.21540247] shifted_fpos=[ 4.09914677 -1.14979889  0.97534056] lower=[ 3.84914677 -1.34979889  0.71763932] upper=[ 4.34914677 -0.94979889  1.23304179] inside=False
[obj_inside_of] obj=obj obj_pos=[ 3.8138645 -1.8013995  0.9700012] fixture_pos=[ 4.09914677 -1.19979889  0.97534056] fsize=[0.85139319 0.55       0.21540247] shifted_fpos=[ 4.09914677 -1.14979889  0.97534056] lower=[ 3.84914677 -1.34979889  0.71763932] upper=[ 4.34914677 -0.94979889  1.23304179] inside=False
[obj_inside_of] obj=obj obj_pos=[ 3.8138645 -1.8013995  0.9700012] fixture_pos=[ 4.09914677 -1.19979889  0.97534056] fsize=[0.85139319 0.55       0.21540247] shifted_fpos=[ 4.09914677 -1.14979889  0.97534056] lower=[ 3.84914677 -1.34979889  0.71763932] upper=[ 4.34914677 -0.94979889  1.23304179] inside=False
[obj_inside_of] obj=obj obj_pos=[ 3.8138645 -1.8013995  0.9700012] fixture_pos=[ 4.09914677 -1.19979889  0.97534056] fsize=[0.85139319 0.55       0.21540247] shifted_fpos=[ 4.09914677 -1.14979889  0.97534056] lower=[ 3.84914677 -1.34979889  0.71763932] upper=[ 4.34914677 -0.94979889  1.23304179] inside=False
[obj_inside_of] obj=obj obj_pos=[ 3.8138645 -1.8013995  0.9700012] fixture_pos=[ 4.09914677 -1.19979889  0.97534056] fsize=[0.85139319 0.55       0.21540247] shifted_fpos=[ 4.09914677 -1.14979889  0.97534056] lower=[ 3.84914677 -1.34979889  0.71763932] upper=[ 4.34914677 -0.94979889  1.23304179] inside=False
[obj_inside_of] obj=obj obj_pos=[ 3.8138645 -1.8013995  0.9700012] fixture_pos=[ 4.09914677 -1.19979889  0.97534056] fsize=[0.85139319 0.55       0.21540247] shifted_fpos=[ 4.09914677 -1.14979889  0.97534056] lower=[ 3.84914677 -1.34979889  0.71763932] upper=[ 4.34914677 -0.94979889  1.23304179] inside=False
[obj_inside_of] obj=obj obj_pos=[ 3.8138645 -1.8013995  0.9700012] fixture_pos=[ 4.09914677 -1.19979889  0.97534056] fsize=[0.85139319 0.55       0.21540247] shifted_fpos=[ 4.09914677 -1.14979889  0.97534056] lower=[ 3.84914677 -1.34979889  0.71763932] upper=[ 4.34914677 -0.94979889  1.23304179] inside=False
[obj_inside_of] obj=obj obj_pos=[ 3.8138645 -1.8013995  0.9700012] fixture_pos=[ 4.09914677 -1.19979889  0.97534056] fsize=[0.85139319 0.55       0.21540247] shifted_fpos=[ 4.09914677 -1.14979889  0.97534056] lower=[ 3.84914677 -1.34979889  0.71763932] upper=[ 4.34914677 -0.94979889  1.23304179] inside=False
[obj_inside_of] obj=obj obj_pos=[ 3.8138645 -1.8013995  0.9700012] fixture_pos=[ 4.09914677 -1.19979889  0.97534056] fsize=[0.85139319 0.55       0.21540247] shifted_fpos=[ 4.09914677 -1.14979889  0.97534056] lower=[ 3.84914677 -1.34979889  0.71763932] upper=[ 4.34914677 -0.94979889  1.23304179] inside=False
[obj_inside_of] obj=obj obj_pos=[ 3.8138645 -1.8013995  0.9700012] fixture_pos=[ 4.09914677 -1.19979889  0.97534056] fsize=[0.85139319 0.55       0.21540247] shifted_fpos=[ 4.09914677 -1.14979889  0.97534056] lower=[ 3.84914677 -1.34979889  0.71763932] upper=[ 4.34914677 -0.94979889  1.23304179] inside=False
[obj_inside_of] obj=obj obj_pos=[ 3.8138645 -1.8013995  0.9700012] fixture_pos=[ 4.09914677 -1.19979889  0.97534056] fsize=[0.85139319 0.55       0.21540247] shifted_fpos=[ 4.09914677 -1.14979889  0.97534056] lower=[ 3.84914677 -1.34979889  0.71763932] upper=[ 4.34914677 -0.94979889  1.23304179] inside=False
[obj_inside_of] obj=obj obj_pos=[ 3.8138645 -1.8013995  0.9700012] fixture_pos=[ 4.09914677 -1.19979889  0.97534056] fsize=[0.85139319 0.55       0.21540247] shifted_fpos=[ 4.09914677 -1.14979889  0.97534056] lower=[ 3.84914677 -1.34979889  0.71763932] upper=[ 4.34914677 -0.94979889  1.23304179] inside=False
[obj_inside_of] obj=obj obj_pos=[ 3.8138645 -1.8013995  0.9700012] fixture_pos=[ 4.09914677 -1.19979889  0.97534056] fsize=[0.85139319 0.55       0.21540247] shifted_fpos=[ 4.09914677 -1.14979889  0.97534056] lower=[ 3.84914677 -1.34979889  0.71763932] upper=[ 4.34914677 -0.94979889  1.23304179] inside=False
[obj_inside_of] obj=obj obj_pos=[ 3.8138645 -1.8013995  0.9700012] fixture_pos=[ 4.09914677 -1.19979889  0.97534056] fsize=[0.85139319 0.55       0.21540247] shifted_fpos=[ 4.09914677 -1.14979889  0.97534056] lower=[ 3.84914677 -1.34979889  0.71763932] upper=[ 4.34914677 -0.94979889  1.23304179] inside=False
[obj_inside_of] obj=obj obj_pos=[ 3.8138645 -1.8013995  0.9700012] fixture_pos=[ 4.09914677 -1.19979889  0.97534056] fsize=[0.85139319 0.55       0.21540247] shifted_fpos=[ 4.09914677 -1.14979889  0.97534056] lower=[ 3.84914677 -1.34979889  0.71763932] upper=[ 4.34914677 -0.94979889  1.23304179] inside=False
[obj_inside_of] obj=obj obj_pos=[ 3.8138645 -1.8013995  0.9700012] fixture_pos=[ 4.09914677 -1.19979889  0.97534056] fsize=[0.85139319 0.55       0.21540247] shifted_fpos=[ 4.09914677 -1.14979889  0.97534056] lower=[ 3.84914677 -1.34979889  0.71763932] upper=[ 4.34914677 -0.94979889  1.23304179] inside=False
[obj_inside_of] obj=obj obj_pos=[ 3.8138645 -1.8013995  0.9700012] fixture_pos=[ 4.09914677 -1.19979889  0.97534056] fsize=[0.85139319 0.55       0.21540247] shifted_fpos=[ 4.09914677 -1.14979889  0.97534056] lower=[ 3.84914677 -1.34979889  0.71763932] upper=[ 4.34914677 -0.94979889  1.23304179] inside=False
[obj_inside_of] obj=obj obj_pos=[ 3.8138645 -1.8013995  0.9700012] fixture_pos=[ 4.09914677 -1.19979889  0.97534056] fsize=[0.85139319 0.55       0.21540247] shifted_fpos=[ 4.09914677 -1.14979889  0.97534056] lower=[ 3.84914677 -1.34979889  0.71763932] upper=[ 4.34914677 -0.94979889  1.23304179] inside=False
[obj_inside_of] obj=obj obj_pos=[ 3.8138645 -1.8013995  0.9700012] fixture_pos=[ 4.09914677 -1.19979889  0.97534056] fsize=[0.85139319 0.55       0.21540247] shifted_fpos=[ 4.09914677 -1.14979889  0.97534056] lower=[ 3.84914677 -1.34979889  0.71763932] upper=[ 4.34914677 -0.94979889  1.23304179] inside=False
[obj_inside_of] obj=obj obj_pos=[ 3.8138645 -1.8013995  0.9700012] fixture_pos=[ 4.09914677 -1.19979889  0.97534056] fsize=[0.85139319 0.55       0.21540247] shifted_fpos=[ 4.09914677 -1.14979889  0.97534056] lower=[ 3.84914677 -1.34979889  0.71763932] upper=[ 4.34914677 -0.94979889  1.23304179] inside=False
[obj_inside_of] obj=obj obj_pos=[ 3.8138645 -1.8013995  0.9700012] fixture_pos=[ 4.09914677 -1.19979889  0.97534056] fsize=[0.85139319 0.55       0.21540247] shifted_fpos=[ 4.09914677 -1.14979889  0.97534056] lower=[ 3.84914677 -1.34979889  0.71763932] upper=[ 4.34914677 -0.94979889  1.23304179] inside=False
[obj_inside_of] obj=obj obj_pos=[ 3.8138645 -1.8013995  0.9700012] fixture_pos=[ 4.09914677 -1.19979889  0.97534056] fsize=[0.85139319 0.55       0.21540247] shifted_fpos=[ 4.09914677 -1.14979889  0.97534056] lower=[ 3.84914677 -1.34979889  0.71763932] upper=[ 4.34914677 -0.94979889  1.23304179] inside=False
[obj_inside_of] obj=obj obj_pos=[ 3.8138645 -1.8013995  0.9700012] fixture_pos=[ 4.09914677 -1.19979889  0.97534056] fsize=[0.85139319 0.55       0.21540247] shifted_fpos=[ 4.09914677 -1.14979889  0.97534056] lower=[ 3.84914677 -1.34979889  0.71763932] upper=[ 4.34914677 -0.94979889  1.23304179] inside=False
[obj_inside_of] obj=obj obj_pos=[ 3.8138645 -1.8013995  0.9700012] fixture_pos=[ 4.09914677 -1.19979889  0.97534056] fsize=[0.85139319 0.55       0.21540247] shifted_fpos=[ 4.09914677 -1.14979889  0.97534056] lower=[ 3.84914677 -1.34979889  0.71763932] upper=[ 4.34914677 -0.94979889  1.23304179] inside=False
[obj_inside_of] obj=obj obj_pos=[ 3.8138645 -1.8013995  0.9700012] fixture_pos=[ 4.09914677 -1.19979889  0.97534056] fsize=[0.85139319 0.55       0.21540247] shifted_fpos=[ 4.09914677 -1.14979889  0.97534056] lower=[ 3.84914677 -1.34979889  0.71763932] upper=[ 4.34914677 -0.94979889  1.23304179] inside=False
[obj_inside_of] obj=obj obj_pos=[ 3.8138645 -1.8013995  0.9700012] fixture_pos=[ 4.09914677 -1.19979889  0.97534056] fsize=[0.85139319 0.55       0.21540247] shifted_fpos=[ 4.09914677 -1.14979889  0.97534056] lower=[ 3.84914677 -1.34979889  0.71763932] upper=[ 4.34914677 -0.94979889  1.23304179] inside=False
[obj_inside_of] obj=obj obj_pos=[ 3.8138645 -1.8013995  0.9700012] fixture_pos=[ 4.09914677 -1.19979889  0.97534056] fsize=[0.85139319 0.55       0.21540247] shifted_fpos=[ 4.09914677 -1.14979889  0.97534056] lower=[ 3.84914677 -1.34979889  0.71763932] upper=[ 4.34914677 -0.94979889  1.23304179] inside=False
[obj_inside_of] obj=obj obj_pos=[ 3.8138645 -1.8013995  0.9700012] fixture_pos=[ 4.09914677 -1.19979889  0.97534056] fsize=[0.85139319 0.55       0.21540247] shifted_fpos=[ 4.09914677 -1.14979889  0.97534056] lower=[ 3.84914677 -1.34979889  0.71763932] upper=[ 4.34914677 -0.94979889  1.23304179] inside=False
[obj_inside_of] obj=obj obj_pos=[ 3.8138645 -1.8013995  0.9700012] fixture_pos=[ 4.09914677 -1.19979889  0.97534056] fsize=[0.85139319 0.55       0.21540247] shifted_fpos=[ 4.09914677 -1.14979889  0.97534056] lower=[ 3.84914677 -1.34979889  0.71763932] upper=[ 4.34914677 -0.94979889  1.23304179] inside=False
[obj_inside_of] obj=obj obj_pos=[ 3.8138645 -1.8013995  0.9700012] fixture_pos=[ 4.09914677 -1.19979889  0.97534056] fsize=[0.85139319 0.55       0.21540247] shifted_fpos=[ 4.09914677 -1.14979889  0.97534056] lower=[ 3.84914677 -1.34979889  0.71763932] upper=[ 4.34914677 -0.94979889  1.23304179] inside=False
[obj_inside_of] obj=obj obj_pos=[ 3.8138645 -1.8013995  0.9700012] fixture_pos=[ 4.09914677 -1.19979889  0.97534056] fsize=[0.85139319 0.55       0.21540247] shifted_fpos=[ 4.09914677 -1.14979889  0.97534056] lower=[ 3.84914677 -1.34979889  0.71763932] upper=[ 4.34914677 -0.94979889  1.23304179] inside=False
[obj_inside_of] obj=obj obj_pos=[ 3.8138645 -1.8013995  0.9700012] fixture_pos=[ 4.09914677 -1.19979889  0.97534056] fsize=[0.85139319 0.55       0.21540247] shifted_fpos=[ 4.09914677 -1.14979889  0.97534056] lower=[ 3.84914677 -1.34979889  0.71763932] upper=[ 4.34914677 -0.94979889  1.23304179] inside=False
[obj_inside_of] obj=obj obj_pos=[ 3.8138645 -1.8013995  0.9700012] fixture_pos=[ 4.09914677 -1.19979889  0.97534056] fsize=[0.85139319 0.55       0.21540247] shifted_fpos=[ 4.09914677 -1.14979889  0.97534056] lower=[ 3.84914677 -1.34979889  0.71763932] upper=[ 4.34914677 -0.94979889  1.23304179] inside=False
[obj_inside_of] obj=obj obj_pos=[ 3.8138645 -1.8013995  0.9700012] fixture_pos=[ 4.09914677 -1.19979889  0.97534056] fsize=[0.85139319 0.55       0.21540247] shifted_fpos=[ 4.09914677 -1.14979889  0.97534056] lower=[ 3.84914677 -1.34979889  0.71763932] upper=[ 4.34914677 -0.94979889  1.23304179] inside=False
[obj_inside_of] obj=obj obj_pos=[ 3.8138645 -1.8013995  0.9700012] fixture_pos=[ 4.09914677 -1.19979889  0.97534056] fsize=[0.85139319 0.55       0.21540247] shifted_fpos=[ 4.09914677 -1.14979889  0.97534056] lower=[ 3.84914677 -1.34979889  0.71763932] upper=[ 4.34914677 -0.94979889  1.23304179] inside=False
[obj_inside_of] obj=obj obj_pos=[ 3.8138645 -1.8013995  0.9700012] fixture_pos=[ 4.09914677 -1.19979889  0.97534056] fsize=[0.85139319 0.55       0.21540247] shifted_fpos=[ 4.09914677 -1.14979889  0.97534056] lower=[ 3.84914677 -1.34979889  0.71763932] upper=[ 4.34914677 -0.94979889  1.23304179] inside=False
[obj_inside_of] obj=obj obj_pos=[ 3.8138645 -1.8013995  0.9700012] fixture_pos=[ 4.09914677 -1.19979889  0.97534056] fsize=[0.85139319 0.55       0.21540247] shifted_fpos=[ 4.09914677 -1.14979889  0.97534056] lower=[ 3.84914677 -1.34979889  0.71763932] upper=[ 4.34914677 -0.94979889  1.23304179] inside=False
[obj_inside_of] obj=obj obj_pos=[ 3.8138645 -1.8013995  0.9700012] fixture_pos=[ 4.09914677 -1.19979889  0.97534056] fsize=[0.85139319 0.55       0.21540247] shifted_fpos=[ 4.09914677 -1.14979889  0.97534056] lower=[ 3.84914677 -1.34979889  0.71763932] upper=[ 4.34914677 -0.94979889  1.23304179] inside=False
[obj_inside_of] obj=obj obj_pos=[ 3.8138645 -1.8013995  0.9700012] fixture_pos=[ 4.09914677 -1.19979889  0.97534056] fsize=[0.85139319 0.55       0.21540247] shifted_fpos=[ 4.09914677 -1.14979889  0.97534056] lower=[ 3.84914677 -1.34979889  0.71763932] upper=[ 4.34914677 -0.94979889  1.23304179] inside=False
[obj_inside_of] obj=obj obj_pos=[ 3.8138645 -1.8013995  0.9700012] fixture_pos=[ 4.09914677 -1.19979889  0.97534056] fsize=[0.85139319 0.55       0.21540247] shifted_fpos=[ 4.09914677 -1.14979889  0.97534056] lower=[ 3.84914677 -1.34979889  0.71763932] upper=[ 4.34914677 -0.94979889  1.23304179] inside=False
[obj_inside_of] obj=obj obj_pos=[ 3.8138645 -1.8013995  0.9700012] fixture_pos=[ 4.09914677 -1.19979889  0.97534056] fsize=[0.85139319 0.55       0.21540247] shifted_fpos=[ 4.09914677 -1.14979889  0.97534056] lower=[ 3.84914677 -1.34979889  0.71763932] upper=[ 4.34914677 -0.94979889  1.23304179] inside=False
[obj_inside_of] obj=obj obj_pos=[ 3.8138645 -1.8013995  0.9700012] fixture_pos=[ 4.09914677 -1.19979889  0.97534056] fsize=[0.85139319 0.55       0.21540247] shifted_fpos=[ 4.09914677 -1.14979889  0.97534056] lower=[ 3.84914677 -1.34979889  0.71763932] upper=[ 4.34914677 -0.94979889  1.23304179] inside=False
[obj_inside_of] obj=obj obj_pos=[ 3.8138645 -1.8013995  0.9700012] fixture_pos=[ 4.09914677 -1.19979889  0.97534056] fsize=[0.85139319 0.55       0.21540247] shifted_fpos=[ 4.09914677 -1.14979889  0.97534056] lower=[ 3.84914677 -1.34979889  0.71763932] upper=[ 4.34914677 -0.94979889  1.23304179] inside=False
[viz-debug] base_link.pose=(3.542,-1.544) q=(1.000,0.000,-0.000,0.001) qpos[0:3]=(0.542,-0.344,0.001)
[obj_inside_of] obj=obj obj_pos=[ 3.8138645 -1.8013995  0.9700012] fixture_pos=[ 4.09914677 -1.19979889  0.97534056] fsize=[0.85139319 0.55       0.21540247] shifted_fpos=[ 4.09914677 -1.14979889  0.97534056] lower=[ 3.84914677 -1.34979889  0.71763932] upper=[ 4.34914677 -0.94979889  1.23304179] inside=False
[obj_inside_of] obj=obj obj_pos=[ 3.8138645 -1.8013995  0.9700012] fixture_pos=[ 4.09914677 -1.19979889  0.97534056] fsize=[0.85139319 0.55       0.21540247] shifted_fpos=[ 4.09914677 -1.14979889  0.97534056] lower=[ 3.84914677 -1.34979889  0.71763932] upper=[ 4.34914677 -0.94979889  1.23304179] inside=False
[obj_inside_of] obj=obj obj_pos=[ 3.8138645 -1.8013995  0.9700012] fixture_pos=[ 4.09914677 -1.19979889  0.97534056] fsize=[0.85139319 0.55       0.21540247] shifted_fpos=[ 4.09914677 -1.14979889  0.97534056] lower=[ 3.84914677 -1.34979889  0.71763932] upper=[ 4.34914677 -0.94979889  1.23304179] inside=False
[obj_inside_of] obj=obj obj_pos=[ 3.8138645 -1.8013995  0.9700012] fixture_pos=[ 4.09914677 -1.19979889  0.97534056] fsize=[0.85139319 0.55       0.21540247] shifted_fpos=[ 4.09914677 -1.14979889  0.97534056] lower=[ 3.84914677 -1.34979889  0.71763932] upper=[ 4.34914677 -0.94979889  1.23304179] inside=False
[obj_inside_of] obj=obj obj_pos=[ 3.8138645 -1.8013995  0.9700012] fixture_pos=[ 4.09914677 -1.19979889  0.97534056] fsize=[0.85139319 0.55       0.21540247] shifted_fpos=[ 4.09914677 -1.14979889  0.97534056] lower=[ 3.84914677 -1.34979889  0.71763932] upper=[ 4.34914677 -0.94979889  1.23304179] inside=False
[obj_inside_of] obj=obj obj_pos=[ 3.8138645 -1.8013995  0.9700012] fixture_pos=[ 4.09914677 -1.19979889  0.97534056] fsize=[0.85139319 0.55       0.21540247] shifted_fpos=[ 4.09914677 -1.14979889  0.97534056] lower=[ 3.84914677 -1.34979889  0.71763932] upper=[ 4.34914677 -0.94979889  1.23304179] inside=False
[obj_inside_of] obj=obj obj_pos=[ 3.8138645 -1.8013995  0.9700012] fixture_pos=[ 4.09914677 -1.19979889  0.97534056] fsize=[0.85139319 0.55       0.21540247] shifted_fpos=[ 4.09914677 -1.14979889  0.97534056] lower=[ 3.84914677 -1.34979889  0.71763932] upper=[ 4.34914677 -0.94979889  1.23304179] inside=False
[obj_inside_of] obj=obj obj_pos=[ 3.8138645 -1.8013995  0.9700012] fixture_pos=[ 4.09914677 -1.19979889  0.97534056] fsize=[0.85139319 0.55       0.21540247] shifted_fpos=[ 4.09914677 -1.14979889  0.97534056] lower=[ 3.84914677 -1.34979889  0.71763932] upper=[ 4.34914677 -0.94979889  1.23304179] inside=False
[obj_inside_of] obj=obj obj_pos=[ 3.8138645 -1.8013995  0.9700012] fixture_pos=[ 4.09914677 -1.19979889  0.97534056] fsize=[0.85139319 0.55       0.21540247] shifted_fpos=[ 4.09914677 -1.14979889  0.97534056] lower=[ 3.84914677 -1.34979889  0.71763932] upper=[ 4.34914677 -0.94979889  1.23304179] inside=False
[obj_inside_of] obj=obj obj_pos=[ 3.8138645 -1.8013995  0.9700012] fixture_pos=[ 4.09914677 -1.19979889  0.97534056] fsize=[0.85139319 0.55       0.21540247] shifted_fpos=[ 4.09914677 -1.14979889  0.97534056] lower=[ 3.84914677 -1.34979889  0.71763932] upper=[ 4.34914677 -0.94979889  1.23304179] inside=False
[obj_inside_of] obj=obj obj_pos=[ 3.8138645 -1.8013995  0.9700012] fixture_pos=[ 4.09914677 -1.19979889  0.97534056] fsize=[0.85139319 0.55       0.21540247] shifted_fpos=[ 4.09914677 -1.14979889  0.97534056] lower=[ 3.84914677 -1.34979889  0.71763932] upper=[ 4.34914677 -0.94979889  1.23304179] inside=False
[obj_inside_of] obj=obj obj_pos=[ 3.8138645 -1.8013995  0.9700012] fixture_pos=[ 4.09914677 -1.19979889  0.97534056] fsize=[0.85139319 0.55       0.21540247] shifted_fpos=[ 4.09914677 -1.14979889  0.97534056] lower=[ 3.84914677 -1.34979889  0.71763932] upper=[ 4.34914677 -0.94979889  1.23304179] inside=False
[obj_inside_of] obj=obj obj_pos=[ 3.8138645 -1.8013995  0.9700012] fixture_pos=[ 4.09914677 -1.19979889  0.97534056] fsize=[0.85139319 0.55       0.21540247] shifted_fpos=[ 4.09914677 -1.14979889  0.97534056] lower=[ 3.84914677 -1.34979889  0.71763932] upper=[ 4.34914677 -0.94979889  1.23304179] inside=False
[obj_inside_of] obj=obj obj_pos=[ 3.8138645 -1.8013995  0.9700012] fixture_pos=[ 4.09914677 -1.19979889  0.97534056] fsize=[0.85139319 0.55       0.21540247] shifted_fpos=[ 4.09914677 -1.14979889  0.97534056] lower=[ 3.84914677 -1.34979889  0.71763932] upper=[ 4.34914677 -0.94979889  1.23304179] inside=False
[obj_inside_of] obj=obj obj_pos=[ 3.8138645 -1.8013995  0.9700012] fixture_pos=[ 4.09914677 -1.19979889  0.97534056] fsize=[0.85139319 0.55       0.21540247] shifted_fpos=[ 4.09914677 -1.14979889  0.97534056] lower=[ 3.84914677 -1.34979889  0.71763932] upper=[ 4.34914677 -0.94979889  1.23304179] inside=False
[obj_inside_of] obj=obj obj_pos=[ 3.8138645 -1.8013995  0.9700012] fixture_pos=[ 4.09914677 -1.19979889  0.97534056] fsize=[0.85139319 0.55       0.21540247] shifted_fpos=[ 4.09914677 -1.14979889  0.97534056] lower=[ 3.84914677 -1.34979889  0.71763932] upper=[ 4.34914677 -0.94979889  1.23304179] inside=False
[obj_inside_of] obj=obj obj_pos=[ 3.8138645 -1.8013995  0.9700012] fixture_pos=[ 4.09914677 -1.19979889  0.97534056] fsize=[0.85139319 0.55       0.21540247] shifted_fpos=[ 4.09914677 -1.14979889  0.97534056] lower=[ 3.84914677 -1.34979889  0.71763932] upper=[ 4.34914677 -0.94979889  1.23304179] inside=False
[obj_inside_of] obj=obj obj_pos=[ 3.8138645 -1.8013995  0.9700012] fixture_pos=[ 4.09914677 -1.19979889  0.97534056] fsize=[0.85139319 0.55       0.21540247] shifted_fpos=[ 4.09914677 -1.14979889  0.97534056] lower=[ 3.84914677 -1.34979889  0.71763932] upper=[ 4.34914677 -0.94979889  1.23304179] inside=False
[obj_inside_of] obj=obj obj_pos=[ 3.8138645 -1.8013995  0.9700012] fixture_pos=[ 4.09914677 -1.19979889  0.97534056] fsize=[0.85139319 0.55       0.21540247] shifted_fpos=[ 4.09914677 -1.14979889  0.97534056] lower=[ 3.84914677 -1.34979889  0.71763932] upper=[ 4.34914677 -0.94979889  1.23304179] inside=False
[obj_inside_of] obj=obj obj_pos=[ 3.8138645 -1.8013995  0.9700012] fixture_pos=[ 4.09914677 -1.19979889  0.97534056] fsize=[0.85139319 0.55       0.21540247] shifted_fpos=[ 4.09914677 -1.14979889  0.97534056] lower=[ 3.84914677 -1.34979889  0.71763932] upper=[ 4.34914677 -0.94979889  1.23304179] inside=False
[obj_inside_of] obj=obj obj_pos=[ 3.8138645 -1.8013995  0.9700012] fixture_pos=[ 4.09914677 -1.19979889  0.97534056] fsize=[0.85139319 0.55       0.21540247] shifted_fpos=[ 4.09914677 -1.14979889  0.97534056] lower=[ 3.84914677 -1.34979889  0.71763932] upper=[ 4.34914677 -0.94979889  1.23304179] inside=False
[obj_inside_of] obj=obj obj_pos=[ 3.8138645 -1.8013995  0.9700012] fixture_pos=[ 4.09914677 -1.19979889  0.97534056] fsize=[0.85139319 0.55       0.21540247] shifted_fpos=[ 4.09914677 -1.14979889  0.97534056] lower=[ 3.84914677 -1.34979889  0.71763932] upper=[ 4.34914677 -0.94979889  1.23304179] inside=False
[obj_inside_of] obj=obj obj_pos=[ 3.8138645 -1.8013995  0.9700012] fixture_pos=[ 4.09914677 -1.19979889  0.97534056] fsize=[0.85139319 0.55       0.21540247] shifted_fpos=[ 4.09914677 -1.14979889  0.97534056] lower=[ 3.84914677 -1.34979889  0.71763932] upper=[ 4.34914677 -0.94979889  1.23304179] inside=False
[obj_inside_of] obj=obj obj_pos=[ 3.8138645 -1.8013995  0.9700012] fixture_pos=[ 4.09914677 -1.19979889  0.97534056] fsize=[0.85139319 0.55       0.21540247] shifted_fpos=[ 4.09914677 -1.14979889  0.97534056] lower=[ 3.84914677 -1.34979889  0.71763932] upper=[ 4.34914677 -0.94979889  1.23304179] inside=False
[obj_inside_of] obj=obj obj_pos=[ 3.8138645 -1.8013995  0.9700012] fixture_pos=[ 4.09914677 -1.19979889  0.97534056] fsize=[0.85139319 0.55       0.21540247] shifted_fpos=[ 4.09914677 -1.14979889  0.97534056] lower=[ 3.84914677 -1.34979889  0.71763932] upper=[ 4.34914677 -0.94979889  1.23304179] inside=False
[obj_inside_of] obj=obj obj_pos=[ 3.8138645 -1.8013995  0.9700012] fixture_pos=[ 4.09914677 -1.19979889  0.97534056] fsize=[0.85139319 0.55       0.21540247] shifted_fpos=[ 4.09914677 -1.14979889  0.97534056] lower=[ 3.84914677 -1.34979889  0.71763932] upper=[ 4.34914677 -0.94979889  1.23304179] inside=False
[obj_inside_of] obj=obj obj_pos=[ 3.8138645 -1.8013995  0.9700012] fixture_pos=[ 4.09914677 -1.19979889  0.97534056] fsize=[0.85139319 0.55       0.21540247] shifted_fpos=[ 4.09914677 -1.14979889  0.97534056] lower=[ 3.84914677 -1.34979889  0.71763932] upper=[ 4.34914677 -0.94979889  1.23304179] inside=False
[obj_inside_of] obj=obj obj_pos=[ 3.8138645 -1.8013995  0.9700012] fixture_pos=[ 4.09914677 -1.19979889  0.97534056] fsize=[0.85139319 0.55       0.21540247] shifted_fpos=[ 4.09914677 -1.14979889  0.97534056] lower=[ 3.84914677 -1.34979889  0.71763932] upper=[ 4.34914677 -0.94979889  1.23304179] inside=False
[obj_inside_of] obj=obj obj_pos=[ 3.8138645 -1.8013995  0.9700012] fixture_pos=[ 4.09914677 -1.19979889  0.97534056] fsize=[0.85139319 0.55       0.21540247] shifted_fpos=[ 4.09914677 -1.14979889  0.97534056] lower=[ 3.84914677 -1.34979889  0.71763932] upper=[ 4.34914677 -0.94979889  1.23304179] inside=False
[obj_inside_of] obj=obj obj_pos=[ 3.8138645 -1.8013995  0.9700012] fixture_pos=[ 4.09914677 -1.19979889  0.97534056] fsize=[0.85139319 0.55       0.21540247] shifted_fpos=[ 4.09914677 -1.14979889  0.97534056] lower=[ 3.84914677 -1.34979889  0.71763932] upper=[ 4.34914677 -0.94979889  1.23304179] inside=False
[obj_inside_of] obj=obj obj_pos=[ 3.8138645 -1.8013995  0.9700012] fixture_pos=[ 4.09914677 -1.19979889  0.97534056] fsize=[0.85139319 0.55       0.21540247] shifted_fpos=[ 4.09914677 -1.14979889  0.97534056] lower=[ 3.84914677 -1.34979889  0.71763932] upper=[ 4.34914677 -0.94979889  1.23304179] inside=False
[obj_inside_of] obj=obj obj_pos=[ 3.8138645 -1.8013995  0.9700012] fixture_pos=[ 4.09914677 -1.19979889  0.97534056] fsize=[0.85139319 0.55       0.21540247] shifted_fpos=[ 4.09914677 -1.14979889  0.97534056] lower=[ 3.84914677 -1.34979889  0.71763932] upper=[ 4.34914677 -0.94979889  1.23304179] inside=False
[obj_inside_of] obj=obj obj_pos=[ 3.8138645 -1.8013995  0.9700012] fixture_pos=[ 4.09914677 -1.19979889  0.97534056] fsize=[0.85139319 0.55       0.21540247] shifted_fpos=[ 4.09914677 -1.14979889  0.97534056] lower=[ 3.84914677 -1.34979889  0.71763932] upper=[ 4.34914677 -0.94979889  1.23304179] inside=False
[obj_inside_of] obj=obj obj_pos=[ 3.8138645 -1.8013995  0.9700012] fixture_pos=[ 4.09914677 -1.19979889  0.97534056] fsize=[0.85139319 0.55       0.21540247] shifted_fpos=[ 4.09914677 -1.14979889  0.97534056] lower=[ 3.84914677 -1.34979889  0.71763932] upper=[ 4.34914677 -0.94979889  1.23304179] inside=False
[obj_inside_of] obj=obj obj_pos=[ 3.8138645 -1.8013995  0.9700012] fixture_pos=[ 4.09914677 -1.19979889  0.97534056] fsize=[0.85139319 0.55       0.21540247] shifted_fpos=[ 4.09914677 -1.14979889  0.97534056] lower=[ 3.84914677 -1.34979889  0.71763932] upper=[ 4.34914677 -0.94979889  1.23304179] inside=False
[obj_inside_of] obj=obj obj_pos=[ 3.8138645 -1.8013995  0.9700012] fixture_pos=[ 4.09914677 -1.19979889  0.97534056] fsize=[0.85139319 0.55       0.21540247] shifted_fpos=[ 4.09914677 -1.14979889  0.97534056] lower=[ 3.84914677 -1.34979889  0.71763932] upper=[ 4.34914677 -0.94979889  1.23304179] inside=False
[obj_inside_of] obj=obj obj_pos=[ 3.8138645 -1.8013995  0.9700012] fixture_pos=[ 4.09914677 -1.19979889  0.97534056] fsize=[0.85139319 0.55       0.21540247] shifted_fpos=[ 4.09914677 -1.14979889  0.97534056] lower=[ 3.84914677 -1.34979889  0.71763932] upper=[ 4.34914677 -0.94979889  1.23304179] inside=False
[obj_inside_of] obj=obj obj_pos=[ 3.8138645 -1.8013995  0.9700012] fixture_pos=[ 4.09914677 -1.19979889  0.97534056] fsize=[0.85139319 0.55       0.21540247] shifted_fpos=[ 4.09914677 -1.14979889  0.97534056] lower=[ 3.84914677 -1.34979889  0.71763932] upper=[ 4.34914677 -0.94979889  1.23304179] inside=False
[obj_inside_of] obj=obj obj_pos=[ 3.8138645 -1.8013995  0.9700012] fixture_pos=[ 4.09914677 -1.19979889  0.97534056] fsize=[0.85139319 0.55       0.21540247] shifted_fpos=[ 4.09914677 -1.14979889  0.97534056] lower=[ 3.84914677 -1.34979889  0.71763932] upper=[ 4.34914677 -0.94979889  1.23304179] inside=False
[obj_inside_of] obj=obj obj_pos=[ 3.8138645 -1.8013995  0.9700012] fixture_pos=[ 4.09914677 -1.19979889  0.97534056] fsize=[0.85139319 0.55       0.21540247] shifted_fpos=[ 4.09914677 -1.14979889  0.97534056] lower=[ 3.84914677 -1.34979889  0.71763932] upper=[ 4.34914677 -0.94979889  1.23304179] inside=False
[obj_inside_of] obj=obj obj_pos=[ 3.8138645 -1.8013995  0.9700012] fixture_pos=[ 4.09914677 -1.19979889  0.97534056] fsize=[0.85139319 0.55       0.21540247] shifted_fpos=[ 4.09914677 -1.14979889  0.97534056] lower=[ 3.84914677 -1.34979889  0.71763932] upper=[ 4.34914677 -0.94979889  1.23304179] inside=False
[obj_inside_of] obj=obj obj_pos=[ 3.8138645 -1.8013995  0.9700012] fixture_pos=[ 4.09914677 -1.19979889  0.97534056] fsize=[0.85139319 0.55       0.21540247] shifted_fpos=[ 4.09914677 -1.14979889  0.97534056] lower=[ 3.84914677 -1.34979889  0.71763932] upper=[ 4.34914677 -0.94979889  1.23304179] inside=False
[obj_inside_of] obj=obj obj_pos=[ 3.8138645 -1.8013995  0.9700012] fixture_pos=[ 4.09914677 -1.19979889  0.97534056] fsize=[0.85139319 0.55       0.21540247] shifted_fpos=[ 4.09914677 -1.14979889  0.97534056] lower=[ 3.84914677 -1.34979889  0.71763932] upper=[ 4.34914677 -0.94979889  1.23304179] inside=False
[perceive] 1 objects from ['base_camera', 'wrist_camera']: ['boxed_drink']
[obj_inside_of] obj=obj obj_pos=[ 3.8138645 -1.8013995  0.9700012] fixture_pos=[ 4.09914677 -1.19979889  0.97534056] fsize=[0.85139319 0.55       0.21540247] shifted_fpos=[ 4.09914677 -1.14979889  0.97534056] lower=[ 3.84914677 -1.34979889  0.71763932] upper=[ 4.34914677 -0.94979889  1.23304179] inside=False
[obj_inside_of] obj=obj obj_pos=[ 3.8138645 -1.8013995  0.9700012] fixture_pos=[ 4.09914677 -1.19979889  0.97534056] fsize=[0.85139319 0.55       0.21540247] shifted_fpos=[ 4.09914677 -1.14979889  0.97534056] lower=[ 3.84914677 -1.34979889  0.71763932] upper=[ 4.34914677 -0.94979889  1.23304179] inside=False
[obj_inside_of] obj=obj obj_pos=[ 3.8138645 -1.8013995  0.9700012] fixture_pos=[ 4.09914677 -1.19979889  0.97534056] fsize=[0.85139319 0.55       0.21540247] shifted_fpos=[ 4.09914677 -1.14979889  0.97534056] lower=[ 3.84914677 -1.34979889  0.71763932] upper=[ 4.34914677 -0.94979889  1.23304179] inside=False
[obj_inside_of] obj=obj obj_pos=[ 3.8138645 -1.8013995  0.9700012] fixture_pos=[ 4.09914677 -1.19979889  0.97534056] fsize=[0.85139319 0.55       0.21540247] shifted_fpos=[ 4.09914677 -1.14979889  0.97534056] lower=[ 3.84914677 -1.34979889  0.71763932] upper=[ 4.34914677 -0.94979889  1.23304179] inside=False
[obj_inside_of] obj=obj obj_pos=[ 3.8138645 -1.8013995  0.9700012] fixture_pos=[ 4.09914677 -1.19979889  0.97534056] fsize=[0.85139319 0.55       0.21540247] shifted_fpos=[ 4.09914677 -1.14979889  0.97534056] lower=[ 3.84914677 -1.34979889  0.71763932] upper=[ 4.34914677 -0.94979889  1.23304179] inside=False
[obj_inside_of] obj=obj obj_pos=[ 3.8138645 -1.8013995  0.9700012] fixture_pos=[ 4.09914677 -1.19979889  0.97534056] fsize=[0.85139319 0.55       0.21540247] shifted_fpos=[ 4.09914677 -1.14979889  0.97534056] lower=[ 3.84914677 -1.34979889  0.71763932] upper=[ 4.34914677 -0.94979889  1.23304179] inside=False
[obj_inside_of] obj=obj obj_pos=[ 3.8138645 -1.8013995  0.9700012] fixture_pos=[ 4.09914677 -1.19979889  0.97534056] fsize=[0.85139319 0.55       0.21540247] shifted_fpos=[ 4.09914677 -1.14979889  0.97534056] lower=[ 3.84914677 -1.34979889  0.71763932] upper=[ 4.34914677 -0.94979889  1.23304179] inside=False
[obj_inside_of] obj=obj obj_pos=[ 3.8138645 -1.8013995  0.9700012] fixture_pos=[ 4.09914677 -1.19979889  0.97534056] fsize=[0.85139319 0.55       0.21540247] shifted_fpos=[ 4.09914677 -1.14979889  0.97534056] lower=[ 3.84914677 -1.34979889  0.71763932] upper=[ 4.34914677 -0.94979889  1.23304179] inside=False
[obj_inside_of] obj=obj obj_pos=[ 3.8138645 -1.8013995  0.9700012] fixture_pos=[ 4.09914677 -1.19979889  0.97534056] fsize=[0.85139319 0.55       0.21540247] shifted_fpos=[ 4.09914677 -1.14979889  0.97534056] lower=[ 3.84914677 -1.34979889  0.71763932] upper=[ 4.34914677 -0.94979889  1.23304179] inside=False
[obj_inside_of] obj=obj obj_pos=[ 3.8138645 -1.8013995  0.9700012] fixture_pos=[ 4.09914677 -1.19979889  0.97534056] fsize=[0.85139319 0.55       0.21540247] shifted_fpos=[ 4.09914677 -1.14979889  0.97534056] lower=[ 3.84914677 -1.34979889  0.71763932] upper=[ 4.34914677 -0.94979889  1.23304179] inside=False
[obj_inside_of] obj=obj obj_pos=[ 3.8138645 -1.8013995  0.9700012] fixture_pos=[ 4.09914677 -1.19979889  0.97534056] fsize=[0.85139319 0.55       0.21540247] shifted_fpos=[ 4.09914677 -1.14979889  0.97534056] lower=[ 3.84914677 -1.34979889  0.71763932] upper=[ 4.34914677 -0.94979889  1.23304179] inside=False
[obj_inside_of] obj=obj obj_pos=[ 3.8138645 -1.8013995  0.9700012] fixture_pos=[ 4.09914677 -1.19979889  0.97534056] fsize=[0.85139319 0.55       0.21540247] shifted_fpos=[ 4.09914677 -1.14979889  0.97534056] lower=[ 3.84914677 -1.34979889  0.71763932] upper=[ 4.34914677 -0.94979889  1.23304179] inside=False
[obj_inside_of] obj=obj obj_pos=[ 3.8138645 -1.8013995  0.9700012] fixture_pos=[ 4.09914677 -1.19979889  0.97534056] fsize=[0.85139319 0.55       0.21540247] shifted_fpos=[ 4.09914677 -1.14979889  0.97534056] lower=[ 3.84914677 -1.34979889  0.71763932] upper=[ 4.34914677 -0.94979889  1.23304179] inside=False
[obj_inside_of] obj=obj obj_pos=[ 3.8138645 -1.8013995  0.9700012] fixture_pos=[ 4.09914677 -1.19979889  0.97534056] fsize=[0.85139319 0.55       0.21540247] shifted_fpos=[ 4.09914677 -1.14979889  0.97534056] lower=[ 3.84914677 -1.34979889  0.71763932] upper=[ 4.34914677 -0.94979889  1.23304179] inside=False
[obj_inside_of] obj=obj obj_pos=[ 3.8138645 -1.8013995  0.9700012] fixture_pos=[ 4.09914677 -1.19979889  0.97534056] fsize=[0.85139319 0.55       0.21540247] shifted_fpos=[ 4.09914677 -1.14979889  0.97534056] lower=[ 3.84914677 -1.34979889  0.71763932] upper=[ 4.34914677 -0.94979889  1.23304179] inside=False
[obj_inside_of] obj=obj obj_pos=[ 3.8138645 -1.8013995  0.9700012] fixture_pos=[ 4.09914677 -1.19979889  0.97534056] fsize=[0.85139319 0.55       0.21540247] shifted_fpos=[ 4.09914677 -1.14979889  0.97534056] lower=[ 3.84914677 -1.34979889  0.71763932] upper=[ 4.34914677 -0.94979889  1.23304179] inside=False
[obj_inside_of] obj=obj obj_pos=[ 3.8138645 -1.8013995  0.9700012] fixture_pos=[ 4.09914677 -1.19979889  0.97534056] fsize=[0.85139319 0.55       0.21540247] shifted_fpos=[ 4.09914677 -1.14979889  0.97534056] lower=[ 3.84914677 -1.34979889  0.71763932] upper=[ 4.34914677 -0.94979889  1.23304179] inside=False
[obj_inside_of] obj=obj obj_pos=[ 3.8138645 -1.8013995  0.9700012] fixture_pos=[ 4.09914677 -1.19979889  0.97534056] fsize=[0.85139319 0.55       0.21540247] shifted_fpos=[ 4.09914677 -1.14979889  0.97534056] lower=[ 3.84914677 -1.34979889  0.71763932] upper=[ 4.34914677 -0.94979889  1.23304179] inside=False
[obj_inside_of] obj=obj obj_pos=[ 3.8138645 -1.8013995  0.9700012] fixture_pos=[ 4.09914677 -1.19979889  0.97534056] fsize=[0.85139319 0.55       0.21540247] shifted_fpos=[ 4.09914677 -1.14979889  0.97534056] lower=[ 3.84914677 -1.34979889  0.71763932] upper=[ 4.34914677 -0.94979889  1.23304179] inside=False
[obj_inside_of] obj=obj obj_pos=[ 3.8138645 -1.8013995  0.9700012] fixture_pos=[ 4.09914677 -1.19979889  0.97534056] fsize=[0.85139319 0.55       0.21540247] shifted_fpos=[ 4.09914677 -1.14979889  0.97534056] lower=[ 3.84914677 -1.34979889  0.71763932] upper=[ 4.34914677 -0.94979889  1.23304179] inside=False
[obj_inside_of] obj=obj obj_pos=[ 3.8138645 -1.8013995  0.9700012] fixture_pos=[ 4.09914677 -1.19979889  0.97534056] fsize=[0.85139319 0.55       0.21540247] shifted_fpos=[ 4.09914677 -1.14979889  0.97534056] lower=[ 3.84914677 -1.34979889  0.71763932] upper=[ 4.34914677 -0.94979889  1.23304179] inside=False
[obj_inside_of] obj=obj obj_pos=[ 3.8138645 -1.8013995  0.9700012] fixture_pos=[ 4.09914677 -1.19979889  0.97534056] fsize=[0.85139319 0.55       0.21540247] shifted_fpos=[ 4.09914677 -1.14979889  0.97534056] lower=[ 3.84914677 -1.34979889  0.71763932] upper=[ 4.34914677 -0.94979889  1.23304179] inside=False
[obj_inside_of] obj=obj obj_pos=[ 3.8138645 -1.8013995  0.9700012] fixture_pos=[ 4.09914677 -1.19979889  0.97534056] fsize=[0.85139319 0.55       0.21540247] shifted_fpos=[ 4.09914677 -1.14979889  0.97534056] lower=[ 3.84914677 -1.34979889  0.71763932] upper=[ 4.34914677 -0.94979889  1.23304179] inside=False
[obj_inside_of] obj=obj obj_pos=[ 3.8138645 -1.8013995  0.9700012] fixture_pos=[ 4.09914677 -1.19979889  0.97534056] fsize=[0.85139319 0.55       0.21540247] shifted_fpos=[ 4.09914677 -1.14979889  0.97534056] lower=[ 3.84914677 -1.34979889  0.71763932] upper=[ 4.34914677 -0.94979889  1.23304179] inside=False
[obj_inside_of] obj=obj obj_pos=[ 3.8138645 -1.8013995  0.9700012] fixture_pos=[ 4.09914677 -1.19979889  0.97534056] fsize=[0.85139319 0.55       0.21540247] shifted_fpos=[ 4.09914677 -1.14979889  0.97534056] lower=[ 3.84914677 -1.34979889  0.71763932] upper=[ 4.34914677 -0.94979889  1.23304179] inside=False
[obj_inside_of] obj=obj obj_pos=[ 3.8138645 -1.8013995  0.9700012] fixture_pos=[ 4.09914677 -1.19979889  0.97534056] fsize=[0.85139319 0.55       0.21540247] shifted_fpos=[ 4.09914677 -1.14979889  0.97534056] lower=[ 3.84914677 -1.34979889  0.71763932] upper=[ 4.34914677 -0.94979889  1.23304179] inside=False
[obj_inside_of] obj=obj obj_pos=[ 3.8138645 -1.8013995  0.9700012] fixture_pos=[ 4.09914677 -1.19979889  0.97534056] fsize=[0.85139319 0.55       0.21540247] shifted_fpos=[ 4.09914677 -1.14979889  0.97534056] lower=[ 3.84914677 -1.34979889  0.71763932] upper=[ 4.34914677 -0.94979889  1.23304179] inside=False
[obj_inside_of] obj=obj obj_pos=[ 3.8138645 -1.8013995  0.9700012] fixture_pos=[ 4.09914677 -1.19979889  0.97534056] fsize=[0.85139319 0.55       0.21540247] shifted_fpos=[ 4.09914677 -1.14979889  0.97534056] lower=[ 3.84914677 -1.34979889  0.71763932] upper=[ 4.34914677 -0.94979889  1.23304179] inside=False
[obj_inside_of] obj=obj obj_pos=[ 3.8138645 -1.8013995  0.9700012] fixture_pos=[ 4.09914677 -1.19979889  0.97534056] fsize=[0.85139319 0.55       0.21540247] shifted_fpos=[ 4.09914677 -1.14979889  0.97534056] lower=[ 3.84914677 -1.34979889  0.71763932] upper=[ 4.34914677 -0.94979889  1.23304179] inside=False
[obj_inside_of] obj=obj obj_pos=[ 3.8138645 -1.8013995  0.9700012] fixture_pos=[ 4.09914677 -1.19979889  0.97534056] fsize=[0.85139319 0.55       0.21540247] shifted_fpos=[ 4.09914677 -1.14979889  0.97534056] lower=[ 3.84914677 -1.34979889  0.71763932] upper=[ 4.34914677 -0.94979889  1.23304179] inside=False
[obj_inside_of] obj=obj obj_pos=[ 3.8138645 -1.8013995  0.9700012] fixture_pos=[ 4.09914677 -1.19979889  0.97534056] fsize=[0.85139319 0.55       0.21540247] shifted_fpos=[ 4.09914677 -1.14979889  0.97534056] lower=[ 3.84914677 -1.34979889  0.71763932] upper=[ 4.34914677 -0.94979889  1.23304179] inside=False
[obj_inside_of] obj=obj obj_pos=[ 3.8138645 -1.8013995  0.9700012] fixture_pos=[ 4.09914677 -1.19979889  0.97534056] fsize=[0.85139319 0.55       0.21540247] shifted_fpos=[ 4.09914677 -1.14979889  0.97534056] lower=[ 3.84914677 -1.34979889  0.71763932] upper=[ 4.34914677 -0.94979889  1.23304179] inside=False
[obj_inside_of] obj=obj obj_pos=[ 3.8138645 -1.8013995  0.9700012] fixture_pos=[ 4.09914677 -1.19979889  0.97534056] fsize=[0.85139319 0.55       0.21540247] shifted_fpos=[ 4.09914677 -1.14979889  0.97534056] lower=[ 3.84914677 -1.34979889  0.71763932] upper=[ 4.34914677 -0.94979889  1.23304179] inside=False
[obj_inside_of] obj=obj obj_pos=[ 3.8138645 -1.8013995  0.9700012] fixture_pos=[ 4.09914677 -1.19979889  0.97534056] fsize=[0.85139319 0.55       0.21540247] shifted_fpos=[ 4.09914677 -1.14979889  0.97534056] lower=[ 3.84914677 -1.34979889  0.71763932] upper=[ 4.34914677 -0.94979889  1.23304179] inside=False
[obj_inside_of] obj=obj obj_pos=[ 3.8138645 -1.8013995  0.9700012] fixture_pos=[ 4.09914677 -1.19979889  0.97534056] fsize=[0.85139319 0.55       0.21540247] shifted_fpos=[ 4.09914677 -1.14979889  0.97534056] lower=[ 3.84914677 -1.34979889  0.71763932] upper=[ 4.34914677 -0.94979889  1.23304179] inside=False
[obj_inside_of] obj=obj obj_pos=[ 3.8138645 -1.8013995  0.9700012] fixture_pos=[ 4.09914677 -1.19979889  0.97534056] fsize=[0.85139319 0.55       0.21540247] shifted_fpos=[ 4.09914677 -1.14979889  0.97534056] lower=[ 3.84914677 -1.34979889  0.71763932] upper=[ 4.34914677 -0.94979889  1.23304179] inside=False
[obj_inside_of] obj=obj obj_pos=[ 3.8138645 -1.8013995  0.9700012] fixture_pos=[ 4.09914677 -1.19979889  0.97534056] fsize=[0.85139319 0.55       0.21540247] shifted_fpos=[ 4.09914677 -1.14979889  0.97534056] lower=[ 3.84914677 -1.34979889  0.71763932] upper=[ 4.34914677 -0.94979889  1.23304179] inside=False
[obj_inside_of] obj=obj obj_pos=[ 3.8138645 -1.8013995  0.9700012] fixture_pos=[ 4.09914677 -1.19979889  0.97534056] fsize=[0.85139319 0.55       0.21540247] shifted_fpos=[ 4.09914677 -1.14979889  0.97534056] lower=[ 3.84914677 -1.34979889  0.71763932] upper=[ 4.34914677 -0.94979889  1.23304179] inside=False
[obj_inside_of] obj=obj obj_pos=[ 3.8138645 -1.8013995  0.9700012] fixture_pos=[ 4.09914677 -1.19979889  0.97534056] fsize=[0.85139319 0.55       0.21540247] shifted_fpos=[ 4.09914677 -1.14979889  0.97534056] lower=[ 3.84914677 -1.34979889  0.71763932] upper=[ 4.34914677 -0.94979889  1.23304179] inside=False
[obj_inside_of] obj=obj obj_pos=[ 3.8138645 -1.8013995  0.9700012] fixture_pos=[ 4.09914677 -1.19979889  0.97534056] fsize=[0.85139319 0.55       0.21540247] shifted_fpos=[ 4.09914677 -1.14979889  0.97534056] lower=[ 3.84914677 -1.34979889  0.71763932] upper=[ 4.34914677 -0.94979889  1.23304179] inside=False
[obj_inside_of] obj=obj obj_pos=[ 3.8138645 -1.8013995  0.9700012] fixture_pos=[ 4.09914677 -1.19979889  0.97534056] fsize=[0.85139319 0.55       0.21540247] shifted_fpos=[ 4.09914677 -1.14979889  0.97534056] lower=[ 3.84914677 -1.34979889  0.71763932] upper=[ 4.34914677 -0.94979889  1.23304179] inside=False
[obj_inside_of] obj=obj obj_pos=[ 3.8138645 -1.8013995  0.9700012] fixture_pos=[ 4.09914677 -1.19979889  0.97534056] fsize=[0.85139319 0.55       0.21540247] shifted_fpos=[ 4.09914677 -1.14979889  0.97534056] lower=[ 3.84914677 -1.34979889  0.71763932] upper=[ 4.34914677 -0.94979889  1.23304179] inside=False
[obj_inside_of] obj=obj obj_pos=[ 3.8138645 -1.8013995  0.9700012] fixture_pos=[ 4.09914677 -1.19979889  0.97534056] fsize=[0.85139319 0.55       0.21540247] shifted_fpos=[ 4.09914677 -1.14979889  0.97534056] lower=[ 3.84914677 -1.34979889  0.71763932] upper=[ 4.34914677 -0.94979889  1.23304179] inside=False
[obj_inside_of] obj=obj obj_pos=[ 3.8138645 -1.8013995  0.9700012] fixture_pos=[ 4.09914677 -1.19979889  0.97534056] fsize=[0.85139319 0.55       0.21540247] shifted_fpos=[ 4.09914677 -1.14979889  0.97534056] lower=[ 3.84914677 -1.34979889  0.71763932] upper=[ 4.34914677 -0.94979889  1.23304179] inside=False
[obj_inside_of] obj=obj obj_pos=[ 3.8138645 -1.8013995  0.9700012] fixture_pos=[ 4.09914677 -1.19979889  0.97534056] fsize=[0.85139319 0.55       0.21540247] shifted_fpos=[ 4.09914677 -1.14979889  0.97534056] lower=[ 3.84914677 -1.34979889  0.71763932] upper=[ 4.34914677 -0.94979889  1.23304179] inside=False
[obj_inside_of] obj=obj obj_pos=[ 3.8138645 -1.8013995  0.9700012] fixture_pos=[ 4.09914677 -1.19979889  0.97534056] fsize=[0.85139319 0.55       0.21540247] shifted_fpos=[ 4.09914677 -1.14979889  0.97534056] lower=[ 3.84914677 -1.34979889  0.71763932] upper=[ 4.34914677 -0.94979889  1.23304179] inside=False
[obj_inside_of] obj=obj obj_pos=[ 3.8138645 -1.8013995  0.9700012] fixture_pos=[ 4.09914677 -1.19979889  0.97534056] fsize=[0.85139319 0.55       0.21540247] shifted_fpos=[ 4.09914677 -1.14979889  0.97534056] lower=[ 3.84914677 -1.34979889  0.71763932] upper=[ 4.34914677 -0.94979889  1.23304179] inside=False
[obj_inside_of] obj=obj obj_pos=[ 3.8138645 -1.8013995  0.9700012] fixture_pos=[ 4.09914677 -1.19979889  0.97534056] fsize=[0.85139319 0.55       0.21540247] shifted_fpos=[ 4.09914677 -1.14979889  0.97534056] lower=[ 3.84914677 -1.34979889  0.71763932] upper=[ 4.34914677 -0.94979889  1.23304179] inside=False
[obj_inside_of] obj=obj obj_pos=[ 3.8138645 -1.8013995  0.9700012] fixture_pos=[ 4.09914677 -1.19979889  0.97534056] fsize=[0.85139319 0.55       0.21540247] shifted_fpos=[ 4.09914677 -1.14979889  0.97534056] lower=[ 3.84914677 -1.34979889  0.71763932] upper=[ 4.34914677 -0.94979889  1.23304179] inside=False
[obj_inside_of] obj=obj obj_pos=[ 3.8138645 -1.8013995  0.9700012] fixture_pos=[ 4.09914677 -1.19979889  0.97534056] fsize=[0.85139319 0.55       0.21540247] shifted_fpos=[ 4.09914677 -1.14979889  0.97534056] lower=[ 3.84914677 -1.34979889  0.71763932] upper=[ 4.34914677 -0.94979889  1.23304179] inside=False
[obj_inside_of] obj=obj obj_pos=[ 3.8138645 -1.8013995  0.9700012] fixture_pos=[ 4.09914677 -1.19979889  0.97534056] fsize=[0.85139319 0.55       0.21540247] shifted_fpos=[ 4.09914677 -1.14979889  0.97534056] lower=[ 3.84914677 -1.34979889  0.71763932] upper=[ 4.34914677 -0.94979889  1.23304179] inside=False
[obj_inside_of] obj=obj obj_pos=[ 3.8138645 -1.8013995  0.9700012] fixture_pos=[ 4.09914677 -1.19979889  0.97534056] fsize=[0.85139319 0.55       0.21540247] shifted_fpos=[ 4.09914677 -1.14979889  0.97534056] lower=[ 3.84914677 -1.34979889  0.71763932] upper=[ 4.34914677 -0.94979889  1.23304179] inside=False
[obj_inside_of] obj=obj obj_pos=[ 3.8138645 -1.8013995  0.9700012] fixture_pos=[ 4.09914677 -1.19979889  0.97534056] fsize=[0.85139319 0.55       0.21540247] shifted_fpos=[ 4.09914677 -1.14979889  0.97534056] lower=[ 3.84914677 -1.34979889  0.71763932] upper=[ 4.34914677 -0.94979889  1.23304179] inside=False
[obj_inside_of] obj=obj obj_pos=[ 3.8138645 -1.8013995  0.9700012] fixture_pos=[ 4.09914677 -1.19979889  0.97534056] fsize=[0.85139319 0.55       0.21540247] shifted_fpos=[ 4.09914677 -1.14979889  0.97534056] lower=[ 3.84914677 -1.34979889  0.71763932] upper=[ 4.34914677 -0.94979889  1.23304179] inside=False
[obj_inside_of] obj=obj obj_pos=[ 3.8138645 -1.8013995  0.9700012] fixture_pos=[ 4.09914677 -1.19979889  0.97534056] fsize=[0.85139319 0.55       0.21540247] shifted_fpos=[ 4.09914677 -1.14979889  0.97534056] lower=[ 3.84914677 -1.34979889  0.71763932] upper=[ 4.34914677 -0.94979889  1.23304179] inside=False
[obj_inside_of] obj=obj obj_pos=[ 3.8138645 -1.8013995  0.9700012] fixture_pos=[ 4.09914677 -1.19979889  0.97534056] fsize=[0.85139319 0.55       0.21540247] shifted_fpos=[ 4.09914677 -1.14979889  0.97534056] lower=[ 3.84914677 -1.34979889  0.71763932] upper=[ 4.34914677 -0.94979889  1.23304179] inside=False
[obj_inside_of] obj=obj obj_pos=[ 3.8138645 -1.8013995  0.9700012] fixture_pos=[ 4.09914677 -1.19979889  0.97534056] fsize=[0.85139319 0.55       0.21540247] shifted_fpos=[ 4.09914677 -1.14979889  0.97534056] lower=[ 3.84914677 -1.34979889  0.71763932] upper=[ 4.34914677 -0.94979889  1.23304179] inside=False
[obj_inside_of] obj=obj obj_pos=[ 3.8138645 -1.8013995  0.9700012] fixture_pos=[ 4.09914677 -1.19979889  0.97534056] fsize=[0.85139319 0.55       0.21540247] shifted_fpos=[ 4.09914677 -1.14979889  0.97534056] lower=[ 3.84914677 -1.34979889  0.71763932] upper=[ 4.34914677 -0.94979889  1.23304179] inside=False
[obj_inside_of] obj=obj obj_pos=[ 3.8138645 -1.8013995  0.9700012] fixture_pos=[ 4.09914677 -1.19979889  0.97534056] fsize=[0.85139319 0.55       0.21540247] shifted_fpos=[ 4.09914677 -1.14979889  0.97534056] lower=[ 3.84914677 -1.34979889  0.71763932] upper=[ 4.34914677 -0.94979889  1.23304179] inside=False
[obj_inside_of] obj=obj obj_pos=[ 3.8138645 -1.8013995  0.9700012] fixture_pos=[ 4.09914677 -1.19979889  0.97534056] fsize=[0.85139319 0.55       0.21540247] shifted_fpos=[ 4.09914677 -1.14979889  0.97534056] lower=[ 3.84914677 -1.34979889  0.71763932] upper=[ 4.34914677 -0.94979889  1.23304179] inside=False
[obj_inside_of] obj=obj obj_pos=[ 3.8138645 -1.8013995  0.9700012] fixture_pos=[ 4.09914677 -1.19979889  0.97534056] fsize=[0.85139319 0.55       0.21540247] shifted_fpos=[ 4.09914677 -1.14979889  0.97534056] lower=[ 3.84914677 -1.34979889  0.71763932] upper=[ 4.34914677 -0.94979889  1.23304179] inside=False
[obj_inside_of] obj=obj obj_pos=[ 3.8138645 -1.8013995  0.9700012] fixture_pos=[ 4.09914677 -1.19979889  0.97534056] fsize=[0.85139319 0.55       0.21540247] shifted_fpos=[ 4.09914677 -1.14979889  0.97534056] lower=[ 3.84914677 -1.34979889  0.71763932] upper=[ 4.34914677 -0.94979889  1.23304179] inside=False
[obj_inside_of] obj=obj obj_pos=[ 3.8138645 -1.8013995  0.9700012] fixture_pos=[ 4.09914677 -1.19979889  0.97534056] fsize=[0.85139319 0.55       0.21540247] shifted_fpos=[ 4.09914677 -1.14979889  0.97534056] lower=[ 3.84914677 -1.34979889  0.71763932] upper=[ 4.34914677 -0.94979889  1.23304179] inside=False
[obj_inside_of] obj=obj obj_pos=[ 3.8138645 -1.8013995  0.9700012] fixture_pos=[ 4.09914677 -1.19979889  0.97534056] fsize=[0.85139319 0.55       0.21540247] shifted_fpos=[ 4.09914677 -1.14979889  0.97534056] lower=[ 3.84914677 -1.34979889  0.71763932] upper=[ 4.34914677 -0.94979889  1.23304179] inside=False
[obj_inside_of] obj=obj obj_pos=[ 3.8138645 -1.8013995  0.9700012] fixture_pos=[ 4.09914677 -1.19979889  0.97534056] fsize=[0.85139319 0.55       0.21540247] shifted_fpos=[ 4.09914677 -1.14979889  0.97534056] lower=[ 3.84914677 -1.34979889  0.71763932] upper=[ 4.34914677 -0.94979889  1.23304179] inside=False
[obj_inside_of] obj=obj obj_pos=[ 3.8138645 -1.8013995  0.9700012] fixture_pos=[ 4.09914677 -1.19979889  0.97534056] fsize=[0.85139319 0.55       0.21540247] shifted_fpos=[ 4.09914677 -1.14979889  0.97534056] lower=[ 3.84914677 -1.34979889  0.71763932] upper=[ 4.34914677 -0.94979889  1.23304179] inside=False
[obj_inside_of] obj=obj obj_pos=[ 3.8138645 -1.8013995  0.9700012] fixture_pos=[ 4.09914677 -1.19979889  0.97534056] fsize=[0.85139319 0.55       0.21540247] shifted_fpos=[ 4.09914677 -1.14979889  0.97534056] lower=[ 3.84914677 -1.34979889  0.71763932] upper=[ 4.34914677 -0.94979889  1.23304179] inside=False
[obj_inside_of] obj=obj obj_pos=[ 3.8138645 -1.8013995  0.9700012] fixture_pos=[ 4.09914677 -1.19979889  0.97534056] fsize=[0.85139319 0.55       0.21540247] shifted_fpos=[ 4.09914677 -1.14979889  0.97534056] lower=[ 3.84914677 -1.34979889  0.71763932] upper=[ 4.34914677 -0.94979889  1.23304179] inside=False
[obj_inside_of] obj=obj obj_pos=[ 3.8138645 -1.8013995  0.9700012] fixture_pos=[ 4.09914677 -1.19979889  0.97534056] fsize=[0.85139319 0.55       0.21540247] shifted_fpos=[ 4.09914677 -1.14979889  0.97534056] lower=[ 3.84914677 -1.34979889  0.71763932] upper=[ 4.34914677 -0.94979889  1.23304179] inside=False
[obj_inside_of] obj=obj obj_pos=[ 3.8138645 -1.8013995  0.9700012] fixture_pos=[ 4.09914677 -1.19979889  0.97534056] fsize=[0.85139319 0.55       0.21540247] shifted_fpos=[ 4.09914677 -1.14979889  0.97534056] lower=[ 3.84914677 -1.34979889  0.71763932] upper=[ 4.34914677 -0.94979889  1.23304179] inside=False
[obj_inside_of] obj=obj obj_pos=[ 3.8138645 -1.8013995  0.9700012] fixture_pos=[ 4.09914677 -1.19979889  0.97534056] fsize=[0.85139319 0.55       0.21540247] shifted_fpos=[ 4.09914677 -1.14979889  0.97534056] lower=[ 3.84914677 -1.34979889  0.71763932] upper=[ 4.34914677 -0.94979889  1.23304179] inside=False
[obj_inside_of] obj=obj obj_pos=[ 3.8138645 -1.8013995  0.9700012] fixture_pos=[ 4.09914677 -1.19979889  0.97534056] fsize=[0.85139319 0.55       0.21540247] shifted_fpos=[ 4.09914677 -1.14979889  0.97534056] lower=[ 3.84914677 -1.34979889  0.71763932] upper=[ 4.34914677 -0.94979889  1.23304179] inside=False
[obj_inside_of] obj=obj obj_pos=[ 3.8138645 -1.8013995  0.9700012] fixture_pos=[ 4.09914677 -1.19979889  0.97534056] fsize=[0.85139319 0.55       0.21540247] shifted_fpos=[ 4.09914677 -1.14979889  0.97534056] lower=[ 3.84914677 -1.34979889  0.71763932] upper=[ 4.34914677 -0.94979889  1.23304179] inside=False
[obj_inside_of] obj=obj obj_pos=[ 3.8138645 -1.8013995  0.9700012] fixture_pos=[ 4.09914677 -1.19979889  0.97534056] fsize=[0.85139319 0.55       0.21540247] shifted_fpos=[ 4.09914677 -1.14979889  0.97534056] lower=[ 3.84914677 -1.34979889  0.71763932] upper=[ 4.34914677 -0.94979889  1.23304179] inside=False
[obj_inside_of] obj=obj obj_pos=[ 3.8138645 -1.8013995  0.9700012] fixture_pos=[ 4.09914677 -1.19979889  0.97534056] fsize=[0.85139319 0.55       0.21540247] shifted_fpos=[ 4.09914677 -1.14979889  0.97534056] lower=[ 3.84914677 -1.34979889  0.71763932] upper=[ 4.34914677 -0.94979889  1.23304179] inside=False
[obj_inside_of] obj=obj obj_pos=[ 3.8138645 -1.8013995  0.9700012] fixture_pos=[ 4.09914677 -1.19979889  0.97534056] fsize=[0.85139319 0.55       0.21540247] shifted_fpos=[ 4.09914677 -1.14979889  0.97534056] lower=[ 3.84914677 -1.34979889  0.71763932] upper=[ 4.34914677 -0.94979889  1.23304179] inside=False
[obj_inside_of] obj=obj obj_pos=[ 3.8138645 -1.8013995  0.9700012] fixture_pos=[ 4.09914677 -1.19979889  0.97534056] fsize=[0.85139319 0.55       0.21540247] shifted_fpos=[ 4.09914677 -1.14979889  0.97534056] lower=[ 3.84914677 -1.34979889  0.71763932] upper=[ 4.34914677 -0.94979889  1.23304179] inside=False
[obj_inside_of] obj=obj obj_pos=[ 3.8138645 -1.8013995  0.9700012] fixture_pos=[ 4.09914677 -1.19979889  0.97534056] fsize=[0.85139319 0.55       0.21540247] shifted_fpos=[ 4.09914677 -1.14979889  0.97534056] lower=[ 3.84914677 -1.34979889  0.71763932] upper=[ 4.34914677 -0.94979889  1.23304179] inside=False
[obj_inside_of] obj=obj obj_pos=[ 3.8138645 -1.8013995  0.9700012] fixture_pos=[ 4.09914677 -1.19979889  0.97534056] fsize=[0.85139319 0.55       0.21540247] shifted_fpos=[ 4.09914677 -1.14979889  0.97534056] lower=[ 3.84914677 -1.34979889  0.71763932] upper=[ 4.34914677 -0.94979889  1.23304179] inside=False
[obj_inside_of] obj=obj obj_pos=[ 3.8138645 -1.8013995  0.9700012] fixture_pos=[ 4.09914677 -1.19979889  0.97534056] fsize=[0.85139319 0.55       0.21540247] shifted_fpos=[ 4.09914677 -1.14979889  0.97534056] lower=[ 3.84914677 -1.34979889  0.71763932] upper=[ 4.34914677 -0.94979889  1.23304179] inside=False
[obj_inside_of] obj=obj obj_pos=[ 3.8138645 -1.8013995  0.9700012] fixture_pos=[ 4.09914677 -1.19979889  0.97534056] fsize=[0.85139319 0.55       0.21540247] shifted_fpos=[ 4.09914677 -1.14979889  0.97534056] lower=[ 3.84914677 -1.34979889  0.71763932] upper=[ 4.34914677 -0.94979889  1.23304179] inside=False
[obj_inside_of] obj=obj obj_pos=[ 3.8138645 -1.8013995  0.9700012] fixture_pos=[ 4.09914677 -1.19979889  0.97534056] fsize=[0.85139319 0.55       0.21540247] shifted_fpos=[ 4.09914677 -1.14979889  0.97534056] lower=[ 3.84914677 -1.34979889  0.71763932] upper=[ 4.34914677 -0.94979889  1.23304179] inside=False
[obj_inside_of] obj=obj obj_pos=[ 3.8138645 -1.8013995  0.9700012] fixture_pos=[ 4.09914677 -1.19979889  0.97534056] fsize=[0.85139319 0.55       0.21540247] shifted_fpos=[ 4.09914677 -1.14979889  0.97534056] lower=[ 3.84914677 -1.34979889  0.71763932] upper=[ 4.34914677 -0.94979889  1.23304179] inside=False
[obj_inside_of] obj=obj obj_pos=[ 3.8138645 -1.8013995  0.9700012] fixture_pos=[ 4.09914677 -1.19979889  0.97534056] fsize=[0.85139319 0.55       0.21540247] shifted_fpos=[ 4.09914677 -1.14979889  0.97534056] lower=[ 3.84914677 -1.34979889  0.71763932] upper=[ 4.34914677 -0.94979889  1.23304179] inside=False
[obj_inside_of] obj=obj obj_pos=[ 3.8138645 -1.8013995  0.9700012] fixture_pos=[ 4.09914677 -1.19979889  0.97534056] fsize=[0.85139319 0.55       0.21540247] shifted_fpos=[ 4.09914677 -1.14979889  0.97534056] lower=[ 3.84914677 -1.34979889  0.71763932] upper=[ 4.34914677 -0.94979889  1.23304179] inside=False
[obj_inside_of] obj=obj obj_pos=[ 3.8138645 -1.8013995  0.9700012] fixture_pos=[ 4.09914677 -1.19979889  0.97534056] fsize=[0.85139319 0.55       0.21540247] shifted_fpos=[ 4.09914677 -1.14979889  0.97534056] lower=[ 3.84914677 -1.34979889  0.71763932] upper=[ 4.34914677 -0.94979889  1.23304179] inside=False
[obj_inside_of] obj=obj obj_pos=[ 3.8138645 -1.8013995  0.9700012] fixture_pos=[ 4.09914677 -1.19979889  0.97534056] fsize=[0.85139319 0.55       0.21540247] shifted_fpos=[ 4.09914677 -1.14979889  0.97534056] lower=[ 3.84914677 -1.34979889  0.71763932] upper=[ 4.34914677 -0.94979889  1.23304179] inside=False
[obj_inside_of] obj=obj obj_pos=[ 3.8138645 -1.8013995  0.9700012] fixture_pos=[ 4.09914677 -1.19979889  0.97534056] fsize=[0.85139319 0.55       0.21540247] shifted_fpos=[ 4.09914677 -1.14979889  0.97534056] lower=[ 3.84914677 -1.34979889  0.71763932] upper=[ 4.34914677 -0.94979889  1.23304179] inside=False
[obj_inside_of] obj=obj obj_pos=[ 3.8138645 -1.8013995  0.9700012] fixture_pos=[ 4.09914677 -1.19979889  0.97534056] fsize=[0.85139319 0.55       0.21540247] shifted_fpos=[ 4.09914677 -1.14979889  0.97534056] lower=[ 3.84914677 -1.34979889  0.71763932] upper=[ 4.34914677 -0.94979889  1.23304179] inside=False
[obj_inside_of] obj=obj obj_pos=[ 3.8138645 -1.8013995  0.9700012] fixture_pos=[ 4.09914677 -1.19979889  0.97534056] fsize=[0.85139319 0.55       0.21540247] shifted_fpos=[ 4.09914677 -1.14979889  0.97534056] lower=[ 3.84914677 -1.34979889  0.71763932] upper=[ 4.34914677 -0.94979889  1.23304179] inside=False
[obj_inside_of] obj=obj obj_pos=[ 3.8138645 -1.8013995  0.9700012] fixture_pos=[ 4.09914677 -1.19979889  0.97534056] fsize=[0.85139319 0.55       0.21540247] shifted_fpos=[ 4.09914677 -1.14979889  0.97534056] lower=[ 3.84914677 -1.34979889  0.71763932] upper=[ 4.34914677 -0.94979889  1.23304179] inside=False
[obj_inside_of] obj=obj obj_pos=[ 3.8138645 -1.8013995  0.9700012] fixture_pos=[ 4.09914677 -1.19979889  0.97534056] fsize=[0.85139319 0.55       0.21540247] shifted_fpos=[ 4.09914677 -1.14979889  0.97534056] lower=[ 3.84914677 -1.34979889  0.71763932] upper=[ 4.34914677 -0.94979889  1.23304179] inside=False
[obj_inside_of] obj=obj obj_pos=[ 3.8138645 -1.8013995  0.9700012] fixture_pos=[ 4.09914677 -1.19979889  0.97534056] fsize=[0.85139319 0.55       0.21540247] shifted_fpos=[ 4.09914677 -1.14979889  0.97534056] lower=[ 3.84914677 -1.34979889  0.71763932] upper=[ 4.34914677 -0.94979889  1.23304179] inside=False
[obj_inside_of] obj=obj obj_pos=[ 3.8138645 -1.8013995  0.9700012] fixture_pos=[ 4.09914677 -1.19979889  0.97534056] fsize=[0.85139319 0.55       0.21540247] shifted_fpos=[ 4.09914677 -1.14979889  0.97534056] lower=[ 3.84914677 -1.34979889  0.71763932] upper=[ 4.34914677 -0.94979889  1.23304179] inside=False
[obj_inside_of] obj=obj obj_pos=[ 3.8138645 -1.8013995  0.9700012] fixture_pos=[ 4.09914677 -1.19979889  0.97534056] fsize=[0.85139319 0.55       0.21540247] shifted_fpos=[ 4.09914677 -1.14979889  0.97534056] lower=[ 3.84914677 -1.34979889  0.71763932] upper=[ 4.34914677 -0.94979889  1.23304179] inside=False
[obj_inside_of] obj=obj obj_pos=[ 3.8138645 -1.8013995  0.9700012] fixture_pos=[ 4.09914677 -1.19979889  0.97534056] fsize=[0.85139319 0.55       0.21540247] shifted_fpos=[ 4.09914677 -1.14979889  0.97534056] lower=[ 3.84914677 -1.34979889  0.71763932] upper=[ 4.34914677 -0.94979889  1.23304179] inside=False
[obj_inside_of] obj=obj obj_pos=[ 3.8138645 -1.8013995  0.9700012] fixture_pos=[ 4.09914677 -1.19979889  0.97534056] fsize=[0.85139319 0.55       0.21540247] shifted_fpos=[ 4.09914677 -1.14979889  0.97534056] lower=[ 3.84914677 -1.34979889  0.71763932] upper=[ 4.34914677 -0.94979889  1.23304179] inside=False
[obj_inside_of] obj=obj obj_pos=[ 3.8138645 -1.8013995  0.9700012] fixture_pos=[ 4.09914677 -1.19979889  0.97534056] fsize=[0.85139319 0.55       0.21540247] shifted_fpos=[ 4.09914677 -1.14979889  0.97534056] lower=[ 3.84914677 -1.34979889  0.71763932] upper=[ 4.34914677 -0.94979889  1.23304179] inside=False
[obj_inside_of] obj=obj obj_pos=[ 3.8138645 -1.8013995  0.9700012] fixture_pos=[ 4.09914677 -1.19979889  0.97534056] fsize=[0.85139319 0.55       0.21540247] shifted_fpos=[ 4.09914677 -1.14979889  0.97534056] lower=[ 3.84914677 -1.34979889  0.71763932] upper=[ 4.34914677 -0.94979889  1.23304179] inside=False
[obj_inside_of] obj=obj obj_pos=[ 3.8138645 -1.8013995  0.9700012] fixture_pos=[ 4.09914677 -1.19979889  0.97534056] fsize=[0.85139319 0.55       0.21540247] shifted_fpos=[ 4.09914677 -1.14979889  0.97534056] lower=[ 3.84914677 -1.34979889  0.71763932] upper=[ 4.34914677 -0.94979889  1.23304179] inside=False
[obj_inside_of] obj=obj obj_pos=[ 3.8138645 -1.8013995  0.9700012] fixture_pos=[ 4.09914677 -1.19979889  0.97534056] fsize=[0.85139319 0.55       0.21540247] shifted_fpos=[ 4.09914677 -1.14979889  0.97534056] lower=[ 3.84914677 -1.34979889  0.71763932] upper=[ 4.34914677 -0.94979889  1.23304179] inside=False
[obj_inside_of] obj=obj obj_pos=[ 3.8138645 -1.8013995  0.9700012] fixture_pos=[ 4.09914677 -1.19979889  0.97534056] fsize=[0.85139319 0.55       0.21540247] shifted_fpos=[ 4.09914677 -1.14979889  0.97534056] lower=[ 3.84914677 -1.34979889  0.71763932] upper=[ 4.34914677 -0.94979889  1.23304179] inside=False
[obj_inside_of] obj=obj obj_pos=[ 3.8138645 -1.8013995  0.9700012] fixture_pos=[ 4.09914677 -1.19979889  0.97534056] fsize=[0.85139319 0.55       0.21540247] shifted_fpos=[ 4.09914677 -1.14979889  0.97534056] lower=[ 3.84914677 -1.34979889  0.71763932] upper=[ 4.34914677 -0.94979889  1.23304179] inside=False
[obj_inside_of] obj=obj obj_pos=[ 3.8138645 -1.8013995  0.9700012] fixture_pos=[ 4.09914677 -1.19979889  0.97534056] fsize=[0.85139319 0.55       0.21540247] shifted_fpos=[ 4.09914677 -1.14979889  0.97534056] lower=[ 3.84914677 -1.34979889  0.71763932] upper=[ 4.34914677 -0.94979889  1.23304179] inside=False
[obj_inside_of] obj=obj obj_pos=[ 3.8138645 -1.8013995  0.9700012] fixture_pos=[ 4.09914677 -1.19979889  0.97534056] fsize=[0.85139319 0.55       0.21540247] shifted_fpos=[ 4.09914677 -1.14979889  0.97534056] lower=[ 3.84914677 -1.34979889  0.71763932] upper=[ 4.34914677 -0.94979889  1.23304179] inside=False
[obj_inside_of] obj=obj obj_pos=[ 3.8138645 -1.8013995  0.9700012] fixture_pos=[ 4.09914677 -1.19979889  0.97534056] fsize=[0.85139319 0.55       0.21540247] shifted_fpos=[ 4.09914677 -1.14979889  0.97534056] lower=[ 3.84914677 -1.34979889  0.71763932] upper=[ 4.34914677 -0.94979889  1.23304179] inside=False
[obj_inside_of] obj=obj obj_pos=[ 3.8138645 -1.8013995  0.9700012] fixture_pos=[ 4.09914677 -1.19979889  0.97534056] fsize=[0.85139319 0.55       0.21540247] shifted_fpos=[ 4.09914677 -1.14979889  0.97534056] lower=[ 3.84914677 -1.34979889  0.71763932] upper=[ 4.34914677 -0.94979889  1.23304179] inside=False
[obj_inside_of] obj=obj obj_pos=[ 3.8138645 -1.8013995  0.9700012] fixture_pos=[ 4.09914677 -1.19979889  0.97534056] fsize=[0.85139319 0.55       0.21540247] shifted_fpos=[ 4.09914677 -1.14979889  0.97534056] lower=[ 3.84914677 -1.34979889  0.71763932] upper=[ 4.34914677 -0.94979889  1.23304179] inside=False
[obj_inside_of] obj=obj obj_pos=[ 3.8138645 -1.8013995  0.9700012] fixture_pos=[ 4.09914677 -1.19979889  0.97534056] fsize=[0.85139319 0.55       0.21540247] shifted_fpos=[ 4.09914677 -1.14979889  0.97534056] lower=[ 3.84914677 -1.34979889  0.71763932] upper=[ 4.34914677 -0.94979889  1.23304179] inside=False
[obj_inside_of] obj=obj obj_pos=[ 3.8138645 -1.8013995  0.9700012] fixture_pos=[ 4.09914677 -1.19979889  0.97534056] fsize=[0.85139319 0.55       0.21540247] shifted_fpos=[ 4.09914677 -1.14979889  0.97534056] lower=[ 3.84914677 -1.34979889  0.71763932] upper=[ 4.34914677 -0.94979889  1.23304179] inside=False
[obj_inside_of] obj=obj obj_pos=[ 3.8138645 -1.8013995  0.9700012] fixture_pos=[ 4.09914677 -1.19979889  0.97534056] fsize=[0.85139319 0.55       0.21540247] shifted_fpos=[ 4.09914677 -1.14979889  0.97534056] lower=[ 3.84914677 -1.34979889  0.71763932] upper=[ 4.34914677 -0.94979889  1.23304179] inside=False
[obj_inside_of] obj=obj obj_pos=[ 3.8138645 -1.8013995  0.9700012] fixture_pos=[ 4.09914677 -1.19979889  0.97534056] fsize=[0.85139319 0.55       0.21540247] shifted_fpos=[ 4.09914677 -1.14979889  0.97534056] lower=[ 3.84914677 -1.34979889  0.71763932] upper=[ 4.34914677 -0.94979889  1.23304179] inside=False
[obj_inside_of] obj=obj obj_pos=[ 3.8138645 -1.8013995  0.9700012] fixture_pos=[ 4.09914677 -1.19979889  0.97534056] fsize=[0.85139319 0.55       0.21540247] shifted_fpos=[ 4.09914677 -1.14979889  0.97534056] lower=[ 3.84914677 -1.34979889  0.71763932] upper=[ 4.34914677 -0.94979889  1.23304179] inside=False
[obj_inside_of] obj=obj obj_pos=[ 3.8138645 -1.8013995  0.9700012] fixture_pos=[ 4.09914677 -1.19979889  0.97534056] fsize=[0.85139319 0.55       0.21540247] shifted_fpos=[ 4.09914677 -1.14979889  0.97534056] lower=[ 3.84914677 -1.34979889  0.71763932] upper=[ 4.34914677 -0.94979889  1.23304179] inside=False
[obj_inside_of] obj=obj obj_pos=[ 3.8138645 -1.8013995  0.9700012] fixture_pos=[ 4.09914677 -1.19979889  0.97534056] fsize=[0.85139319 0.55       0.21540247] shifted_fpos=[ 4.09914677 -1.14979889  0.97534056] lower=[ 3.84914677 -1.34979889  0.71763932] upper=[ 4.34914677 -0.94979889  1.23304179] inside=False
[obj_inside_of] obj=obj obj_pos=[ 3.8138645 -1.8013995  0.9700012] fixture_pos=[ 4.09914677 -1.19979889  0.97534056] fsize=[0.85139319 0.55       0.21540247] shifted_fpos=[ 4.09914677 -1.14979889  0.97534056] lower=[ 3.84914677 -1.34979889  0.71763932] upper=[ 4.34914677 -0.94979889  1.23304179] inside=False
[obj_inside_of] obj=obj obj_pos=[ 3.8138645 -1.8013995  0.9700012] fixture_pos=[ 4.09914677 -1.19979889  0.97534056] fsize=[0.85139319 0.55       0.21540247] shifted_fpos=[ 4.09914677 -1.14979889  0.97534056] lower=[ 3.84914677 -1.34979889  0.71763932] upper=[ 4.34914677 -0.94979889  1.23304179] inside=False
[obj_inside_of] obj=obj obj_pos=[ 3.8138645 -1.8013995  0.9700012] fixture_pos=[ 4.09914677 -1.19979889  0.97534056] fsize=[0.85139319 0.55       0.21540247] shifted_fpos=[ 4.09914677 -1.14979889  0.97534056] lower=[ 3.84914677 -1.34979889  0.71763932] upper=[ 4.34914677 -0.94979889  1.23304179] inside=False
[obj_inside_of] obj=obj obj_pos=[ 3.8138645 -1.8013995  0.9700012] fixture_pos=[ 4.09914677 -1.19979889  0.97534056] fsize=[0.85139319 0.55       0.21540247] shifted_fpos=[ 4.09914677 -1.14979889  0.97534056] lower=[ 3.84914677 -1.34979889  0.71763932] upper=[ 4.34914677 -0.94979889  1.23304179] inside=False
[obj_inside_of] obj=obj obj_pos=[ 3.8138645 -1.8013995  0.9700012] fixture_pos=[ 4.09914677 -1.19979889  0.97534056] fsize=[0.85139319 0.55       0.21540247] shifted_fpos=[ 4.09914677 -1.14979889  0.97534056] lower=[ 3.84914677 -1.34979889  0.71763932] upper=[ 4.34914677 -0.94979889  1.23304179] inside=False
[obj_inside_of] obj=obj obj_pos=[ 3.8138645 -1.8013995  0.9700012] fixture_pos=[ 4.09914677 -1.19979889  0.97534056] fsize=[0.85139319 0.55       0.21540247] shifted_fpos=[ 4.09914677 -1.14979889  0.97534056] lower=[ 3.84914677 -1.34979889  0.71763932] upper=[ 4.34914677 -0.94979889  1.23304179] inside=False
[obj_inside_of] obj=obj obj_pos=[ 3.8138645 -1.8013995  0.9700012] fixture_pos=[ 4.09914677 -1.19979889  0.97534056] fsize=[0.85139319 0.55       0.21540247] shifted_fpos=[ 4.09914677 -1.14979889  0.97534056] lower=[ 3.84914677 -1.34979889  0.71763932] upper=[ 4.34914677 -0.94979889  1.23304179] inside=False
[obj_inside_of] obj=obj obj_pos=[ 3.8138645 -1.8013995  0.9700012] fixture_pos=[ 4.09914677 -1.19979889  0.97534056] fsize=[0.85139319 0.55       0.21540247] shifted_fpos=[ 4.09914677 -1.14979889  0.97534056] lower=[ 3.84914677 -1.34979889  0.71763932] upper=[ 4.34914677 -0.94979889  1.23304179] inside=False
[obj_inside_of] obj=obj obj_pos=[ 3.8138645 -1.8013995  0.9700012] fixture_pos=[ 4.09914677 -1.19979889  0.97534056] fsize=[0.85139319 0.55       0.21540247] shifted_fpos=[ 4.09914677 -1.14979889  0.97534056] lower=[ 3.84914677 -1.34979889  0.71763932] upper=[ 4.34914677 -0.94979889  1.23304179] inside=False
[obj_inside_of] obj=obj obj_pos=[ 3.8138645 -1.8013995  0.9700012] fixture_pos=[ 4.09914677 -1.19979889  0.97534056] fsize=[0.85139319 0.55       0.21540247] shifted_fpos=[ 4.09914677 -1.14979889  0.97534056] lower=[ 3.84914677 -1.34979889  0.71763932] upper=[ 4.34914677 -0.94979889  1.23304179] inside=False
[obj_inside_of] obj=obj obj_pos=[ 3.8138645 -1.8013995  0.9700012] fixture_pos=[ 4.09914677 -1.19979889  0.97534056] fsize=[0.85139319 0.55       0.21540247] shifted_fpos=[ 4.09914677 -1.14979889  0.97534056] lower=[ 3.84914677 -1.34979889  0.71763932] upper=[ 4.34914677 -0.94979889  1.23304179] inside=False
[obj_inside_of] obj=obj obj_pos=[ 3.8138645 -1.8013995  0.9700012] fixture_pos=[ 4.09914677 -1.19979889  0.97534056] fsize=[0.85139319 0.55       0.21540247] shifted_fpos=[ 4.09914677 -1.14979889  0.97534056] lower=[ 3.84914677 -1.34979889  0.71763932] upper=[ 4.34914677 -0.94979889  1.23304179] inside=False
[obj_inside_of] obj=obj obj_pos=[ 3.8138645 -1.8013995  0.9700012] fixture_pos=[ 4.09914677 -1.19979889  0.97534056] fsize=[0.85139319 0.55       0.21540247] shifted_fpos=[ 4.09914677 -1.14979889  0.97534056] lower=[ 3.84914677 -1.34979889  0.71763932] upper=[ 4.34914677 -0.94979889  1.23304179] inside=False
[obj_inside_of] obj=obj obj_pos=[ 3.8138645 -1.8013995  0.9700012] fixture_pos=[ 4.09914677 -1.19979889  0.97534056] fsize=[0.85139319 0.55       0.21540247] shifted_fpos=[ 4.09914677 -1.14979889  0.97534056] lower=[ 3.84914677 -1.34979889  0.71763932] upper=[ 4.34914677 -0.94979889  1.23304179] inside=False
[obj_inside_of] obj=obj obj_pos=[ 3.8138645 -1.8013995  0.9700012] fixture_pos=[ 4.09914677 -1.19979889  0.97534056] fsize=[0.85139319 0.55       0.21540247] shifted_fpos=[ 4.09914677 -1.14979889  0.97534056] lower=[ 3.84914677 -1.34979889  0.71763932] upper=[ 4.34914677 -0.94979889  1.23304179] inside=False
[obj_inside_of] obj=obj obj_pos=[ 3.8138645 -1.8013995  0.9700012] fixture_pos=[ 4.09914677 -1.19979889  0.97534056] fsize=[0.85139319 0.55       0.21540247] shifted_fpos=[ 4.09914677 -1.14979889  0.97534056] lower=[ 3.84914677 -1.34979889  0.71763932] upper=[ 4.34914677 -0.94979889  1.23304179] inside=False
[obj_inside_of] obj=obj obj_pos=[ 3.8138645 -1.8013995  0.9700012] fixture_pos=[ 4.09914677 -1.19979889  0.97534056] fsize=[0.85139319 0.55       0.21540247] shifted_fpos=[ 4.09914677 -1.14979889  0.97534056] lower=[ 3.84914677 -1.34979889  0.71763932] upper=[ 4.34914677 -0.94979889  1.23304179] inside=False
[obj_inside_of] obj=obj obj_pos=[ 3.813861  -1.8013957  0.9700001] fixture_pos=[ 4.09914677 -1.19979889  0.97534056] fsize=[0.85139319 0.55       0.21540247] shifted_fpos=[ 4.09914677 -1.14979889  0.97534056] lower=[ 3.84914677 -1.34979889  0.71763932] upper=[ 4.34914677 -0.94979889  1.23304179] inside=False
[obj_inside_of] obj=obj obj_pos=[ 3.8138645 -1.8014065  0.9700031] fixture_pos=[ 4.09914677 -1.19979889  0.97534056] fsize=[0.85139319 0.55       0.21540247] shifted_fpos=[ 4.09914677 -1.14979889  0.97534056] lower=[ 3.84914677 -1.34979889  0.71763932] upper=[ 4.34914677 -0.94979889  1.23304179] inside=False
[obj_inside_of] obj=obj obj_pos=[ 3.8138614 -1.8013955  0.9700001] fixture_pos=[ 4.09914677 -1.19979889  0.97534056] fsize=[0.85139319 0.55       0.21540247] shifted_fpos=[ 4.09914677 -1.14979889  0.97534056] lower=[ 3.84914677 -1.34979889  0.71763932] upper=[ 4.34914677 -0.94979889  1.23304179] inside=False
[obj_inside_of] obj=obj obj_pos=[ 3.8138645 -1.8014064  0.9700032] fixture_pos=[ 4.09914677 -1.19979889  0.97534056] fsize=[0.85139319 0.55       0.21540247] shifted_fpos=[ 4.09914677 -1.14979889  0.97534056] lower=[ 3.84914677 -1.34979889  0.71763932] upper=[ 4.34914677 -0.94979889  1.23304179] inside=False
[obj_inside_of] obj=obj obj_pos=[ 3.8138611 -1.8013955  0.9700001] fixture_pos=[ 4.09914677 -1.19979889  0.97534056] fsize=[0.85139319 0.55       0.21540247] shifted_fpos=[ 4.09914677 -1.14979889  0.97534056] lower=[ 3.84914677 -1.34979889  0.71763932] upper=[ 4.34914677 -0.94979889  1.23304179] inside=False
[obj_inside_of] obj=obj obj_pos=[ 3.8138647 -1.8014065  0.970003 ] fixture_pos=[ 4.09914677 -1.19979889  0.97534056] fsize=[0.85139319 0.55       0.21540247] shifted_fpos=[ 4.09914677 -1.14979889  0.97534056] lower=[ 3.84914677 -1.34979889  0.71763932] upper=[ 4.34914677 -0.94979889  1.23304179] inside=False
[obj_inside_of] obj=obj obj_pos=[ 3.8138614  -1.8013955   0.97000015] fixture_pos=[ 4.09914677 -1.19979889  0.97534056] fsize=[0.85139319 0.55       0.21540247] shifted_fpos=[ 4.09914677 -1.14979889  0.97534056] lower=[ 3.84914677 -1.34979889  0.71763932] upper=[ 4.34914677 -0.94979889  1.23304179] inside=False
[obj_inside_of] obj=obj obj_pos=[ 3.8138645  -1.8014065   0.97000307] fixture_pos=[ 4.09914677 -1.19979889  0.97534056] fsize=[0.85139319 0.55       0.21540247] shifted_fpos=[ 4.09914677 -1.14979889  0.97534056] lower=[ 3.84914677 -1.34979889  0.71763932] upper=[ 4.34914677 -0.94979889  1.23304179] inside=False
[obj_inside_of] obj=obj obj_pos=[ 3.813861  -1.8013957  0.9700001] fixture_pos=[ 4.09914677 -1.19979889  0.97534056] fsize=[0.85139319 0.55       0.21540247] shifted_fpos=[ 4.09914677 -1.14979889  0.97534056] lower=[ 3.84914677 -1.34979889  0.71763932] upper=[ 4.34914677 -0.94979889  1.23304179] inside=False
[obj_inside_of] obj=obj obj_pos=[ 3.8138728 -1.8014704  0.970096 ] fixture_pos=[ 4.09914677 -1.19979889  0.97534056] fsize=[0.85139319 0.55       0.21540247] shifted_fpos=[ 4.09914677 -1.14979889  0.97534056] lower=[ 3.84914677 -1.34979889  0.71763932] upper=[ 4.34914677 -0.94979889  1.23304179] inside=False
[obj_inside_of] obj=obj obj_pos=[ 3.8137064  -1.8016126   0.97010386] fixture_pos=[ 4.09914677 -1.19979889  0.97534056] fsize=[0.85139319 0.55       0.21540247] shifted_fpos=[ 4.09914677 -1.14979889  0.97534056] lower=[ 3.84914677 -1.34979889  0.71763932] upper=[ 4.34914677 -0.94979889  1.23304179] inside=False
[obj_inside_of] obj=obj obj_pos=[ 3.8134549  -1.8014301   0.97014993] fixture_pos=[ 4.09914677 -1.19979889  0.97534056] fsize=[0.85139319 0.55       0.21540247] shifted_fpos=[ 4.09914677 -1.14979889  0.97534056] lower=[ 3.84914677 -1.34979889  0.71763932] upper=[ 4.34914677 -0.94979889  1.23304179] inside=False
[obj_inside_of] obj=obj obj_pos=[ 3.8132534 -1.8014998  0.970205 ] fixture_pos=[ 4.09914677 -1.19979889  0.97534056] fsize=[0.85139319 0.55       0.21540247] shifted_fpos=[ 4.09914677 -1.14979889  0.97534056] lower=[ 3.84914677 -1.34979889  0.71763932] upper=[ 4.34914677 -0.94979889  1.23304179] inside=False
[obj_inside_of] obj=obj obj_pos=[ 3.813048  -1.8013372  0.9702451] fixture_pos=[ 4.09914677 -1.19979889  0.97534056] fsize=[0.85139319 0.55       0.21540247] shifted_fpos=[ 4.09914677 -1.14979889  0.97534056] lower=[ 3.84914677 -1.34979889  0.71763932] upper=[ 4.34914677 -0.94979889  1.23304179] inside=False
[obj_inside_of] obj=obj obj_pos=[ 3.8128943 -1.8013293  0.9702776] fixture_pos=[ 4.09914677 -1.19979889  0.97534056] fsize=[0.85139319 0.55       0.21540247] shifted_fpos=[ 4.09914677 -1.14979889  0.97534056] lower=[ 3.84914677 -1.34979889  0.71763932] upper=[ 4.34914677 -0.94979889  1.23304179] inside=False
[obj_inside_of] obj=obj obj_pos=[ 3.8127744 -1.8012776  0.9703175] fixture_pos=[ 4.09914677 -1.19979889  0.97534056] fsize=[0.85139319 0.55       0.21540247] shifted_fpos=[ 4.09914677 -1.14979889  0.97534056] lower=[ 3.84914677 -1.34979889  0.71763932] upper=[ 4.34914677 -0.94979889  1.23304179] inside=False
[obj_inside_of] obj=obj obj_pos=[ 3.8126903  -1.8012272   0.97034603] fixture_pos=[ 4.09914677 -1.19979889  0.97534056] fsize=[0.85139319 0.55       0.21540247] shifted_fpos=[ 4.09914677 -1.14979889  0.97534056] lower=[ 3.84914677 -1.34979889  0.71763932] upper=[ 4.34914677 -0.94979889  1.23304179] inside=False
[obj_inside_of] obj=obj obj_pos=[ 3.8126383 -1.8011746  0.9703647] fixture_pos=[ 4.09914677 -1.19979889  0.97534056] fsize=[0.85139319 0.55       0.21540247] shifted_fpos=[ 4.09914677 -1.14979889  0.97534056] lower=[ 3.84914677 -1.34979889  0.71763932] upper=[ 4.34914677 -0.94979889  1.23304179] inside=False
[obj_inside_of] obj=obj obj_pos=[ 3.8126051 -1.801148   0.9703792] fixture_pos=[ 4.09914677 -1.19979889  0.97534056] fsize=[0.85139319 0.55       0.21540247] shifted_fpos=[ 4.09914677 -1.14979889  0.97534056] lower=[ 3.84914677 -1.34979889  0.71763932] upper=[ 4.34914677 -0.94979889  1.23304179] inside=False
[obj_inside_of] obj=obj obj_pos=[ 3.8125887  -1.8011246   0.97038865] fixture_pos=[ 4.09914677 -1.19979889  0.97534056] fsize=[0.85139319 0.55       0.21540247] shifted_fpos=[ 4.09914677 -1.14979889  0.97534056] lower=[ 3.84914677 -1.34979889  0.71763932] upper=[ 4.34914677 -0.94979889  1.23304179] inside=False
[obj_inside_of] obj=obj obj_pos=[ 3.8125834 -1.8011069  0.9703905] fixture_pos=[ 4.09914677 -1.19979889  0.97534056] fsize=[0.85139319 0.55       0.21540247] shifted_fpos=[ 4.09914677 -1.14979889  0.97534056] lower=[ 3.84914677 -1.34979889  0.71763932] upper=[ 4.34914677 -0.94979889  1.23304179] inside=False
[obj_inside_of] obj=obj obj_pos=[ 3.8125858  -1.8010995   0.97039026] fixture_pos=[ 4.09914677 -1.19979889  0.97534056] fsize=[0.85139319 0.55       0.21540247] shifted_fpos=[ 4.09914677 -1.14979889  0.97534056] lower=[ 3.84914677 -1.34979889  0.71763932] upper=[ 4.34914677 -0.94979889  1.23304179] inside=False
[obj_inside_of] obj=obj obj_pos=[ 3.8125918 -1.8010987  0.970389 ] fixture_pos=[ 4.09914677 -1.19979889  0.97534056] fsize=[0.85139319 0.55       0.21540247] shifted_fpos=[ 4.09914677 -1.14979889  0.97534056] lower=[ 3.84914677 -1.34979889  0.71763932] upper=[ 4.34914677 -0.94979889  1.23304179] inside=False
[obj_inside_of] obj=obj obj_pos=[ 3.8126001 -1.8011019  0.970386 ] fixture_pos=[ 4.09914677 -1.19979889  0.97534056] fsize=[0.85139319 0.55       0.21540247] shifted_fpos=[ 4.09914677 -1.14979889  0.97534056] lower=[ 3.84914677 -1.34979889  0.71763932] upper=[ 4.34914677 -0.94979889  1.23304179] inside=False
[obj_inside_of] obj=obj obj_pos=[ 3.8126097 -1.8011072  0.9703824] fixture_pos=[ 4.09914677 -1.19979889  0.97534056] fsize=[0.85139319 0.55       0.21540247] shifted_fpos=[ 4.09914677 -1.14979889  0.97534056] lower=[ 3.84914677 -1.34979889  0.71763932] upper=[ 4.34914677 -0.94979889  1.23304179] inside=False
[obj_inside_of] obj=obj obj_pos=[ 3.8126187 -1.8011143  0.9703781] fixture_pos=[ 4.09914677 -1.19979889  0.97534056] fsize=[0.85139319 0.55       0.21540247] shifted_fpos=[ 4.09914677 -1.14979889  0.97534056] lower=[ 3.84914677 -1.34979889  0.71763932] upper=[ 4.34914677 -0.94979889  1.23304179] inside=False
[viz-debug] base_link.pose=(3.539,-1.543) q=(1.000,0.000,-0.000,0.000) qpos[0:3]=(0.539,-0.343,0.001)
[obj_inside_of] obj=obj obj_pos=[ 3.8126264 -1.8011222  0.970374 ] fixture_pos=[ 4.09914677 -1.19979889  0.97534056] fsize=[0.85139319 0.55       0.21540247] shifted_fpos=[ 4.09914677 -1.14979889  0.97534056] lower=[ 3.84914677 -1.34979889  0.71763932] upper=[ 4.34914677 -0.94979889  1.23304179] inside=False
[obj_inside_of] obj=obj obj_pos=[ 3.812633   -1.8011304   0.97037023] fixture_pos=[ 4.09914677 -1.19979889  0.97534056] fsize=[0.85139319 0.55       0.21540247] shifted_fpos=[ 4.09914677 -1.14979889  0.97534056] lower=[ 3.84914677 -1.34979889  0.71763932] upper=[ 4.34914677 -0.94979889  1.23304179] inside=False
[obj_inside_of] obj=obj obj_pos=[ 3.8126388 -1.8011388  0.9703668] fixture_pos=[ 4.09914677 -1.19979889  0.97534056] fsize=[0.85139319 0.55       0.21540247] shifted_fpos=[ 4.09914677 -1.14979889  0.97534056] lower=[ 3.84914677 -1.34979889  0.71763932] upper=[ 4.34914677 -0.94979889  1.23304179] inside=False
[obj_inside_of] obj=obj obj_pos=[ 3.812641  -1.8011464  0.9703635] fixture_pos=[ 4.09914677 -1.19979889  0.97534056] fsize=[0.85139319 0.55       0.21540247] shifted_fpos=[ 4.09914677 -1.14979889  0.97534056] lower=[ 3.84914677 -1.34979889  0.71763932] upper=[ 4.34914677 -0.94979889  1.23304179] inside=False
[obj_inside_of] obj=obj obj_pos=[ 3.8126445  -1.8011553   0.97036076] fixture_pos=[ 4.09914677 -1.19979889  0.97534056] fsize=[0.85139319 0.55       0.21540247] shifted_fpos=[ 4.09914677 -1.14979889  0.97534056] lower=[ 3.84914677 -1.34979889  0.71763932] upper=[ 4.34914677 -0.94979889  1.23304179] inside=False
[obj_inside_of] obj=obj obj_pos=[ 3.8126462 -1.8011616  0.970359 ] fixture_pos=[ 4.09914677 -1.19979889  0.97534056] fsize=[0.85139319 0.55       0.21540247] shifted_fpos=[ 4.09914677 -1.14979889  0.97534056] lower=[ 3.84914677 -1.34979889  0.71763932] upper=[ 4.34914677 -0.94979889  1.23304179] inside=False
[obj_inside_of] obj=obj obj_pos=[ 3.8126457 -1.801163   0.9703568] fixture_pos=[ 4.09914677 -1.19979889  0.97534056] fsize=[0.85139319 0.55       0.21540247] shifted_fpos=[ 4.09914677 -1.14979889  0.97534056] lower=[ 3.84914677 -1.34979889  0.71763932] upper=[ 4.34914677 -0.94979889  1.23304179] inside=False
[obj_inside_of] obj=obj obj_pos=[ 3.8126466  -1.8011678   0.97035545] fixture_pos=[ 4.09914677 -1.19979889  0.97534056] fsize=[0.85139319 0.55       0.21540247] shifted_fpos=[ 4.09914677 -1.14979889  0.97534056] lower=[ 3.84914677 -1.34979889  0.71763932] upper=[ 4.34914677 -0.94979889  1.23304179] inside=False
[obj_inside_of] obj=obj obj_pos=[ 3.8129008  -1.8016866   0.97032094] fixture_pos=[ 4.09914677 -1.19979889  0.97534056] fsize=[0.85139319 0.55       0.21540247] shifted_fpos=[ 4.09914677 -1.14979889  0.97534056] lower=[ 3.84914677 -1.34979889  0.71763932] upper=[ 4.34914677 -0.94979889  1.23304179] inside=False
[obj_inside_of] obj=obj obj_pos=[ 3.8132014  -1.80185     0.97026014] fixture_pos=[ 4.09914677 -1.19979889  0.97534056] fsize=[0.85139319 0.55       0.21540247] shifted_fpos=[ 4.09914677 -1.14979889  0.97534056] lower=[ 3.84914677 -1.34979889  0.71763932] upper=[ 4.34914677 -0.94979889  1.23304179] inside=False
[obj_inside_of] obj=obj obj_pos=[ 3.8132348 -1.8018252  0.9702474] fixture_pos=[ 4.09914677 -1.19979889  0.97534056] fsize=[0.85139319 0.55       0.21540247] shifted_fpos=[ 4.09914677 -1.14979889  0.97534056] lower=[ 3.84914677 -1.34979889  0.71763932] upper=[ 4.34914677 -0.94979889  1.23304179] inside=False
[obj_inside_of] obj=obj obj_pos=[ 3.8132334 -1.8018134  0.9702464] fixture_pos=[ 4.09914677 -1.19979889  0.97534056] fsize=[0.85139319 0.55       0.21540247] shifted_fpos=[ 4.09914677 -1.14979889  0.97534056] lower=[ 3.84914677 -1.34979889  0.71763932] upper=[ 4.34914677 -0.94979889  1.23304179] inside=False
[obj_inside_of] obj=obj obj_pos=[ 3.812343  -1.8029767  0.9706582] fixture_pos=[ 4.09914677 -1.19979889  0.97534056] fsize=[0.85139319 0.55       0.21540247] shifted_fpos=[ 4.09914677 -1.14979889  0.97534056] lower=[ 3.84914677 -1.34979889  0.71763932] upper=[ 4.34914677 -0.94979889  1.23304179] inside=False
[obj_inside_of] obj=obj obj_pos=[ 3.8119097  -1.803517    0.97080773] fixture_pos=[ 4.09914677 -1.19979889  0.97534056] fsize=[0.85139319 0.55       0.21540247] shifted_fpos=[ 4.09914677 -1.14979889  0.97534056] lower=[ 3.84914677 -1.34979889  0.71763932] upper=[ 4.34914677 -0.94979889  1.23304179] inside=False
[obj_inside_of] obj=obj obj_pos=[ 3.8119779 -1.8037534  0.9708972] fixture_pos=[ 4.09914677 -1.19979889  0.97534056] fsize=[0.85139319 0.55       0.21540247] shifted_fpos=[ 4.09914677 -1.14979889  0.97534056] lower=[ 3.84914677 -1.34979889  0.71763932] upper=[ 4.34914677 -0.94979889  1.23304179] inside=False
[obj_inside_of] obj=obj obj_pos=[ 3.8119118 -1.8038005  0.9708823] fixture_pos=[ 4.09914677 -1.19979889  0.97534056] fsize=[0.85139319 0.55       0.21540247] shifted_fpos=[ 4.09914677 -1.14979889  0.97534056] lower=[ 3.84914677 -1.34979889  0.71763932] upper=[ 4.34914677 -0.94979889  1.23304179] inside=False
[obj_inside_of] obj=obj obj_pos=[ 3.8118157  -1.8037863   0.97089154] fixture_pos=[ 4.09914677 -1.19979889  0.97534056] fsize=[0.85139319 0.55       0.21540247] shifted_fpos=[ 4.09914677 -1.14979889  0.97534056] lower=[ 3.84914677 -1.34979889  0.71763932] upper=[ 4.34914677 -0.94979889  1.23304179] inside=False
[obj_inside_of] obj=obj obj_pos=[ 3.8120458 -1.8038613  0.9709294] fixture_pos=[ 4.09914677 -1.19979889  0.97534056] fsize=[0.85139319 0.55       0.21540247] shifted_fpos=[ 4.09914677 -1.14979889  0.97534056] lower=[ 3.84914677 -1.34979889  0.71763932] upper=[ 4.34914677 -0.94979889  1.23304179] inside=False
[obj_inside_of] obj=obj obj_pos=[ 3.8119128  -1.8038706   0.97095954] fixture_pos=[ 4.09914677 -1.19979889  0.97534056] fsize=[0.85139319 0.55       0.21540247] shifted_fpos=[ 4.09914677 -1.14979889  0.97534056] lower=[ 3.84914677 -1.34979889  0.71763932] upper=[ 4.34914677 -0.94979889  1.23304179] inside=False
[obj_inside_of] obj=obj obj_pos=[ 3.8118224  -1.8038492   0.97108257] fixture_pos=[ 4.09914677 -1.19979889  0.97534056] fsize=[0.85139319 0.55       0.21540247] shifted_fpos=[ 4.09914677 -1.14979889  0.97534056] lower=[ 3.84914677 -1.34979889  0.71763932] upper=[ 4.34914677 -0.94979889  1.23304179] inside=False
[obj_inside_of] obj=obj obj_pos=[ 3.8116677 -1.8038568  0.9709793] fixture_pos=[ 4.09914677 -1.19979889  0.97534056] fsize=[0.85139319 0.55       0.21540247] shifted_fpos=[ 4.09914677 -1.14979889  0.97534056] lower=[ 3.84914677 -1.34979889  0.71763932] upper=[ 4.34914677 -0.94979889  1.23304179] inside=False
[obj_inside_of] obj=obj obj_pos=[ 3.8116403  -1.8040352   0.97109604] fixture_pos=[ 4.09914677 -1.19979889  0.97534056] fsize=[0.85139319 0.55       0.21540247] shifted_fpos=[ 4.09914677 -1.14979889  0.97534056] lower=[ 3.84914677 -1.34979889  0.71763932] upper=[ 4.34914677 -0.94979889  1.23304179] inside=False
[obj_inside_of] obj=obj obj_pos=[ 3.8115344 -1.8040198  0.9710682] fixture_pos=[ 4.09914677 -1.19979889  0.97534056] fsize=[0.85139319 0.55       0.21540247] shifted_fpos=[ 4.09914677 -1.14979889  0.97534056] lower=[ 3.84914677 -1.34979889  0.71763932] upper=[ 4.34914677 -0.94979889  1.23304179] inside=False
[obj_inside_of] obj=obj obj_pos=[ 3.8113513  -1.8039563   0.97102666] fixture_pos=[ 4.09914677 -1.19979889  0.97534056] fsize=[0.85139319 0.55       0.21540247] shifted_fpos=[ 4.09914677 -1.14979889  0.97534056] lower=[ 3.84914677 -1.34979889  0.71763932] upper=[ 4.34914677 -0.94979889  1.23304179] inside=False
[obj_inside_of] obj=obj obj_pos=[ 3.8112245  -1.8038558   0.97100395] fixture_pos=[ 4.09914677 -1.19979889  0.97534056] fsize=[0.85139319 0.55       0.21540247] shifted_fpos=[ 4.09914677 -1.14979889  0.97534056] lower=[ 3.84914677 -1.34979889  0.71763932] upper=[ 4.34914677 -0.94979889  1.23304179] inside=False
[obj_inside_of] obj=obj obj_pos=[ 3.8111339  -1.8037875   0.97100055] fixture_pos=[ 4.09914677 -1.19979889  0.97534056] fsize=[0.85139319 0.55       0.21540247] shifted_fpos=[ 4.09914677 -1.14979889  0.97534056] lower=[ 3.84914677 -1.34979889  0.71763932] upper=[ 4.34914677 -0.94979889  1.23304179] inside=False
[obj_inside_of] obj=obj obj_pos=[ 3.8110697  -1.8037366   0.97099555] fixture_pos=[ 4.09914677 -1.19979889  0.97534056] fsize=[0.85139319 0.55       0.21540247] shifted_fpos=[ 4.09914677 -1.14979889  0.97534056] lower=[ 3.84914677 -1.34979889  0.71763932] upper=[ 4.34914677 -0.94979889  1.23304179] inside=False
[obj_inside_of] obj=obj obj_pos=[ 3.8110387 -1.8036952  0.9709905] fixture_pos=[ 4.09914677 -1.19979889  0.97534056] fsize=[0.85139319 0.55       0.21540247] shifted_fpos=[ 4.09914677 -1.14979889  0.97534056] lower=[ 3.84914677 -1.34979889  0.71763932] upper=[ 4.34914677 -0.94979889  1.23304179] inside=False
[obj_inside_of] obj=obj obj_pos=[ 3.8110242  -1.8036643   0.97098696] fixture_pos=[ 4.09914677 -1.19979889  0.97534056] fsize=[0.85139319 0.55       0.21540247] shifted_fpos=[ 4.09914677 -1.14979889  0.97534056] lower=[ 3.84914677 -1.34979889  0.71763932] upper=[ 4.34914677 -0.94979889  1.23304179] inside=False
[obj_inside_of] obj=obj obj_pos=[ 3.8110008 -1.8036507  0.9709856] fixture_pos=[ 4.09914677 -1.19979889  0.97534056] fsize=[0.85139319 0.55       0.21540247] shifted_fpos=[ 4.09914677 -1.14979889  0.97534056] lower=[ 3.84914677 -1.34979889  0.71763932] upper=[ 4.34914677 -0.94979889  1.23304179] inside=False
[obj_inside_of] obj=obj obj_pos=[ 3.8109946  -1.8036437   0.97098374] fixture_pos=[ 4.09914677 -1.19979889  0.97534056] fsize=[0.85139319 0.55       0.21540247] shifted_fpos=[ 4.09914677 -1.14979889  0.97534056] lower=[ 3.84914677 -1.34979889  0.71763932] upper=[ 4.34914677 -0.94979889  1.23304179] inside=False
[obj_inside_of] obj=obj obj_pos=[ 3.8109944 -1.8036381  0.9709831] fixture_pos=[ 4.09914677 -1.19979889  0.97534056] fsize=[0.85139319 0.55       0.21540247] shifted_fpos=[ 4.09914677 -1.14979889  0.97534056] lower=[ 3.84914677 -1.34979889  0.71763932] upper=[ 4.34914677 -0.94979889  1.23304179] inside=False
[obj_inside_of] obj=obj obj_pos=[ 3.8110042 -1.803637   0.9709821] fixture_pos=[ 4.09914677 -1.19979889  0.97534056] fsize=[0.85139319 0.55       0.21540247] shifted_fpos=[ 4.09914677 -1.14979889  0.97534056] lower=[ 3.84914677 -1.34979889  0.71763932] upper=[ 4.34914677 -0.94979889  1.23304179] inside=False
[obj_inside_of] obj=obj obj_pos=[ 3.8109944 -1.8036427  0.9709837] fixture_pos=[ 4.09914677 -1.19979889  0.97534056] fsize=[0.85139319 0.55       0.21540247] shifted_fpos=[ 4.09914677 -1.14979889  0.97534056] lower=[ 3.84914677 -1.34979889  0.71763932] upper=[ 4.34914677 -0.94979889  1.23304179] inside=False
[obj_inside_of] obj=obj obj_pos=[ 3.8110003 -1.8036455  0.970983 ] fixture_pos=[ 4.09914677 -1.19979889  0.97534056] fsize=[0.85139319 0.55       0.21540247] shifted_fpos=[ 4.09914677 -1.14979889  0.97534056] lower=[ 3.84914677 -1.34979889  0.71763932] upper=[ 4.34914677 -0.94979889  1.23304179] inside=False
[obj_inside_of] obj=obj obj_pos=[ 3.8110168 -1.8036454  0.9709827] fixture_pos=[ 4.09914677 -1.19979889  0.97534056] fsize=[0.85139319 0.55       0.21540247] shifted_fpos=[ 4.09914677 -1.14979889  0.97534056] lower=[ 3.84914677 -1.34979889  0.71763932] upper=[ 4.34914677 -0.94979889  1.23304179] inside=False
[obj_inside_of] obj=obj obj_pos=[ 3.811006  -1.8036529  0.9709845] fixture_pos=[ 4.09914677 -1.19979889  0.97534056] fsize=[0.85139319 0.55       0.21540247] shifted_fpos=[ 4.09914677 -1.14979889  0.97534056] lower=[ 3.84914677 -1.34979889  0.71763932] upper=[ 4.34914677 -0.94979889  1.23304179] inside=False
[obj_inside_of] obj=obj obj_pos=[ 3.812049   -1.8039026   0.97148347] fixture_pos=[ 4.09914677 -1.19979889  0.97534056] fsize=[0.85139319 0.55       0.21540247] shifted_fpos=[ 4.09914677 -1.14979889  0.97534056] lower=[ 3.84914677 -1.34979889  0.71763932] upper=[ 4.34914677 -0.94979889  1.23304179] inside=False
[obj_inside_of] obj=obj obj_pos=[ 3.8126159 -1.8042685  0.9717621] fixture_pos=[ 4.09914677 -1.19979889  0.97534056] fsize=[0.85139319 0.55       0.21540247] shifted_fpos=[ 4.09914677 -1.14979889  0.97534056] lower=[ 3.84914677 -1.34979889  0.71763932] upper=[ 4.34914677 -0.94979889  1.23304179] inside=False
[obj_inside_of] obj=obj obj_pos=[ 3.8129919  -1.804918    0.97207576] fixture_pos=[ 4.09914677 -1.19979889  0.97534056] fsize=[0.85139319 0.55       0.21540247] shifted_fpos=[ 4.09914677 -1.14979889  0.97534056] lower=[ 3.84914677 -1.34979889  0.71763932] upper=[ 4.34914677 -0.94979889  1.23304179] inside=False
[obj_inside_of] obj=obj obj_pos=[ 3.813612  -1.8049823  0.9721244] fixture_pos=[ 4.09914677 -1.19979889  0.97534056] fsize=[0.85139319 0.55       0.21540247] shifted_fpos=[ 4.09914677 -1.14979889  0.97534056] lower=[ 3.84914677 -1.34979889  0.71763932] upper=[ 4.34914677 -0.94979889  1.23304179] inside=False
[obj_inside_of] obj=obj obj_pos=[ 3.8143163  -1.8049538   0.97254676] fixture_pos=[ 4.09914677 -1.19979889  0.97534056] fsize=[0.85139319 0.55       0.21540247] shifted_fpos=[ 4.09914677 -1.14979889  0.97534056] lower=[ 3.84914677 -1.34979889  0.71763932] upper=[ 4.34914677 -0.94979889  1.23304179] inside=False
[obj_inside_of] obj=obj obj_pos=[ 3.8147252 -1.8047527  0.9748502] fixture_pos=[ 4.09914677 -1.19979889  0.97534056] fsize=[0.85139319 0.55       0.21540247] shifted_fpos=[ 4.09914677 -1.14979889  0.97534056] lower=[ 3.84914677 -1.34979889  0.71763932] upper=[ 4.34914677 -0.94979889  1.23304179] inside=False
[obj_inside_of] obj=obj obj_pos=[ 3.8151162 -1.8044903  0.9803447] fixture_pos=[ 4.09914677 -1.19979889  0.97534056] fsize=[0.85139319 0.55       0.21540247] shifted_fpos=[ 4.09914677 -1.14979889  0.97534056] lower=[ 3.84914677 -1.34979889  0.71763932] upper=[ 4.34914677 -0.94979889  1.23304179] inside=False
[obj_inside_of] obj=obj obj_pos=[ 3.8154905  -1.8043079   0.98699373] fixture_pos=[ 4.09914677 -1.19979889  0.97534056] fsize=[0.85139319 0.55       0.21540247] shifted_fpos=[ 4.09914677 -1.14979889  0.97534056] lower=[ 3.84914677 -1.34979889  0.71763932] upper=[ 4.34914677 -0.94979889  1.23304179] inside=False
[obj_inside_of] obj=obj obj_pos=[ 3.8159215  -1.8042724   0.99277526] fixture_pos=[ 4.09914677 -1.19979889  0.97534056] fsize=[0.85139319 0.55       0.21540247] shifted_fpos=[ 4.09914677 -1.14979889  0.97534056] lower=[ 3.84914677 -1.34979889  0.71763932] upper=[ 4.34914677 -0.94979889  1.23304179] inside=False
[obj_inside_of] obj=obj obj_pos=[ 3.8162887  -1.8043175   0.99658155] fixture_pos=[ 4.09914677 -1.19979889  0.97534056] fsize=[0.85139319 0.55       0.21540247] shifted_fpos=[ 4.09914677 -1.14979889  0.97534056] lower=[ 3.84914677 -1.34979889  0.71763932] upper=[ 4.34914677 -0.94979889  1.23304179] inside=False
[obj_inside_of] obj=obj obj_pos=[ 3.8166015  -1.8043889   0.99877447] fixture_pos=[ 4.09914677 -1.19979889  0.97534056] fsize=[0.85139319 0.55       0.21540247] shifted_fpos=[ 4.09914677 -1.14979889  0.97534056] lower=[ 3.84914677 -1.34979889  0.71763932] upper=[ 4.34914677 -0.94979889  1.23304179] inside=False
[obj_inside_of] obj=obj obj_pos=[ 3.8169067  -1.8044561   0.99997836] fixture_pos=[ 4.09914677 -1.19979889  0.97534056] fsize=[0.85139319 0.55       0.21540247] shifted_fpos=[ 4.09914677 -1.14979889  0.97534056] lower=[ 3.84914677 -1.34979889  0.71763932] upper=[ 4.34914677 -0.94979889  1.23304179] inside=False
[obj_inside_of] obj=obj obj_pos=[ 3.8171604 -1.8045336  1.0006344] fixture_pos=[ 4.09914677 -1.19979889  0.97534056] fsize=[0.85139319 0.55       0.21540247] shifted_fpos=[ 4.09914677 -1.14979889  0.97534056] lower=[ 3.84914677 -1.34979889  0.71763932] upper=[ 4.34914677 -0.94979889  1.23304179] inside=False
[obj_inside_of] obj=obj obj_pos=[ 3.8174064 -1.8045943  1.0009905] fixture_pos=[ 4.09914677 -1.19979889  0.97534056] fsize=[0.85139319 0.55       0.21540247] shifted_fpos=[ 4.09914677 -1.14979889  0.97534056] lower=[ 3.84914677 -1.34979889  0.71763932] upper=[ 4.34914677 -0.94979889  1.23304179] inside=False
[obj_inside_of] obj=obj obj_pos=[ 3.8176153 -1.8046539  1.0011865] fixture_pos=[ 4.09914677 -1.19979889  0.97534056] fsize=[0.85139319 0.55       0.21540247] shifted_fpos=[ 4.09914677 -1.14979889  0.97534056] lower=[ 3.84914677 -1.34979889  0.71763932] upper=[ 4.34914677 -0.94979889  1.23304179] inside=False
[obj_inside_of] obj=obj obj_pos=[ 3.8178    -1.8047104  1.0012947] fixture_pos=[ 4.09914677 -1.19979889  0.97534056] fsize=[0.85139319 0.55       0.21540247] shifted_fpos=[ 4.09914677 -1.14979889  0.97534056] lower=[ 3.84914677 -1.34979889  0.71763932] upper=[ 4.34914677 -0.94979889  1.23304179] inside=False
[obj_inside_of] obj=obj obj_pos=[ 3.817961  -1.8047616  1.0013565] fixture_pos=[ 4.09914677 -1.19979889  0.97534056] fsize=[0.85139319 0.55       0.21540247] shifted_fpos=[ 4.09914677 -1.14979889  0.97534056] lower=[ 3.84914677 -1.34979889  0.71763932] upper=[ 4.34914677 -0.94979889  1.23304179] inside=False
[obj_inside_of] obj=obj obj_pos=[ 3.81809   -1.8048174  1.0013921] fixture_pos=[ 4.09914677 -1.19979889  0.97534056] fsize=[0.85139319 0.55       0.21540247] shifted_fpos=[ 4.09914677 -1.14979889  0.97534056] lower=[ 3.84914677 -1.34979889  0.71763932] upper=[ 4.34914677 -0.94979889  1.23304179] inside=False
[obj_inside_of] obj=obj obj_pos=[ 3.8182242 -1.804853   1.0014132] fixture_pos=[ 4.09914677 -1.19979889  0.97534056] fsize=[0.85139319 0.55       0.21540247] shifted_fpos=[ 4.09914677 -1.14979889  0.97534056] lower=[ 3.84914677 -1.34979889  0.71763932] upper=[ 4.34914677 -0.94979889  1.23304179] inside=False
[obj_inside_of] obj=obj obj_pos=[ 3.818318  -1.8048888  1.0014262] fixture_pos=[ 4.09914677 -1.19979889  0.97534056] fsize=[0.85139319 0.55       0.21540247] shifted_fpos=[ 4.09914677 -1.14979889  0.97534056] lower=[ 3.84914677 -1.34979889  0.71763932] upper=[ 4.34914677 -0.94979889  1.23304179] inside=False
[obj_inside_of] obj=obj obj_pos=[ 3.818416  -1.8049117  1.0014324] fixture_pos=[ 4.09914677 -1.19979889  0.97534056] fsize=[0.85139319 0.55       0.21540247] shifted_fpos=[ 4.09914677 -1.14979889  0.97534056] lower=[ 3.84914677 -1.34979889  0.71763932] upper=[ 4.34914677 -0.94979889  1.23304179] inside=False
[obj_inside_of] obj=obj obj_pos=[ 3.8184927 -1.8049335  1.0014365] fixture_pos=[ 4.09914677 -1.19979889  0.97534056] fsize=[0.85139319 0.55       0.21540247] shifted_fpos=[ 4.09914677 -1.14979889  0.97534056] lower=[ 3.84914677 -1.34979889  0.71763932] upper=[ 4.34914677 -0.94979889  1.23304179] inside=False
[obj_inside_of] obj=obj obj_pos=[ 3.8185573 -1.8049599  1.0014408] fixture_pos=[ 4.09914677 -1.19979889  0.97534056] fsize=[0.85139319 0.55       0.21540247] shifted_fpos=[ 4.09914677 -1.14979889  0.97534056] lower=[ 3.84914677 -1.34979889  0.71763932] upper=[ 4.34914677 -0.94979889  1.23304179] inside=False
[obj_inside_of] obj=obj obj_pos=[ 3.8186052 -1.8049806  1.0014437] fixture_pos=[ 4.09914677 -1.19979889  0.97534056] fsize=[0.85139319 0.55       0.21540247] shifted_fpos=[ 4.09914677 -1.14979889  0.97534056] lower=[ 3.84914677 -1.34979889  0.71763932] upper=[ 4.34914677 -0.94979889  1.23304179] inside=False
[obj_inside_of] obj=obj obj_pos=[ 3.8186536 -1.804997   1.0014448] fixture_pos=[ 4.09914677 -1.19979889  0.97534056] fsize=[0.85139319 0.55       0.21540247] shifted_fpos=[ 4.09914677 -1.14979889  0.97534056] lower=[ 3.84914677 -1.34979889  0.71763932] upper=[ 4.34914677 -0.94979889  1.23304179] inside=False
[obj_inside_of] obj=obj obj_pos=[ 3.818817  -1.8052901  1.0019768] fixture_pos=[ 4.09914677 -1.19979889  0.97534056] fsize=[0.85139319 0.55       0.21540247] shifted_fpos=[ 4.09914677 -1.14979889  0.97534056] lower=[ 3.84914677 -1.34979889  0.71763932] upper=[ 4.34914677 -0.94979889  1.23304179] inside=False
[obj_inside_of] obj=obj obj_pos=[ 3.8189983 -1.8055552  1.0026144] fixture_pos=[ 4.09914677 -1.19979889  0.97534056] fsize=[0.85139319 0.55       0.21540247] shifted_fpos=[ 4.09914677 -1.14979889  0.97534056] lower=[ 3.84914677 -1.34979889  0.71763932] upper=[ 4.34914677 -0.94979889  1.23304179] inside=False
[obj_inside_of] obj=obj obj_pos=[ 3.8191485 -1.8058364  1.0032523] fixture_pos=[ 4.09914677 -1.19979889  0.97534056] fsize=[0.85139319 0.55       0.21540247] shifted_fpos=[ 4.09914677 -1.14979889  0.97534056] lower=[ 3.84914677 -1.34979889  0.71763932] upper=[ 4.34914677 -0.94979889  1.23304179] inside=False
[obj_inside_of] obj=obj obj_pos=[ 3.8193173 -1.8060938  1.003888 ] fixture_pos=[ 4.09914677 -1.19979889  0.97534056] fsize=[0.85139319 0.55       0.21540247] shifted_fpos=[ 4.09914677 -1.14979889  0.97534056] lower=[ 3.84914677 -1.34979889  0.71763932] upper=[ 4.34914677 -0.94979889  1.23304179] inside=False
[obj_inside_of] obj=obj obj_pos=[ 3.819467  -1.806357   1.0045252] fixture_pos=[ 4.09914677 -1.19979889  0.97534056] fsize=[0.85139319 0.55       0.21540247] shifted_fpos=[ 4.09914677 -1.14979889  0.97534056] lower=[ 3.84914677 -1.34979889  0.71763932] upper=[ 4.34914677 -0.94979889  1.23304179] inside=False
[obj_inside_of] obj=obj obj_pos=[ 3.8194723 -1.8061523  1.0066004] fixture_pos=[ 4.09914677 -1.19979889  0.97534056] fsize=[0.85139319 0.55       0.21540247] shifted_fpos=[ 4.09914677 -1.14979889  0.97534056] lower=[ 3.84914677 -1.34979889  0.71763932] upper=[ 4.34914677 -0.94979889  1.23304179] inside=False
[obj_inside_of] obj=obj obj_pos=[ 3.8194351 -1.8059945  1.0118333] fixture_pos=[ 4.09914677 -1.19979889  0.97534056] fsize=[0.85139319 0.55       0.21540247] shifted_fpos=[ 4.09914677 -1.14979889  0.97534056] lower=[ 3.84914677 -1.34979889  0.71763932] upper=[ 4.34914677 -0.94979889  1.23304179] inside=False
[obj_inside_of] obj=obj obj_pos=[ 3.819421  -1.805921   1.0187713] fixture_pos=[ 4.09914677 -1.19979889  0.97534056] fsize=[0.85139319 0.55       0.21540247] shifted_fpos=[ 4.09914677 -1.14979889  0.97534056] lower=[ 3.84914677 -1.34979889  0.71763932] upper=[ 4.34914677 -0.94979889  1.23304179] inside=False
[obj_inside_of] obj=obj obj_pos=[ 3.8194005 -1.8058766  1.0251921] fixture_pos=[ 4.09914677 -1.19979889  0.97534056] fsize=[0.85139319 0.55       0.21540247] shifted_fpos=[ 4.09914677 -1.14979889  0.97534056] lower=[ 3.84914677 -1.34979889  0.71763932] upper=[ 4.34914677 -0.94979889  1.23304179] inside=False
[obj_inside_of] obj=obj obj_pos=[ 3.8194387 -1.8058597  1.0295963] fixture_pos=[ 4.09914677 -1.19979889  0.97534056] fsize=[0.85139319 0.55       0.21540247] shifted_fpos=[ 4.09914677 -1.14979889  0.97534056] lower=[ 3.84914677 -1.34979889  0.71763932] upper=[ 4.34914677 -0.94979889  1.23304179] inside=False
[obj_inside_of] obj=obj obj_pos=[ 3.8194652 -1.8058329  1.0322284] fixture_pos=[ 4.09914677 -1.19979889  0.97534056] fsize=[0.85139319 0.55       0.21540247] shifted_fpos=[ 4.09914677 -1.14979889  0.97534056] lower=[ 3.84914677 -1.34979889  0.71763932] upper=[ 4.34914677 -0.94979889  1.23304179] inside=False
[obj_inside_of] obj=obj obj_pos=[ 3.8194985 -1.8058132  1.0337   ] fixture_pos=[ 4.09914677 -1.19979889  0.97534056] fsize=[0.85139319 0.55       0.21540247] shifted_fpos=[ 4.09914677 -1.14979889  0.97534056] lower=[ 3.84914677 -1.34979889  0.71763932] upper=[ 4.34914677 -0.94979889  1.23304179] inside=False
[obj_inside_of] obj=obj obj_pos=[ 3.819526  -1.8058168  1.0345064] fixture_pos=[ 4.09914677 -1.19979889  0.97534056] fsize=[0.85139319 0.55       0.21540247] shifted_fpos=[ 4.09914677 -1.14979889  0.97534056] lower=[ 3.84914677 -1.34979889  0.71763932] upper=[ 4.34914677 -0.94979889  1.23304179] inside=False
[obj_inside_of] obj=obj obj_pos=[ 3.8195748 -1.8058096  1.0349456] fixture_pos=[ 4.09914677 -1.19979889  0.97534056] fsize=[0.85139319 0.55       0.21540247] shifted_fpos=[ 4.09914677 -1.14979889  0.97534056] lower=[ 3.84914677 -1.34979889  0.71763932] upper=[ 4.34914677 -0.94979889  1.23304179] inside=False
[obj_inside_of] obj=obj obj_pos=[ 3.8196042 -1.8058085  1.0351862] fixture_pos=[ 4.09914677 -1.19979889  0.97534056] fsize=[0.85139319 0.55       0.21540247] shifted_fpos=[ 4.09914677 -1.14979889  0.97534056] lower=[ 3.84914677 -1.34979889  0.71763932] upper=[ 4.34914677 -0.94979889  1.23304179] inside=False
[obj_inside_of] obj=obj obj_pos=[ 3.8196278 -1.8058112  1.0353199] fixture_pos=[ 4.09914677 -1.19979889  0.97534056] fsize=[0.85139319 0.55       0.21540247] shifted_fpos=[ 4.09914677 -1.14979889  0.97534056] lower=[ 3.84914677 -1.34979889  0.71763932] upper=[ 4.34914677 -0.94979889  1.23304179] inside=False
[obj_inside_of] obj=obj obj_pos=[ 3.8196452 -1.8058145  1.0353948] fixture_pos=[ 4.09914677 -1.19979889  0.97534056] fsize=[0.85139319 0.55       0.21540247] shifted_fpos=[ 4.09914677 -1.14979889  0.97534056] lower=[ 3.84914677 -1.34979889  0.71763932] upper=[ 4.34914677 -0.94979889  1.23304179] inside=False
[obj_inside_of] obj=obj obj_pos=[ 3.8196564 -1.8058182  1.035437 ] fixture_pos=[ 4.09914677 -1.19979889  0.97534056] fsize=[0.85139319 0.55       0.21540247] shifted_fpos=[ 4.09914677 -1.14979889  0.97534056] lower=[ 3.84914677 -1.34979889  0.71763932] upper=[ 4.34914677 -0.94979889  1.23304179] inside=False
[obj_inside_of] obj=obj obj_pos=[ 3.8196642 -1.8058202  1.0354613] fixture_pos=[ 4.09914677 -1.19979889  0.97534056] fsize=[0.85139319 0.55       0.21540247] shifted_fpos=[ 4.09914677 -1.14979889  0.97534056] lower=[ 3.84914677 -1.34979889  0.71763932] upper=[ 4.34914677 -0.94979889  1.23304179] inside=False
[obj_inside_of] obj=obj obj_pos=[ 3.8196583 -1.8058308  1.0354768] fixture_pos=[ 4.09914677 -1.19979889  0.97534056] fsize=[0.85139319 0.55       0.21540247] shifted_fpos=[ 4.09914677 -1.14979889  0.97534056] lower=[ 3.84914677 -1.34979889  0.71763932] upper=[ 4.34914677 -0.94979889  1.23304179] inside=False
[obj_inside_of] obj=obj obj_pos=[ 3.8196592 -1.8058358  1.035487 ] fixture_pos=[ 4.09914677 -1.19979889  0.97534056] fsize=[0.85139319 0.55       0.21540247] shifted_fpos=[ 4.09914677 -1.14979889  0.97534056] lower=[ 3.84914677 -1.34979889  0.71763932] upper=[ 4.34914677 -0.94979889  1.23304179] inside=False
[obj_inside_of] obj=obj obj_pos=[ 3.8196597 -1.8058361  1.0354917] fixture_pos=[ 4.09914677 -1.19979889  0.97534056] fsize=[0.85139319 0.55       0.21540247] shifted_fpos=[ 4.09914677 -1.14979889  0.97534056] lower=[ 3.84914677 -1.34979889  0.71763932] upper=[ 4.34914677 -0.94979889  1.23304179] inside=False
[obj_inside_of] obj=obj obj_pos=[ 3.819667  -1.8058258  1.035494 ] fixture_pos=[ 4.09914677 -1.19979889  0.97534056] fsize=[0.85139319 0.55       0.21540247] shifted_fpos=[ 4.09914677 -1.14979889  0.97534056] lower=[ 3.84914677 -1.34979889  0.71763932] upper=[ 4.34914677 -0.94979889  1.23304179] inside=False
[obj_inside_of] obj=obj obj_pos=[ 3.8196638 -1.8058239  1.0354952] fixture_pos=[ 4.09914677 -1.19979889  0.97534056] fsize=[0.85139319 0.55       0.21540247] shifted_fpos=[ 4.09914677 -1.14979889  0.97534056] lower=[ 3.84914677 -1.34979889  0.71763932] upper=[ 4.34914677 -0.94979889  1.23304179] inside=False
[obj_inside_of] obj=obj obj_pos=[ 3.8196585 -1.8058232  1.0354965] fixture_pos=[ 4.09914677 -1.19979889  0.97534056] fsize=[0.85139319 0.55       0.21540247] shifted_fpos=[ 4.09914677 -1.14979889  0.97534056] lower=[ 3.84914677 -1.34979889  0.71763932] upper=[ 4.34914677 -0.94979889  1.23304179] inside=False
[obj_inside_of] obj=obj obj_pos=[ 3.8197622 -1.8061225  1.0360404] fixture_pos=[ 4.09914677 -1.19979889  0.97534056] fsize=[0.85139319 0.55       0.21540247] shifted_fpos=[ 4.09914677 -1.14979889  0.97534056] lower=[ 3.84914677 -1.34979889  0.71763932] upper=[ 4.34914677 -0.94979889  1.23304179] inside=False
[obj_inside_of] obj=obj obj_pos=[ 3.8198812 -1.8063891  1.0366867] fixture_pos=[ 4.09914677 -1.19979889  0.97534056] fsize=[0.85139319 0.55       0.21540247] shifted_fpos=[ 4.09914677 -1.14979889  0.97534056] lower=[ 3.84914677 -1.34979889  0.71763932] upper=[ 4.34914677 -0.94979889  1.23304179] inside=False
[obj_inside_of] obj=obj obj_pos=[ 3.8200066 -1.8066446  1.0373286] fixture_pos=[ 4.09914677 -1.19979889  0.97534056] fsize=[0.85139319 0.55       0.21540247] shifted_fpos=[ 4.09914677 -1.14979889  0.97534056] lower=[ 3.84914677 -1.34979889  0.71763932] upper=[ 4.34914677 -0.94979889  1.23304179] inside=False
[obj_inside_of] obj=obj obj_pos=[ 3.8201032 -1.80671    1.0376107] fixture_pos=[ 4.09914677 -1.19979889  0.97534056] fsize=[0.85139319 0.55       0.21540247] shifted_fpos=[ 4.09914677 -1.14979889  0.97534056] lower=[ 3.84914677 -1.34979889  0.71763932] upper=[ 4.34914677 -0.94979889  1.23304179] inside=False
[obj_inside_of] obj=obj obj_pos=[ 3.8202376 -1.8069667  1.0381682] fixture_pos=[ 4.09914677 -1.19979889  0.97534056] fsize=[0.85139319 0.55       0.21540247] shifted_fpos=[ 4.09914677 -1.14979889  0.97534056] lower=[ 3.84914677 -1.34979889  0.71763932] upper=[ 4.34914677 -0.94979889  1.23304179] inside=False
[obj_inside_of] obj=obj obj_pos=[ 3.8202205 -1.8068395  1.0411999] fixture_pos=[ 4.09914677 -1.19979889  0.97534056] fsize=[0.85139319 0.55       0.21540247] shifted_fpos=[ 4.09914677 -1.14979889  0.97534056] lower=[ 3.84914677 -1.34979889  0.71763932] upper=[ 4.34914677 -0.94979889  1.23304179] inside=False
[obj_inside_of] obj=obj obj_pos=[ 3.820171 -1.806722  1.046493] fixture_pos=[ 4.09914677 -1.19979889  0.97534056] fsize=[0.85139319 0.55       0.21540247] shifted_fpos=[ 4.09914677 -1.14979889  0.97534056] lower=[ 3.84914677 -1.34979889  0.71763932] upper=[ 4.34914677 -0.94979889  1.23304179] inside=False
[obj_inside_of] obj=obj obj_pos=[ 3.820106  -1.8066676  1.0532231] fixture_pos=[ 4.09914677 -1.19979889  0.97534056] fsize=[0.85139319 0.55       0.21540247] shifted_fpos=[ 4.09914677 -1.14979889  0.97534056] lower=[ 3.84914677 -1.34979889  0.71763932] upper=[ 4.34914677 -0.94979889  1.23304179] inside=False
[obj_inside_of] obj=obj obj_pos=[ 3.8200588 -1.8066124  1.059471 ] fixture_pos=[ 4.09914677 -1.19979889  0.97534056] fsize=[0.85139319 0.55       0.21540247] shifted_fpos=[ 4.09914677 -1.14979889  0.97534056] lower=[ 3.84914677 -1.34979889  0.71763932] upper=[ 4.34914677 -0.94979889  1.23304179] inside=False
[obj_inside_of] obj=obj obj_pos=[ 3.8200746 -1.8065873  1.0637586] fixture_pos=[ 4.09914677 -1.19979889  0.97534056] fsize=[0.85139319 0.55       0.21540247] shifted_fpos=[ 4.09914677 -1.14979889  0.97534056] lower=[ 3.84914677 -1.34979889  0.71763932] upper=[ 4.34914677 -0.94979889  1.23304179] inside=False
[obj_inside_of] obj=obj obj_pos=[ 3.8200953 -1.8065674  1.066336 ] fixture_pos=[ 4.09914677 -1.19979889  0.97534056] fsize=[0.85139319 0.55       0.21540247] shifted_fpos=[ 4.09914677 -1.14979889  0.97534056] lower=[ 3.84914677 -1.34979889  0.71763932] upper=[ 4.34914677 -0.94979889  1.23304179] inside=False
[obj_inside_of] obj=obj obj_pos=[ 3.820136  -1.806557   1.0677835] fixture_pos=[ 4.09914677 -1.19979889  0.97534056] fsize=[0.85139319 0.55       0.21540247] shifted_fpos=[ 4.09914677 -1.14979889  0.97534056] lower=[ 3.84914677 -1.34979889  0.71763932] upper=[ 4.34914677 -0.94979889  1.23304179] inside=False
[obj_inside_of] obj=obj obj_pos=[ 3.8201826 -1.8065529  1.0685785] fixture_pos=[ 4.09914677 -1.19979889  0.97534056] fsize=[0.85139319 0.55       0.21540247] shifted_fpos=[ 4.09914677 -1.14979889  0.97534056] lower=[ 3.84914677 -1.34979889  0.71763932] upper=[ 4.34914677 -0.94979889  1.23304179] inside=False
[obj_inside_of] obj=obj obj_pos=[ 3.8202171 -1.8065634  1.0690157] fixture_pos=[ 4.09914677 -1.19979889  0.97534056] fsize=[0.85139319 0.55       0.21540247] shifted_fpos=[ 4.09914677 -1.14979889  0.97534056] lower=[ 3.84914677 -1.34979889  0.71763932] upper=[ 4.34914677 -0.94979889  1.23304179] inside=False
[obj_inside_of] obj=obj obj_pos=[ 3.8202643 -1.8065649  1.0692565] fixture_pos=[ 4.09914677 -1.19979889  0.97534056] fsize=[0.85139319 0.55       0.21540247] shifted_fpos=[ 4.09914677 -1.14979889  0.97534056] lower=[ 3.84914677 -1.34979889  0.71763932] upper=[ 4.34914677 -0.94979889  1.23304179] inside=False
[obj_inside_of] obj=obj obj_pos=[ 3.8202918 -1.8065703  1.069391 ] fixture_pos=[ 4.09914677 -1.19979889  0.97534056] fsize=[0.85139319 0.55       0.21540247] shifted_fpos=[ 4.09914677 -1.14979889  0.97534056] lower=[ 3.84914677 -1.34979889  0.71763932] upper=[ 4.34914677 -0.94979889  1.23304179] inside=False
[obj_inside_of] obj=obj obj_pos=[ 3.8203099 -1.8065755  1.0694679] fixture_pos=[ 4.09914677 -1.19979889  0.97534056] fsize=[0.85139319 0.55       0.21540247] shifted_fpos=[ 4.09914677 -1.14979889  0.97534056] lower=[ 3.84914677 -1.34979889  0.71763932] upper=[ 4.34914677 -0.94979889  1.23304179] inside=False
[obj_inside_of] obj=obj obj_pos=[ 3.8203216 -1.8065792  1.0695115] fixture_pos=[ 4.09914677 -1.19979889  0.97534056] fsize=[0.85139319 0.55       0.21540247] shifted_fpos=[ 4.09914677 -1.14979889  0.97534056] lower=[ 3.84914677 -1.34979889  0.71763932] upper=[ 4.34914677 -0.94979889  1.23304179] inside=False
[obj_inside_of] obj=obj obj_pos=[ 3.8203177 -1.8065889  1.0695392] fixture_pos=[ 4.09914677 -1.19979889  0.97534056] fsize=[0.85139319 0.55       0.21540247] shifted_fpos=[ 4.09914677 -1.14979889  0.97534056] lower=[ 3.84914677 -1.34979889  0.71763932] upper=[ 4.34914677 -0.94979889  1.23304179] inside=False
[obj_inside_of] obj=obj obj_pos=[ 3.8203301 -1.806588   1.069554 ] fixture_pos=[ 4.09914677 -1.19979889  0.97534056] fsize=[0.85139319 0.55       0.21540247] shifted_fpos=[ 4.09914677 -1.14979889  0.97534056] lower=[ 3.84914677 -1.34979889  0.71763932] upper=[ 4.34914677 -0.94979889  1.23304179] inside=False
[obj_inside_of] obj=obj obj_pos=[ 3.8203287 -1.8065884  1.0695627] fixture_pos=[ 4.09914677 -1.19979889  0.97534056] fsize=[0.85139319 0.55       0.21540247] shifted_fpos=[ 4.09914677 -1.14979889  0.97534056] lower=[ 3.84914677 -1.34979889  0.71763932] upper=[ 4.34914677 -0.94979889  1.23304179] inside=False
[obj_inside_of] obj=obj obj_pos=[ 3.8203254 -1.8065866  1.069568 ] fixture_pos=[ 4.09914677 -1.19979889  0.97534056] fsize=[0.85139319 0.55       0.21540247] shifted_fpos=[ 4.09914677 -1.14979889  0.97534056] lower=[ 3.84914677 -1.34979889  0.71763932] upper=[ 4.34914677 -0.94979889  1.23304179] inside=False
[obj_inside_of] obj=obj obj_pos=[ 3.820319  -1.806592   1.0695722] fixture_pos=[ 4.09914677 -1.19979889  0.97534056] fsize=[0.85139319 0.55       0.21540247] shifted_fpos=[ 4.09914677 -1.14979889  0.97534056] lower=[ 3.84914677 -1.34979889  0.71763932] upper=[ 4.34914677 -0.94979889  1.23304179] inside=False
[obj_inside_of] obj=obj obj_pos=[ 3.8203135 -1.8065913  1.0695744] fixture_pos=[ 4.09914677 -1.19979889  0.97534056] fsize=[0.85139319 0.55       0.21540247] shifted_fpos=[ 4.09914677 -1.14979889  0.97534056] lower=[ 3.84914677 -1.34979889  0.71763932] upper=[ 4.34914677 -0.94979889  1.23304179] inside=False
[obj_inside_of] obj=obj obj_pos=[ 3.8203003 -1.8065926  1.0695767] fixture_pos=[ 4.09914677 -1.19979889  0.97534056] fsize=[0.85139319 0.55       0.21540247] shifted_fpos=[ 4.09914677 -1.14979889  0.97534056] lower=[ 3.84914677 -1.34979889  0.71763932] upper=[ 4.34914677 -0.94979889  1.23304179] inside=False
[obj_inside_of] obj=obj obj_pos=[ 3.8204153 -1.8068854  1.070127 ] fixture_pos=[ 4.09914677 -1.19979889  0.97534056] fsize=[0.85139319 0.55       0.21540247] shifted_fpos=[ 4.09914677 -1.14979889  0.97534056] lower=[ 3.84914677 -1.34979889  0.71763932] upper=[ 4.34914677 -0.94979889  1.23304179] inside=False
[obj_inside_of] obj=obj obj_pos=[ 3.8205218 -1.807144   1.0707767] fixture_pos=[ 4.09914677 -1.19979889  0.97534056] fsize=[0.85139319 0.55       0.21540247] shifted_fpos=[ 4.09914677 -1.14979889  0.97534056] lower=[ 3.84914677 -1.34979889  0.71763932] upper=[ 4.34914677 -0.94979889  1.23304179] inside=False
[obj_inside_of] obj=obj obj_pos=[ 3.820625  -1.8074037  1.0714265] fixture_pos=[ 4.09914677 -1.19979889  0.97534056] fsize=[0.85139319 0.55       0.21540247] shifted_fpos=[ 4.09914677 -1.14979889  0.97534056] lower=[ 3.84914677 -1.34979889  0.71763932] upper=[ 4.34914677 -0.94979889  1.23304179] inside=False
[obj_inside_of] obj=obj obj_pos=[ 3.820722  -1.8074557  1.0716453] fixture_pos=[ 4.09914677 -1.19979889  0.97534056] fsize=[0.85139319 0.55       0.21540247] shifted_fpos=[ 4.09914677 -1.14979889  0.97534056] lower=[ 3.84914677 -1.34979889  0.71763932] upper=[ 4.34914677 -0.94979889  1.23304179] inside=False
[obj_inside_of] obj=obj obj_pos=[ 3.8208394 -1.8077253  1.0721986] fixture_pos=[ 4.09914677 -1.19979889  0.97534056] fsize=[0.85139319 0.55       0.21540247] shifted_fpos=[ 4.09914677 -1.14979889  0.97534056] lower=[ 3.84914677 -1.34979889  0.71763932] upper=[ 4.34914677 -0.94979889  1.23304179] inside=False
[obj_inside_of] obj=obj obj_pos=[ 3.8208776 -1.8076974  1.0734843] fixture_pos=[ 4.09914677 -1.19979889  0.97534056] fsize=[0.85139319 0.55       0.21540247] shifted_fpos=[ 4.09914677 -1.14979889  0.97534056] lower=[ 3.84914677 -1.34979889  0.71763932] upper=[ 4.34914677 -0.94979889  1.23304179] inside=False
[obj_inside_of] obj=obj obj_pos=[ 3.8208063 -1.8075386  1.0777673] fixture_pos=[ 4.09914677 -1.19979889  0.97534056] fsize=[0.85139319 0.55       0.21540247] shifted_fpos=[ 4.09914677 -1.14979889  0.97534056] lower=[ 3.84914677 -1.34979889  0.71763932] upper=[ 4.34914677 -0.94979889  1.23304179] inside=False
[obj_inside_of] obj=obj obj_pos=[ 3.8207257 -1.8074644  1.084502 ] fixture_pos=[ 4.09914677 -1.19979889  0.97534056] fsize=[0.85139319 0.55       0.21540247] shifted_fpos=[ 4.09914677 -1.14979889  0.97534056] lower=[ 3.84914677 -1.34979889  0.71763932] upper=[ 4.34914677 -0.94979889  1.23304179] inside=False
[obj_inside_of] obj=obj obj_pos=[ 3.8206296 -1.8073865  1.0912967] fixture_pos=[ 4.09914677 -1.19979889  0.97534056] fsize=[0.85139319 0.55       0.21540247] shifted_fpos=[ 4.09914677 -1.14979889  0.97534056] lower=[ 3.84914677 -1.34979889  0.71763932] upper=[ 4.34914677 -0.94979889  1.23304179] inside=False
[obj_inside_of] obj=obj obj_pos=[ 3.8205757 -1.8073031  1.0966576] fixture_pos=[ 4.09914677 -1.19979889  0.97534056] fsize=[0.85139319 0.55       0.21540247] shifted_fpos=[ 4.09914677 -1.14979889  0.97534056] lower=[ 3.84914677 -1.34979889  0.71763932] upper=[ 4.34914677 -0.94979889  1.23304179] inside=False
[obj_inside_of] obj=obj obj_pos=[ 3.8205988 -1.8072859  1.0999529] fixture_pos=[ 4.09914677 -1.19979889  0.97534056] fsize=[0.85139319 0.55       0.21540247] shifted_fpos=[ 4.09914677 -1.14979889  0.97534056] lower=[ 3.84914677 -1.34979889  0.71763932] upper=[ 4.34914677 -0.94979889  1.23304179] inside=False
[obj_inside_of] obj=obj obj_pos=[ 3.8206534 -1.8072845  1.1018269] fixture_pos=[ 4.09914677 -1.19979889  0.97534056] fsize=[0.85139319 0.55       0.21540247] shifted_fpos=[ 4.09914677 -1.14979889  0.97534056] lower=[ 3.84914677 -1.34979889  0.71763932] upper=[ 4.34914677 -0.94979889  1.23304179] inside=False
[obj_inside_of] obj=obj obj_pos=[ 3.8207247 -1.8072834  1.1028646] fixture_pos=[ 4.09914677 -1.19979889  0.97534056] fsize=[0.85139319 0.55       0.21540247] shifted_fpos=[ 4.09914677 -1.14979889  0.97534056] lower=[ 3.84914677 -1.34979889  0.71763932] upper=[ 4.34914677 -0.94979889  1.23304179] inside=False
[obj_inside_of] obj=obj obj_pos=[ 3.8207855 -1.8073031  1.1034392] fixture_pos=[ 4.09914677 -1.19979889  0.97534056] fsize=[0.85139319 0.55       0.21540247] shifted_fpos=[ 4.09914677 -1.14979889  0.97534056] lower=[ 3.84914677 -1.34979889  0.71763932] upper=[ 4.34914677 -0.94979889  1.23304179] inside=False
[perceive] 1 objects from ['base_camera', 'wrist_camera']: ['spout']
[obj_inside_of] obj=obj obj_pos=[ 3.8208447 -1.8073181  1.1037595] fixture_pos=[ 4.09914677 -1.19979889  0.97534056] fsize=[0.85139319 0.55       0.21540247] shifted_fpos=[ 4.09914677 -1.14979889  0.97534056] lower=[ 3.84914677 -1.34979889  0.71763932] upper=[ 4.34914677 -0.94979889  1.23304179] inside=False
[obj_inside_of] obj=obj obj_pos=[ 3.820899  -1.8073221  1.1039374] fixture_pos=[ 4.09914677 -1.19979889  0.97534056] fsize=[0.85139319 0.55       0.21540247] shifted_fpos=[ 4.09914677 -1.14979889  0.97534056] lower=[ 3.84914677 -1.34979889  0.71763932] upper=[ 4.34914677 -0.94979889  1.23304179] inside=False
[obj_inside_of] obj=obj obj_pos=[ 3.8209302 -1.8073312  1.1040401] fixture_pos=[ 4.09914677 -1.19979889  0.97534056] fsize=[0.85139319 0.55       0.21540247] shifted_fpos=[ 4.09914677 -1.14979889  0.97534056] lower=[ 3.84914677 -1.34979889  0.71763932] upper=[ 4.34914677 -0.94979889  1.23304179] inside=False
[obj_inside_of] obj=obj obj_pos=[ 3.82095   -1.8073384  1.1040995] fixture_pos=[ 4.09914677 -1.19979889  0.97534056] fsize=[0.85139319 0.55       0.21540247] shifted_fpos=[ 4.09914677 -1.14979889  0.97534056] lower=[ 3.84914677 -1.34979889  0.71763932] upper=[ 4.34914677 -0.94979889  1.23304179] inside=False
[obj_inside_of] obj=obj obj_pos=[ 3.82096   -1.8073443  1.1041353] fixture_pos=[ 4.09914677 -1.19979889  0.97534056] fsize=[0.85139319 0.55       0.21540247] shifted_fpos=[ 4.09914677 -1.14979889  0.97534056] lower=[ 3.84914677 -1.34979889  0.71763932] upper=[ 4.34914677 -0.94979889  1.23304179] inside=False
[obj_inside_of] obj=obj obj_pos=[ 3.8209658 -1.807347   1.1041569] fixture_pos=[ 4.09914677 -1.19979889  0.97534056] fsize=[0.85139319 0.55       0.21540247] shifted_fpos=[ 4.09914677 -1.14979889  0.97534056] lower=[ 3.84914677 -1.34979889  0.71763932] upper=[ 4.34914677 -0.94979889  1.23304179] inside=False
[obj_inside_of] obj=obj obj_pos=[ 3.8209648 -1.8073486  1.1041697] fixture_pos=[ 4.09914677 -1.19979889  0.97534056] fsize=[0.85139319 0.55       0.21540247] shifted_fpos=[ 4.09914677 -1.14979889  0.97534056] lower=[ 3.84914677 -1.34979889  0.71763932] upper=[ 4.34914677 -0.94979889  1.23304179] inside=False
[obj_inside_of] obj=obj obj_pos=[ 3.8209612 -1.8073491  1.1041778] fixture_pos=[ 4.09914677 -1.19979889  0.97534056] fsize=[0.85139319 0.55       0.21540247] shifted_fpos=[ 4.09914677 -1.14979889  0.97534056] lower=[ 3.84914677 -1.34979889  0.71763932] upper=[ 4.34914677 -0.94979889  1.23304179] inside=False
[obj_inside_of] obj=obj obj_pos=[ 3.820956  -1.8073492  1.1041832] fixture_pos=[ 4.09914677 -1.19979889  0.97534056] fsize=[0.85139319 0.55       0.21540247] shifted_fpos=[ 4.09914677 -1.14979889  0.97534056] lower=[ 3.84914677 -1.34979889  0.71763932] upper=[ 4.34914677 -0.94979889  1.23304179] inside=False
[obj_inside_of] obj=obj obj_pos=[ 3.820949  -1.807349   1.1041868] fixture_pos=[ 4.09914677 -1.19979889  0.97534056] fsize=[0.85139319 0.55       0.21540247] shifted_fpos=[ 4.09914677 -1.14979889  0.97534056] lower=[ 3.84914677 -1.34979889  0.71763932] upper=[ 4.34914677 -0.94979889  1.23304179] inside=False
[obj_inside_of] obj=obj obj_pos=[ 3.8209407 -1.8073477  1.1041887] fixture_pos=[ 4.09914677 -1.19979889  0.97534056] fsize=[0.85139319 0.55       0.21540247] shifted_fpos=[ 4.09914677 -1.14979889  0.97534056] lower=[ 3.84914677 -1.34979889  0.71763932] upper=[ 4.34914677 -0.94979889  1.23304179] inside=False
[obj_inside_of] obj=obj obj_pos=[ 3.8209305 -1.8073459  1.1041907] fixture_pos=[ 4.09914677 -1.19979889  0.97534056] fsize=[0.85139319 0.55       0.21540247] shifted_fpos=[ 4.09914677 -1.14979889  0.97534056] lower=[ 3.84914677 -1.34979889  0.71763932] upper=[ 4.34914677 -0.94979889  1.23304179] inside=False
[obj_inside_of] obj=obj obj_pos=[ 3.8209207 -1.8073441  1.1041913] fixture_pos=[ 4.09914677 -1.19979889  0.97534056] fsize=[0.85139319 0.55       0.21540247] shifted_fpos=[ 4.09914677 -1.14979889  0.97534056] lower=[ 3.84914677 -1.34979889  0.71763932] upper=[ 4.34914677 -0.94979889  1.23304179] inside=False
[obj_inside_of] obj=obj obj_pos=[ 3.820902  -1.8073492  1.1041934] fixture_pos=[ 4.09914677 -1.19979889  0.97534056] fsize=[0.85139319 0.55       0.21540247] shifted_fpos=[ 4.09914677 -1.14979889  0.97534056] lower=[ 3.84914677 -1.34979889  0.71763932] upper=[ 4.34914677 -0.94979889  1.23304179] inside=False
[obj_inside_of] obj=obj obj_pos=[ 3.8210142 -1.8076448  1.1047523] fixture_pos=[ 4.09914677 -1.19979889  0.97534056] fsize=[0.85139319 0.55       0.21540247] shifted_fpos=[ 4.09914677 -1.14979889  0.97534056] lower=[ 3.84914677 -1.34979889  0.71763932] upper=[ 4.34914677 -0.94979889  1.23304179] inside=False
[obj_inside_of] obj=obj obj_pos=[ 3.8211114 -1.8079048  1.1054058] fixture_pos=[ 4.09914677 -1.19979889  0.97534056] fsize=[0.85139319 0.55       0.21540247] shifted_fpos=[ 4.09914677 -1.14979889  0.97534056] lower=[ 3.84914677 -1.34979889  0.71763932] upper=[ 4.34914677 -0.94979889  1.23304179] inside=False
[obj_inside_of] obj=obj obj_pos=[ 3.821207  -1.8081663  1.1060624] fixture_pos=[ 4.09914677 -1.19979889  0.97534056] fsize=[0.85139319 0.55       0.21540247] shifted_fpos=[ 4.09914677 -1.14979889  0.97534056] lower=[ 3.84914677 -1.34979889  0.71763932] upper=[ 4.34914677 -0.94979889  1.23304179] inside=False
[obj_inside_of] obj=obj obj_pos=[ 3.8213005 -1.8082037  1.1062335] fixture_pos=[ 4.09914677 -1.19979889  0.97534056] fsize=[0.85139319 0.55       0.21540247] shifted_fpos=[ 4.09914677 -1.14979889  0.97534056] lower=[ 3.84914677 -1.34979889  0.71763932] upper=[ 4.34914677 -0.94979889  1.23304179] inside=False
[obj_inside_of] obj=obj obj_pos=[ 3.8214166 -1.8081928  1.1062679] fixture_pos=[ 4.09914677 -1.19979889  0.97534056] fsize=[0.85139319 0.55       0.21540247] shifted_fpos=[ 4.09914677 -1.14979889  0.97534056] lower=[ 3.84914677 -1.34979889  0.71763932] upper=[ 4.34914677 -0.94979889  1.23304179] inside=False
[obj_inside_of] obj=obj obj_pos=[ 3.8215702 -1.8080533  1.1062869] fixture_pos=[ 4.09914677 -1.19979889  0.97534056] fsize=[0.85139319 0.55       0.21540247] shifted_fpos=[ 4.09914677 -1.14979889  0.97534056] lower=[ 3.84914677 -1.34979889  0.71763932] upper=[ 4.34914677 -0.94979889  1.23304179] inside=False
[obj_inside_of] obj=obj obj_pos=[ 3.8218317 -1.8076285  1.1063106] fixture_pos=[ 4.09914677 -1.19979889  0.97534056] fsize=[0.85139319 0.55       0.21540247] shifted_fpos=[ 4.09914677 -1.14979889  0.97534056] lower=[ 3.84914677 -1.34979889  0.71763932] upper=[ 4.34914677 -0.94979889  1.23304179] inside=False
[obj_inside_of] obj=obj obj_pos=[ 3.8223004 -1.8066167  1.1061225] fixture_pos=[ 4.09914677 -1.19979889  0.97534056] fsize=[0.85139319 0.55       0.21540247] shifted_fpos=[ 4.09914677 -1.14979889  0.97534056] lower=[ 3.84914677 -1.34979889  0.71763932] upper=[ 4.34914677 -0.94979889  1.23304179] inside=False
[obj_inside_of] obj=obj obj_pos=[ 3.8231337 -1.8048614  1.1059812] fixture_pos=[ 4.09914677 -1.19979889  0.97534056] fsize=[0.85139319 0.55       0.21540247] shifted_fpos=[ 4.09914677 -1.14979889  0.97534056] lower=[ 3.84914677 -1.34979889  0.71763932] upper=[ 4.34914677 -0.94979889  1.23304179] inside=False
[obj_inside_of] obj=obj obj_pos=[ 3.824244  -1.802691   1.1059283] fixture_pos=[ 4.09914677 -1.19979889  0.97534056] fsize=[0.85139319 0.55       0.21540247] shifted_fpos=[ 4.09914677 -1.14979889  0.97534056] lower=[ 3.84914677 -1.34979889  0.71763932] upper=[ 4.34914677 -0.94979889  1.23304179] inside=False
[obj_inside_of] obj=obj obj_pos=[ 3.8256607 -1.7998209  1.1059328] fixture_pos=[ 4.09914677 -1.19979889  0.97534056] fsize=[0.85139319 0.55       0.21540247] shifted_fpos=[ 4.09914677 -1.14979889  0.97534056] lower=[ 3.84914677 -1.34979889  0.71763932] upper=[ 4.34914677 -0.94979889  1.23304179] inside=False
[obj_inside_of] obj=obj obj_pos=[ 3.8277256 -1.7955648  1.1059526] fixture_pos=[ 4.09914677 -1.19979889  0.97534056] fsize=[0.85139319 0.55       0.21540247] shifted_fpos=[ 4.09914677 -1.14979889  0.97534056] lower=[ 3.84914677 -1.34979889  0.71763932] upper=[ 4.34914677 -0.94979889  1.23304179] inside=False
[obj_inside_of] obj=obj obj_pos=[ 3.8304763 -1.7900635  1.1060566] fixture_pos=[ 4.09914677 -1.19979889  0.97534056] fsize=[0.85139319 0.55       0.21540247] shifted_fpos=[ 4.09914677 -1.14979889  0.97534056] lower=[ 3.84914677 -1.34979889  0.71763932] upper=[ 4.34914677 -0.94979889  1.23304179] inside=False
[obj_inside_of] obj=obj obj_pos=[ 3.834311  -1.7823584  1.1062802] fixture_pos=[ 4.09914677 -1.19979889  0.97534056] fsize=[0.85139319 0.55       0.21540247] shifted_fpos=[ 4.09914677 -1.14979889  0.97534056] lower=[ 3.84914677 -1.34979889  0.71763932] upper=[ 4.34914677 -0.94979889  1.23304179] inside=False
[obj_inside_of] obj=obj obj_pos=[ 3.8392045 -1.7726954  1.1066111] fixture_pos=[ 4.09914677 -1.19979889  0.97534056] fsize=[0.85139319 0.55       0.21540247] shifted_fpos=[ 4.09914677 -1.14979889  0.97534056] lower=[ 3.84914677 -1.34979889  0.71763932] upper=[ 4.34914677 -0.94979889  1.23304179] inside=False
[obj_inside_of] obj=obj obj_pos=[ 3.8449082 -1.7614827  1.1069945] fixture_pos=[ 4.09914677 -1.19979889  0.97534056] fsize=[0.85139319 0.55       0.21540247] shifted_fpos=[ 4.09914677 -1.14979889  0.97534056] lower=[ 3.84914677 -1.34979889  0.71763932] upper=[ 4.34914677 -0.94979889  1.23304179] inside=False
[obj_inside_of] obj=obj obj_pos=[ 3.851393  -1.7486984  1.1074529] fixture_pos=[ 4.09914677 -1.19979889  0.97534056] fsize=[0.85139319 0.55       0.21540247] shifted_fpos=[ 4.09914677 -1.14979889  0.97534056] lower=[ 3.84914677 -1.34979889  0.71763932] upper=[ 4.34914677 -0.94979889  1.23304179] inside=False
[obj_inside_of] obj=obj obj_pos=[ 3.8589158 -1.7338743  1.1080248] fixture_pos=[ 4.09914677 -1.19979889  0.97534056] fsize=[0.85139319 0.55       0.21540247] shifted_fpos=[ 4.09914677 -1.14979889  0.97534056] lower=[ 3.84914677 -1.34979889  0.71763932] upper=[ 4.34914677 -0.94979889  1.23304179] inside=False
[obj_inside_of] obj=obj obj_pos=[ 3.866238  -1.7193108  1.1084253] fixture_pos=[ 4.09914677 -1.19979889  0.97534056] fsize=[0.85139319 0.55       0.21540247] shifted_fpos=[ 4.09914677 -1.14979889  0.97534056] lower=[ 3.84914677 -1.34979889  0.71763932] upper=[ 4.34914677 -0.94979889  1.23304179] inside=False
[obj_inside_of] obj=obj obj_pos=[ 3.8726933 -1.7062418  1.1087197] fixture_pos=[ 4.09914677 -1.19979889  0.97534056] fsize=[0.85139319 0.55       0.21540247] shifted_fpos=[ 4.09914677 -1.14979889  0.97534056] lower=[ 3.84914677 -1.34979889  0.71763932] upper=[ 4.34914677 -0.94979889  1.23304179] inside=False
[obj_inside_of] obj=obj obj_pos=[ 3.8782508 -1.6948302  1.10895  ] fixture_pos=[ 4.09914677 -1.19979889  0.97534056] fsize=[0.85139319 0.55       0.21540247] shifted_fpos=[ 4.09914677 -1.14979889  0.97534056] lower=[ 3.84914677 -1.34979889  0.71763932] upper=[ 4.34914677 -0.94979889  1.23304179] inside=False
[obj_inside_of] obj=obj obj_pos=[ 3.8828514 -1.6853484  1.1091002] fixture_pos=[ 4.09914677 -1.19979889  0.97534056] fsize=[0.85139319 0.55       0.21540247] shifted_fpos=[ 4.09914677 -1.14979889  0.97534056] lower=[ 3.84914677 -1.34979889  0.71763932] upper=[ 4.34914677 -0.94979889  1.23304179] inside=False
[obj_inside_of] obj=obj obj_pos=[ 3.8866816 -1.6774095  1.109274 ] fixture_pos=[ 4.09914677 -1.19979889  0.97534056] fsize=[0.85139319 0.55       0.21540247] shifted_fpos=[ 4.09914677 -1.14979889  0.97534056] lower=[ 3.84914677 -1.34979889  0.71763932] upper=[ 4.34914677 -0.94979889  1.23304179] inside=False
[obj_inside_of] obj=obj obj_pos=[ 3.890027  -1.670509   1.1094487] fixture_pos=[ 4.09914677 -1.19979889  0.97534056] fsize=[0.85139319 0.55       0.21540247] shifted_fpos=[ 4.09914677 -1.14979889  0.97534056] lower=[ 3.84914677 -1.34979889  0.71763932] upper=[ 4.34914677 -0.94979889  1.23304179] inside=False
[obj_inside_of] obj=obj obj_pos=[ 3.892761  -1.6648943  1.1095514] fixture_pos=[ 4.09914677 -1.19979889  0.97534056] fsize=[0.85139319 0.55       0.21540247] shifted_fpos=[ 4.09914677 -1.14979889  0.97534056] lower=[ 3.84914677 -1.34979889  0.71763932] upper=[ 4.34914677 -0.94979889  1.23304179] inside=False
[obj_inside_of] obj=obj obj_pos=[ 3.894752  -1.6609119  1.1096356] fixture_pos=[ 4.09914677 -1.19979889  0.97534056] fsize=[0.85139319 0.55       0.21540247] shifted_fpos=[ 4.09914677 -1.14979889  0.97534056] lower=[ 3.84914677 -1.34979889  0.71763932] upper=[ 4.34914677 -0.94979889  1.23304179] inside=False
[obj_inside_of] obj=obj obj_pos=[ 3.896235  -1.6579411  1.1097653] fixture_pos=[ 4.09914677 -1.19979889  0.97534056] fsize=[0.85139319 0.55       0.21540247] shifted_fpos=[ 4.09914677 -1.14979889  0.97534056] lower=[ 3.84914677 -1.34979889  0.71763932] upper=[ 4.34914677 -0.94979889  1.23304179] inside=False
[obj_inside_of] obj=obj obj_pos=[ 3.8973308 -1.6557797  1.109858 ] fixture_pos=[ 4.09914677 -1.19979889  0.97534056] fsize=[0.85139319 0.55       0.21540247] shifted_fpos=[ 4.09914677 -1.14979889  0.97534056] lower=[ 3.84914677 -1.34979889  0.71763932] upper=[ 4.34914677 -0.94979889  1.23304179] inside=False
[obj_inside_of] obj=obj obj_pos=[ 3.8980737 -1.6545664  1.1100277] fixture_pos=[ 4.09914677 -1.19979889  0.97534056] fsize=[0.85139319 0.55       0.21540247] shifted_fpos=[ 4.09914677 -1.14979889  0.97534056] lower=[ 3.84914677 -1.34979889  0.71763932] upper=[ 4.34914677 -0.94979889  1.23304179] inside=False
[obj_inside_of] obj=obj obj_pos=[ 3.8985515 -1.6538059  1.1102238] fixture_pos=[ 4.09914677 -1.19979889  0.97534056] fsize=[0.85139319 0.55       0.21540247] shifted_fpos=[ 4.09914677 -1.14979889  0.97534056] lower=[ 3.84914677 -1.34979889  0.71763932] upper=[ 4.34914677 -0.94979889  1.23304179] inside=False
[obj_inside_of] obj=obj obj_pos=[ 3.8988464 -1.6533422  1.110343 ] fixture_pos=[ 4.09914677 -1.19979889  0.97534056] fsize=[0.85139319 0.55       0.21540247] shifted_fpos=[ 4.09914677 -1.14979889  0.97534056] lower=[ 3.84914677 -1.34979889  0.71763932] upper=[ 4.34914677 -0.94979889  1.23304179] inside=False
[obj_inside_of] obj=obj obj_pos=[ 3.899007  -1.6531161  1.1104199] fixture_pos=[ 4.09914677 -1.19979889  0.97534056] fsize=[0.85139319 0.55       0.21540247] shifted_fpos=[ 4.09914677 -1.14979889  0.97534056] lower=[ 3.84914677 -1.34979889  0.71763932] upper=[ 4.34914677 -0.94979889  1.23304179] inside=False
[obj_inside_of] obj=obj obj_pos=[ 3.8990836 -1.6530209  1.1104687] fixture_pos=[ 4.09914677 -1.19979889  0.97534056] fsize=[0.85139319 0.55       0.21540247] shifted_fpos=[ 4.09914677 -1.14979889  0.97534056] lower=[ 3.84914677 -1.34979889  0.71763932] upper=[ 4.34914677 -0.94979889  1.23304179] inside=False
[obj_inside_of] obj=obj obj_pos=[ 3.8991096 -1.6529962  1.1104987] fixture_pos=[ 4.09914677 -1.19979889  0.97534056] fsize=[0.85139319 0.55       0.21540247] shifted_fpos=[ 4.09914677 -1.14979889  0.97534056] lower=[ 3.84914677 -1.34979889  0.71763932] upper=[ 4.34914677 -0.94979889  1.23304179] inside=False
[obj_inside_of] obj=obj obj_pos=[ 3.8991034 -1.6530226  1.1105188] fixture_pos=[ 4.09914677 -1.19979889  0.97534056] fsize=[0.85139319 0.55       0.21540247] shifted_fpos=[ 4.09914677 -1.14979889  0.97534056] lower=[ 3.84914677 -1.34979889  0.71763932] upper=[ 4.34914677 -0.94979889  1.23304179] inside=False
[obj_inside_of] obj=obj obj_pos=[ 3.8990686 -1.6530801  1.1105325] fixture_pos=[ 4.09914677 -1.19979889  0.97534056] fsize=[0.85139319 0.55       0.21540247] shifted_fpos=[ 4.09914677 -1.14979889  0.97534056] lower=[ 3.84914677 -1.34979889  0.71763932] upper=[ 4.34914677 -0.94979889  1.23304179] inside=False
[obj_inside_of] obj=obj obj_pos=[ 3.899045  -1.6531417  1.1105412] fixture_pos=[ 4.09914677 -1.19979889  0.97534056] fsize=[0.85139319 0.55       0.21540247] shifted_fpos=[ 4.09914677 -1.14979889  0.97534056] lower=[ 3.84914677 -1.34979889  0.71763932] upper=[ 4.34914677 -0.94979889  1.23304179] inside=False
[obj_inside_of] obj=obj obj_pos=[ 3.8990042 -1.6532052  1.1105462] fixture_pos=[ 4.09914677 -1.19979889  0.97534056] fsize=[0.85139319 0.55       0.21540247] shifted_fpos=[ 4.09914677 -1.14979889  0.97534056] lower=[ 3.84914677 -1.34979889  0.71763932] upper=[ 4.34914677 -0.94979889  1.23304179] inside=False
[obj_inside_of] obj=obj obj_pos=[ 3.8989615 -1.6532722  1.11055  ] fixture_pos=[ 4.09914677 -1.19979889  0.97534056] fsize=[0.85139319 0.55       0.21540247] shifted_fpos=[ 4.09914677 -1.14979889  0.97534056] lower=[ 3.84914677 -1.34979889  0.71763932] upper=[ 4.34914677 -0.94979889  1.23304179] inside=False
[obj_inside_of] obj=obj obj_pos=[ 3.8989208 -1.653343   1.1105533] fixture_pos=[ 4.09914677 -1.19979889  0.97534056] fsize=[0.85139319 0.55       0.21540247] shifted_fpos=[ 4.09914677 -1.14979889  0.97534056] lower=[ 3.84914677 -1.34979889  0.71763932] upper=[ 4.34914677 -0.94979889  1.23304179] inside=False
[obj_inside_of] obj=obj obj_pos=[ 3.8988817 -1.653405   1.1105552] fixture_pos=[ 4.09914677 -1.19979889  0.97534056] fsize=[0.85139319 0.55       0.21540247] shifted_fpos=[ 4.09914677 -1.14979889  0.97534056] lower=[ 3.84914677 -1.34979889  0.71763932] upper=[ 4.34914677 -0.94979889  1.23304179] inside=False
[obj_inside_of] obj=obj obj_pos=[ 3.8988435 -1.6534598  1.1105548] fixture_pos=[ 4.09914677 -1.19979889  0.97534056] fsize=[0.85139319 0.55       0.21540247] shifted_fpos=[ 4.09914677 -1.14979889  0.97534056] lower=[ 3.84914677 -1.34979889  0.71763932] upper=[ 4.34914677 -0.94979889  1.23304179] inside=False
[obj_inside_of] obj=obj obj_pos=[ 3.898809  -1.6535127  1.1105555] fixture_pos=[ 4.09914677 -1.19979889  0.97534056] fsize=[0.85139319 0.55       0.21540247] shifted_fpos=[ 4.09914677 -1.14979889  0.97534056] lower=[ 3.84914677 -1.34979889  0.71763932] upper=[ 4.34914677 -0.94979889  1.23304179] inside=False
[obj_inside_of] obj=obj obj_pos=[ 3.8987765 -1.6535612  1.110556 ] fixture_pos=[ 4.09914677 -1.19979889  0.97534056] fsize=[0.85139319 0.55       0.21540247] shifted_fpos=[ 4.09914677 -1.14979889  0.97534056] lower=[ 3.84914677 -1.34979889  0.71763932] upper=[ 4.34914677 -0.94979889  1.23304179] inside=False
[obj_inside_of] obj=obj obj_pos=[ 3.898993  -1.653776   1.1110792] fixture_pos=[ 4.09914677 -1.19979889  0.97534056] fsize=[0.85139319 0.55       0.21540247] shifted_fpos=[ 4.09914677 -1.14979889  0.97534056] lower=[ 3.84914677 -1.34979889  0.71763932] upper=[ 4.34914677 -0.94979889  1.23304179] inside=False
[obj_inside_of] obj=obj obj_pos=[ 3.8992252 -1.6539379  1.1116939] fixture_pos=[ 4.09914677 -1.19979889  0.97534056] fsize=[0.85139319 0.55       0.21540247] shifted_fpos=[ 4.09914677 -1.14979889  0.97534056] lower=[ 3.84914677 -1.34979889  0.71763932] upper=[ 4.34914677 -0.94979889  1.23304179] inside=False
[obj_inside_of] obj=obj obj_pos=[ 3.8994448 -1.6540856  1.1123095] fixture_pos=[ 4.09914677 -1.19979889  0.97534056] fsize=[0.85139319 0.55       0.21540247] shifted_fpos=[ 4.09914677 -1.14979889  0.97534056] lower=[ 3.84914677 -1.34979889  0.71763932] upper=[ 4.34914677 -0.94979889  1.23304179] inside=False
[obj_inside_of] obj=obj obj_pos=[ 3.8995507 -1.6541096  1.1124728] fixture_pos=[ 4.09914677 -1.19979889  0.97534056] fsize=[0.85139319 0.55       0.21540247] shifted_fpos=[ 4.09914677 -1.14979889  0.97534056] lower=[ 3.84914677 -1.34979889  0.71763932] upper=[ 4.34914677 -0.94979889  1.23304179] inside=False
[obj_inside_of] obj=obj obj_pos=[ 3.8996966 -1.6540744  1.1124985] fixture_pos=[ 4.09914677 -1.19979889  0.97534056] fsize=[0.85139319 0.55       0.21540247] shifted_fpos=[ 4.09914677 -1.14979889  0.97534056] lower=[ 3.84914677 -1.34979889  0.71763932] upper=[ 4.34914677 -0.94979889  1.23304179] inside=False
[obj_inside_of] obj=obj obj_pos=[ 3.8998663 -1.6539227  1.1125067] fixture_pos=[ 4.09914677 -1.19979889  0.97534056] fsize=[0.85139319 0.55       0.21540247] shifted_fpos=[ 4.09914677 -1.14979889  0.97534056] lower=[ 3.84914677 -1.34979889  0.71763932] upper=[ 4.34914677 -0.94979889  1.23304179] inside=False
[obj_inside_of] obj=obj obj_pos=[ 3.9000752 -1.6536297  1.112509 ] fixture_pos=[ 4.09914677 -1.19979889  0.97534056] fsize=[0.85139319 0.55       0.21540247] shifted_fpos=[ 4.09914677 -1.14979889  0.97534056] lower=[ 3.84914677 -1.34979889  0.71763932] upper=[ 4.34914677 -0.94979889  1.23304179] inside=False
[obj_inside_of] obj=obj obj_pos=[ 3.9004855 -1.6526169  1.1123176] fixture_pos=[ 4.09914677 -1.19979889  0.97534056] fsize=[0.85139319 0.55       0.21540247] shifted_fpos=[ 4.09914677 -1.14979889  0.97534056] lower=[ 3.84914677 -1.34979889  0.71763932] upper=[ 4.34914677 -0.94979889  1.23304179] inside=False
[obj_inside_of] obj=obj obj_pos=[ 3.9010875 -1.6512103  1.1121085] fixture_pos=[ 4.09914677 -1.19979889  0.97534056] fsize=[0.85139319 0.55       0.21540247] shifted_fpos=[ 4.09914677 -1.14979889  0.97534056] lower=[ 3.84914677 -1.34979889  0.71763932] upper=[ 4.34914677 -0.94979889  1.23304179] inside=False
[obj_inside_of] obj=obj obj_pos=[ 3.9019895 -1.649206   1.1119676] fixture_pos=[ 4.09914677 -1.19979889  0.97534056] fsize=[0.85139319 0.55       0.21540247] shifted_fpos=[ 4.09914677 -1.14979889  0.97534056] lower=[ 3.84914677 -1.34979889  0.71763932] upper=[ 4.34914677 -0.94979889  1.23304179] inside=False
[obj_inside_of] obj=obj obj_pos=[ 3.9036007 -1.6455554  1.11185  ] fixture_pos=[ 4.09914677 -1.19979889  0.97534056] fsize=[0.85139319 0.55       0.21540247] shifted_fpos=[ 4.09914677 -1.14979889  0.97534056] lower=[ 3.84914677 -1.34979889  0.71763932] upper=[ 4.34914677 -0.94979889  1.23304179] inside=False
[obj_inside_of] obj=obj obj_pos=[ 3.905819  -1.6405922  1.1116906] fixture_pos=[ 4.09914677 -1.19979889  0.97534056] fsize=[0.85139319 0.55       0.21540247] shifted_fpos=[ 4.09914677 -1.14979889  0.97534056] lower=[ 3.84914677 -1.34979889  0.71763932] upper=[ 4.34914677 -0.94979889  1.23304179] inside=False
[obj_inside_of] obj=obj obj_pos=[ 3.9085796 -1.6344638  1.1115739] fixture_pos=[ 4.09914677 -1.19979889  0.97534056] fsize=[0.85139319 0.55       0.21540247] shifted_fpos=[ 4.09914677 -1.14979889  0.97534056] lower=[ 3.84914677 -1.34979889  0.71763932] upper=[ 4.34914677 -0.94979889  1.23304179] inside=False
[obj_inside_of] obj=obj obj_pos=[ 3.9119985 -1.6269417  1.1114827] fixture_pos=[ 4.09914677 -1.19979889  0.97534056] fsize=[0.85139319 0.55       0.21540247] shifted_fpos=[ 4.09914677 -1.14979889  0.97534056] lower=[ 3.84914677 -1.34979889  0.71763932] upper=[ 4.34914677 -0.94979889  1.23304179] inside=False
[obj_inside_of] obj=obj obj_pos=[ 3.9162996 -1.6175202  1.1114544] fixture_pos=[ 4.09914677 -1.19979889  0.97534056] fsize=[0.85139319 0.55       0.21540247] shifted_fpos=[ 4.09914677 -1.14979889  0.97534056] lower=[ 3.84914677 -1.34979889  0.71763932] upper=[ 4.34914677 -0.94979889  1.23304179] inside=False
[obj_inside_of] obj=obj obj_pos=[ 3.921464  -1.606253   1.1113663] fixture_pos=[ 4.09914677 -1.19979889  0.97534056] fsize=[0.85139319 0.55       0.21540247] shifted_fpos=[ 4.09914677 -1.14979889  0.97534056] lower=[ 3.84914677 -1.34979889  0.71763932] upper=[ 4.34914677 -0.94979889  1.23304179] inside=False
[obj_inside_of] obj=obj obj_pos=[ 3.9281273 -1.5919527  1.1114193] fixture_pos=[ 4.09914677 -1.19979889  0.97534056] fsize=[0.85139319 0.55       0.21540247] shifted_fpos=[ 4.09914677 -1.14979889  0.97534056] lower=[ 3.84914677 -1.34979889  0.71763932] upper=[ 4.34914677 -0.94979889  1.23304179] inside=False
[viz-debug] base_link.pose=(3.540,-1.545) q=(1.000,0.000,-0.000,0.000) qpos[0:3]=(0.540,-0.345,0.000)
[obj_inside_of] obj=obj obj_pos=[ 3.9348607 -1.5769385  1.1110617] fixture_pos=[ 4.09914677 -1.19979889  0.97534056] fsize=[0.85139319 0.55       0.21540247] shifted_fpos=[ 4.09914677 -1.14979889  0.97534056] lower=[ 3.84914677 -1.34979889  0.71763932] upper=[ 4.34914677 -0.94979889  1.23304179] inside=False
[obj_inside_of] obj=obj obj_pos=[ 3.9410489 -1.5629333  1.1106825] fixture_pos=[ 4.09914677 -1.19979889  0.97534056] fsize=[0.85139319 0.55       0.21540247] shifted_fpos=[ 4.09914677 -1.14979889  0.97534056] lower=[ 3.84914677 -1.34979889  0.71763932] upper=[ 4.34914677 -0.94979889  1.23304179] inside=False
[obj_inside_of] obj=obj obj_pos=[ 3.9465482 -1.5504358  1.1103497] fixture_pos=[ 4.09914677 -1.19979889  0.97534056] fsize=[0.85139319 0.55       0.21540247] shifted_fpos=[ 4.09914677 -1.14979889  0.97534056] lower=[ 3.84914677 -1.34979889  0.71763932] upper=[ 4.34914677 -0.94979889  1.23304179] inside=False
[obj_inside_of] obj=obj obj_pos=[ 3.9513392 -1.5395902  1.1100742] fixture_pos=[ 4.09914677 -1.19979889  0.97534056] fsize=[0.85139319 0.55       0.21540247] shifted_fpos=[ 4.09914677 -1.14979889  0.97534056] lower=[ 3.84914677 -1.34979889  0.71763932] upper=[ 4.34914677 -0.94979889  1.23304179] inside=False
[obj_inside_of] obj=obj obj_pos=[ 3.9553466 -1.5306456  1.109761 ] fixture_pos=[ 4.09914677 -1.19979889  0.97534056] fsize=[0.85139319 0.55       0.21540247] shifted_fpos=[ 4.09914677 -1.14979889  0.97534056] lower=[ 3.84914677 -1.34979889  0.71763932] upper=[ 4.34914677 -0.94979889  1.23304179] inside=False
[obj_inside_of] obj=obj obj_pos=[ 3.9588585 -1.5229279  1.1096799] fixture_pos=[ 4.09914677 -1.19979889  0.97534056] fsize=[0.85139319 0.55       0.21540247] shifted_fpos=[ 4.09914677 -1.14979889  0.97534056] lower=[ 3.84914677 -1.34979889  0.71763932] upper=[ 4.34914677 -0.94979889  1.23304179] inside=False
[obj_inside_of] obj=obj obj_pos=[ 3.961747  -1.516586   1.1095476] fixture_pos=[ 4.09914677 -1.19979889  0.97534056] fsize=[0.85139319 0.55       0.21540247] shifted_fpos=[ 4.09914677 -1.14979889  0.97534056] lower=[ 3.84914677 -1.34979889  0.71763932] upper=[ 4.34914677 -0.94979889  1.23304179] inside=False
[obj_inside_of] obj=obj obj_pos=[ 3.9640129 -1.5117068  1.1094713] fixture_pos=[ 4.09914677 -1.19979889  0.97534056] fsize=[0.85139319 0.55       0.21540247] shifted_fpos=[ 4.09914677 -1.14979889  0.97534056] lower=[ 3.84914677 -1.34979889  0.71763932] upper=[ 4.34914677 -0.94979889  1.23304179] inside=False
[obj_inside_of] obj=obj obj_pos=[ 3.9656985 -1.5083233  1.1093926] fixture_pos=[ 4.09914677 -1.19979889  0.97534056] fsize=[0.85139319 0.55       0.21540247] shifted_fpos=[ 4.09914677 -1.14979889  0.97534056] lower=[ 3.84914677 -1.34979889  0.71763932] upper=[ 4.34914677 -0.94979889  1.23304179] inside=False
[obj_inside_of] obj=obj obj_pos=[ 3.9669874 -1.5058672  1.1094656] fixture_pos=[ 4.09914677 -1.19979889  0.97534056] fsize=[0.85139319 0.55       0.21540247] shifted_fpos=[ 4.09914677 -1.14979889  0.97534056] lower=[ 3.84914677 -1.34979889  0.71763932] upper=[ 4.34914677 -0.94979889  1.23304179] inside=False
[obj_inside_of] obj=obj obj_pos=[ 3.9678752 -1.504426   1.1095469] fixture_pos=[ 4.09914677 -1.19979889  0.97534056] fsize=[0.85139319 0.55       0.21540247] shifted_fpos=[ 4.09914677 -1.14979889  0.97534056] lower=[ 3.84914677 -1.34979889  0.71763932] upper=[ 4.34914677 -0.94979889  1.23304179] inside=False
[obj_inside_of] obj=obj obj_pos=[ 3.9685006 -1.5035031  1.1097485] fixture_pos=[ 4.09914677 -1.19979889  0.97534056] fsize=[0.85139319 0.55       0.21540247] shifted_fpos=[ 4.09914677 -1.14979889  0.97534056] lower=[ 3.84914677 -1.34979889  0.71763932] upper=[ 4.34914677 -0.94979889  1.23304179] inside=False
[obj_inside_of] obj=obj obj_pos=[ 3.9689007 -1.5029372  1.1098641] fixture_pos=[ 4.09914677 -1.19979889  0.97534056] fsize=[0.85139319 0.55       0.21540247] shifted_fpos=[ 4.09914677 -1.14979889  0.97534056] lower=[ 3.84914677 -1.34979889  0.71763932] upper=[ 4.34914677 -0.94979889  1.23304179] inside=False
[obj_inside_of] obj=obj obj_pos=[ 3.9691253 -1.5026469  1.1099501] fixture_pos=[ 4.09914677 -1.19979889  0.97534056] fsize=[0.85139319 0.55       0.21540247] shifted_fpos=[ 4.09914677 -1.14979889  0.97534056] lower=[ 3.84914677 -1.34979889  0.71763932] upper=[ 4.34914677 -0.94979889  1.23304179] inside=False
[obj_inside_of] obj=obj obj_pos=[ 3.9692628 -1.5025079  1.1100135] fixture_pos=[ 4.09914677 -1.19979889  0.97534056] fsize=[0.85139319 0.55       0.21540247] shifted_fpos=[ 4.09914677 -1.14979889  0.97534056] lower=[ 3.84914677 -1.34979889  0.71763932] upper=[ 4.34914677 -0.94979889  1.23304179] inside=False
[obj_inside_of] obj=obj obj_pos=[ 3.9693165 -1.5024651  1.1100601] fixture_pos=[ 4.09914677 -1.19979889  0.97534056] fsize=[0.85139319 0.55       0.21540247] shifted_fpos=[ 4.09914677 -1.14979889  0.97534056] lower=[ 3.84914677 -1.34979889  0.71763932] upper=[ 4.34914677 -0.94979889  1.23304179] inside=False
[obj_inside_of] obj=obj obj_pos=[ 3.9693234 -1.5024732  1.1100934] fixture_pos=[ 4.09914677 -1.19979889  0.97534056] fsize=[0.85139319 0.55       0.21540247] shifted_fpos=[ 4.09914677 -1.14979889  0.97534056] lower=[ 3.84914677 -1.34979889  0.71763932] upper=[ 4.34914677 -0.94979889  1.23304179] inside=False
[obj_inside_of] obj=obj obj_pos=[ 3.9692883 -1.5025215  1.1101184] fixture_pos=[ 4.09914677 -1.19979889  0.97534056] fsize=[0.85139319 0.55       0.21540247] shifted_fpos=[ 4.09914677 -1.14979889  0.97534056] lower=[ 3.84914677 -1.34979889  0.71763932] upper=[ 4.34914677 -0.94979889  1.23304179] inside=False
[obj_inside_of] obj=obj obj_pos=[ 3.9692588 -1.5025636  1.110135 ] fixture_pos=[ 4.09914677 -1.19979889  0.97534056] fsize=[0.85139319 0.55       0.21540247] shifted_fpos=[ 4.09914677 -1.14979889  0.97534056] lower=[ 3.84914677 -1.34979889  0.71763932] upper=[ 4.34914677 -0.94979889  1.23304179] inside=False
[obj_inside_of] obj=obj obj_pos=[ 3.9692066 -1.5026231  1.110147 ] fixture_pos=[ 4.09914677 -1.19979889  0.97534056] fsize=[0.85139319 0.55       0.21540247] shifted_fpos=[ 4.09914677 -1.14979889  0.97534056] lower=[ 3.84914677 -1.34979889  0.71763932] upper=[ 4.34914677 -0.94979889  1.23304179] inside=False
[obj_inside_of] obj=obj obj_pos=[ 3.9691508 -1.5026865  1.1101567] fixture_pos=[ 4.09914677 -1.19979889  0.97534056] fsize=[0.85139319 0.55       0.21540247] shifted_fpos=[ 4.09914677 -1.14979889  0.97534056] lower=[ 3.84914677 -1.34979889  0.71763932] upper=[ 4.34914677 -0.94979889  1.23304179] inside=False
[obj_inside_of] obj=obj obj_pos=[ 3.9690933 -1.5027419  1.1101612] fixture_pos=[ 4.09914677 -1.19979889  0.97534056] fsize=[0.85139319 0.55       0.21540247] shifted_fpos=[ 4.09914677 -1.14979889  0.97534056] lower=[ 3.84914677 -1.34979889  0.71763932] upper=[ 4.34914677 -0.94979889  1.23304179] inside=False
[obj_inside_of] obj=obj obj_pos=[ 3.9690354 -1.5027981  1.1101648] fixture_pos=[ 4.09914677 -1.19979889  0.97534056] fsize=[0.85139319 0.55       0.21540247] shifted_fpos=[ 4.09914677 -1.14979889  0.97534056] lower=[ 3.84914677 -1.34979889  0.71763932] upper=[ 4.34914677 -0.94979889  1.23304179] inside=False
[obj_inside_of] obj=obj obj_pos=[ 3.9689803 -1.502851   1.110168 ] fixture_pos=[ 4.09914677 -1.19979889  0.97534056] fsize=[0.85139319 0.55       0.21540247] shifted_fpos=[ 4.09914677 -1.14979889  0.97534056] lower=[ 3.84914677 -1.34979889  0.71763932] upper=[ 4.34914677 -0.94979889  1.23304179] inside=False
[obj_inside_of] obj=obj obj_pos=[ 3.9689186 -1.502907   1.1101702] fixture_pos=[ 4.09914677 -1.19979889  0.97534056] fsize=[0.85139319 0.55       0.21540247] shifted_fpos=[ 4.09914677 -1.14979889  0.97534056] lower=[ 3.84914677 -1.34979889  0.71763932] upper=[ 4.34914677 -0.94979889  1.23304179] inside=False
[obj_inside_of] obj=obj obj_pos=[ 3.9688826 -1.5029474  1.1101706] fixture_pos=[ 4.09914677 -1.19979889  0.97534056] fsize=[0.85139319 0.55       0.21540247] shifted_fpos=[ 4.09914677 -1.14979889  0.97534056] lower=[ 3.84914677 -1.34979889  0.71763932] upper=[ 4.34914677 -0.94979889  1.23304179] inside=False
[obj_inside_of] obj=obj obj_pos=[ 3.9691942 -1.5029696  1.1106346] fixture_pos=[ 4.09914677 -1.19979889  0.97534056] fsize=[0.85139319 0.55       0.21540247] shifted_fpos=[ 4.09914677 -1.14979889  0.97534056] lower=[ 3.84914677 -1.34979889  0.71763932] upper=[ 4.34914677 -0.94979889  1.23304179] inside=False
[obj_inside_of] obj=obj obj_pos=[ 3.9694946 -1.5029545  1.1111894] fixture_pos=[ 4.09914677 -1.19979889  0.97534056] fsize=[0.85139319 0.55       0.21540247] shifted_fpos=[ 4.09914677 -1.14979889  0.97534056] lower=[ 3.84914677 -1.34979889  0.71763932] upper=[ 4.34914677 -0.94979889  1.23304179] inside=False
[obj_inside_of] obj=obj obj_pos=[ 3.9697943 -1.5029174  1.1117479] fixture_pos=[ 4.09914677 -1.19979889  0.97534056] fsize=[0.85139319 0.55       0.21540247] shifted_fpos=[ 4.09914677 -1.14979889  0.97534056] lower=[ 3.84914677 -1.34979889  0.71763932] upper=[ 4.34914677 -0.94979889  1.23304179] inside=False
[obj_inside_of] obj=obj obj_pos=[ 3.9699056 -1.5028745  1.1119004] fixture_pos=[ 4.09914677 -1.19979889  0.97534056] fsize=[0.85139319 0.55       0.21540247] shifted_fpos=[ 4.09914677 -1.14979889  0.97534056] lower=[ 3.84914677 -1.34979889  0.71763932] upper=[ 4.34914677 -0.94979889  1.23304179] inside=False
[obj_inside_of] obj=obj obj_pos=[ 3.9700322 -1.5028051  1.111913 ] fixture_pos=[ 4.09914677 -1.19979889  0.97534056] fsize=[0.85139319 0.55       0.21540247] shifted_fpos=[ 4.09914677 -1.14979889  0.97534056] lower=[ 3.84914677 -1.34979889  0.71763932] upper=[ 4.34914677 -0.94979889  1.23304179] inside=False
[obj_inside_of] obj=obj obj_pos=[ 3.9701662 -1.5026656  1.1118987] fixture_pos=[ 4.09914677 -1.19979889  0.97534056] fsize=[0.85139319 0.55       0.21540247] shifted_fpos=[ 4.09914677 -1.14979889  0.97534056] lower=[ 3.84914677 -1.34979889  0.71763932] upper=[ 4.34914677 -0.94979889  1.23304179] inside=False
[obj_inside_of] obj=obj obj_pos=[ 3.970271  -1.5024731  1.1118761] fixture_pos=[ 4.09914677 -1.19979889  0.97534056] fsize=[0.85139319 0.55       0.21540247] shifted_fpos=[ 4.09914677 -1.14979889  0.97534056] lower=[ 3.84914677 -1.34979889  0.71763932] upper=[ 4.34914677 -0.94979889  1.23304179] inside=False
[obj_inside_of] obj=obj obj_pos=[ 3.9704397 -1.5020274  1.1118338] fixture_pos=[ 4.09914677 -1.19979889  0.97534056] fsize=[0.85139319 0.55       0.21540247] shifted_fpos=[ 4.09914677 -1.14979889  0.97534056] lower=[ 3.84914677 -1.34979889  0.71763932] upper=[ 4.34914677 -0.94979889  1.23304179] inside=False
[obj_inside_of] obj=obj obj_pos=[ 3.9706326 -1.5012978  1.1117593] fixture_pos=[ 4.09914677 -1.19979889  0.97534056] fsize=[0.85139319 0.55       0.21540247] shifted_fpos=[ 4.09914677 -1.14979889  0.97534056] lower=[ 3.84914677 -1.34979889  0.71763932] upper=[ 4.34914677 -0.94979889  1.23304179] inside=False
[obj_inside_of] obj=obj obj_pos=[ 3.970866  -1.4998925  1.1114602] fixture_pos=[ 4.09914677 -1.19979889  0.97534056] fsize=[0.85139319 0.55       0.21540247] shifted_fpos=[ 4.09914677 -1.14979889  0.97534056] lower=[ 3.84914677 -1.34979889  0.71763932] upper=[ 4.34914677 -0.94979889  1.23304179] inside=False
[obj_inside_of] obj=obj obj_pos=[ 3.9712265 -1.497896   1.1110893] fixture_pos=[ 4.09914677 -1.19979889  0.97534056] fsize=[0.85139319 0.55       0.21540247] shifted_fpos=[ 4.09914677 -1.14979889  0.97534056] lower=[ 3.84914677 -1.34979889  0.71763932] upper=[ 4.34914677 -0.94979889  1.23304179] inside=False
[obj_inside_of] obj=obj obj_pos=[ 3.9718413 -1.4949867  1.110711 ] fixture_pos=[ 4.09914677 -1.19979889  0.97534056] fsize=[0.85139319 0.55       0.21540247] shifted_fpos=[ 4.09914677 -1.14979889  0.97534056] lower=[ 3.84914677 -1.34979889  0.71763932] upper=[ 4.34914677 -0.94979889  1.23304179] inside=False
[obj_inside_of] obj=obj obj_pos=[ 3.9724832 -1.4916824  1.1102982] fixture_pos=[ 4.09914677 -1.19979889  0.97534056] fsize=[0.85139319 0.55       0.21540247] shifted_fpos=[ 4.09914677 -1.14979889  0.97534056] lower=[ 3.84914677 -1.34979889  0.71763932] upper=[ 4.34914677 -0.94979889  1.23304179] inside=False
[obj_inside_of] obj=obj obj_pos=[ 3.973336  -1.4874462  1.1098875] fixture_pos=[ 4.09914677 -1.19979889  0.97534056] fsize=[0.85139319 0.55       0.21540247] shifted_fpos=[ 4.09914677 -1.14979889  0.97534056] lower=[ 3.84914677 -1.34979889  0.71763932] upper=[ 4.34914677 -0.94979889  1.23304179] inside=False
[obj_inside_of] obj=obj obj_pos=[ 3.9744372 -1.4821943  1.1093372] fixture_pos=[ 4.09914677 -1.19979889  0.97534056] fsize=[0.85139319 0.55       0.21540247] shifted_fpos=[ 4.09914677 -1.14979889  0.97534056] lower=[ 3.84914677 -1.34979889  0.71763932] upper=[ 4.34914677 -0.94979889  1.23304179] inside=False
[obj_inside_of] obj=obj obj_pos=[ 3.975768  -1.4759631  1.108733 ] fixture_pos=[ 4.09914677 -1.19979889  0.97534056] fsize=[0.85139319 0.55       0.21540247] shifted_fpos=[ 4.09914677 -1.14979889  0.97534056] lower=[ 3.84914677 -1.34979889  0.71763932] upper=[ 4.34914677 -0.94979889  1.23304179] inside=False
[obj_inside_of] obj=obj obj_pos=[ 3.977599  -1.4678322  1.1080409] fixture_pos=[ 4.09914677 -1.19979889  0.97534056] fsize=[0.85139319 0.55       0.21540247] shifted_fpos=[ 4.09914677 -1.14979889  0.97534056] lower=[ 3.84914677 -1.34979889  0.71763932] upper=[ 4.34914677 -0.94979889  1.23304179] inside=False
[obj_inside_of] obj=obj obj_pos=[ 3.979702  -1.4580759  1.1072155] fixture_pos=[ 4.09914677 -1.19979889  0.97534056] fsize=[0.85139319 0.55       0.21540247] shifted_fpos=[ 4.09914677 -1.14979889  0.97534056] lower=[ 3.84914677 -1.34979889  0.71763932] upper=[ 4.34914677 -0.94979889  1.23304179] inside=False
[obj_inside_of] obj=obj obj_pos=[ 3.9820492 -1.447025   1.1061913] fixture_pos=[ 4.09914677 -1.19979889  0.97534056] fsize=[0.85139319 0.55       0.21540247] shifted_fpos=[ 4.09914677 -1.14979889  0.97534056] lower=[ 3.84914677 -1.34979889  0.71763932] upper=[ 4.34914677 -0.94979889  1.23304179] inside=False
[obj_inside_of] obj=obj obj_pos=[ 3.9846606 -1.4348273  1.1051023] fixture_pos=[ 4.09914677 -1.19979889  0.97534056] fsize=[0.85139319 0.55       0.21540247] shifted_fpos=[ 4.09914677 -1.14979889  0.97534056] lower=[ 3.84914677 -1.34979889  0.71763932] upper=[ 4.34914677 -0.94979889  1.23304179] inside=False
[obj_inside_of] obj=obj obj_pos=[ 3.9880786 -1.419835   1.1039499] fixture_pos=[ 4.09914677 -1.19979889  0.97534056] fsize=[0.85139319 0.55       0.21540247] shifted_fpos=[ 4.09914677 -1.14979889  0.97534056] lower=[ 3.84914677 -1.34979889  0.71763932] upper=[ 4.34914677 -0.94979889  1.23304179] inside=False
[obj_inside_of] obj=obj obj_pos=[ 3.9915164 -1.4030063  1.1025351] fixture_pos=[ 4.09914677 -1.19979889  0.97534056] fsize=[0.85139319 0.55       0.21540247] shifted_fpos=[ 4.09914677 -1.14979889  0.97534056] lower=[ 3.84914677 -1.34979889  0.71763932] upper=[ 4.34914677 -0.94979889  1.23304179] inside=False
[obj_inside_of] obj=obj obj_pos=[ 3.9947925 -1.386145   1.1009222] fixture_pos=[ 4.09914677 -1.19979889  0.97534056] fsize=[0.85139319 0.55       0.21540247] shifted_fpos=[ 4.09914677 -1.14979889  0.97534056] lower=[ 3.84914677 -1.34979889  0.71763932] upper=[ 4.34914677 -0.94979889  1.23304179] inside=False
[obj_inside_of] obj=obj obj_pos=[ 3.9978456 -1.3702368  1.0994745] fixture_pos=[ 4.09914677 -1.19979889  0.97534056] fsize=[0.85139319 0.55       0.21540247] shifted_fpos=[ 4.09914677 -1.14979889  0.97534056] lower=[ 3.84914677 -1.34979889  0.71763932] upper=[ 4.34914677 -0.94979889  1.23304179] inside=False
[obj_inside_of] obj=obj obj_pos=[ 4.0007353 -1.3546121  1.0987936] fixture_pos=[ 4.09914677 -1.19979889  0.97534056] fsize=[0.85139319 0.55       0.21540247] shifted_fpos=[ 4.09914677 -1.14979889  0.97534056] lower=[ 3.84914677 -1.34979889  0.71763932] upper=[ 4.34914677 -0.94979889  1.23304179] inside=False
[obj_inside_of] obj=obj obj_pos=[ 4.0016866 -1.3393474  1.09912  ] fixture_pos=[ 4.09914677 -1.19979889  0.97534056] fsize=[0.85139319 0.55       0.21540247] shifted_fpos=[ 4.09914677 -1.14979889  0.97534056] lower=[ 3.84914677 -1.34979889  0.71763932] upper=[ 4.34914677 -0.94979889  1.23304179] inside=True
[obj_inside_of] obj=obj obj_pos=[ 4.0027065 -1.3264282  1.0986744] fixture_pos=[ 4.09914677 -1.19979889  0.97534056] fsize=[0.85139319 0.55       0.21540247] shifted_fpos=[ 4.09914677 -1.14979889  0.97534056] lower=[ 3.84914677 -1.34979889  0.71763932] upper=[ 4.34914677 -0.94979889  1.23304179] inside=True
[obj_inside_of] obj=obj obj_pos=[ 4.0034585 -1.3156421  1.0985849] fixture_pos=[ 4.09914677 -1.19979889  0.97534056] fsize=[0.85139319 0.55       0.21540247] shifted_fpos=[ 4.09914677 -1.14979889  0.97534056] lower=[ 3.84914677 -1.34979889  0.71763932] upper=[ 4.34914677 -0.94979889  1.23304179] inside=True
[obj_inside_of] obj=obj obj_pos=[ 4.003965  -1.3065876  1.0984654] fixture_pos=[ 4.09914677 -1.19979889  0.97534056] fsize=[0.85139319 0.55       0.21540247] shifted_fpos=[ 4.09914677 -1.14979889  0.97534056] lower=[ 3.84914677 -1.34979889  0.71763932] upper=[ 4.34914677 -0.94979889  1.23304179] inside=True
[obj_inside_of] obj=obj obj_pos=[ 4.0045576 -1.2987429  1.0983242] fixture_pos=[ 4.09914677 -1.19979889  0.97534056] fsize=[0.85139319 0.55       0.21540247] shifted_fpos=[ 4.09914677 -1.14979889  0.97534056] lower=[ 3.84914677 -1.34979889  0.71763932] upper=[ 4.34914677 -0.94979889  1.23304179] inside=True
[obj_inside_of] obj=obj obj_pos=[ 4.0048513 -1.292211   1.0980285] fixture_pos=[ 4.09914677 -1.19979889  0.97534056] fsize=[0.85139319 0.55       0.21540247] shifted_fpos=[ 4.09914677 -1.14979889  0.97534056] lower=[ 3.84914677 -1.34979889  0.71763932] upper=[ 4.34914677 -0.94979889  1.23304179] inside=True
[obj_inside_of] obj=obj obj_pos=[ 4.004976  -1.2869642  1.097719 ] fixture_pos=[ 4.09914677 -1.19979889  0.97534056] fsize=[0.85139319 0.55       0.21540247] shifted_fpos=[ 4.09914677 -1.14979889  0.97534056] lower=[ 3.84914677 -1.34979889  0.71763932] upper=[ 4.34914677 -0.94979889  1.23304179] inside=True
[obj_inside_of] obj=obj obj_pos=[ 4.005109  -1.2828472  1.0970218] fixture_pos=[ 4.09914677 -1.19979889  0.97534056] fsize=[0.85139319 0.55       0.21540247] shifted_fpos=[ 4.09914677 -1.14979889  0.97534056] lower=[ 3.84914677 -1.34979889  0.71763932] upper=[ 4.34914677 -0.94979889  1.23304179] inside=True
[obj_inside_of] obj=obj obj_pos=[ 4.0052104 -1.279795   1.0966698] fixture_pos=[ 4.09914677 -1.19979889  0.97534056] fsize=[0.85139319 0.55       0.21540247] shifted_fpos=[ 4.09914677 -1.14979889  0.97534056] lower=[ 3.84914677 -1.34979889  0.71763932] upper=[ 4.34914677 -0.94979889  1.23304179] inside=True
[obj_inside_of] obj=obj obj_pos=[ 4.0051694 -1.2774231  1.0962987] fixture_pos=[ 4.09914677 -1.19979889  0.97534056] fsize=[0.85139319 0.55       0.21540247] shifted_fpos=[ 4.09914677 -1.14979889  0.97534056] lower=[ 3.84914677 -1.34979889  0.71763932] upper=[ 4.34914677 -0.94979889  1.23304179] inside=True
[obj_inside_of] obj=obj obj_pos=[ 4.005243  -1.2757092  1.0959835] fixture_pos=[ 4.09914677 -1.19979889  0.97534056] fsize=[0.85139319 0.55       0.21540247] shifted_fpos=[ 4.09914677 -1.14979889  0.97534056] lower=[ 3.84914677 -1.34979889  0.71763932] upper=[ 4.34914677 -0.94979889  1.23304179] inside=True
[obj_inside_of] obj=obj obj_pos=[ 4.005185  -1.2744002  1.0957098] fixture_pos=[ 4.09914677 -1.19979889  0.97534056] fsize=[0.85139319 0.55       0.21540247] shifted_fpos=[ 4.09914677 -1.14979889  0.97534056] lower=[ 3.84914677 -1.34979889  0.71763932] upper=[ 4.34914677 -0.94979889  1.23304179] inside=True
[obj_inside_of] obj=obj obj_pos=[ 4.005337  -1.2733428  1.0949737] fixture_pos=[ 4.09914677 -1.19979889  0.97534056] fsize=[0.85139319 0.55       0.21540247] shifted_fpos=[ 4.09914677 -1.14979889  0.97534056] lower=[ 3.84914677 -1.34979889  0.71763932] upper=[ 4.34914677 -0.94979889  1.23304179] inside=True
[obj_inside_of] obj=obj obj_pos=[ 4.005408  -1.2723494  1.0943203] fixture_pos=[ 4.09914677 -1.19979889  0.97534056] fsize=[0.85139319 0.55       0.21540247] shifted_fpos=[ 4.09914677 -1.14979889  0.97534056] lower=[ 3.84914677 -1.34979889  0.71763932] upper=[ 4.34914677 -0.94979889  1.23304179] inside=True
[obj_inside_of] obj=obj obj_pos=[ 4.0054054 -1.2715774  1.093748 ] fixture_pos=[ 4.09914677 -1.19979889  0.97534056] fsize=[0.85139319 0.55       0.21540247] shifted_fpos=[ 4.09914677 -1.14979889  0.97534056] lower=[ 3.84914677 -1.34979889  0.71763932] upper=[ 4.34914677 -0.94979889  1.23304179] inside=True
[obj_inside_of] obj=obj obj_pos=[ 4.0054183 -1.2710925  1.0933911] fixture_pos=[ 4.09914677 -1.19979889  0.97534056] fsize=[0.85139319 0.55       0.21540247] shifted_fpos=[ 4.09914677 -1.14979889  0.97534056] lower=[ 3.84914677 -1.34979889  0.71763932] upper=[ 4.34914677 -0.94979889  1.23304179] inside=True
[obj_inside_of] obj=obj obj_pos=[ 4.0054154 -1.2707884  1.0931321] fixture_pos=[ 4.09914677 -1.19979889  0.97534056] fsize=[0.85139319 0.55       0.21540247] shifted_fpos=[ 4.09914677 -1.14979889  0.97534056] lower=[ 3.84914677 -1.34979889  0.71763932] upper=[ 4.34914677 -0.94979889  1.23304179] inside=True
[obj_inside_of] obj=obj obj_pos=[ 4.0054364 -1.2706227  1.0928737] fixture_pos=[ 4.09914677 -1.19979889  0.97534056] fsize=[0.85139319 0.55       0.21540247] shifted_fpos=[ 4.09914677 -1.14979889  0.97534056] lower=[ 3.84914677 -1.34979889  0.71763932] upper=[ 4.34914677 -0.94979889  1.23304179] inside=True
[obj_inside_of] obj=obj obj_pos=[ 4.0054326 -1.2704811  1.0926284] fixture_pos=[ 4.09914677 -1.19979889  0.97534056] fsize=[0.85139319 0.55       0.21540247] shifted_fpos=[ 4.09914677 -1.14979889  0.97534056] lower=[ 3.84914677 -1.34979889  0.71763932] upper=[ 4.34914677 -0.94979889  1.23304179] inside=True
[obj_inside_of] obj=obj obj_pos=[ 4.0054293 -1.2703452  1.0923895] fixture_pos=[ 4.09914677 -1.19979889  0.97534056] fsize=[0.85139319 0.55       0.21540247] shifted_fpos=[ 4.09914677 -1.14979889  0.97534056] lower=[ 3.84914677 -1.34979889  0.71763932] upper=[ 4.34914677 -0.94979889  1.23304179] inside=True
[obj_inside_of] obj=obj obj_pos=[ 4.0054626 -1.270271   1.0921555] fixture_pos=[ 4.09914677 -1.19979889  0.97534056] fsize=[0.85139319 0.55       0.21540247] shifted_fpos=[ 4.09914677 -1.14979889  0.97534056] lower=[ 3.84914677 -1.34979889  0.71763932] upper=[ 4.34914677 -0.94979889  1.23304179] inside=True
[obj_inside_of] obj=obj obj_pos=[ 4.0054626 -1.2701857  1.0919651] fixture_pos=[ 4.09914677 -1.19979889  0.97534056] fsize=[0.85139319 0.55       0.21540247] shifted_fpos=[ 4.09914677 -1.14979889  0.97534056] lower=[ 3.84914677 -1.34979889  0.71763932] upper=[ 4.34914677 -0.94979889  1.23304179] inside=True
[obj_inside_of] obj=obj obj_pos=[ 4.0054574 -1.2700872  1.0918021] fixture_pos=[ 4.09914677 -1.19979889  0.97534056] fsize=[0.85139319 0.55       0.21540247] shifted_fpos=[ 4.09914677 -1.14979889  0.97534056] lower=[ 3.84914677 -1.34979889  0.71763932] upper=[ 4.34914677 -0.94979889  1.23304179] inside=True
[obj_inside_of] obj=obj obj_pos=[ 4.0054655 -1.2699895  1.0916646] fixture_pos=[ 4.09914677 -1.19979889  0.97534056] fsize=[0.85139319 0.55       0.21540247] shifted_fpos=[ 4.09914677 -1.14979889  0.97534056] lower=[ 3.84914677 -1.34979889  0.71763932] upper=[ 4.34914677 -0.94979889  1.23304179] inside=True
[obj_inside_of] obj=obj obj_pos=[ 4.005513  -1.2698963  1.0915451] fixture_pos=[ 4.09914677 -1.19979889  0.97534056] fsize=[0.85139319 0.55       0.21540247] shifted_fpos=[ 4.09914677 -1.14979889  0.97534056] lower=[ 3.84914677 -1.34979889  0.71763932] upper=[ 4.34914677 -0.94979889  1.23304179] inside=True
[obj_inside_of] obj=obj obj_pos=[ 4.0055056 -1.2697875  1.0914714] fixture_pos=[ 4.09914677 -1.19979889  0.97534056] fsize=[0.85139319 0.55       0.21540247] shifted_fpos=[ 4.09914677 -1.14979889  0.97534056] lower=[ 3.84914677 -1.34979889  0.71763932] upper=[ 4.34914677 -0.94979889  1.23304179] inside=True
[obj_inside_of] obj=obj obj_pos=[ 4.005498  -1.2697005  1.0914109] fixture_pos=[ 4.09914677 -1.19979889  0.97534056] fsize=[0.85139319 0.55       0.21540247] shifted_fpos=[ 4.09914677 -1.14979889  0.97534056] lower=[ 3.84914677 -1.34979889  0.71763932] upper=[ 4.34914677 -0.94979889  1.23304179] inside=True
[obj_inside_of] obj=obj obj_pos=[ 4.0055237 -1.2696192  1.091342 ] fixture_pos=[ 4.09914677 -1.19979889  0.97534056] fsize=[0.85139319 0.55       0.21540247] shifted_fpos=[ 4.09914677 -1.14979889  0.97534056] lower=[ 3.84914677 -1.34979889  0.71763932] upper=[ 4.34914677 -0.94979889  1.23304179] inside=True
[obj_inside_of] obj=obj obj_pos=[ 4.000701  -1.2809603  1.0890777] fixture_pos=[ 4.09914677 -1.19979889  0.97534056] fsize=[0.85139319 0.55       0.21540247] shifted_fpos=[ 4.09914677 -1.14979889  0.97534056] lower=[ 3.84914677 -1.34979889  0.71763932] upper=[ 4.34914677 -0.94979889  1.23304179] inside=True
[obj_inside_of] obj=obj obj_pos=[ 3.9960098 -1.2953041  1.0611912] fixture_pos=[ 4.09914677 -1.19979889  0.97534056] fsize=[0.85139319 0.55       0.21540247] shifted_fpos=[ 4.09914677 -1.14979889  0.97534056] lower=[ 3.84914677 -1.34979889  0.71763932] upper=[ 4.34914677 -0.94979889  1.23304179] inside=True
[obj_inside_of] obj=obj obj_pos=[ 3.9913142 -1.3095473  1.0088366] fixture_pos=[ 4.09914677 -1.19979889  0.97534056] fsize=[0.85139319 0.55       0.21540247] shifted_fpos=[ 4.09914677 -1.14979889  0.97534056] lower=[ 3.84914677 -1.34979889  0.71763932] upper=[ 4.34914677 -0.94979889  1.23304179] inside=True
[obj_inside_of] obj=obj obj_pos=[ 3.9866216 -1.3236758  0.9319752] fixture_pos=[ 4.09914677 -1.19979889  0.97534056] fsize=[0.85139319 0.55       0.21540247] shifted_fpos=[ 4.09914677 -1.14979889  0.97534056] lower=[ 3.84914677 -1.34979889  0.71763932] upper=[ 4.34914677 -0.94979889  1.23304179] inside=True
[obj_inside_of] obj=obj obj_pos=[ 3.9847825 -1.3289008  0.9186286] fixture_pos=[ 4.09914677 -1.19979889  0.97534056] fsize=[0.85139319 0.55       0.21540247] shifted_fpos=[ 4.09914677 -1.14979889  0.97534056] lower=[ 3.84914677 -1.34979889  0.71763932] upper=[ 4.34914677 -0.94979889  1.23304179] inside=True
[obj_inside_of] obj=obj obj_pos=[ 3.9847713 -1.3288962  0.9186276] fixture_pos=[ 4.09914677 -1.19979889  0.97534056] fsize=[0.85139319 0.55       0.21540247] shifted_fpos=[ 4.09914677 -1.14979889  0.97534056] lower=[ 3.84914677 -1.34979889  0.71763932] upper=[ 4.34914677 -0.94979889  1.23304179] inside=True
[obj_inside_of] obj=obj obj_pos=[ 3.9847713  -1.3288962   0.91862756] fixture_pos=[ 4.09914677 -1.19979889  0.97534056] fsize=[0.85139319 0.55       0.21540247] shifted_fpos=[ 4.09914677 -1.14979889  0.97534056] lower=[ 3.84914677 -1.34979889  0.71763932] upper=[ 4.34914677 -0.94979889  1.23304179] inside=True
[obj_inside_of] obj=obj obj_pos=[ 3.9847705  -1.328896    0.91862756] fixture_pos=[ 4.09914677 -1.19979889  0.97534056] fsize=[0.85139319 0.55       0.21540247] shifted_fpos=[ 4.09914677 -1.14979889  0.97534056] lower=[ 3.84914677 -1.34979889  0.71763932] upper=[ 4.34914677 -0.94979889  1.23304179] inside=True
[obj_inside_of] obj=obj obj_pos=[ 3.984771   -1.3288959   0.91862756] fixture_pos=[ 4.09914677 -1.19979889  0.97534056] fsize=[0.85139319 0.55       0.21540247] shifted_fpos=[ 4.09914677 -1.14979889  0.97534056] lower=[ 3.84914677 -1.34979889  0.71763932] upper=[ 4.34914677 -0.94979889  1.23304179] inside=True
[obj_inside_of] obj=obj obj_pos=[ 3.984771   -1.3288959   0.91862756] fixture_pos=[ 4.09914677 -1.19979889  0.97534056] fsize=[0.85139319 0.55       0.21540247] shifted_fpos=[ 4.09914677 -1.14979889  0.97534056] lower=[ 3.84914677 -1.34979889  0.71763932] upper=[ 4.34914677 -0.94979889  1.23304179] inside=True
[obj_inside_of] obj=obj obj_pos=[ 3.9847708  -1.3288959   0.91862756] fixture_pos=[ 4.09914677 -1.19979889  0.97534056] fsize=[0.85139319 0.55       0.21540247] shifted_fpos=[ 4.09914677 -1.14979889  0.97534056] lower=[ 3.84914677 -1.34979889  0.71763932] upper=[ 4.34914677 -0.94979889  1.23304179] inside=True
[obj_inside_of] obj=obj obj_pos=[ 3.9847708  -1.3288962   0.91862756] fixture_pos=[ 4.09914677 -1.19979889  0.97534056] fsize=[0.85139319 0.55       0.21540247] shifted_fpos=[ 4.09914677 -1.14979889  0.97534056] lower=[ 3.84914677 -1.34979889  0.71763932] upper=[ 4.34914677 -0.94979889  1.23304179] inside=True
[obj_inside_of] obj=obj obj_pos=[ 3.984771   -1.3288962   0.91862756] fixture_pos=[ 4.09914677 -1.19979889  0.97534056] fsize=[0.85139319 0.55       0.21540247] shifted_fpos=[ 4.09914677 -1.14979889  0.97534056] lower=[ 3.84914677 -1.34979889  0.71763932] upper=[ 4.34914677 -0.94979889  1.23304179] inside=True
[obj_inside_of] obj=obj obj_pos=[ 3.9847703  -1.328896    0.91862756] fixture_pos=[ 4.09914677 -1.19979889  0.97534056] fsize=[0.85139319 0.55       0.21540247] shifted_fpos=[ 4.09914677 -1.14979889  0.97534056] lower=[ 3.84914677 -1.34979889  0.71763932] upper=[ 4.34914677 -0.94979889  1.23304179] inside=True
