Unknown attribute "D" in /robot[@name='tidyverse']/joint[@name='panda_joint1']/dynamics
Unknown attribute "K" in /robot[@name='tidyverse']/joint[@name='panda_joint1']/dynamics
Unknown attribute "mu_coulomb" in /robot[@name='tidyverse']/joint[@name='panda_joint1']/dynamics
Unknown attribute "mu_viscous" in /robot[@name='tidyverse']/joint[@name='panda_joint1']/dynamics
Unknown attribute "D" in /robot[@name='tidyverse']/joint[@name='panda_joint2']/dynamics
Unknown attribute "K" in /robot[@name='tidyverse']/joint[@name='panda_joint2']/dynamics
Unknown attribute "mu_coulomb" in /robot[@name='tidyverse']/joint[@name='panda_joint2']/dynamics
Unknown attribute "mu_viscous" in /robot[@name='tidyverse']/joint[@name='panda_joint2']/dynamics
Unknown attribute "D" in /robot[@name='tidyverse']/joint[@name='panda_joint3']/dynamics
Unknown attribute "K" in /robot[@name='tidyverse']/joint[@name='panda_joint3']/dynamics
Unknown attribute "mu_coulomb" in /robot[@name='tidyverse']/joint[@name='panda_joint3']/dynamics
Unknown attribute "mu_viscous" in /robot[@name='tidyverse']/joint[@name='panda_joint3']/dynamics
Unknown attribute "D" in /robot[@name='tidyverse']/joint[@name='panda_joint4']/dynamics
Unknown attribute "K" in /robot[@name='tidyverse']/joint[@name='panda_joint4']/dynamics
Unknown attribute "mu_coulomb" in /robot[@name='tidyverse']/joint[@name='panda_joint4']/dynamics
Unknown attribute "mu_viscous" in /robot[@name='tidyverse']/joint[@name='panda_joint4']/dynamics
Unknown attribute "D" in /robot[@name='tidyverse']/joint[@name='panda_joint5']/dynamics
Unknown attribute "K" in /robot[@name='tidyverse']/joint[@name='panda_joint5']/dynamics
Unknown attribute "mu_coulomb" in /robot[@name='tidyverse']/joint[@name='panda_joint5']/dynamics
Unknown attribute "mu_viscous" in /robot[@name='tidyverse']/joint[@name='panda_joint5']/dynamics
Unknown attribute "D" in /robot[@name='tidyverse']/joint[@name='panda_joint6']/dynamics
Unknown attribute "K" in /robot[@name='tidyverse']/joint[@name='panda_joint6']/dynamics
Unknown attribute "mu_coulomb" in /robot[@name='tidyverse']/joint[@name='panda_joint6']/dynamics
Unknown attribute "mu_viscous" in /robot[@name='tidyverse']/joint[@name='panda_joint6']/dynamics
Unknown attribute "D" in /robot[@name='tidyverse']/joint[@name='panda_joint7']/dynamics
Unknown attribute "K" in /robot[@name='tidyverse']/joint[@name='panda_joint7']/dynamics
Unknown attribute "mu_coulomb" in /robot[@name='tidyverse']/joint[@name='panda_joint7']/dynamics
Unknown attribute "mu_viscous" in /robot[@name='tidyverse']/joint[@name='panda_joint7']/dynamics
[33;1m2026-09-27 06:55:07,557 - mani_skill  - WARNING - tidyverse is not in the task's list of supported robots. Code may not run as intended[0m
[franka-bridge] IK solver loaded from /home/truares/文档/maniskill-tidyverse/arm_franka_maniskill_service/franka_server/tidyverse_arm_only.urdf
[maniskill] Creating env: task=RoboCasa-Pn-P-Counter-To-Sink-v0, control_mode=whole_body, obs_mode=rgb+depth+segmentation, num_envs=1
Could not place objects. Trying again with new objects
Could not place objects. Trying again with new objects
[obj_inside_of] obj=obj obj_pos=[ 3.9280279 -1.8760474  1.0890545] fixture_pos=[ 4.09999816 -1.1997989   0.96125   ] fsize=[0.91666663 0.55       0.24749999] shifted_fpos=[ 4.09999816 -1.1497989   0.96125   ] lower=[ 3.84999816 -1.3497989   0.68750001] upper=[ 4.34999816 -0.9497989   1.23499999] inside=False
[obj_inside_of] obj=obj obj_pos=[ 0.5072005 -2.75566    1.0069567] fixture_pos=[ 0.29999284 -2.1999989   0.96125   ] fsize=[0.91666663 0.55       0.24749999] shifted_fpos=[ 0.29999284 -2.1499989   0.96125   ] lower=[ 0.04999284 -2.3499989   0.68750001] upper=[ 0.54999284 -1.9499989   1.23499999] inside=False
[maniskill] Env reset with seed=0 (reconfigure=True)
[maniskill] Simulation device: cpu
[viz-debug] all robot links:
  root: pos=(1.400,-2.200,0.000) q=(-0.000,0.000,0.000,1.000)
  base_x_link: pos=(1.400,-2.200,0.000) q=(-0.000,0.000,0.000,1.000)
  base_y_link: pos=(1.400,-2.200,0.000) q=(-0.000,0.000,0.000,1.000)
  base_link: pos=(1.400,-2.200,0.000) q=(-0.000,0.000,0.000,1.000)
  panda_link0: pos=(1.400,-2.200,0.472) q=(-0.000,0.000,0.000,1.000)
  panda_link1: pos=(1.400,-2.200,0.805) q=(-0.000,0.000,0.000,1.000)
  panda_link2: pos=(1.400,-2.200,0.805) q=(0.270,0.270,-0.653,0.653)
  panda_link3: pos=(1.623,-2.200,1.029) q=(-0.000,0.382,0.000,0.924)
  panda_link4: pos=(1.565,-2.200,1.087) q=(0.500,-0.500,0.500,0.500)
  panda_link5: pos=(1.181,-2.200,1.170) q=(-0.000,-0.707,-0.000,0.707)
  panda_link6: pos=(1.181,-2.200,1.170) q=(-0.120,0.120,0.697,0.697)
  panda_link7: pos=(1.098,-2.200,1.199) q=(-0.157,0.377,0.910,-0.065)
  panda_link8: pos=(1.062,-2.200,1.098) q=(-0.157,0.377,0.910,-0.065)
  robotiq_arg2f_base_link: pos=(1.062,-2.200,1.098) q=(-0.157,0.377,0.910,-0.065)
  eef: pos=(1.014,-2.200,0.962) q=(-0.157,0.377,0.910,-0.065)
  left_outer_knuckle: pos=(1.023,-2.222,1.054) q=(0.065,0.910,-0.377,-0.157)
  left_inner_knuckle: pos=(1.033,-2.209,1.043) q=(0.065,0.910,-0.377,-0.157)
  right_outer_knuckle: pos=(1.064,-2.178,1.039) q=(-0.157,0.377,0.910,-0.065)
  right_inner_knuckle: pos=(1.050,-2.191,1.037) q=(-0.157,0.377,0.910,-0.065)
  left_outer_finger: pos=(1.004,-2.244,1.065) q=(0.065,0.910,-0.377,-0.157)
  right_outer_finger: pos=(1.086,-2.156,1.036) q=(-0.157,0.377,0.910,-0.065)
  left_inner_finger: pos=(0.984,-2.248,1.022) q=(0.065,0.910,-0.377,-0.157)
  right_inner_finger: pos=(1.075,-2.152,0.990) q=(-0.157,0.377,0.910,-0.065)
  left_inner_finger_pad: pos=(0.988,-2.233,0.986) q=(0.065,0.910,-0.377,-0.157)
  right_inner_finger_pad: pos=(1.049,-2.167,0.965) q=(-0.157,0.377,0.910,-0.065)
[viz] cuRobo OBB visualization created (0.734m x 0.524m, red transparent)
[planner] base_link home: pos=[1.3999928, -2.1999948, 0.0] q=[-1.8366026e-06, 0.0, 0.0, 1.0]
[planner] Creating SapienPlanningWorld...

  Planning world contents (ACM mode=strict):
    Robot links (25): ['scene-0-tidyverse_root', 'scene-0-tidyverse_base_x_link', 'scene-0-tidyverse_base_y_link', 'scene-0-tidyverse_base_link', 'scene-0-tidyverse_panda_link0']...
    Articulations (24):
      [PENDING] scene-0_stack_3_left_group_3_0_141 (3 links)
      [PENDING] scene-0_stack_3_left_group_2_0_138 (3 links)
      [PENDING] scene-0_top_left_group_0_119 (4 links)
      [PENDING] scene-0_bottom_left_group_1_0_107 (3 links)
      [PENDING] scene-0_sink_left_group_0_98 (5 links)
      [ROBOT] scene-0_tidyverse_1
      [PENDING] scene-0_cab_1_left_group_0_89 (3 links)
      [PENDING] scene-0_stovetop_main_group_0_36 (8 links)
      [PENDING] scene-0_cab_2_left_group_0_93 (3 links)
      [PENDING] scene-0_stack_1_main_group_1_0_48 (3 links)
      [PENDING] scene-0_stack_2_left_group_1_0_128 (4 links)
      [PENDING] scene-0_stack_1_main_group_3_0_54 (3 links)
      [PENDING] scene-0_stack_1_main_group_4_0_57 (3 links)
      [PENDING] scene-0_stack_2_main_group_1_0_61 (4 links)
      [PENDING] scene-0_stack_3_left_group_1_0_134 (4 links)
      [PENDING] scene-0_stack_1_main_group_2_0_51 (3 links)
      [PENDING] scene-0_stack_3_main_group_1_0_67 (4 links)
      [PENDING] scene-0_cab_main_main_group_0_78 (4 links)
      [PENDING] scene-0_microwave_left_group_0_115 (3 links)
      [PENDING] scene-0_stack_3_main_group_2_0_71 (3 links)
      [PENDING] scene-0_fridge_cab_main_group_0_83 (4 links)
      [PENDING] scene-0_stack_1_left_group_0_123 (3 links)
      [PENDING] scene-0_bottom_left_group_2_0_110 (3 links)
      [PENDING] scene-0_stack_3_main_group_3_0_74 (3 links)
    Static objects (94 total):
      Targets (always checked): 0
      Collision-checked (near, <1.5m): 94
        - fixture_box_stool_3_stool_group  dist=-1.00m
        - fixture_box_stool_2_stool_group  dist=-1.00m
        - fixture_box_stool_1_stool_group  dist=-1.00m
        - fixture_box_knife_block_left_group  dist=-1.00m
        - fixture_box_paper_towel_left_group  dist=-1.00m
        - fixture_box_coffee_machine_left_group  dist=-1.00m
        - fixture_box_stack_3_left_group_3  dist=-1.00m
        - fixture_box_stack_3_left_group_2  dist=-1.00m
        - fixture_box_stack_3_left_group_1  dist=-1.00m
        - fixture_box_stack_3_left_group_base  dist=-1.00m
        - fixture_box_stack_2_left_group_2  dist=-1.00m
        - fixture_box_stack_2_left_group_1  dist=-1.00m
        - fixture_box_micro_housing_left_group  dist=-1.00m
        - fixture_box_microwave_left_group  dist=-1.00m
        - fixture_box_oven_left_group  dist=-1.00m
        - fixture_box_bottom_left_group_1  dist=-1.00m
        - fixture_box_bottom_left_group_base  dist=-1.00m
        - fixture_box_stack_2_left_group_base  dist=-1.00m
        - fixture_box_counter_corner_left_group  dist=-1.00m
        - fixture_box_sink_left_group  dist=-1.00m
        - fixture_box_cab_corner_4_left_group  dist=-1.00m
        - fixture_box_cab_corner_3_left_group  dist=-1.00m
        - fixture_box_cab_2_left_group  dist=-1.00m
        - fixture_box_window_group_left_group  dist=-1.00m
        - fixture_box_oven_housing_left_group  dist=-1.00m
        - fixture_box_utensil_holder_main_group  dist=-1.00m
        - fixture_box_toaster_main_group  dist=-1.00m
        - scene-0_dishwasher_left_group_0_126  dist=-1.00m
        - fixture_box_fridge_main_group  dist=-1.00m
        - scene-0_bottom_left_group_base_0_106  dist=-1.00m
        - fixture_box_stack_1_main_group_base  dist=-1.00m
        - fixture_box_cab_1_left_group  dist=-1.00m
        - scene-0_counter_corner_left_group_0_104  dist=-1.00m
        - scene-0_window_group_left_group_0_92  dist=-1.00m
        - fixture_box_counter_1_left_left_group  dist=-1.00m
        - scene-0_utensil_holder_main_group_0_88  dist=-1.00m
        - scene-0_shelves_main_group_0_82  dist=-1.00m
        - scene-0_cab_corner_4_left_group_0_97  dist=-1.00m
        - scene-0_stack_2_left_group_base_0_127  dist=-1.00m
        - fixture_box_stack_1_main_group_4  dist=-1.00m
        - scene-0_floor_room_0_32  dist=-1.00m
        - scene-0_island_left_group_0_105  dist=-1.00m
        - scene-0_stool_3_stool_group_0_150  dist=-1.00m
        - scene-0_distr_counter_0_152  dist=-1.00m
        - scene-0_stack_2_left_group_2_0_132  dist=-1.00m
        - fixture_box_dishwasher_left_group  dist=-1.00m
        - fixture_box_bottom_left_group_2  dist=-1.00m
        - scene-0_hood_main_group_0_77  dist=-1.00m
        - scene-0_wall_room_0_26  dist=-1.00m
        - fixture_box_plant_left_group  dist=-1.00m
        - fixture_box_stack_1_left_group  dist=-1.00m
        - scene-0_wall_left_room_0_27  dist=-1.00m
        - scene-0_counter_corner_main_main_group_0_34  dist=-1.00m
        - scene-0_distr_sink_0_153  dist=-1.00m
        - fixture_box_counter_1_right_main_group  dist=-1.00m
        - scene-0_counter_1_right_main_group_0_44  dist=-1.00m
        - fixture_box_stack_1_main_group_2  dist=-1.00m
        - scene-0_stack_2_main_group_2_0_65  dist=-1.00m
        - scene-0_toaster_main_group_0_87  dist=-1.00m
        - scene-0_stack_1_main_group_base_0_47  dist=-1.00m
        - scene-0_oven_left_group_0_113  dist=-1.00m
        - scene-0_coffee_machine_left_group_0_144  dist=-1.00m
        - scene-0_cab_corner_3_left_group_0_96  dist=-1.00m
        - fixture_box_fridge_cab_main_group  dist=-1.00m
        - scene-0_stack_2_main_group_base_0_60  dist=-1.00m
        - scene-0_obj_0_151  dist=-1.00m
        - fixture_box_hood_main_group  dist=-1.00m
        - scene-0_stack_3_left_group_base_0_133  dist=-1.00m
        - scene-0_paper_towel_left_group_0_145  dist=-1.00m
        - scene-0_knife_block_left_group_0_146  dist=-1.00m
        - scene-0_stool_2_stool_group_0_149  dist=-1.00m
        - fixture_box_stack_2_main_group_1  dist=-1.00m
        - scene-0_plant_left_group_0_147  dist=-1.00m
        - scene-0_counter_main_main_group_0_35  dist=-1.00m
        - scene-0_stool_1_stool_group_0_148  dist=-1.00m
        - fixture_box_top_left_group  dist=-1.00m
        - fixture_box_counter_corner_main_main_group  dist=-1.00m
        - fixture_box_island_left_group  dist=-1.00m
        - scene-0_counter_1_left_left_group_0_103  dist=-1.00m
        - fixture_box_counter_main_main_group  dist=-1.00m
        - fixture_box_stovetop_main_group  dist=-1.00m
        - fixture_box_stack_2_main_group_2  dist=-1.00m
        - fixture_box_stack_1_main_group_3  dist=-1.00m
        - fixture_box_stack_2_main_group_base  dist=-1.00m
        - scene-0_fridge_main_group_0_45  dist=-1.00m
        - fixture_box_fridge_housing_main_group  dist=-1.00m
        - fixture_box_stack_3_main_group_base  dist=-1.00m
        - fixture_box_stack_3_main_group_2  dist=-1.00m
        - fixture_box_stack_1_main_group_1  dist=-1.00m
        - fixture_box_stack_3_main_group_1  dist=-1.00m
        - fixture_box_stack_3_main_group_3  dist=-1.00m
        - fixture_box_cab_main_main_group  dist=-1.00m
        - scene-0_stack_3_main_group_base_0_66  dist=-1.00m
        - fixture_box_shelves_main_group  dist=-1.00m
      ACM-relaxed (far): 0

  No initial collisions.
[planner] Added 57 fixture boxes (cached 57 cuboids for cuRobo)
[planner] mplib ready
[curobo] Using in-process planner (set CUROBO_SERVICE_URL to switch)
[curobo] Loading franka_mobile config...
Warp DeprecationWarning: The symbol `warp.torch.device_from_torch` will soon be removed from the public API. Use `warp.device_from_torch` instead.
[curobo] Warming up CUDA kernels...
[curobo] Loading arm-only config (base joints locked)...
[curobo] Ready (15.0s, whole_body + arm_only)
[curobo] Updated collision world: 54 cuboids (skipped 0 overlap, 3 far)
[curobo] Loaded 57 cuboids (transformed world→local)
[curobo] Collision world for target: 54 cuboids (excl 0 at target, 0 overlap, 3 far)
[curobo] Plan OK (2.52s, whole_body): 31 waypoints
[planner] dummy plan JIT warmup done (2.5s)
[maniskill] Environment ready (1 env(s))
[franka-bridge] State PUB on 7006, CMD REP on 7005, Stream SUB on 7007
[gripper-bridge] State PUB on 7021, CMD REP on 7020
[base-bridge] Using world-frame poses (no local conversion)
[maniskill] Started 3 bridge(s)
[base-bridge] RPC server listening on port 51450 (env 0)
[maniskill] HTTP API on port 6950 (env 0: /task/success, /task/info, /plan, /perceive, /reset)
[maniskill] Entering physics loop (1 env(s), Ctrl+C to stop)
[obj_inside_of] obj=obj obj_pos=[ 0.5072005 -2.75566    0.9922421] fixture_pos=[ 0.29999284 -2.1999989   0.96125   ] fsize=[0.91666663 0.55       0.24749999] shifted_fpos=[ 0.29999284 -2.1499989   0.96125   ] lower=[ 0.04999284 -2.3499989   0.68750001] upper=[ 0.54999284 -1.9499989   1.23499999] inside=False
[viz-debug] base_link.pose=(1.400,-2.200) q=(-0.000,-0.000,0.000,1.000) qpos[0:3]=(0.000,0.000,0.000)
[obj_inside_of] obj=obj obj_pos=[ 0.507529  -2.7553966  0.9647855] fixture_pos=[ 0.29999284 -2.1999989   0.96125   ] fsize=[0.91666663 0.55       0.24749999] shifted_fpos=[ 0.29999284 -2.1499989   0.96125   ] lower=[ 0.04999284 -2.3499989   0.68750001] upper=[ 0.54999284 -1.9499989   1.23499999] inside=False
[obj_inside_of] obj=obj obj_pos=[ 0.5072301 -2.7556841  0.9647163] fixture_pos=[ 0.29999284 -2.1999989   0.96125   ] fsize=[0.91666663 0.55       0.24749999] shifted_fpos=[ 0.29999284 -2.1499989   0.96125   ] lower=[ 0.04999284 -2.3499989   0.68750001] upper=[ 0.54999284 -1.9499989   1.23499999] inside=False
[obj_inside_of] obj=obj obj_pos=[ 0.5073308 -2.755629   0.9647054] fixture_pos=[ 0.29999284 -2.1999989   0.96125   ] fsize=[0.91666663 0.55       0.24749999] shifted_fpos=[ 0.29999284 -2.1499989   0.96125   ] lower=[ 0.04999284 -2.3499989   0.68750001] upper=[ 0.54999284 -1.9499989   1.23499999] inside=False
[obj_inside_of] obj=obj obj_pos=[ 0.5073328 -2.7556305  0.9647035] fixture_pos=[ 0.29999284 -2.1999989   0.96125   ] fsize=[0.91666663 0.55       0.24749999] shifted_fpos=[ 0.29999284 -2.1499989   0.96125   ] lower=[ 0.04999284 -2.3499989   0.68750001] upper=[ 0.54999284 -1.9499989   1.23499999] inside=False
[obj_inside_of] obj=obj obj_pos=[ 0.50733274 -2.7556305   0.96470356] fixture_pos=[ 0.29999284 -2.1999989   0.96125   ] fsize=[0.91666663 0.55       0.24749999] shifted_fpos=[ 0.29999284 -2.1499989   0.96125   ] lower=[ 0.04999284 -2.3499989   0.68750001] upper=[ 0.54999284 -1.9499989   1.23499999] inside=False
[obj_inside_of] obj=obj obj_pos=[ 0.5073327  -2.7556307   0.96470356] fixture_pos=[ 0.29999284 -2.1999989   0.96125   ] fsize=[0.91666663 0.55       0.24749999] shifted_fpos=[ 0.29999284 -2.1499989   0.96125   ] lower=[ 0.04999284 -2.3499989   0.68750001] upper=[ 0.54999284 -1.9499989   1.23499999] inside=False
[obj_inside_of] obj=obj obj_pos=[ 0.50733286 -2.7556305   0.96470356] fixture_pos=[ 0.29999284 -2.1999989   0.96125   ] fsize=[0.91666663 0.55       0.24749999] shifted_fpos=[ 0.29999284 -2.1499989   0.96125   ] lower=[ 0.04999284 -2.3499989   0.68750001] upper=[ 0.54999284 -1.9499989   1.23499999] inside=False
[obj_inside_of] obj=obj obj_pos=[ 0.50733256 -2.7556307   0.9647036 ] fixture_pos=[ 0.29999284 -2.1999989   0.96125   ] fsize=[0.91666663 0.55       0.24749999] shifted_fpos=[ 0.29999284 -2.1499989   0.96125   ] lower=[ 0.04999284 -2.3499989   0.68750001] upper=[ 0.54999284 -1.9499989   1.23499999] inside=False
[obj_inside_of] obj=obj obj_pos=[ 0.50733256 -2.7556307   0.9647036 ] fixture_pos=[ 0.29999284 -2.1999989   0.96125   ] fsize=[0.91666663 0.55       0.24749999] shifted_fpos=[ 0.29999284 -2.1499989   0.96125   ] lower=[ 0.04999284 -2.3499989   0.68750001] upper=[ 0.54999284 -1.9499989   1.23499999] inside=False
[obj_inside_of] obj=obj obj_pos=[ 0.50733256 -2.7556307   0.9647036 ] fixture_pos=[ 0.29999284 -2.1999989   0.96125   ] fsize=[0.91666663 0.55       0.24749999] shifted_fpos=[ 0.29999284 -2.1499989   0.96125   ] lower=[ 0.04999284 -2.3499989   0.68750001] upper=[ 0.54999284 -1.9499989   1.23499999] inside=False
[obj_inside_of] obj=obj obj_pos=[ 0.50733256 -2.7556307   0.9647036 ] fixture_pos=[ 0.29999284 -2.1999989   0.96125   ] fsize=[0.91666663 0.55       0.24749999] shifted_fpos=[ 0.29999284 -2.1499989   0.96125   ] lower=[ 0.04999284 -2.3499989   0.68750001] upper=[ 0.54999284 -1.9499989   1.23499999] inside=False
[obj_inside_of] obj=obj obj_pos=[ 0.50733256 -2.7556307   0.9647036 ] fixture_pos=[ 0.29999284 -2.1999989   0.96125   ] fsize=[0.91666663 0.55       0.24749999] shifted_fpos=[ 0.29999284 -2.1499989   0.96125   ] lower=[ 0.04999284 -2.3499989   0.68750001] upper=[ 0.54999284 -1.9499989   1.23499999] inside=False
[obj_inside_of] obj=obj obj_pos=[ 0.50733256 -2.7556307   0.9647036 ] fixture_pos=[ 0.29999284 -2.1999989   0.96125   ] fsize=[0.91666663 0.55       0.24749999] shifted_fpos=[ 0.29999284 -2.1499989   0.96125   ] lower=[ 0.04999284 -2.3499989   0.68750001] upper=[ 0.54999284 -1.9499989   1.23499999] inside=False
[obj_inside_of] obj=obj obj_pos=[ 0.50733256 -2.7556307   0.9647036 ] fixture_pos=[ 0.29999284 -2.1999989   0.96125   ] fsize=[0.91666663 0.55       0.24749999] shifted_fpos=[ 0.29999284 -2.1499989   0.96125   ] lower=[ 0.04999284 -2.3499989   0.68750001] upper=[ 0.54999284 -1.9499989   1.23499999] inside=False
[obj_inside_of] obj=obj obj_pos=[ 0.50733256 -2.7556307   0.9647036 ] fixture_pos=[ 0.29999284 -2.1999989   0.96125   ] fsize=[0.91666663 0.55       0.24749999] shifted_fpos=[ 0.29999284 -2.1499989   0.96125   ] lower=[ 0.04999284 -2.3499989   0.68750001] upper=[ 0.54999284 -1.9499989   1.23499999] inside=False
[obj_inside_of] obj=obj obj_pos=[ 0.50733256 -2.7556307   0.9647036 ] fixture_pos=[ 0.29999284 -2.1999989   0.96125   ] fsize=[0.91666663 0.55       0.24749999] shifted_fpos=[ 0.29999284 -2.1499989   0.96125   ] lower=[ 0.04999284 -2.3499989   0.68750001] upper=[ 0.54999284 -1.9499989   1.23499999] inside=False
[obj_inside_of] obj=obj obj_pos=[ 0.50733256 -2.7556307   0.9647036 ] fixture_pos=[ 0.29999284 -2.1999989   0.96125   ] fsize=[0.91666663 0.55       0.24749999] shifted_fpos=[ 0.29999284 -2.1499989   0.96125   ] lower=[ 0.04999284 -2.3499989   0.68750001] upper=[ 0.54999284 -1.9499989   1.23499999] inside=False
[obj_inside_of] obj=obj obj_pos=[ 0.50733256 -2.7556307   0.9647036 ] fixture_pos=[ 0.29999284 -2.1999989   0.96125   ] fsize=[0.91666663 0.55       0.24749999] shifted_fpos=[ 0.29999284 -2.1499989   0.96125   ] lower=[ 0.04999284 -2.3499989   0.68750001] upper=[ 0.54999284 -1.9499989   1.23499999] inside=False
[obj_inside_of] obj=obj obj_pos=[ 0.50733256 -2.7556307   0.9647036 ] fixture_pos=[ 0.29999284 -2.1999989   0.96125   ] fsize=[0.91666663 0.55       0.24749999] shifted_fpos=[ 0.29999284 -2.1499989   0.96125   ] lower=[ 0.04999284 -2.3499989   0.68750001] upper=[ 0.54999284 -1.9499989   1.23499999] inside=False
[obj_inside_of] obj=obj obj_pos=[ 0.50733256 -2.7556307   0.9647036 ] fixture_pos=[ 0.29999284 -2.1999989   0.96125   ] fsize=[0.91666663 0.55       0.24749999] shifted_fpos=[ 0.29999284 -2.1499989   0.96125   ] lower=[ 0.04999284 -2.3499989   0.68750001] upper=[ 0.54999284 -1.9499989   1.23499999] inside=False
[obj_inside_of] obj=obj obj_pos=[ 3.81386   -1.8014078  1.0059942] fixture_pos=[ 4.09914677 -1.19979889  0.97534056] fsize=[0.85139319 0.55       0.21540247] shifted_fpos=[ 4.09914677 -1.14979889  0.97534056] lower=[ 3.84914677 -1.34979889  0.71763932] upper=[ 4.34914677 -0.94979889  1.23304179] inside=False
[obj_inside_of] obj=obj obj_pos=[ 3.81386   -1.8014078  0.9912789] fixture_pos=[ 4.09914677 -1.19979889  0.97534056] fsize=[0.85139319 0.55       0.21540247] shifted_fpos=[ 4.09914677 -1.14979889  0.97534056] lower=[ 3.84914677 -1.34979889  0.71763932] upper=[ 4.34914677 -0.94979889  1.23304179] inside=False
[obj_inside_of] obj=obj obj_pos=[ 3.8137684 -1.8013942  0.9700311] fixture_pos=[ 4.09914677 -1.19979889  0.97534056] fsize=[0.85139319 0.55       0.21540247] shifted_fpos=[ 4.09914677 -1.14979889  0.97534056] lower=[ 3.84914677 -1.34979889  0.71763932] upper=[ 4.34914677 -0.94979889  1.23304179] inside=False
[obj_inside_of] obj=obj obj_pos=[ 3.81386   -1.8014078  1.0059942] fixture_pos=[ 4.09914677 -1.19979889  0.97534056] fsize=[0.85139319 0.55       0.21540247] shifted_fpos=[ 4.09914677 -1.14979889  0.97534056] lower=[ 3.84914677 -1.34979889  0.71763932] upper=[ 4.34914677 -0.94979889  1.23304179] inside=False
[obj_inside_of] obj=obj obj_pos=[ 3.81386   -1.8014078  0.9912789] fixture_pos=[ 4.09914677 -1.19979889  0.97534056] fsize=[0.85139319 0.55       0.21540247] shifted_fpos=[ 4.09914677 -1.14979889  0.97534056] lower=[ 3.84914677 -1.34979889  0.71763932] upper=[ 4.34914677 -0.94979889  1.23304179] inside=False
[obj_inside_of] obj=obj obj_pos=[ 3.8137684 -1.8013942  0.9700311] fixture_pos=[ 4.09914677 -1.19979889  0.97534056] fsize=[0.85139319 0.55       0.21540247] shifted_fpos=[ 4.09914677 -1.14979889  0.97534056] lower=[ 3.84914677 -1.34979889  0.71763932] upper=[ 4.34914677 -0.94979889  1.23304179] inside=False
[obj_inside_of] obj=obj obj_pos=[ 3.8138626  -1.801398    0.97000045] fixture_pos=[ 4.09914677 -1.19979889  0.97534056] fsize=[0.85139319 0.55       0.21540247] shifted_fpos=[ 4.09914677 -1.14979889  0.97534056] lower=[ 3.84914677 -1.34979889  0.71763932] upper=[ 4.34914677 -0.94979889  1.23304179] inside=False
[obj_inside_of] obj=obj obj_pos=[ 3.813861  -1.8013978  0.9700001] fixture_pos=[ 4.09914677 -1.19979889  0.97534056] fsize=[0.85139319 0.55       0.21540247] shifted_fpos=[ 4.09914677 -1.14979889  0.97534056] lower=[ 3.84914677 -1.34979889  0.71763932] upper=[ 4.34914677 -0.94979889  1.23304179] inside=False
[perceive] 26 objects from ['base_camera', 'wrist_camera']: ['floor_room_0', 'counter_1_front_group_0', 'dishwasher_right_group_0', 'counter_corner_front_group_0', 'boxed_drink', 'counter_corner_right_group_0', 'counter_1_right_group_0', 'stack_1_right_group_2_0', 'inner_box', 'counter_main_main_group_0']...
[obj_inside_of] obj=obj obj_pos=[ 3.813861  -1.8013976  0.97     ] fixture_pos=[ 4.09914677 -1.19979889  0.97534056] fsize=[0.85139319 0.55       0.21540247] shifted_fpos=[ 4.09914677 -1.14979889  0.97534056] lower=[ 3.84914677 -1.34979889  0.71763932] upper=[ 4.34914677 -0.94979889  1.23304179] inside=False
[obj_inside_of] obj=obj obj_pos=[ 3.813861  -1.8013976  0.97     ] fixture_pos=[ 4.09914677 -1.19979889  0.97534056] fsize=[0.85139319 0.55       0.21540247] shifted_fpos=[ 4.09914677 -1.14979889  0.97534056] lower=[ 3.84914677 -1.34979889  0.71763932] upper=[ 4.34914677 -0.94979889  1.23304179] inside=False
[obj_inside_of] obj=obj obj_pos=[ 3.813858  -1.8013964  0.9700002] fixture_pos=[ 4.09914677 -1.19979889  0.97534056] fsize=[0.85139319 0.55       0.21540247] shifted_fpos=[ 4.09914677 -1.14979889  0.97534056] lower=[ 3.84914677 -1.34979889  0.71763932] upper=[ 4.34914677 -0.94979889  1.23304179] inside=False
[obj_inside_of] obj=obj obj_pos=[ 1.9667873  -0.47850013  1.047     ] fixture_pos=[ 1.25    -0.3      0.96125] fsize=[0.91666663 0.55       0.24749999] shifted_fpos=[ 1.25    -0.25     0.96125] lower=[ 1.         -0.45        0.68750001] upper=[ 1.5        -0.05        1.23499999] inside=False
[obj_inside_of] obj=obj obj_pos=[ 1.9667873  -0.47850013  1.0322855 ] fixture_pos=[ 1.25    -0.3      0.96125] fsize=[0.91666663 0.55       0.24749999] shifted_fpos=[ 1.25    -0.25     0.96125] lower=[ 1.         -0.45        0.68750001] upper=[ 1.5        -0.05        1.23499999] inside=False
[obj_inside_of] obj=obj obj_pos=[ 1.9667873  -0.47850013  0.9930448 ] fixture_pos=[ 1.25    -0.3      0.96125] fsize=[0.91666663 0.55       0.24749999] shifted_fpos=[ 1.25    -0.25     0.96125] lower=[ 1.         -0.45        0.68750001] upper=[ 1.5        -0.05        1.23499999] inside=False
[obj_inside_of] obj=obj obj_pos=[ 1.9667873  -0.47850013  1.047     ] fixture_pos=[ 1.25    -0.3      0.96125] fsize=[0.91666663 0.55       0.24749999] shifted_fpos=[ 1.25    -0.25     0.96125] lower=[ 1.         -0.45        0.68750001] upper=[ 1.5        -0.05        1.23499999] inside=False
[obj_inside_of] obj=obj obj_pos=[ 1.9667873  -0.47850013  1.0322855 ] fixture_pos=[ 1.25    -0.3      0.96125] fsize=[0.91666663 0.55       0.24749999] shifted_fpos=[ 1.25    -0.25     0.96125] lower=[ 1.         -0.45        0.68750001] upper=[ 1.5        -0.05        1.23499999] inside=False
[obj_inside_of] obj=obj obj_pos=[ 1.9667873  -0.47850013  0.9930448 ] fixture_pos=[ 1.25    -0.3      0.96125] fsize=[0.91666663 0.55       0.24749999] shifted_fpos=[ 1.25    -0.25     0.96125] lower=[ 1.         -0.45        0.68750001] upper=[ 1.5        -0.05        1.23499999] inside=False
[obj_inside_of] obj=obj obj_pos=[ 1.9667872  -0.47850034  0.97750014] fixture_pos=[ 1.25    -0.3      0.96125] fsize=[0.91666663 0.55       0.24749999] shifted_fpos=[ 1.25    -0.25     0.96125] lower=[ 1.         -0.45        0.68750001] upper=[ 1.5        -0.05        1.23499999] inside=False
[obj_inside_of] obj=obj obj_pos=[ 1.9667875  -0.47850016  0.97749996] fixture_pos=[ 1.25    -0.3      0.96125] fsize=[0.91666663 0.55       0.24749999] shifted_fpos=[ 1.25    -0.25     0.96125] lower=[ 1.         -0.45        0.68750001] upper=[ 1.5        -0.05        1.23499999] inside=False
[perceive] 19 objects from ['base_camera', 'wrist_camera']: ['floor_room_0', 'stack_2_main_group_2_0', 'dishwasher_main_group_0', 'inner_box', 'cup', 'object', 'counter_main_main_group_0', 'jam', 'spout', 'hingerightdoor']...
[obj_inside_of] obj=obj obj_pos=[ 1.9667875  -0.4785002   0.97749984] fixture_pos=[ 1.25    -0.3      0.96125] fsize=[0.91666663 0.55       0.24749999] shifted_fpos=[ 1.25    -0.25     0.96125] lower=[ 1.         -0.45        0.68750001] upper=[ 1.5        -0.05        1.23499999] inside=False
[obj_inside_of] obj=obj obj_pos=[ 1.9667875  -0.4785002   0.97749984] fixture_pos=[ 1.25    -0.3      0.96125] fsize=[0.91666663 0.55       0.24749999] shifted_fpos=[ 1.25    -0.25     0.96125] lower=[ 1.         -0.45        0.68750001] upper=[ 1.5        -0.05        1.23499999] inside=False
[obj_inside_of] obj=obj obj_pos=[ 1.9667871  -0.47850028  0.9775    ] fixture_pos=[ 1.25    -0.3      0.96125] fsize=[0.91666663 0.55       0.24749999] shifted_fpos=[ 1.25    -0.25     0.96125] lower=[ 1.         -0.45        0.68750001] upper=[ 1.5        -0.05        1.23499999] inside=False
[obj_inside_of] obj=obj obj_pos=[ 1.8066406  -0.46388465  0.98405266] fixture_pos=[ 1.25    -0.3      0.96125] fsize=[0.91666663 0.55       0.24749999] shifted_fpos=[ 1.25    -0.25     0.96125] lower=[ 1.         -0.45        0.68750001] upper=[ 1.5        -0.05        1.23499999] inside=False
[obj_inside_of] obj=obj obj_pos=[ 1.8066406  -0.46388465  0.96933806] fixture_pos=[ 1.25    -0.3      0.96125] fsize=[0.91666663 0.55       0.24749999] shifted_fpos=[ 1.25    -0.25     0.96125] lower=[ 1.         -0.45        0.68750001] upper=[ 1.5        -0.05        1.23499999] inside=False
[obj_inside_of] obj=obj obj_pos=[ 1.8040357  -0.46280307  0.9662176 ] fixture_pos=[ 1.25    -0.3      0.96125] fsize=[0.91666663 0.55       0.24749999] shifted_fpos=[ 1.25    -0.25     0.96125] lower=[ 1.         -0.45        0.68750001] upper=[ 1.5        -0.05        1.23499999] inside=False
[obj_inside_of] obj=obj obj_pos=[ 1.8066406  -0.46388465  0.98405266] fixture_pos=[ 1.25    -0.3      0.96125] fsize=[0.91666663 0.55       0.24749999] shifted_fpos=[ 1.25    -0.25     0.96125] lower=[ 1.         -0.45        0.68750001] upper=[ 1.5        -0.05        1.23499999] inside=False
[obj_inside_of] obj=obj obj_pos=[ 1.8066406  -0.46388465  0.96933806] fixture_pos=[ 1.25    -0.3      0.96125] fsize=[0.91666663 0.55       0.24749999] shifted_fpos=[ 1.25    -0.25     0.96125] lower=[ 1.         -0.45        0.68750001] upper=[ 1.5        -0.05        1.23499999] inside=False
[obj_inside_of] obj=obj obj_pos=[ 1.8040357  -0.46280307  0.9662176 ] fixture_pos=[ 1.25    -0.3      0.96125] fsize=[0.91666663 0.55       0.24749999] shifted_fpos=[ 1.25    -0.25     0.96125] lower=[ 1.         -0.45        0.68750001] upper=[ 1.5        -0.05        1.23499999] inside=False
[obj_inside_of] obj=obj obj_pos=[ 1.8028651  -0.46354786  0.9663178 ] fixture_pos=[ 1.25    -0.3      0.96125] fsize=[0.91666663 0.55       0.24749999] shifted_fpos=[ 1.25    -0.25     0.96125] lower=[ 1.         -0.45        0.68750001] upper=[ 1.5        -0.05        1.23499999] inside=False
[obj_inside_of] obj=obj obj_pos=[ 1.803911  -0.4656271  0.9661223] fixture_pos=[ 1.25    -0.3      0.96125] fsize=[0.91666663 0.55       0.24749999] shifted_fpos=[ 1.25    -0.25     0.96125] lower=[ 1.         -0.45        0.68750001] upper=[ 1.5        -0.05        1.23499999] inside=False
[perceive] 18 objects from ['base_camera', 'wrist_camera']: ['floor_room_0', 'stack_2_main_group_2_0', 'dishwasher_main_group_0', 'mango', 'inner_box', 'object', 'counter_main_main_group_0', 'egg', 'spout', 'hingerightdoor']...
[obj_inside_of] obj=obj obj_pos=[ 1.8058068  -0.46702987  0.9662275 ] fixture_pos=[ 1.25    -0.3      0.96125] fsize=[0.91666663 0.55       0.24749999] shifted_fpos=[ 1.25    -0.25     0.96125] lower=[ 1.         -0.45        0.68750001] upper=[ 1.5        -0.05        1.23499999] inside=False
[obj_inside_of] obj=obj obj_pos=[ 1.8058068  -0.46702987  0.9662275 ] fixture_pos=[ 1.25    -0.3      0.96125] fsize=[0.91666663 0.55       0.24749999] shifted_fpos=[ 1.25    -0.25     0.96125] lower=[ 1.         -0.45        0.68750001] upper=[ 1.5        -0.05        1.23499999] inside=False
[obj_inside_of] obj=obj obj_pos=[ 1.8074341  -0.46733665  0.9662901 ] fixture_pos=[ 1.25    -0.3      0.96125] fsize=[0.91666663 0.55       0.24749999] shifted_fpos=[ 1.25    -0.25     0.96125] lower=[ 1.         -0.45        0.68750001] upper=[ 1.5        -0.05        1.23499999] inside=False
Could not place objects. Trying again with new objects
[obj_inside_of] obj=obj obj_pos=[ 1.2631564 -0.5381056  1.0071415] fixture_pos=[ 1.69       -0.3         0.93811765] fsize=[0.64705881 0.55       0.15108823] shifted_fpos=[ 1.69       -0.25        0.93811765] lower=[ 1.44       -0.45        0.71257353] upper=[ 1.94       -0.05        1.16366176] inside=False
[obj_inside_of] obj=obj obj_pos=[ 1.2631564 -0.5381056  0.992426 ] fixture_pos=[ 1.69       -0.3         0.93811765] fsize=[0.64705881 0.55       0.15108823] shifted_fpos=[ 1.69       -0.25        0.93811765] lower=[ 1.44       -0.45        0.71257353] upper=[ 1.94       -0.05        1.16366176] inside=False
[obj_inside_of] obj=obj obj_pos=[ 1.263867   -0.53789085  0.95929265] fixture_pos=[ 1.69       -0.3         0.93811765] fsize=[0.64705881 0.55       0.15108823] shifted_fpos=[ 1.69       -0.25        0.93811765] lower=[ 1.44       -0.45        0.71257353] upper=[ 1.94       -0.05        1.16366176] inside=False
Could not place objects. Trying again with new objects
[obj_inside_of] obj=obj obj_pos=[ 1.2631564 -0.5381056  1.0071415] fixture_pos=[ 1.69       -0.3         0.93811765] fsize=[0.64705881 0.55       0.15108823] shifted_fpos=[ 1.69       -0.25        0.93811765] lower=[ 1.44       -0.45        0.71257353] upper=[ 1.94       -0.05        1.16366176] inside=False
[obj_inside_of] obj=obj obj_pos=[ 1.2631564 -0.5381056  0.992426 ] fixture_pos=[ 1.69       -0.3         0.93811765] fsize=[0.64705881 0.55       0.15108823] shifted_fpos=[ 1.69       -0.25        0.93811765] lower=[ 1.44       -0.45        0.71257353] upper=[ 1.94       -0.05        1.16366176] inside=False
[obj_inside_of] obj=obj obj_pos=[ 1.263867   -0.53789085  0.95929265] fixture_pos=[ 1.69       -0.3         0.93811765] fsize=[0.64705881 0.55       0.15108823] shifted_fpos=[ 1.69       -0.25        0.93811765] lower=[ 1.44       -0.45        0.71257353] upper=[ 1.94       -0.05        1.16366176] inside=False
[obj_inside_of] obj=obj obj_pos=[ 1.2651134  -0.5351414   0.95965457] fixture_pos=[ 1.69       -0.3         0.93811765] fsize=[0.64705881 0.55       0.15108823] shifted_fpos=[ 1.69       -0.25        0.93811765] lower=[ 1.44       -0.45        0.71257353] upper=[ 1.94       -0.05        1.16366176] inside=False
[obj_inside_of] obj=obj obj_pos=[ 1.2663469  -0.53452116  0.95969707] fixture_pos=[ 1.69       -0.3         0.93811765] fsize=[0.64705881 0.55       0.15108823] shifted_fpos=[ 1.69       -0.25        0.93811765] lower=[ 1.44       -0.45        0.71257353] upper=[ 1.94       -0.05        1.16366176] inside=False
[perceive] 20 objects from ['base_camera', 'wrist_camera']: ['floor_room_0', 'hingeleftdoor', 'stack_2_main_group_2_0', 'inner_box', 'hingerightdoor', 'counter_1_left_group_0', 'onion', 'counter_corner_left_group_0', 'object', 'dishwasher_main_group_0']...
[obj_inside_of] obj=obj obj_pos=[ 1.2677877  -0.53531647  0.9597402 ] fixture_pos=[ 1.69       -0.3         0.93811765] fsize=[0.64705881 0.55       0.15108823] shifted_fpos=[ 1.69       -0.25        0.93811765] lower=[ 1.44       -0.45        0.71257353] upper=[ 1.94       -0.05        1.16366176] inside=False
[obj_inside_of] obj=obj obj_pos=[ 1.2677877  -0.53531647  0.9597402 ] fixture_pos=[ 1.69       -0.3         0.93811765] fsize=[0.64705881 0.55       0.15108823] shifted_fpos=[ 1.69       -0.25        0.93811765] lower=[ 1.44       -0.45        0.71257353] upper=[ 1.94       -0.05        1.16366176] inside=False
[obj_inside_of] obj=obj obj_pos=[ 1.2681758  -0.5353279   0.95976156] fixture_pos=[ 1.69       -0.3         0.93811765] fsize=[0.64705881 0.55       0.15108823] shifted_fpos=[ 1.69       -0.25        0.93811765] lower=[ 1.44       -0.45        0.71257353] upper=[ 1.94       -0.05        1.16366176] inside=False
[obj_inside_of] obj=obj obj_pos=[ 2.248244   -0.35239986  0.97261876] fixture_pos=[ 1.69       -0.30085139  0.97534056] fsize=[0.85139319 0.55       0.21540247] shifted_fpos=[ 1.69       -0.25085139  0.97534056] lower=[ 1.44       -0.45085139  0.71763932] upper=[ 1.94       -0.05085139  1.23304179] inside=False
[obj_inside_of] obj=obj obj_pos=[ 2.248244   -0.35239986  0.95790416] fixture_pos=[ 1.69       -0.30085139  0.97534056] fsize=[0.85139319 0.55       0.21540247] shifted_fpos=[ 1.69       -0.25085139  0.97534056] lower=[ 1.44       -0.45085139  0.71763932] upper=[ 1.94       -0.05085139  1.23304179] inside=False
[obj_inside_of] obj=obj obj_pos=[ 2.248864   -0.35095128  0.9395658 ] fixture_pos=[ 1.69       -0.30085139  0.97534056] fsize=[0.85139319 0.55       0.21540247] shifted_fpos=[ 1.69       -0.25085139  0.97534056] lower=[ 1.44       -0.45085139  0.71763932] upper=[ 1.94       -0.05085139  1.23304179] inside=False
[obj_inside_of] obj=obj obj_pos=[ 2.248244   -0.35239986  0.97261876] fixture_pos=[ 1.69       -0.30085139  0.97534056] fsize=[0.85139319 0.55       0.21540247] shifted_fpos=[ 1.69       -0.25085139  0.97534056] lower=[ 1.44       -0.45085139  0.71763932] upper=[ 1.94       -0.05085139  1.23304179] inside=False
[obj_inside_of] obj=obj obj_pos=[ 2.248244   -0.35239986  0.95790416] fixture_pos=[ 1.69       -0.30085139  0.97534056] fsize=[0.85139319 0.55       0.21540247] shifted_fpos=[ 1.69       -0.25085139  0.97534056] lower=[ 1.44       -0.45085139  0.71763932] upper=[ 1.94       -0.05085139  1.23304179] inside=False
[obj_inside_of] obj=obj obj_pos=[ 2.248864   -0.35095128  0.9395658 ] fixture_pos=[ 1.69       -0.30085139  0.97534056] fsize=[0.85139319 0.55       0.21540247] shifted_fpos=[ 1.69       -0.25085139  0.97534056] lower=[ 1.44       -0.45085139  0.71763932] upper=[ 1.94       -0.05085139  1.23304179] inside=False
[obj_inside_of] obj=obj obj_pos=[ 2.2499611  -0.34842214  0.9397015 ] fixture_pos=[ 1.69       -0.30085139  0.97534056] fsize=[0.85139319 0.55       0.21540247] shifted_fpos=[ 1.69       -0.25085139  0.97534056] lower=[ 1.44       -0.45085139  0.71763932] upper=[ 1.94       -0.05085139  1.23304179] inside=False
[obj_inside_of] obj=obj obj_pos=[ 2.2504885  -0.34713355  0.9397365 ] fixture_pos=[ 1.69       -0.30085139  0.97534056] fsize=[0.85139319 0.55       0.21540247] shifted_fpos=[ 1.69       -0.25085139  0.97534056] lower=[ 1.44       -0.45085139  0.71763932] upper=[ 1.94       -0.05085139  1.23304179] inside=False
[perceive] 20 objects from ['base_camera', 'wrist_camera']: ['floor_room_0', 'hingeleftdoor', 'stack_2_main_group_2_0', 'inner_box', 'hingerightdoor', 'counter_1_left_group_0', 'counter_corner_left_group_0', 'eggplant', 'object', 'dishwasher_main_group_0']...
[obj_inside_of] obj=obj obj_pos=[ 2.2507777  -0.34639803  0.93975925] fixture_pos=[ 1.69       -0.30085139  0.97534056] fsize=[0.85139319 0.55       0.21540247] shifted_fpos=[ 1.69       -0.25085139  0.97534056] lower=[ 1.44       -0.45085139  0.71763932] upper=[ 1.94       -0.05085139  1.23304179] inside=False
[obj_inside_of] obj=obj obj_pos=[ 2.2507777  -0.34639803  0.93975925] fixture_pos=[ 1.69       -0.30085139  0.97534056] fsize=[0.85139319 0.55       0.21540247] shifted_fpos=[ 1.69       -0.25085139  0.97534056] lower=[ 1.44       -0.45085139  0.71763932] upper=[ 1.94       -0.05085139  1.23304179] inside=False
[obj_inside_of] obj=obj obj_pos=[ 2.2509892 -0.3458614  0.9397592] fixture_pos=[ 1.69       -0.30085139  0.97534056] fsize=[0.85139319 0.55       0.21540247] shifted_fpos=[ 1.69       -0.25085139  0.97534056] lower=[ 1.44       -0.45085139  0.71763932] upper=[ 1.94       -0.05085139  1.23304179] inside=False
[obj_inside_of] obj=obj obj_pos=[ 5.4189596 -1.507982   0.967972 ] fixture_pos=[ 5.59498622 -2.20249888  0.96125   ] fsize=[0.91666663 0.55       0.24749999] shifted_fpos=[ 5.59498622 -2.15249888  0.96125   ] lower=[ 5.34498622 -2.35249888  0.68750001] upper=[ 5.84498622 -1.95249888  1.23499999] inside=False
[obj_inside_of] obj=obj obj_pos=[ 5.4192142 -1.5081993  0.9579206] fixture_pos=[ 5.59498622 -2.20249888  0.96125   ] fsize=[0.91666663 0.55       0.24749999] shifted_fpos=[ 5.59498622 -2.15249888  0.96125   ] lower=[ 5.34498622 -2.35249888  0.68750001] upper=[ 5.84498622 -1.95249888  1.23499999] inside=False
[obj_inside_of] obj=obj obj_pos=[ 5.4197936 -1.5087143  0.9579168] fixture_pos=[ 5.59498622 -2.20249888  0.96125   ] fsize=[0.91666663 0.55       0.24749999] shifted_fpos=[ 5.59498622 -2.15249888  0.96125   ] lower=[ 5.34498622 -2.35249888  0.68750001] upper=[ 5.84498622 -1.95249888  1.23499999] inside=False
[obj_inside_of] obj=obj obj_pos=[ 5.4189596 -1.507982   0.967972 ] fixture_pos=[ 5.59498622 -2.20249888  0.96125   ] fsize=[0.91666663 0.55       0.24749999] shifted_fpos=[ 5.59498622 -2.15249888  0.96125   ] lower=[ 5.34498622 -2.35249888  0.68750001] upper=[ 5.84498622 -1.95249888  1.23499999] inside=False
[obj_inside_of] obj=obj obj_pos=[ 5.4192142 -1.5081993  0.9579206] fixture_pos=[ 5.59498622 -2.20249888  0.96125   ] fsize=[0.91666663 0.55       0.24749999] shifted_fpos=[ 5.59498622 -2.15249888  0.96125   ] lower=[ 5.34498622 -2.35249888  0.68750001] upper=[ 5.84498622 -1.95249888  1.23499999] inside=False
[obj_inside_of] obj=obj obj_pos=[ 5.4197936 -1.5087143  0.9579168] fixture_pos=[ 5.59498622 -2.20249888  0.96125   ] fsize=[0.91666663 0.55       0.24749999] shifted_fpos=[ 5.59498622 -2.15249888  0.96125   ] lower=[ 5.34498622 -2.35249888  0.68750001] upper=[ 5.84498622 -1.95249888  1.23499999] inside=False
[obj_inside_of] obj=obj obj_pos=[ 5.4202485  -1.5091373   0.95789963] fixture_pos=[ 5.59498622 -2.20249888  0.96125   ] fsize=[0.91666663 0.55       0.24749999] shifted_fpos=[ 5.59498622 -2.15249888  0.96125   ] lower=[ 5.34498622 -2.35249888  0.68750001] upper=[ 5.84498622 -1.95249888  1.23499999] inside=False
[obj_inside_of] obj=obj obj_pos=[ 5.420902   -1.509735    0.95786047] fixture_pos=[ 5.59498622 -2.20249888  0.96125   ] fsize=[0.91666663 0.55       0.24749999] shifted_fpos=[ 5.59498622 -2.15249888  0.96125   ] lower=[ 5.34498622 -2.35249888  0.68750001] upper=[ 5.84498622 -1.95249888  1.23499999] inside=False
[perceive] 19 objects from ['base_camera', 'wrist_camera']: ['floor_room_0', 'island_island_group_0', 'counter_1_right_group_0', 'stack_1_right_group_2_0', 'dishwasher_right_group_0', 'garlic', 'inner_box', 'object', 'stack_4_main_group_base_0', 'hingerightdoor']...
[obj_inside_of] obj=obj obj_pos=[ 5.4218235 -1.5107017  0.9577719] fixture_pos=[ 5.59498622 -2.20249888  0.96125   ] fsize=[0.91666663 0.55       0.24749999] shifted_fpos=[ 5.59498622 -2.15249888  0.96125   ] lower=[ 5.34498622 -2.35249888  0.68750001] upper=[ 5.84498622 -1.95249888  1.23499999] inside=False
[obj_inside_of] obj=obj obj_pos=[ 5.4218235 -1.5107017  0.9577719] fixture_pos=[ 5.59498622 -2.20249888  0.96125   ] fsize=[0.91666663 0.55       0.24749999] shifted_fpos=[ 5.59498622 -2.15249888  0.96125   ] lower=[ 5.34498622 -2.35249888  0.68750001] upper=[ 5.84498622 -1.95249888  1.23499999] inside=False
[obj_inside_of] obj=obj obj_pos=[ 5.4216366 -1.5104297  0.9577828] fixture_pos=[ 5.59498622 -2.20249888  0.96125   ] fsize=[0.91666663 0.55       0.24749999] shifted_fpos=[ 5.59498622 -2.15249888  0.96125   ] lower=[ 5.34498622 -2.35249888  0.68750001] upper=[ 5.84498622 -1.95249888  1.23499999] inside=False
[obj_inside_of] obj=obj obj_pos=[ 1.064475   -0.44181746  0.9810433 ] fixture_pos=[ 1.69    -0.3      0.96125] fsize=[0.91666663 0.55       0.24749999] shifted_fpos=[ 1.69    -0.25     0.96125] lower=[ 1.44       -0.45        0.68750001] upper=[ 1.94       -0.05        1.23499999] inside=False
[obj_inside_of] obj=obj obj_pos=[ 1.064475   -0.44181746  0.9663287 ] fixture_pos=[ 1.69    -0.3      0.96125] fsize=[0.91666663 0.55       0.24749999] shifted_fpos=[ 1.69    -0.25     0.96125] lower=[ 1.44       -0.45        0.68750001] upper=[ 1.94       -0.05        1.23499999] inside=False
[obj_inside_of] obj=obj obj_pos=[ 1.0644749  -0.44181743  0.94452214] fixture_pos=[ 1.69    -0.3      0.96125] fsize=[0.91666663 0.55       0.24749999] shifted_fpos=[ 1.69    -0.25     0.96125] lower=[ 1.44       -0.45        0.68750001] upper=[ 1.94       -0.05        1.23499999] inside=False
[obj_inside_of] obj=obj obj_pos=[ 1.064475   -0.44181746  0.9810433 ] fixture_pos=[ 1.69    -0.3      0.96125] fsize=[0.91666663 0.55       0.24749999] shifted_fpos=[ 1.69    -0.25     0.96125] lower=[ 1.44       -0.45        0.68750001] upper=[ 1.94       -0.05        1.23499999] inside=False
[obj_inside_of] obj=obj obj_pos=[ 1.064475   -0.44181746  0.9663287 ] fixture_pos=[ 1.69    -0.3      0.96125] fsize=[0.91666663 0.55       0.24749999] shifted_fpos=[ 1.69    -0.25     0.96125] lower=[ 1.44       -0.45        0.68750001] upper=[ 1.94       -0.05        1.23499999] inside=False
[obj_inside_of] obj=obj obj_pos=[ 1.0644749  -0.44181743  0.94452214] fixture_pos=[ 1.69    -0.3      0.96125] fsize=[0.91666663 0.55       0.24749999] shifted_fpos=[ 1.69    -0.25     0.96125] lower=[ 1.44       -0.45        0.68750001] upper=[ 1.94       -0.05        1.23499999] inside=False
[obj_inside_of] obj=obj obj_pos=[ 1.0644752 -0.4418174  0.9445216] fixture_pos=[ 1.69    -0.3      0.96125] fsize=[0.91666663 0.55       0.24749999] shifted_fpos=[ 1.69    -0.25     0.96125] lower=[ 1.44       -0.45        0.68750001] upper=[ 1.94       -0.05        1.23499999] inside=False
[obj_inside_of] obj=obj obj_pos=[ 1.064475   -0.44181737  0.9445214 ] fixture_pos=[ 1.69    -0.3      0.96125] fsize=[0.91666663 0.55       0.24749999] shifted_fpos=[ 1.69    -0.25     0.96125] lower=[ 1.44       -0.45        0.68750001] upper=[ 1.94       -0.05        1.23499999] inside=False
[perceive] 20 objects from ['base_camera', 'wrist_camera']: ['floor_room_0', 'hingeleftdoor', 'stack_2_main_group_2_0', 'inner_box', 'hingerightdoor', 'counter_1_left_group_0', 'counter_corner_left_group_0', 'pan', 'dishwasher_main_group_0', 'object']...
[obj_inside_of] obj=obj obj_pos=[ 1.0644752  -0.44181737  0.9445217 ] fixture_pos=[ 1.69    -0.3      0.96125] fsize=[0.91666663 0.55       0.24749999] shifted_fpos=[ 1.69    -0.25     0.96125] lower=[ 1.44       -0.45        0.68750001] upper=[ 1.94       -0.05        1.23499999] inside=False
[obj_inside_of] obj=obj obj_pos=[ 1.0644752  -0.44181737  0.9445217 ] fixture_pos=[ 1.69    -0.3      0.96125] fsize=[0.91666663 0.55       0.24749999] shifted_fpos=[ 1.69    -0.25     0.96125] lower=[ 1.44       -0.45        0.68750001] upper=[ 1.94       -0.05        1.23499999] inside=False
[obj_inside_of] obj=obj obj_pos=[ 1.0644752 -0.4418174  0.9445216] fixture_pos=[ 1.69    -0.3      0.96125] fsize=[0.91666663 0.55       0.24749999] shifted_fpos=[ 1.69    -0.25     0.96125] lower=[ 1.44       -0.45        0.68750001] upper=[ 1.94       -0.05        1.23499999] inside=False
[obj_inside_of] obj=obj obj_pos=[ 0.508839  -2.9342186  1.06475  ] fixture_pos=[ 0.30499192 -2.19999888  0.93883562] fsize=[0.94178084 0.55       0.22602739] shifted_fpos=[ 0.30499192 -2.14999888  0.93883562] lower=[ 0.05499192 -2.34999888  0.67582192] upper=[ 0.55499192 -1.94999888  1.20184931] inside=False
[obj_inside_of] obj=obj obj_pos=[ 0.508839  -2.9342186  1.050036 ] fixture_pos=[ 0.30499192 -2.19999888  0.93883562] fsize=[0.94178084 0.55       0.22602739] shifted_fpos=[ 0.30499192 -2.14999888  0.93883562] lower=[ 0.05499192 -2.34999888  0.67582192] upper=[ 0.55499192 -1.94999888  1.20184931] inside=False
[obj_inside_of] obj=obj obj_pos=[ 0.5086016 -2.9346015  1.021375 ] fixture_pos=[ 0.30499192 -2.19999888  0.93883562] fsize=[0.94178084 0.55       0.22602739] shifted_fpos=[ 0.30499192 -2.14999888  0.93883562] lower=[ 0.05499192 -2.34999888  0.67582192] upper=[ 0.55499192 -1.94999888  1.20184931] inside=False
[obj_inside_of] obj=obj obj_pos=[ 0.508839  -2.9342186  1.06475  ] fixture_pos=[ 0.30499192 -2.19999888  0.93883562] fsize=[0.94178084 0.55       0.22602739] shifted_fpos=[ 0.30499192 -2.14999888  0.93883562] lower=[ 0.05499192 -2.34999888  0.67582192] upper=[ 0.55499192 -1.94999888  1.20184931] inside=False
[obj_inside_of] obj=obj obj_pos=[ 0.508839  -2.9342186  1.050036 ] fixture_pos=[ 0.30499192 -2.19999888  0.93883562] fsize=[0.94178084 0.55       0.22602739] shifted_fpos=[ 0.30499192 -2.14999888  0.93883562] lower=[ 0.05499192 -2.34999888  0.67582192] upper=[ 0.55499192 -1.94999888  1.20184931] inside=False
[obj_inside_of] obj=obj obj_pos=[ 0.5086016 -2.9346015  1.021375 ] fixture_pos=[ 0.30499192 -2.19999888  0.93883562] fsize=[0.94178084 0.55       0.22602739] shifted_fpos=[ 0.30499192 -2.14999888  0.93883562] lower=[ 0.05499192 -2.34999888  0.67582192] upper=[ 0.55499192 -1.94999888  1.20184931] inside=False
[obj_inside_of] obj=obj obj_pos=[ 0.5089528 -2.9344323  1.0212595] fixture_pos=[ 0.30499192 -2.19999888  0.93883562] fsize=[0.94178084 0.55       0.22602739] shifted_fpos=[ 0.30499192 -2.14999888  0.93883562] lower=[ 0.05499192 -2.34999888  0.67582192] upper=[ 0.55499192 -1.94999888  1.20184931] inside=False
[obj_inside_of] obj=obj obj_pos=[ 0.5089719 -2.934463   1.0212498] fixture_pos=[ 0.30499192 -2.19999888  0.93883562] fsize=[0.94178084 0.55       0.22602739] shifted_fpos=[ 0.30499192 -2.14999888  0.93883562] lower=[ 0.05499192 -2.34999888  0.67582192] upper=[ 0.55499192 -1.94999888  1.20184931] inside=False
[perceive] 24 objects from ['base_camera', 'wrist_camera']: ['floor_room_0', 'hingerightdoor', 'hingeleftdoor', 'inner_box', 'object', 'dishwasher_left_group_0', 'counter_1_left_group_0', 'apple', 'water_bottle', 'canned_food']...
[obj_inside_of] obj=obj obj_pos=[ 0.5089613 -2.934458   1.0212516] fixture_pos=[ 0.30499192 -2.19999888  0.93883562] fsize=[0.94178084 0.55       0.22602739] shifted_fpos=[ 0.30499192 -2.14999888  0.93883562] lower=[ 0.05499192 -2.34999888  0.67582192] upper=[ 0.55499192 -1.94999888  1.20184931] inside=False
[obj_inside_of] obj=obj obj_pos=[ 0.5089613 -2.934458   1.0212516] fixture_pos=[ 0.30499192 -2.19999888  0.93883562] fsize=[0.94178084 0.55       0.22602739] shifted_fpos=[ 0.30499192 -2.14999888  0.93883562] lower=[ 0.05499192 -2.34999888  0.67582192] upper=[ 0.55499192 -1.94999888  1.20184931] inside=False
[obj_inside_of] obj=obj obj_pos=[ 0.508972  -2.9344633  1.0212498] fixture_pos=[ 0.30499192 -2.19999888  0.93883562] fsize=[0.94178084 0.55       0.22602739] shifted_fpos=[ 0.30499192 -2.14999888  0.93883562] lower=[ 0.05499192 -2.34999888  0.67582192] upper=[ 0.55499192 -1.94999888  1.20184931] inside=False
[obj_inside_of] obj=obj obj_pos=[ 1.8295532  -0.57740945  1.0413529 ] fixture_pos=[ 1.25       -0.3         0.93811765] fsize=[0.64705881 0.55       0.15108823] shifted_fpos=[ 1.25       -0.25        0.93811765] lower=[ 1.         -0.45        0.71257353] upper=[ 1.5        -0.05        1.16366176] inside=False
[obj_inside_of] obj=obj obj_pos=[ 1.8295532  -0.57740945  1.0266383 ] fixture_pos=[ 1.25       -0.3         0.93811765] fsize=[0.64705881 0.55       0.15108823] shifted_fpos=[ 1.25       -0.25        0.93811765] lower=[ 1.         -0.45        0.71257353] upper=[ 1.5        -0.05        1.16366176] inside=False
[obj_inside_of] obj=obj obj_pos=[ 1.8295556 -0.5774116  1.0120021] fixture_pos=[ 1.25       -0.3         0.93811765] fsize=[0.64705881 0.55       0.15108823] shifted_fpos=[ 1.25       -0.25        0.93811765] lower=[ 1.         -0.45        0.71257353] upper=[ 1.5        -0.05        1.16366176] inside=False
[obj_inside_of] obj=obj obj_pos=[ 1.8295532  -0.57740945  1.0413529 ] fixture_pos=[ 1.25       -0.3         0.93811765] fsize=[0.64705881 0.55       0.15108823] shifted_fpos=[ 1.25       -0.25        0.93811765] lower=[ 1.         -0.45        0.71257353] upper=[ 1.5        -0.05        1.16366176] inside=False
[obj_inside_of] obj=obj obj_pos=[ 1.8295532  -0.57740945  1.0266383 ] fixture_pos=[ 1.25       -0.3         0.93811765] fsize=[0.64705881 0.55       0.15108823] shifted_fpos=[ 1.25       -0.25        0.93811765] lower=[ 1.         -0.45        0.71257353] upper=[ 1.5        -0.05        1.16366176] inside=False
[obj_inside_of] obj=obj obj_pos=[ 1.8295556 -0.5774116  1.0120021] fixture_pos=[ 1.25       -0.3         0.93811765] fsize=[0.64705881 0.55       0.15108823] shifted_fpos=[ 1.25       -0.25        0.93811765] lower=[ 1.         -0.45        0.71257353] upper=[ 1.5        -0.05        1.16366176] inside=False
[obj_inside_of] obj=obj obj_pos=[ 1.8295518  -0.57741046  1.0120003 ] fixture_pos=[ 1.25       -0.3         0.93811765] fsize=[0.64705881 0.55       0.15108823] shifted_fpos=[ 1.25       -0.25        0.93811765] lower=[ 1.         -0.45        0.71257353] upper=[ 1.5        -0.05        1.16366176] inside=False
[obj_inside_of] obj=obj obj_pos=[ 1.8295516  -0.57740945  1.0120003 ] fixture_pos=[ 1.25       -0.3         0.93811765] fsize=[0.64705881 0.55       0.15108823] shifted_fpos=[ 1.25       -0.25        0.93811765] lower=[ 1.         -0.45        0.71257353] upper=[ 1.5        -0.05        1.16366176] inside=False
[perceive] 19 objects from ['base_camera', 'wrist_camera']: ['floor_room_0', 'stack_2_main_group_2_0', 'dishwasher_main_group_0', 'beer', 'inner_box', 'object', 'counter_main_main_group_0', 'fish', 'spout', 'baguette']...
[obj_inside_of] obj=obj obj_pos=[ 1.8295513 -0.5774097  1.0120002] fixture_pos=[ 1.25       -0.3         0.93811765] fsize=[0.64705881 0.55       0.15108823] shifted_fpos=[ 1.25       -0.25        0.93811765] lower=[ 1.         -0.45        0.71257353] upper=[ 1.5        -0.05        1.16366176] inside=False
[obj_inside_of] obj=obj obj_pos=[ 1.8295513 -0.5774097  1.0120002] fixture_pos=[ 1.25       -0.3         0.93811765] fsize=[0.64705881 0.55       0.15108823] shifted_fpos=[ 1.25       -0.25        0.93811765] lower=[ 1.         -0.45        0.71257353] upper=[ 1.5        -0.05        1.16366176] inside=False
[obj_inside_of] obj=obj obj_pos=[ 1.8295515 -0.5774095  1.0120004] fixture_pos=[ 1.25       -0.3         0.93811765] fsize=[0.64705881 0.55       0.15108823] shifted_fpos=[ 1.25       -0.25        0.93811765] lower=[ 1.         -0.45        0.71257353] upper=[ 1.5        -0.05        1.16366176] inside=False
[obj_inside_of] obj=obj obj_pos=[ 1.8032147  -0.32549083  0.9914141 ] fixture_pos=[ 1.25    -0.3      0.96125] fsize=[0.91666663 0.55       0.24749999] shifted_fpos=[ 1.25    -0.25     0.96125] lower=[ 1.         -0.45        0.68750001] upper=[ 1.5        -0.05        1.23499999] inside=False
[obj_inside_of] obj=obj obj_pos=[ 1.8032147  -0.32549083  0.97669953] fixture_pos=[ 1.25    -0.3      0.96125] fsize=[0.91666663 0.55       0.24749999] shifted_fpos=[ 1.25    -0.25     0.96125] lower=[ 1.         -0.45        0.68750001] upper=[ 1.5        -0.05        1.23499999] inside=False
[obj_inside_of] obj=obj obj_pos=[ 1.8040043  -0.32545927  0.95554566] fixture_pos=[ 1.25    -0.3      0.96125] fsize=[0.91666663 0.55       0.24749999] shifted_fpos=[ 1.25    -0.25     0.96125] lower=[ 1.         -0.45        0.68750001] upper=[ 1.5        -0.05        1.23499999] inside=False
[obj_inside_of] obj=obj obj_pos=[ 1.8032147  -0.32549083  0.9914141 ] fixture_pos=[ 1.25    -0.3      0.96125] fsize=[0.91666663 0.55       0.24749999] shifted_fpos=[ 1.25    -0.25     0.96125] lower=[ 1.         -0.45        0.68750001] upper=[ 1.5        -0.05        1.23499999] inside=False
[obj_inside_of] obj=obj obj_pos=[ 1.8032147  -0.32549083  0.97669953] fixture_pos=[ 1.25    -0.3      0.96125] fsize=[0.91666663 0.55       0.24749999] shifted_fpos=[ 1.25    -0.25     0.96125] lower=[ 1.         -0.45        0.68750001] upper=[ 1.5        -0.05        1.23499999] inside=False
[obj_inside_of] obj=obj obj_pos=[ 1.8040043  -0.32545927  0.95554566] fixture_pos=[ 1.25    -0.3      0.96125] fsize=[0.91666663 0.55       0.24749999] shifted_fpos=[ 1.25    -0.25     0.96125] lower=[ 1.         -0.45        0.68750001] upper=[ 1.5        -0.05        1.23499999] inside=False
[obj_inside_of] obj=obj obj_pos=[ 1.805954  -0.3245165  0.9555489] fixture_pos=[ 1.25    -0.3      0.96125] fsize=[0.91666663 0.55       0.24749999] shifted_fpos=[ 1.25    -0.25     0.96125] lower=[ 1.         -0.45        0.68750001] upper=[ 1.5        -0.05        1.23499999] inside=False
[obj_inside_of] obj=obj obj_pos=[ 1.8076599  -0.3236722   0.95554286] fixture_pos=[ 1.25    -0.3      0.96125] fsize=[0.91666663 0.55       0.24749999] shifted_fpos=[ 1.25    -0.25     0.96125] lower=[ 1.         -0.45        0.68750001] upper=[ 1.5        -0.05        1.23499999] inside=False
[perceive] 18 objects from ['base_camera', 'wrist_camera']: ['floor_room_0', 'stack_2_main_group_2_0', 'dishwasher_main_group_0', 'inner_box', 'object', 'counter_main_main_group_0', 'mushroom', 'spout', 'hingerightdoor', 'hingeleftdoor']...
[obj_inside_of] obj=obj obj_pos=[ 1.8097007  -0.32219082  0.95538414] fixture_pos=[ 1.25    -0.3      0.96125] fsize=[0.91666663 0.55       0.24749999] shifted_fpos=[ 1.25    -0.25     0.96125] lower=[ 1.         -0.45        0.68750001] upper=[ 1.5        -0.05        1.23499999] inside=False
[obj_inside_of] obj=obj obj_pos=[ 1.8097007  -0.32219082  0.95538414] fixture_pos=[ 1.25    -0.3      0.96125] fsize=[0.91666663 0.55       0.24749999] shifted_fpos=[ 1.25    -0.25     0.96125] lower=[ 1.         -0.45        0.68750001] upper=[ 1.5        -0.05        1.23499999] inside=False
[obj_inside_of] obj=obj obj_pos=[ 1.8130131  -0.31970608  0.95471686] fixture_pos=[ 1.25    -0.3      0.96125] fsize=[0.91666663 0.55       0.24749999] shifted_fpos=[ 1.25    -0.25     0.96125] lower=[ 1.         -0.45        0.68750001] upper=[ 1.5        -0.05        1.23499999] inside=False
[obj_inside_of] obj=obj obj_pos=[ 4.024332  -1.7906079  1.0175474] fixture_pos=[ 4.09999816 -1.1997989   0.96125   ] fsize=[0.91666663 0.55       0.24749999] shifted_fpos=[ 4.09999816 -1.1497989   0.96125   ] lower=[ 3.84999816 -1.3497989   0.68750001] upper=[ 4.34999816 -0.9497989   1.23499999] inside=False
[obj_inside_of] obj=obj obj_pos=[ 4.024332  -1.7906079  1.002832 ] fixture_pos=[ 4.09999816 -1.1997989   0.96125   ] fsize=[0.91666663 0.55       0.24749999] shifted_fpos=[ 4.09999816 -1.1497989   0.96125   ] lower=[ 3.84999816 -1.3497989   0.68750001] upper=[ 4.34999816 -0.9497989   1.23499999] inside=False
[obj_inside_of] obj=obj obj_pos=[ 4.025463  -1.7913119  0.9855396] fixture_pos=[ 4.09999816 -1.1997989   0.96125   ] fsize=[0.91666663 0.55       0.24749999] shifted_fpos=[ 4.09999816 -1.1497989   0.96125   ] lower=[ 3.84999816 -1.3497989   0.68750001] upper=[ 4.34999816 -0.9497989   1.23499999] inside=False
[obj_inside_of] obj=obj obj_pos=[ 4.024332  -1.7906079  1.0175474] fixture_pos=[ 4.09999816 -1.1997989   0.96125   ] fsize=[0.91666663 0.55       0.24749999] shifted_fpos=[ 4.09999816 -1.1497989   0.96125   ] lower=[ 3.84999816 -1.3497989   0.68750001] upper=[ 4.34999816 -0.9497989   1.23499999] inside=False
[obj_inside_of] obj=obj obj_pos=[ 4.024332  -1.7906079  1.002832 ] fixture_pos=[ 4.09999816 -1.1997989   0.96125   ] fsize=[0.91666663 0.55       0.24749999] shifted_fpos=[ 4.09999816 -1.1497989   0.96125   ] lower=[ 3.84999816 -1.3497989   0.68750001] upper=[ 4.34999816 -0.9497989   1.23499999] inside=False
[obj_inside_of] obj=obj obj_pos=[ 4.025463  -1.7913119  0.9855396] fixture_pos=[ 4.09999816 -1.1997989   0.96125   ] fsize=[0.91666663 0.55       0.24749999] shifted_fpos=[ 4.09999816 -1.1497989   0.96125   ] lower=[ 3.84999816 -1.3497989   0.68750001] upper=[ 4.34999816 -0.9497989   1.23499999] inside=False
[obj_inside_of] obj=obj obj_pos=[ 4.029441   -1.7938044   0.98515224] fixture_pos=[ 4.09999816 -1.1997989   0.96125   ] fsize=[0.91666663 0.55       0.24749999] shifted_fpos=[ 4.09999816 -1.1497989   0.96125   ] lower=[ 3.84999816 -1.3497989   0.68750001] upper=[ 4.34999816 -0.9497989   1.23499999] inside=False
[obj_inside_of] obj=obj obj_pos=[ 4.035702   -1.7986261   0.98398906] fixture_pos=[ 4.09999816 -1.1997989   0.96125   ] fsize=[0.91666663 0.55       0.24749999] shifted_fpos=[ 4.09999816 -1.1497989   0.96125   ] lower=[ 3.84999816 -1.3497989   0.68750001] upper=[ 4.34999816 -0.9497989   1.23499999] inside=False
[perceive] 27 objects from ['base_camera', 'wrist_camera']: ['floor_room_0', 'counter_1_front_group_0', 'dishwasher_right_group_0', 'counter_corner_front_group_0', 'counter_corner_right_group_0', 'counter_1_right_group_0', 'stack_1_right_group_2_0', 'eggplant', 'inner_box', 'paper_towel_right_group_0']...
[obj_inside_of] obj=obj obj_pos=[ 4.0449886 -1.806873   0.9808753] fixture_pos=[ 4.09999816 -1.1997989   0.96125   ] fsize=[0.91666663 0.55       0.24749999] shifted_fpos=[ 4.09999816 -1.1497989   0.96125   ] lower=[ 3.84999816 -1.3497989   0.68750001] upper=[ 4.34999816 -0.9497989   1.23499999] inside=False
[obj_inside_of] obj=obj obj_pos=[ 4.0449886 -1.806873   0.9808753] fixture_pos=[ 4.09999816 -1.1997989   0.96125   ] fsize=[0.91666663 0.55       0.24749999] shifted_fpos=[ 4.09999816 -1.1497989   0.96125   ] lower=[ 3.84999816 -1.3497989   0.68750001] upper=[ 4.34999816 -0.9497989   1.23499999] inside=False
[obj_inside_of] obj=obj obj_pos=[ 4.05772   -1.8162776  0.9758859] fixture_pos=[ 4.09999816 -1.1997989   0.96125   ] fsize=[0.91666663 0.55       0.24749999] shifted_fpos=[ 4.09999816 -1.1497989   0.96125   ] lower=[ 3.84999816 -1.3497989   0.68750001] upper=[ 4.34999816 -0.9497989   1.23499999] inside=False
[obj_inside_of] obj=obj obj_pos=[ 0.5048082 -2.7838702  1.021778 ] fixture_pos=[ 0.30584331 -2.19999888  0.97534056] fsize=[0.85139319 0.55       0.21540247] shifted_fpos=[ 0.30584331 -2.14999888  0.97534056] lower=[ 0.05584331 -2.34999888  0.71763932] upper=[ 0.55584331 -1.94999888  1.23304179] inside=False
[obj_inside_of] obj=obj obj_pos=[ 0.5048082 -2.7838702  1.0070627] fixture_pos=[ 0.30584331 -2.19999888  0.97534056] fsize=[0.85139319 0.55       0.21540247] shifted_fpos=[ 0.30584331 -2.14999888  0.97534056] lower=[ 0.05584331 -2.34999888  0.71763932] upper=[ 0.55584331 -1.94999888  1.23304179] inside=False
[obj_inside_of] obj=obj obj_pos=[ 0.50657374 -2.7814214   0.9794623 ] fixture_pos=[ 0.30584331 -2.19999888  0.97534056] fsize=[0.85139319 0.55       0.21540247] shifted_fpos=[ 0.30584331 -2.14999888  0.97534056] lower=[ 0.05584331 -2.34999888  0.71763932] upper=[ 0.55584331 -1.94999888  1.23304179] inside=False
[obj_inside_of] obj=obj obj_pos=[ 0.5048082 -2.7838702  1.021778 ] fixture_pos=[ 0.30584331 -2.19999888  0.97534056] fsize=[0.85139319 0.55       0.21540247] shifted_fpos=[ 0.30584331 -2.14999888  0.97534056] lower=[ 0.05584331 -2.34999888  0.71763932] upper=[ 0.55584331 -1.94999888  1.23304179] inside=False
[obj_inside_of] obj=obj obj_pos=[ 0.5048082 -2.7838702  1.0070627] fixture_pos=[ 0.30584331 -2.19999888  0.97534056] fsize=[0.85139319 0.55       0.21540247] shifted_fpos=[ 0.30584331 -2.14999888  0.97534056] lower=[ 0.05584331 -2.34999888  0.71763932] upper=[ 0.55584331 -1.94999888  1.23304179] inside=False
[obj_inside_of] obj=obj obj_pos=[ 0.50657374 -2.7814214   0.9794623 ] fixture_pos=[ 0.30584331 -2.19999888  0.97534056] fsize=[0.85139319 0.55       0.21540247] shifted_fpos=[ 0.30584331 -2.14999888  0.97534056] lower=[ 0.05584331 -2.34999888  0.71763932] upper=[ 0.55584331 -1.94999888  1.23304179] inside=False
[obj_inside_of] obj=obj obj_pos=[ 0.5150677 -2.7694793  0.9651806] fixture_pos=[ 0.30584331 -2.19999888  0.97534056] fsize=[0.85139319 0.55       0.21540247] shifted_fpos=[ 0.30584331 -2.14999888  0.97534056] lower=[ 0.05584331 -2.34999888  0.71763932] upper=[ 0.55584331 -1.94999888  1.23304179] inside=False
[obj_inside_of] obj=obj obj_pos=[ 0.5268188 -2.7541337  0.9562932] fixture_pos=[ 0.30584331 -2.19999888  0.97534056] fsize=[0.85139319 0.55       0.21540247] shifted_fpos=[ 0.30584331 -2.14999888  0.97534056] lower=[ 0.05584331 -2.34999888  0.71763932] upper=[ 0.55584331 -1.94999888  1.23304179] inside=False
[perceive] 23 objects from ['base_camera', 'wrist_camera']: ['floor_room_0', 'hingerightdoor', 'hingeleftdoor', 'object', 'onion', 'inner_box', 'counter_1_left_group_0', 'dishwasher_left_group_0', 'sweet_potato_0', 'spout']...
[obj_inside_of] obj=obj obj_pos=[ 0.536752  -2.742767   0.9507163] fixture_pos=[ 0.30584331 -2.19999888  0.97534056] fsize=[0.85139319 0.55       0.21540247] shifted_fpos=[ 0.30584331 -2.14999888  0.97534056] lower=[ 0.05584331 -2.34999888  0.71763932] upper=[ 0.55584331 -1.94999888  1.23304179] inside=False
[obj_inside_of] obj=obj obj_pos=[ 0.536752  -2.742767   0.9507163] fixture_pos=[ 0.30584331 -2.19999888  0.97534056] fsize=[0.85139319 0.55       0.21540247] shifted_fpos=[ 0.30584331 -2.14999888  0.97534056] lower=[ 0.05584331 -2.34999888  0.71763932] upper=[ 0.55584331 -1.94999888  1.23304179] inside=False
[obj_inside_of] obj=obj obj_pos=[ 0.5377987  -2.7394323   0.95077705] fixture_pos=[ 0.30584331 -2.19999888  0.97534056] fsize=[0.85139319 0.55       0.21540247] shifted_fpos=[ 0.30584331 -2.14999888  0.97534056] lower=[ 0.05584331 -2.34999888  0.71763932] upper=[ 0.55584331 -1.94999888  1.23304179] inside=False
[obj_inside_of] obj=obj obj_pos=[ 0.5485107 -2.63997    1.0320001] fixture_pos=[ 0.29999284 -2.1999989   1.00250001] fsize=[0.59277781 0.55       0.21816668] shifted_fpos=[ 0.29999284 -2.1499989   1.00250001] lower=[ 0.04999284 -2.3499989   0.74341667] upper=[ 0.54999284 -1.9499989   1.26158334] inside=False
[obj_inside_of] obj=obj obj_pos=[ 0.5485107 -2.63997    1.0172855] fixture_pos=[ 0.29999284 -2.1999989   1.00250001] fsize=[0.59277781 0.55       0.21816668] shifted_fpos=[ 0.29999284 -2.1499989   1.00250001] lower=[ 0.04999284 -2.3499989   0.74341667] upper=[ 0.54999284 -1.9499989   1.26158334] inside=False
[obj_inside_of] obj=obj obj_pos=[ 0.5485107 -2.63997    0.9780457] fixture_pos=[ 0.29999284 -2.1999989   1.00250001] fsize=[0.59277781 0.55       0.21816668] shifted_fpos=[ 0.29999284 -2.1499989   1.00250001] lower=[ 0.04999284 -2.3499989   0.74341667] upper=[ 0.54999284 -1.9499989   1.26158334] inside=False
[obj_inside_of] obj=obj obj_pos=[ 0.5485107 -2.63997    1.0320001] fixture_pos=[ 0.29999284 -2.1999989   1.00250001] fsize=[0.59277781 0.55       0.21816668] shifted_fpos=[ 0.29999284 -2.1499989   1.00250001] lower=[ 0.04999284 -2.3499989   0.74341667] upper=[ 0.54999284 -1.9499989   1.26158334] inside=False
[obj_inside_of] obj=obj obj_pos=[ 0.5485107 -2.63997    1.0172855] fixture_pos=[ 0.29999284 -2.1999989   1.00250001] fsize=[0.59277781 0.55       0.21816668] shifted_fpos=[ 0.29999284 -2.1499989   1.00250001] lower=[ 0.04999284 -2.3499989   0.74341667] upper=[ 0.54999284 -1.9499989   1.26158334] inside=False
[obj_inside_of] obj=obj obj_pos=[ 0.5485107 -2.63997    0.9780457] fixture_pos=[ 0.29999284 -2.1999989   1.00250001] fsize=[0.59277781 0.55       0.21816668] shifted_fpos=[ 0.29999284 -2.1499989   1.00250001] lower=[ 0.04999284 -2.3499989   0.74341667] upper=[ 0.54999284 -1.9499989   1.26158334] inside=False
[obj_inside_of] obj=obj obj_pos=[ 0.54850674 -2.6399693   0.96999985] fixture_pos=[ 0.29999284 -2.1999989   1.00250001] fsize=[0.59277781 0.55       0.21816668] shifted_fpos=[ 0.29999284 -2.1499989   1.00250001] lower=[ 0.04999284 -2.3499989   0.74341667] upper=[ 0.54999284 -1.9499989   1.26158334] inside=False
[obj_inside_of] obj=obj obj_pos=[ 0.5485064  -2.6399696   0.96999997] fixture_pos=[ 0.29999284 -2.1999989   1.00250001] fsize=[0.59277781 0.55       0.21816668] shifted_fpos=[ 0.29999284 -2.1499989   1.00250001] lower=[ 0.04999284 -2.3499989   0.74341667] upper=[ 0.54999284 -1.9499989   1.26158334] inside=False
[perceive] 23 objects from ['base_camera', 'wrist_camera']: ['floor_room_0', 'hingerightdoor', 'hingeleftdoor', 'stack_2_left_group_2_0', 'can', 'object', 'inner_box', 'dishwasher_left_group_0', 'counter_1_left_left_group_0', 'coffee_cup']...
[obj_inside_of] obj=obj obj_pos=[ 0.54850656 -2.6399698   0.96999997] fixture_pos=[ 0.29999284 -2.1999989   1.00250001] fsize=[0.59277781 0.55       0.21816668] shifted_fpos=[ 0.29999284 -2.1499989   1.00250001] lower=[ 0.04999284 -2.3499989   0.74341667] upper=[ 0.54999284 -1.9499989   1.26158334] inside=False
[obj_inside_of] obj=obj obj_pos=[ 0.54850656 -2.6399698   0.96999997] fixture_pos=[ 0.29999284 -2.1999989   1.00250001] fsize=[0.59277781 0.55       0.21816668] shifted_fpos=[ 0.29999284 -2.1499989   1.00250001] lower=[ 0.04999284 -2.3499989   0.74341667] upper=[ 0.54999284 -1.9499989   1.26158334] inside=False
[obj_inside_of] obj=obj obj_pos=[ 0.5485068 -2.639969   0.9699999] fixture_pos=[ 0.29999284 -2.1999989   1.00250001] fsize=[0.59277781 0.55       0.21816668] shifted_fpos=[ 0.29999284 -2.1499989   1.00250001] lower=[ 0.04999284 -2.3499989   0.74341667] upper=[ 0.54999284 -1.9499989   1.26158334] inside=False
Could not place objects. Trying again with new objects
Could not place objects. Trying again with new objects
[obj_inside_of] obj=obj obj_pos=[ 3.870177   -2.2665987   0.98968816] fixture_pos=[ 3.20003984 -2.295       0.96125   ] fsize=[0.91666663 0.55       0.24749999] shifted_fpos=[ 3.20003984 -2.245       0.96125   ] lower=[ 2.95003984 -2.445       0.68750001] upper=[ 3.45003984 -2.045       1.23499999] inside=False
[obj_inside_of] obj=obj obj_pos=[ 3.870177   -2.2665987   0.97497356] fixture_pos=[ 3.20003984 -2.295       0.96125   ] fsize=[0.91666663 0.55       0.24749999] shifted_fpos=[ 3.20003984 -2.245       0.96125   ] lower=[ 2.95003984 -2.445       0.68750001] upper=[ 3.45003984 -2.045       1.23499999] inside=False
[obj_inside_of] obj=obj obj_pos=[ 3.869901  -2.266371   0.9498185] fixture_pos=[ 3.20003984 -2.295       0.96125   ] fsize=[0.91666663 0.55       0.24749999] shifted_fpos=[ 3.20003984 -2.245       0.96125   ] lower=[ 2.95003984 -2.445       0.68750001] upper=[ 3.45003984 -2.045       1.23499999] inside=False
Could not place objects. Trying again with new objects
Could not place objects. Trying again with new objects
[obj_inside_of] obj=obj obj_pos=[ 3.870177   -2.2665987   0.98968816] fixture_pos=[ 3.20003984 -2.295       0.96125   ] fsize=[0.91666663 0.55       0.24749999] shifted_fpos=[ 3.20003984 -2.245       0.96125   ] lower=[ 2.95003984 -2.445       0.68750001] upper=[ 3.45003984 -2.045       1.23499999] inside=False
[obj_inside_of] obj=obj obj_pos=[ 3.870177   -2.2665987   0.97497356] fixture_pos=[ 3.20003984 -2.295       0.96125   ] fsize=[0.91666663 0.55       0.24749999] shifted_fpos=[ 3.20003984 -2.245       0.96125   ] lower=[ 2.95003984 -2.445       0.68750001] upper=[ 3.45003984 -2.045       1.23499999] inside=False
[obj_inside_of] obj=obj obj_pos=[ 3.869901  -2.266371   0.9498185] fixture_pos=[ 3.20003984 -2.295       0.96125   ] fsize=[0.91666663 0.55       0.24749999] shifted_fpos=[ 3.20003984 -2.245       0.96125   ] lower=[ 2.95003984 -2.445       0.68750001] upper=[ 3.45003984 -2.045       1.23499999] inside=False
[obj_inside_of] obj=obj obj_pos=[ 3.8693194  -2.2658818   0.94990236] fixture_pos=[ 3.20003984 -2.295       0.96125   ] fsize=[0.91666663 0.55       0.24749999] shifted_fpos=[ 3.20003984 -2.245       0.96125   ] lower=[ 2.95003984 -2.445       0.68750001] upper=[ 3.45003984 -2.045       1.23499999] inside=False
[obj_inside_of] obj=obj obj_pos=[ 3.8699207 -2.2663622  0.9498203] fixture_pos=[ 3.20003984 -2.295       0.96125   ] fsize=[0.91666663 0.55       0.24749999] shifted_fpos=[ 3.20003984 -2.245       0.96125   ] lower=[ 2.95003984 -2.445       0.68750001] upper=[ 3.45003984 -2.045       1.23499999] inside=False
[perceive] 24 objects from ['base_camera', 'wrist_camera']: ['island_panel_cab_right_island_group_1_0', 'inner_box', 'oven_left_group_0', 'oven_housing_left_group_0', 'hingerightdoor', 'can', 'object', 'island_stack_1_island_group_2_0', 'stool_3_island_group_0', 'spout']...
[obj_inside_of] obj=obj obj_pos=[ 3.8703468  -2.2668316   0.94980097] fixture_pos=[ 3.20003984 -2.295       0.96125   ] fsize=[0.91666663 0.55       0.24749999] shifted_fpos=[ 3.20003984 -2.245       0.96125   ] lower=[ 2.95003984 -2.445       0.68750001] upper=[ 3.45003984 -2.045       1.23499999] inside=False
[obj_inside_of] obj=obj obj_pos=[ 3.8703468  -2.2668316   0.94980097] fixture_pos=[ 3.20003984 -2.295       0.96125   ] fsize=[0.91666663 0.55       0.24749999] shifted_fpos=[ 3.20003984 -2.245       0.96125   ] lower=[ 2.95003984 -2.445       0.68750001] upper=[ 3.45003984 -2.045       1.23499999] inside=False
[obj_inside_of] obj=obj obj_pos=[ 3.870173   -2.2666254   0.94980115] fixture_pos=[ 3.20003984 -2.295       0.96125   ] fsize=[0.91666663 0.55       0.24749999] shifted_fpos=[ 3.20003984 -2.245       0.96125   ] lower=[ 2.95003984 -2.445       0.68750001] upper=[ 3.45003984 -2.045       1.23499999] inside=False
[obj_inside_of] obj=obj obj_pos=[ 3.150644  -2.129815   1.0789826] fixture_pos=[ 2.74994024 -2.295       0.93811765] fsize=[0.64705881 0.55       0.15108823] shifted_fpos=[ 2.74994024 -2.245       0.93811765] lower=[ 2.49994024 -2.445       0.71257353] upper=[ 2.99994024 -2.045       1.16366176] inside=False
[obj_inside_of] obj=obj obj_pos=[ 3.150644 -2.129815  1.064268] fixture_pos=[ 2.74994024 -2.295       0.93811765] fsize=[0.64705881 0.55       0.15108823] shifted_fpos=[ 2.74994024 -2.245       0.93811765] lower=[ 2.49994024 -2.445       0.71257353] upper=[ 2.99994024 -2.045       1.16366176] inside=False
[obj_inside_of] obj=obj obj_pos=[ 3.150644  -2.129815   1.0250273] fixture_pos=[ 2.74994024 -2.295       0.93811765] fsize=[0.64705881 0.55       0.15108823] shifted_fpos=[ 2.74994024 -2.245       0.93811765] lower=[ 2.49994024 -2.445       0.71257353] upper=[ 2.99994024 -2.045       1.16366176] inside=False
[obj_inside_of] obj=obj obj_pos=[ 3.150644  -2.129815   1.0789826] fixture_pos=[ 2.74994024 -2.295       0.93811765] fsize=[0.64705881 0.55       0.15108823] shifted_fpos=[ 2.74994024 -2.245       0.93811765] lower=[ 2.49994024 -2.445       0.71257353] upper=[ 2.99994024 -2.045       1.16366176] inside=False
[obj_inside_of] obj=obj obj_pos=[ 3.150644 -2.129815  1.064268] fixture_pos=[ 2.74994024 -2.295       0.93811765] fsize=[0.64705881 0.55       0.15108823] shifted_fpos=[ 2.74994024 -2.245       0.93811765] lower=[ 2.49994024 -2.445       0.71257353] upper=[ 2.99994024 -2.045       1.16366176] inside=False
[obj_inside_of] obj=obj obj_pos=[ 3.150644  -2.129815   1.0250273] fixture_pos=[ 2.74994024 -2.295       0.93811765] fsize=[0.64705881 0.55       0.15108823] shifted_fpos=[ 2.74994024 -2.245       0.93811765] lower=[ 2.49994024 -2.445       0.71257353] upper=[ 2.99994024 -2.045       1.16366176] inside=False
[obj_inside_of] obj=obj obj_pos=[ 3.1508315 -2.1296983  1.0177647] fixture_pos=[ 2.74994024 -2.295       0.93811765] fsize=[0.64705881 0.55       0.15108823] shifted_fpos=[ 2.74994024 -2.245       0.93811765] lower=[ 2.49994024 -2.445       0.71257353] upper=[ 2.99994024 -2.045       1.16366176] inside=False
[obj_inside_of] obj=obj obj_pos=[ 3.15047   -2.1298294  1.0177561] fixture_pos=[ 2.74994024 -2.295       0.93811765] fsize=[0.64705881 0.55       0.15108823] shifted_fpos=[ 2.74994024 -2.245       0.93811765] lower=[ 2.49994024 -2.445       0.71257353] upper=[ 2.99994024 -2.045       1.16366176] inside=False
[perceive] 20 objects from ['base_camera', 'wrist_camera']: ['island_panel_cab_right_island_group_1_0', 'dishwasher_island_group_0', 'fish', 'hingerightdoor', 'object', 'orange', 'island_stack_1_island_group_2_0', 'spout', 'island_counter_island_group_0', 'stool_3_island_group_0']...
[obj_inside_of] obj=obj obj_pos=[ 3.1504118 -2.1298444  1.0177484] fixture_pos=[ 2.74994024 -2.295       0.93811765] fsize=[0.64705881 0.55       0.15108823] shifted_fpos=[ 2.74994024 -2.245       0.93811765] lower=[ 2.49994024 -2.445       0.71257353] upper=[ 2.99994024 -2.045       1.16366176] inside=False
[obj_inside_of] obj=obj obj_pos=[ 3.1504118 -2.1298444  1.0177484] fixture_pos=[ 2.74994024 -2.295       0.93811765] fsize=[0.64705881 0.55       0.15108823] shifted_fpos=[ 2.74994024 -2.245       0.93811765] lower=[ 2.49994024 -2.445       0.71257353] upper=[ 2.99994024 -2.045       1.16366176] inside=False
[obj_inside_of] obj=obj obj_pos=[ 3.150722  -2.1297667  1.0177547] fixture_pos=[ 2.74994024 -2.295       0.93811765] fsize=[0.64705881 0.55       0.15108823] shifted_fpos=[ 2.74994024 -2.245       0.93811765] lower=[ 2.49994024 -2.445       0.71257353] upper=[ 2.99994024 -2.045       1.16366176] inside=False
[obj_inside_of] obj=obj obj_pos=[ 0.3368877 -2.4086895  1.0669241] fixture_pos=[ 0.31124062 -1.92699886  0.93811765] fsize=[0.64705881 0.55       0.15108823] shifted_fpos=[ 0.31124062 -1.87699886  0.93811765] lower=[ 0.06124062 -2.07699886  0.71257353] upper=[ 0.56124062 -1.67699886  1.16366176] inside=False
[obj_inside_of] obj=obj obj_pos=[ 0.3368877 -2.4086895  1.0522095] fixture_pos=[ 0.31124062 -1.92699886  0.93811765] fsize=[0.64705881 0.55       0.15108823] shifted_fpos=[ 0.31124062 -1.87699886  0.93811765] lower=[ 0.06124062 -2.07699886  0.71257353] upper=[ 0.56124062 -1.67699886  1.16366176] inside=False
[obj_inside_of] obj=obj obj_pos=[ 0.33678457 -2.4086192   1.017776  ] fixture_pos=[ 0.31124062 -1.92699886  0.93811765] fsize=[0.64705881 0.55       0.15108823] shifted_fpos=[ 0.31124062 -1.87699886  0.93811765] lower=[ 0.06124062 -2.07699886  0.71257353] upper=[ 0.56124062 -1.67699886  1.16366176] inside=False
[obj_inside_of] obj=obj obj_pos=[ 0.3368877 -2.4086895  1.0669241] fixture_pos=[ 0.31124062 -1.92699886  0.93811765] fsize=[0.64705881 0.55       0.15108823] shifted_fpos=[ 0.31124062 -1.87699886  0.93811765] lower=[ 0.06124062 -2.07699886  0.71257353] upper=[ 0.56124062 -1.67699886  1.16366176] inside=False
[obj_inside_of] obj=obj obj_pos=[ 0.3368877 -2.4086895  1.0522095] fixture_pos=[ 0.31124062 -1.92699886  0.93811765] fsize=[0.64705881 0.55       0.15108823] shifted_fpos=[ 0.31124062 -1.87699886  0.93811765] lower=[ 0.06124062 -2.07699886  0.71257353] upper=[ 0.56124062 -1.67699886  1.16366176] inside=False
[obj_inside_of] obj=obj obj_pos=[ 0.33678457 -2.4086192   1.017776  ] fixture_pos=[ 0.31124062 -1.92699886  0.93811765] fsize=[0.64705881 0.55       0.15108823] shifted_fpos=[ 0.31124062 -1.87699886  0.93811765] lower=[ 0.06124062 -2.07699886  0.71257353] upper=[ 0.56124062 -1.67699886  1.16366176] inside=False
[obj_inside_of] obj=obj obj_pos=[ 0.3373397 -2.4091446  1.0178046] fixture_pos=[ 0.31124062 -1.92699886  0.93811765] fsize=[0.64705881 0.55       0.15108823] shifted_fpos=[ 0.31124062 -1.87699886  0.93811765] lower=[ 0.06124062 -2.07699886  0.71257353] upper=[ 0.56124062 -1.67699886  1.16366176] inside=False
[obj_inside_of] obj=obj obj_pos=[ 0.33633354 -2.4080272   1.0177858 ] fixture_pos=[ 0.31124062 -1.92699886  0.93811765] fsize=[0.64705881 0.55       0.15108823] shifted_fpos=[ 0.31124062 -1.87699886  0.93811765] lower=[ 0.06124062 -2.07699886  0.71257353] upper=[ 0.56124062 -1.67699886  1.16366176] inside=False
[perceive] 19 objects from ['base_camera', 'wrist_camera']: ['floor_room_0', 'hingeleftdoor', 'stack_3_left_group_2_0', 'hingerightdoor', 'dishwasher_left_group_0', 'counter_left_group_0', 'object', 'cheese', 'beer', 'hingedoor']...
[obj_inside_of] obj=obj obj_pos=[ 0.33591723 -2.4076056   1.0177971 ] fixture_pos=[ 0.31124062 -1.92699886  0.93811765] fsize=[0.64705881 0.55       0.15108823] shifted_fpos=[ 0.31124062 -1.87699886  0.93811765] lower=[ 0.06124062 -2.07699886  0.71257353] upper=[ 0.56124062 -1.67699886  1.16366176] inside=False
[obj_inside_of] obj=obj obj_pos=[ 0.33591723 -2.4076056   1.0177971 ] fixture_pos=[ 0.31124062 -1.92699886  0.93811765] fsize=[0.64705881 0.55       0.15108823] shifted_fpos=[ 0.31124062 -1.87699886  0.93811765] lower=[ 0.06124062 -2.07699886  0.71257353] upper=[ 0.56124062 -1.67699886  1.16366176] inside=False
[obj_inside_of] obj=obj obj_pos=[ 0.33593872 -2.4076881   1.0177997 ] fixture_pos=[ 0.31124062 -1.92699886  0.93811765] fsize=[0.64705881 0.55       0.15108823] shifted_fpos=[ 0.31124062 -1.87699886  0.93811765] lower=[ 0.06124062 -2.07699886  0.71257353] upper=[ 0.56124062 -1.67699886  1.16366176] inside=False
[obj_inside_of] obj=obj obj_pos=[ 5.550234  -1.6163905  1.0937624] fixture_pos=[ 5.59498622 -2.20249888  0.96125   ] fsize=[0.91666663 0.55       0.24749999] shifted_fpos=[ 5.59498622 -2.15249888  0.96125   ] lower=[ 5.34498622 -2.35249888  0.68750001] upper=[ 5.84498622 -1.95249888  1.23499999] inside=False
[obj_inside_of] obj=obj obj_pos=[ 5.550234  -1.6163905  1.0790478] fixture_pos=[ 5.59498622 -2.20249888  0.96125   ] fsize=[0.91666663 0.55       0.24749999] shifted_fpos=[ 5.59498622 -2.15249888  0.96125   ] lower=[ 5.34498622 -2.35249888  0.68750001] upper=[ 5.84498622 -1.95249888  1.23499999] inside=False
[obj_inside_of] obj=obj obj_pos=[ 5.550234  -1.6163905  1.0398071] fixture_pos=[ 5.59498622 -2.20249888  0.96125   ] fsize=[0.91666663 0.55       0.24749999] shifted_fpos=[ 5.59498622 -2.15249888  0.96125   ] lower=[ 5.34498622 -2.35249888  0.68750001] upper=[ 5.84498622 -1.95249888  1.23499999] inside=False
[obj_inside_of] obj=obj obj_pos=[ 5.550234  -1.6163905  1.0937624] fixture_pos=[ 5.59498622 -2.20249888  0.96125   ] fsize=[0.91666663 0.55       0.24749999] shifted_fpos=[ 5.59498622 -2.15249888  0.96125   ] lower=[ 5.34498622 -2.35249888  0.68750001] upper=[ 5.84498622 -1.95249888  1.23499999] inside=False
[obj_inside_of] obj=obj obj_pos=[ 5.550234  -1.6163905  1.0790478] fixture_pos=[ 5.59498622 -2.20249888  0.96125   ] fsize=[0.91666663 0.55       0.24749999] shifted_fpos=[ 5.59498622 -2.15249888  0.96125   ] lower=[ 5.34498622 -2.35249888  0.68750001] upper=[ 5.84498622 -1.95249888  1.23499999] inside=False
[obj_inside_of] obj=obj obj_pos=[ 5.550234  -1.6163905  1.0398071] fixture_pos=[ 5.59498622 -2.20249888  0.96125   ] fsize=[0.91666663 0.55       0.24749999] shifted_fpos=[ 5.59498622 -2.15249888  0.96125   ] lower=[ 5.34498622 -2.35249888  0.68750001] upper=[ 5.84498622 -1.95249888  1.23499999] inside=False
[obj_inside_of] obj=obj obj_pos=[ 5.55256   -1.617447   1.0019809] fixture_pos=[ 5.59498622 -2.20249888  0.96125   ] fsize=[0.91666663 0.55       0.24749999] shifted_fpos=[ 5.59498622 -2.15249888  0.96125   ] lower=[ 5.34498622 -2.35249888  0.68750001] upper=[ 5.84498622 -1.95249888  1.23499999] inside=False
[obj_inside_of] obj=obj obj_pos=[ 5.5583286 -1.6202325  1.0023702] fixture_pos=[ 5.59498622 -2.20249888  0.96125   ] fsize=[0.91666663 0.55       0.24749999] shifted_fpos=[ 5.59498622 -2.15249888  0.96125   ] lower=[ 5.34498622 -2.35249888  0.68750001] upper=[ 5.84498622 -1.95249888  1.23499999] inside=False
[perceive] 20 objects from ['base_camera', 'wrist_camera']: ['floor_room_0', 'island_island_group_0', 'counter_1_right_group_0', 'stack_1_right_group_2_0', 'dishwasher_right_group_0', 'inner_box', 'object', 'stack_4_main_group_base_0', 'bottled_drink_0', 'mug']...
[obj_inside_of] obj=obj obj_pos=[ 5.563062  -1.6209968  1.0024362] fixture_pos=[ 5.59498622 -2.20249888  0.96125   ] fsize=[0.91666663 0.55       0.24749999] shifted_fpos=[ 5.59498622 -2.15249888  0.96125   ] lower=[ 5.34498622 -2.35249888  0.68750001] upper=[ 5.84498622 -1.95249888  1.23499999] inside=False
[obj_inside_of] obj=obj obj_pos=[ 5.563062  -1.6209968  1.0024362] fixture_pos=[ 5.59498622 -2.20249888  0.96125   ] fsize=[0.91666663 0.55       0.24749999] shifted_fpos=[ 5.59498622 -2.15249888  0.96125   ] lower=[ 5.34498622 -2.35249888  0.68750001] upper=[ 5.84498622 -1.95249888  1.23499999] inside=False
[obj_inside_of] obj=obj obj_pos=[ 5.5679154 -1.6200938  1.0021447] fixture_pos=[ 5.59498622 -2.20249888  0.96125   ] fsize=[0.91666663 0.55       0.24749999] shifted_fpos=[ 5.59498622 -2.15249888  0.96125   ] lower=[ 5.34498622 -2.35249888  0.68750001] upper=[ 5.84498622 -1.95249888  1.23499999] inside=False
[obj_inside_of] obj=obj obj_pos=[ 0.52770305 -0.5631286   0.9627706 ] fixture_pos=[ 1.25    -0.3      0.96125] fsize=[0.91666663 0.55       0.24749999] shifted_fpos=[ 1.25    -0.25     0.96125] lower=[ 1.         -0.45        0.68750001] upper=[ 1.5        -0.05        1.23499999] inside=False
[obj_inside_of] obj=obj obj_pos=[ 0.52764267 -0.5633721   0.95274556] fixture_pos=[ 1.25    -0.3      0.96125] fsize=[0.91666663 0.55       0.24749999] shifted_fpos=[ 1.25    -0.25     0.96125] lower=[ 1.         -0.45        0.68750001] upper=[ 1.5        -0.05        1.23499999] inside=False
[obj_inside_of] obj=obj obj_pos=[ 0.5273631 -0.5634073  0.9527495] fixture_pos=[ 1.25    -0.3      0.96125] fsize=[0.91666663 0.55       0.24749999] shifted_fpos=[ 1.25    -0.25     0.96125] lower=[ 1.         -0.45        0.68750001] upper=[ 1.5        -0.05        1.23499999] inside=False
[obj_inside_of] obj=obj obj_pos=[ 0.52770305 -0.5631286   0.9627706 ] fixture_pos=[ 1.25    -0.3      0.96125] fsize=[0.91666663 0.55       0.24749999] shifted_fpos=[ 1.25    -0.25     0.96125] lower=[ 1.         -0.45        0.68750001] upper=[ 1.5        -0.05        1.23499999] inside=False
[obj_inside_of] obj=obj obj_pos=[ 0.52764267 -0.5633721   0.95274556] fixture_pos=[ 1.25    -0.3      0.96125] fsize=[0.91666663 0.55       0.24749999] shifted_fpos=[ 1.25    -0.25     0.96125] lower=[ 1.         -0.45        0.68750001] upper=[ 1.5        -0.05        1.23499999] inside=False
[obj_inside_of] obj=obj obj_pos=[ 0.5273631 -0.5634073  0.9527495] fixture_pos=[ 1.25    -0.3      0.96125] fsize=[0.91666663 0.55       0.24749999] shifted_fpos=[ 1.25    -0.25     0.96125] lower=[ 1.         -0.45        0.68750001] upper=[ 1.5        -0.05        1.23499999] inside=False
[obj_inside_of] obj=obj obj_pos=[ 0.52752495 -0.56330585  0.9527556 ] fixture_pos=[ 1.25    -0.3      0.96125] fsize=[0.91666663 0.55       0.24749999] shifted_fpos=[ 1.25    -0.25     0.96125] lower=[ 1.         -0.45        0.68750001] upper=[ 1.5        -0.05        1.23499999] inside=False
[obj_inside_of] obj=obj obj_pos=[ 0.52731186 -0.5634304   0.95276177] fixture_pos=[ 1.25    -0.3      0.96125] fsize=[0.91666663 0.55       0.24749999] shifted_fpos=[ 1.25    -0.25     0.96125] lower=[ 1.         -0.45        0.68750001] upper=[ 1.5        -0.05        1.23499999] inside=False
[perceive] 18 objects from ['base_camera', 'wrist_camera']: ['floor_room_0', 'stack_2_main_group_2_0', 'dishwasher_main_group_0', 'inner_box', 'orange', 'object', 'counter_main_main_group_0', 'scissors', 'spout', 'hingerightdoor']...
[obj_inside_of] obj=obj obj_pos=[ 0.5274352  -0.5634018   0.95274913] fixture_pos=[ 1.25    -0.3      0.96125] fsize=[0.91666663 0.55       0.24749999] shifted_fpos=[ 1.25    -0.25     0.96125] lower=[ 1.         -0.45        0.68750001] upper=[ 1.5        -0.05        1.23499999] inside=False
[obj_inside_of] obj=obj obj_pos=[ 0.5274352  -0.5634018   0.95274913] fixture_pos=[ 1.25    -0.3      0.96125] fsize=[0.91666663 0.55       0.24749999] shifted_fpos=[ 1.25    -0.25     0.96125] lower=[ 1.         -0.45        0.68750001] upper=[ 1.5        -0.05        1.23499999] inside=False
[obj_inside_of] obj=obj obj_pos=[ 0.52750355 -0.56336457  0.95274866] fixture_pos=[ 1.25    -0.3      0.96125] fsize=[0.91666663 0.55       0.24749999] shifted_fpos=[ 1.25    -0.25     0.96125] lower=[ 1.         -0.45        0.68750001] upper=[ 1.5        -0.05        1.23499999] inside=False
[obj_inside_of] obj=obj obj_pos=[ 1.2643085  -0.41992235  0.99482286] fixture_pos=[ 1.69       -0.3         0.93811765] fsize=[0.64705881 0.55       0.15108823] shifted_fpos=[ 1.69       -0.25        0.93811765] lower=[ 1.44       -0.45        0.71257353] upper=[ 1.94       -0.05        1.16366176] inside=False
[obj_inside_of] obj=obj obj_pos=[ 1.2643085  -0.41992235  0.98010826] fixture_pos=[ 1.69       -0.3         0.93811765] fsize=[0.64705881 0.55       0.15108823] shifted_fpos=[ 1.69       -0.25        0.93811765] lower=[ 1.44       -0.45        0.71257353] upper=[ 1.94       -0.05        1.16366176] inside=False
[obj_inside_of] obj=obj obj_pos=[ 1.2643626  -0.41823894  0.9693284 ] fixture_pos=[ 1.69       -0.3         0.93811765] fsize=[0.64705881 0.55       0.15108823] shifted_fpos=[ 1.69       -0.25        0.93811765] lower=[ 1.44       -0.45        0.71257353] upper=[ 1.94       -0.05        1.16366176] inside=False
[obj_inside_of] obj=obj obj_pos=[ 1.2643085  -0.41992235  0.99482286] fixture_pos=[ 1.69       -0.3         0.93811765] fsize=[0.64705881 0.55       0.15108823] shifted_fpos=[ 1.69       -0.25        0.93811765] lower=[ 1.44       -0.45        0.71257353] upper=[ 1.94       -0.05        1.16366176] inside=False
[obj_inside_of] obj=obj obj_pos=[ 1.2643085  -0.41992235  0.98010826] fixture_pos=[ 1.69       -0.3         0.93811765] fsize=[0.64705881 0.55       0.15108823] shifted_fpos=[ 1.69       -0.25        0.93811765] lower=[ 1.44       -0.45        0.71257353] upper=[ 1.94       -0.05        1.16366176] inside=False
[obj_inside_of] obj=obj obj_pos=[ 1.2643626  -0.41823894  0.9693284 ] fixture_pos=[ 1.69       -0.3         0.93811765] fsize=[0.64705881 0.55       0.15108823] shifted_fpos=[ 1.69       -0.25        0.93811765] lower=[ 1.44       -0.45        0.71257353] upper=[ 1.94       -0.05        1.16366176] inside=False
[obj_inside_of] obj=obj obj_pos=[ 1.2643634  -0.41729006  0.9694067 ] fixture_pos=[ 1.69       -0.3         0.93811765] fsize=[0.64705881 0.55       0.15108823] shifted_fpos=[ 1.69       -0.25        0.93811765] lower=[ 1.44       -0.45        0.71257353] upper=[ 1.94       -0.05        1.16366176] inside=False
[obj_inside_of] obj=obj obj_pos=[ 1.264382   -0.41818774  0.96932334] fixture_pos=[ 1.69       -0.3         0.93811765] fsize=[0.64705881 0.55       0.15108823] shifted_fpos=[ 1.69       -0.25        0.93811765] lower=[ 1.44       -0.45        0.71257353] upper=[ 1.94       -0.05        1.16366176] inside=False
[perceive] 21 objects from ['base_camera', 'wrist_camera']: ['floor_room_0', 'hingeleftdoor', 'stack_2_main_group_2_0', 'inner_box', 'hingerightdoor', 'counter_1_left_group_0', 'counter_corner_left_group_0', 'sponge', 'object', 'dishwasher_main_group_0']...
[obj_inside_of] obj=obj obj_pos=[ 1.264275   -0.42011094  0.9692596 ] fixture_pos=[ 1.69       -0.3         0.93811765] fsize=[0.64705881 0.55       0.15108823] shifted_fpos=[ 1.69       -0.25        0.93811765] lower=[ 1.44       -0.45        0.71257353] upper=[ 1.94       -0.05        1.16366176] inside=False
[obj_inside_of] obj=obj obj_pos=[ 1.264275   -0.42011094  0.9692596 ] fixture_pos=[ 1.69       -0.3         0.93811765] fsize=[0.64705881 0.55       0.15108823] shifted_fpos=[ 1.69       -0.25        0.93811765] lower=[ 1.44       -0.45        0.71257353] upper=[ 1.94       -0.05        1.16366176] inside=False
[obj_inside_of] obj=obj obj_pos=[ 1.2644151  -0.41938618  0.96918267] fixture_pos=[ 1.69       -0.3         0.93811765] fsize=[0.64705881 0.55       0.15108823] shifted_fpos=[ 1.69       -0.25        0.93811765] lower=[ 1.44       -0.45        0.71257353] upper=[ 1.94       -0.05        1.16366176] inside=False
[obj_inside_of] obj=obj obj_pos=[ 0.35414568 -2.7721097   1.0006181 ] fixture_pos=[ 0.29999284 -2.1999989   0.93883562] fsize=[0.94178084 0.55       0.22602739] shifted_fpos=[ 0.29999284 -2.1499989   0.93883562] lower=[ 0.04999284 -2.3499989   0.67582192] upper=[ 0.54999284 -1.9499989   1.20184931] inside=False
[obj_inside_of] obj=obj obj_pos=[ 0.35414568 -2.7721097   0.9859032 ] fixture_pos=[ 0.29999284 -2.1999989   0.93883562] fsize=[0.94178084 0.55       0.22602739] shifted_fpos=[ 0.29999284 -2.1499989   0.93883562] lower=[ 0.04999284 -2.3499989   0.67582192] upper=[ 0.54999284 -1.9499989   1.20184931] inside=False
[obj_inside_of] obj=obj obj_pos=[ 0.35453618 -2.772566    0.9542506 ] fixture_pos=[ 0.29999284 -2.1999989   0.93883562] fsize=[0.94178084 0.55       0.22602739] shifted_fpos=[ 0.29999284 -2.1499989   0.93883562] lower=[ 0.04999284 -2.3499989   0.67582192] upper=[ 0.54999284 -1.9499989   1.20184931] inside=False
[obj_inside_of] obj=obj obj_pos=[ 0.35414568 -2.7721097   1.0006181 ] fixture_pos=[ 0.29999284 -2.1999989   0.93883562] fsize=[0.94178084 0.55       0.22602739] shifted_fpos=[ 0.29999284 -2.1499989   0.93883562] lower=[ 0.04999284 -2.3499989   0.67582192] upper=[ 0.54999284 -1.9499989   1.20184931] inside=False
[obj_inside_of] obj=obj obj_pos=[ 0.35414568 -2.7721097   0.9859032 ] fixture_pos=[ 0.29999284 -2.1999989   0.93883562] fsize=[0.94178084 0.55       0.22602739] shifted_fpos=[ 0.29999284 -2.1499989   0.93883562] lower=[ 0.04999284 -2.3499989   0.67582192] upper=[ 0.54999284 -1.9499989   1.20184931] inside=False
[obj_inside_of] obj=obj obj_pos=[ 0.35453618 -2.772566    0.9542506 ] fixture_pos=[ 0.29999284 -2.1999989   0.93883562] fsize=[0.94178084 0.55       0.22602739] shifted_fpos=[ 0.29999284 -2.1499989   0.93883562] lower=[ 0.04999284 -2.3499989   0.67582192] upper=[ 0.54999284 -1.9499989   1.20184931] inside=False
[obj_inside_of] obj=obj obj_pos=[ 0.35374662 -2.7754846   0.9540705 ] fixture_pos=[ 0.29999284 -2.1999989   0.93883562] fsize=[0.94178084 0.55       0.22602739] shifted_fpos=[ 0.29999284 -2.1499989   0.93883562] lower=[ 0.04999284 -2.3499989   0.67582192] upper=[ 0.54999284 -1.9499989   1.20184931] inside=False
[obj_inside_of] obj=obj obj_pos=[ 0.35473388 -2.7799783   0.95350367] fixture_pos=[ 0.29999284 -2.1999989   0.93883562] fsize=[0.94178084 0.55       0.22602739] shifted_fpos=[ 0.29999284 -2.1499989   0.93883562] lower=[ 0.04999284 -2.3499989   0.67582192] upper=[ 0.54999284 -1.9499989   1.20184931] inside=False
[perceive] 23 objects from ['base_camera', 'wrist_camera']: ['floor_room_0', 'hingerightdoor', 'hingeleftdoor', 'stack_2_left_group_2_0', 'inner_box', 'object', 'dishwasher_left_group_0', 'counter_1_left_left_group_0', 'jam', 'onion']...
[obj_inside_of] obj=obj obj_pos=[ 0.35338074 -2.7814927   0.95379347] fixture_pos=[ 0.29999284 -2.1999989   0.93883562] fsize=[0.94178084 0.55       0.22602739] shifted_fpos=[ 0.29999284 -2.1499989   0.93883562] lower=[ 0.04999284 -2.3499989   0.67582192] upper=[ 0.54999284 -1.9499989   1.20184931] inside=False
[obj_inside_of] obj=obj obj_pos=[ 0.35338074 -2.7814927   0.95379347] fixture_pos=[ 0.29999284 -2.1999989   0.93883562] fsize=[0.94178084 0.55       0.22602739] shifted_fpos=[ 0.29999284 -2.1499989   0.93883562] lower=[ 0.04999284 -2.3499989   0.67582192] upper=[ 0.54999284 -1.9499989   1.20184931] inside=False
[obj_inside_of] obj=obj obj_pos=[ 0.35316703 -2.7794402   0.95342   ] fixture_pos=[ 0.29999284 -2.1999989   0.93883562] fsize=[0.94178084 0.55       0.22602739] shifted_fpos=[ 0.29999284 -2.1499989   0.93883562] lower=[ 0.04999284 -2.3499989   0.67582192] upper=[ 0.54999284 -1.9499989   1.20184931] inside=False
[obj_inside_of] obj=obj obj_pos=[ 1.275965   -0.31041858  1.0266289 ] fixture_pos=[ 1.69       -0.3         0.93811765] fsize=[0.64705881 0.55       0.15108823] shifted_fpos=[ 1.69       -0.25        0.93811765] lower=[ 1.44       -0.45        0.71257353] upper=[ 1.94       -0.05        1.16366176] inside=False
[obj_inside_of] obj=obj obj_pos=[ 1.275965   -0.31041858  1.0119143 ] fixture_pos=[ 1.69       -0.3         0.93811765] fsize=[0.64705881 0.55       0.15108823] shifted_fpos=[ 1.69       -0.25        0.93811765] lower=[ 1.44       -0.45        0.71257353] upper=[ 1.94       -0.05        1.16366176] inside=False
[obj_inside_of] obj=obj obj_pos=[ 1.2779474  -0.31043875  0.98162746] fixture_pos=[ 1.69       -0.3         0.93811765] fsize=[0.64705881 0.55       0.15108823] shifted_fpos=[ 1.69       -0.25        0.93811765] lower=[ 1.44       -0.45        0.71257353] upper=[ 1.94       -0.05        1.16366176] inside=False
[obj_inside_of] obj=obj obj_pos=[ 1.275965   -0.31041858  1.0266289 ] fixture_pos=[ 1.69       -0.3         0.93811765] fsize=[0.64705881 0.55       0.15108823] shifted_fpos=[ 1.69       -0.25        0.93811765] lower=[ 1.44       -0.45        0.71257353] upper=[ 1.94       -0.05        1.16366176] inside=False
[obj_inside_of] obj=obj obj_pos=[ 1.275965   -0.31041858  1.0119143 ] fixture_pos=[ 1.69       -0.3         0.93811765] fsize=[0.64705881 0.55       0.15108823] shifted_fpos=[ 1.69       -0.25        0.93811765] lower=[ 1.44       -0.45        0.71257353] upper=[ 1.94       -0.05        1.16366176] inside=False
[obj_inside_of] obj=obj obj_pos=[ 1.2779474  -0.31043875  0.98162746] fixture_pos=[ 1.69       -0.3         0.93811765] fsize=[0.64705881 0.55       0.15108823] shifted_fpos=[ 1.69       -0.25        0.93811765] lower=[ 1.44       -0.45        0.71257353] upper=[ 1.94       -0.05        1.16366176] inside=False
[obj_inside_of] obj=obj obj_pos=[ 1.2919786  -0.31021568  0.97685623] fixture_pos=[ 1.69       -0.3         0.93811765] fsize=[0.64705881 0.55       0.15108823] shifted_fpos=[ 1.69       -0.25        0.93811765] lower=[ 1.44       -0.45        0.71257353] upper=[ 1.94       -0.05        1.16366176] inside=False
[obj_inside_of] obj=obj obj_pos=[ 1.3136257  -0.30957812  0.9632991 ] fixture_pos=[ 1.69       -0.3         0.93811765] fsize=[0.64705881 0.55       0.15108823] shifted_fpos=[ 1.69       -0.25        0.93811765] lower=[ 1.44       -0.45        0.71257353] upper=[ 1.94       -0.05        1.16366176] inside=False
[perceive] 21 objects from ['base_camera', 'wrist_camera']: ['floor_room_0', 'hingeleftdoor', 'stack_2_main_group_2_0', 'inner_box', 'hingerightdoor', 'counter_1_left_group_0', 'counter_corner_left_group_0', 'object', 'dishwasher_main_group_0', 'onion']...
[obj_inside_of] obj=obj obj_pos=[ 1.3363714  -0.30821142  0.9531337 ] fixture_pos=[ 1.69       -0.3         0.93811765] fsize=[0.64705881 0.55       0.15108823] shifted_fpos=[ 1.69       -0.25        0.93811765] lower=[ 1.44       -0.45        0.71257353] upper=[ 1.94       -0.05        1.16366176] inside=False
[obj_inside_of] obj=obj obj_pos=[ 1.3363714  -0.30821142  0.9531337 ] fixture_pos=[ 1.69       -0.3         0.93811765] fsize=[0.64705881 0.55       0.15108823] shifted_fpos=[ 1.69       -0.25        0.93811765] lower=[ 1.44       -0.45        0.71257353] upper=[ 1.94       -0.05        1.16366176] inside=False
[obj_inside_of] obj=obj obj_pos=[ 1.3500191  -0.30638638  0.9489377 ] fixture_pos=[ 1.69       -0.3         0.93811765] fsize=[0.64705881 0.55       0.15108823] shifted_fpos=[ 1.69       -0.25        0.93811765] lower=[ 1.44       -0.45        0.71257353] upper=[ 1.94       -0.05        1.16366176] inside=False
Could not place objects. Trying again with new objects
[obj_inside_of] obj=obj obj_pos=[ 5.4764256 -1.5817991  1.1041028] fixture_pos=[ 5.59498622 -2.20249888  0.93883562] fsize=[0.94178084 0.55       0.22602739] shifted_fpos=[ 5.59498622 -2.15249888  0.93883562] lower=[ 5.34498622 -2.35249888  0.67582192] upper=[ 5.84498622 -1.95249888  1.20184931] inside=False
[obj_inside_of] obj=obj obj_pos=[ 5.4764256 -1.5817991  1.0893883] fixture_pos=[ 5.59498622 -2.20249888  0.93883562] fsize=[0.94178084 0.55       0.22602739] shifted_fpos=[ 5.59498622 -2.15249888  0.93883562] lower=[ 5.34498622 -2.35249888  0.67582192] upper=[ 5.84498622 -1.95249888  1.20184931] inside=False
[obj_inside_of] obj=obj obj_pos=[ 5.4764256 -1.5817991  1.0501475] fixture_pos=[ 5.59498622 -2.20249888  0.93883562] fsize=[0.94178084 0.55       0.22602739] shifted_fpos=[ 5.59498622 -2.15249888  0.93883562] lower=[ 5.34498622 -2.35249888  0.67582192] upper=[ 5.84498622 -1.95249888  1.20184931] inside=False
Could not place objects. Trying again with new objects
[obj_inside_of] obj=obj obj_pos=[ 5.4764256 -1.5817991  1.1041028] fixture_pos=[ 5.59498622 -2.20249888  0.93883562] fsize=[0.94178084 0.55       0.22602739] shifted_fpos=[ 5.59498622 -2.15249888  0.93883562] lower=[ 5.34498622 -2.35249888  0.67582192] upper=[ 5.84498622 -1.95249888  1.20184931] inside=False
[obj_inside_of] obj=obj obj_pos=[ 5.4764256 -1.5817991  1.0893883] fixture_pos=[ 5.59498622 -2.20249888  0.93883562] fsize=[0.94178084 0.55       0.22602739] shifted_fpos=[ 5.59498622 -2.15249888  0.93883562] lower=[ 5.34498622 -2.35249888  0.67582192] upper=[ 5.84498622 -1.95249888  1.20184931] inside=False
[obj_inside_of] obj=obj obj_pos=[ 5.4764256 -1.5817991  1.0501475] fixture_pos=[ 5.59498622 -2.20249888  0.93883562] fsize=[0.94178084 0.55       0.22602739] shifted_fpos=[ 5.59498622 -2.15249888  0.93883562] lower=[ 5.34498622 -2.35249888  0.67582192] upper=[ 5.84498622 -1.95249888  1.20184931] inside=False
[obj_inside_of] obj=obj obj_pos=[ 5.4758797 -1.5816067  1.007206 ] fixture_pos=[ 5.59498622 -2.20249888  0.93883562] fsize=[0.94178084 0.55       0.22602739] shifted_fpos=[ 5.59498622 -2.15249888  0.93883562] lower=[ 5.34498622 -2.35249888  0.67582192] upper=[ 5.84498622 -1.95249888  1.20184931] inside=False
[obj_inside_of] obj=obj obj_pos=[ 5.475877 -1.581523  1.007147] fixture_pos=[ 5.59498622 -2.20249888  0.93883562] fsize=[0.94178084 0.55       0.22602739] shifted_fpos=[ 5.59498622 -2.15249888  0.93883562] lower=[ 5.34498622 -2.35249888  0.67582192] upper=[ 5.84498622 -1.95249888  1.20184931] inside=False
[perceive] 20 objects from ['base_camera', 'wrist_camera']: ['floor_room_0', 'island_island_group_0', 'counter_1_right_group_0', 'stack_1_right_group_2_0', 'dishwasher_right_group_0', 'kettle_non_electric_0', 'object', 'inner_box', 'stack_4_main_group_base_0', 'counter_corner_right_group_0']...
[obj_inside_of] obj=obj obj_pos=[ 5.4758787 -1.5815231  1.0071471] fixture_pos=[ 5.59498622 -2.20249888  0.93883562] fsize=[0.94178084 0.55       0.22602739] shifted_fpos=[ 5.59498622 -2.15249888  0.93883562] lower=[ 5.34498622 -2.35249888  0.67582192] upper=[ 5.84498622 -1.95249888  1.20184931] inside=False
[obj_inside_of] obj=obj obj_pos=[ 5.4758787 -1.5815231  1.0071471] fixture_pos=[ 5.59498622 -2.20249888  0.93883562] fsize=[0.94178084 0.55       0.22602739] shifted_fpos=[ 5.59498622 -2.15249888  0.93883562] lower=[ 5.34498622 -2.35249888  0.67582192] upper=[ 5.84498622 -1.95249888  1.20184931] inside=False
[obj_inside_of] obj=obj obj_pos=[ 5.4758787 -1.581523   1.0071468] fixture_pos=[ 5.59498622 -2.20249888  0.93883562] fsize=[0.94178084 0.55       0.22602739] shifted_fpos=[ 5.59498622 -2.15249888  0.93883562] lower=[ 5.34498622 -2.35249888  0.67582192] upper=[ 5.84498622 -1.95249888  1.20184931] inside=False
[obj_inside_of] obj=obj obj_pos=[ 5.440529  -1.6797878  1.019207 ] fixture_pos=[ 5.59498622 -2.20249888  1.00250001] fsize=[0.59277781 0.55       0.21816668] shifted_fpos=[ 5.59498622 -2.15249888  1.00250001] lower=[ 5.34498622 -2.35249888  0.74341667] upper=[ 5.84498622 -1.95249888  1.26158334] inside=False
[obj_inside_of] obj=obj obj_pos=[ 5.440529  -1.6797878  1.0044924] fixture_pos=[ 5.59498622 -2.20249888  1.00250001] fsize=[0.59277781 0.55       0.21816668] shifted_fpos=[ 5.59498622 -2.15249888  1.00250001] lower=[ 5.34498622 -2.35249888  0.74341667] upper=[ 5.84498622 -1.95249888  1.26158334] inside=False
[obj_inside_of] obj=obj obj_pos=[ 5.440518   -1.6799318   0.97875893] fixture_pos=[ 5.59498622 -2.20249888  1.00250001] fsize=[0.59277781 0.55       0.21816668] shifted_fpos=[ 5.59498622 -2.15249888  1.00250001] lower=[ 5.34498622 -2.35249888  0.74341667] upper=[ 5.84498622 -1.95249888  1.26158334] inside=False
[obj_inside_of] obj=obj obj_pos=[ 5.440529  -1.6797878  1.019207 ] fixture_pos=[ 5.59498622 -2.20249888  1.00250001] fsize=[0.59277781 0.55       0.21816668] shifted_fpos=[ 5.59498622 -2.15249888  1.00250001] lower=[ 5.34498622 -2.35249888  0.74341667] upper=[ 5.84498622 -1.95249888  1.26158334] inside=False
[obj_inside_of] obj=obj obj_pos=[ 5.440529  -1.6797878  1.0044924] fixture_pos=[ 5.59498622 -2.20249888  1.00250001] fsize=[0.59277781 0.55       0.21816668] shifted_fpos=[ 5.59498622 -2.15249888  1.00250001] lower=[ 5.34498622 -2.35249888  0.74341667] upper=[ 5.84498622 -1.95249888  1.26158334] inside=False
[obj_inside_of] obj=obj obj_pos=[ 5.440518   -1.6799318   0.97875893] fixture_pos=[ 5.59498622 -2.20249888  1.00250001] fsize=[0.59277781 0.55       0.21816668] shifted_fpos=[ 5.59498622 -2.15249888  1.00250001] lower=[ 5.34498622 -2.35249888  0.74341667] upper=[ 5.84498622 -1.95249888  1.26158334] inside=False
[obj_inside_of] obj=obj obj_pos=[ 5.4406676  -1.6796392   0.97875476] fixture_pos=[ 5.59498622 -2.20249888  1.00250001] fsize=[0.59277781 0.55       0.21816668] shifted_fpos=[ 5.59498622 -2.15249888  1.00250001] lower=[ 5.34498622 -2.35249888  0.74341667] upper=[ 5.84498622 -1.95249888  1.26158334] inside=False
[obj_inside_of] obj=obj obj_pos=[ 5.440805   -1.6794665   0.97874945] fixture_pos=[ 5.59498622 -2.20249888  1.00250001] fsize=[0.59277781 0.55       0.21816668] shifted_fpos=[ 5.59498622 -2.15249888  1.00250001] lower=[ 5.34498622 -2.35249888  0.74341667] upper=[ 5.84498622 -1.95249888  1.26158334] inside=False
[perceive] 21 objects from ['base_camera', 'wrist_camera']: ['floor_room_0', 'island_island_group_0', 'stack_1_right_group_2_0', 'dishwasher_right_group_0', 'pear', 'object', 'inner_box', 'stack_4_main_group_base_0', 'counter_1_right_group_0', 'broccoli']...
[obj_inside_of] obj=obj obj_pos=[ 5.4406333 -1.6796885  0.9787554] fixture_pos=[ 5.59498622 -2.20249888  1.00250001] fsize=[0.59277781 0.55       0.21816668] shifted_fpos=[ 5.59498622 -2.15249888  1.00250001] lower=[ 5.34498622 -2.35249888  0.74341667] upper=[ 5.84498622 -1.95249888  1.26158334] inside=False
[obj_inside_of] obj=obj obj_pos=[ 5.4406333 -1.6796885  0.9787554] fixture_pos=[ 5.59498622 -2.20249888  1.00250001] fsize=[0.59277781 0.55       0.21816668] shifted_fpos=[ 5.59498622 -2.15249888  1.00250001] lower=[ 5.34498622 -2.35249888  0.74341667] upper=[ 5.84498622 -1.95249888  1.26158334] inside=False
[obj_inside_of] obj=obj obj_pos=[ 5.4406157 -1.6797336  0.9787527] fixture_pos=[ 5.59498622 -2.20249888  1.00250001] fsize=[0.59277781 0.55       0.21816668] shifted_fpos=[ 5.59498622 -2.15249888  1.00250001] lower=[ 5.34498622 -2.35249888  0.74341667] upper=[ 5.84498622 -1.95249888  1.26158334] inside=False
[obj_inside_of] obj=obj obj_pos=[ 2.7156703  -2.0488393   0.97813183] fixture_pos=[ 3.20003984 -2.295       0.93811765] fsize=[0.64705881 0.55       0.15108823] shifted_fpos=[ 3.20003984 -2.245       0.93811765] lower=[ 2.95003984 -2.445       0.71257353] upper=[ 3.45003984 -2.045       1.16366176] inside=False
[obj_inside_of] obj=obj obj_pos=[ 2.7156703 -2.0488393  0.9634173] fixture_pos=[ 3.20003984 -2.295       0.93811765] fsize=[0.64705881 0.55       0.15108823] shifted_fpos=[ 3.20003984 -2.245       0.93811765] lower=[ 2.95003984 -2.445       0.71257353] upper=[ 3.45003984 -2.045       1.16366176] inside=False
[obj_inside_of] obj=obj obj_pos=[ 2.711746   -2.047584    0.94184554] fixture_pos=[ 3.20003984 -2.295       0.93811765] fsize=[0.64705881 0.55       0.15108823] shifted_fpos=[ 3.20003984 -2.245       0.93811765] lower=[ 2.95003984 -2.445       0.71257353] upper=[ 3.45003984 -2.045       1.16366176] inside=False
[obj_inside_of] obj=obj obj_pos=[ 2.7156703  -2.0488393   0.97813183] fixture_pos=[ 3.20003984 -2.295       0.93811765] fsize=[0.64705881 0.55       0.15108823] shifted_fpos=[ 3.20003984 -2.245       0.93811765] lower=[ 2.95003984 -2.445       0.71257353] upper=[ 3.45003984 -2.045       1.16366176] inside=False
[obj_inside_of] obj=obj obj_pos=[ 2.7156703 -2.0488393  0.9634173] fixture_pos=[ 3.20003984 -2.295       0.93811765] fsize=[0.64705881 0.55       0.15108823] shifted_fpos=[ 3.20003984 -2.245       0.93811765] lower=[ 2.95003984 -2.445       0.71257353] upper=[ 3.45003984 -2.045       1.16366176] inside=False
[obj_inside_of] obj=obj obj_pos=[ 2.711746   -2.047584    0.94184554] fixture_pos=[ 3.20003984 -2.295       0.93811765] fsize=[0.64705881 0.55       0.15108823] shifted_fpos=[ 3.20003984 -2.245       0.93811765] lower=[ 2.95003984 -2.445       0.71257353] upper=[ 3.45003984 -2.045       1.16366176] inside=False
[obj_inside_of] obj=obj obj_pos=[ 2.7071345  -2.046029    0.93703264] fixture_pos=[ 3.20003984 -2.295       0.93811765] fsize=[0.64705881 0.55       0.15108823] shifted_fpos=[ 3.20003984 -2.245       0.93811765] lower=[ 2.95003984 -2.445       0.71257353] upper=[ 3.45003984 -2.045       1.16366176] inside=False
[obj_inside_of] obj=obj obj_pos=[ 2.7075922  -2.0451744   0.93656623] fixture_pos=[ 3.20003984 -2.295       0.93811765] fsize=[0.64705881 0.55       0.15108823] shifted_fpos=[ 3.20003984 -2.245       0.93811765] lower=[ 2.95003984 -2.445       0.71257353] upper=[ 3.45003984 -2.045       1.16366176] inside=False
[perceive] 25 objects from ['base_camera', 'wrist_camera']: ['island_panel_cab_right_island_group_1_0', 'inner_box', 'eggplant', 'banana', 'oven_left_group_0', 'oven_housing_left_group_0', 'hingerightdoor', 'object', 'island_stack_1_island_group_2_0', 'knife']...
[obj_inside_of] obj=obj obj_pos=[ 2.707781  -2.0444     0.9364541] fixture_pos=[ 3.20003984 -2.295       0.93811765] fsize=[0.64705881 0.55       0.15108823] shifted_fpos=[ 3.20003984 -2.245       0.93811765] lower=[ 2.95003984 -2.445       0.71257353] upper=[ 3.45003984 -2.045       1.16366176] inside=False
[obj_inside_of] obj=obj obj_pos=[ 2.707781  -2.0444     0.9364541] fixture_pos=[ 3.20003984 -2.295       0.93811765] fsize=[0.64705881 0.55       0.15108823] shifted_fpos=[ 3.20003984 -2.245       0.93811765] lower=[ 2.95003984 -2.445       0.71257353] upper=[ 3.45003984 -2.045       1.16366176] inside=False
[obj_inside_of] obj=obj obj_pos=[ 2.707839   -2.0441895   0.93642306] fixture_pos=[ 3.20003984 -2.295       0.93811765] fsize=[0.64705881 0.55       0.15108823] shifted_fpos=[ 3.20003984 -2.245       0.93811765] lower=[ 2.95003984 -2.445       0.71257353] upper=[ 3.45003984 -2.045       1.16366176] inside=False
[obj_inside_of] obj=obj obj_pos=[ 1.3118124  -0.4354099   0.98255587] fixture_pos=[ 1.69       -0.3         1.00250001] fsize=[0.59277781 0.55       0.21816668] shifted_fpos=[ 1.69       -0.25        1.00250001] lower=[ 1.44       -0.45        0.74341667] upper=[ 1.94       -0.05        1.26158334] inside=False
[obj_inside_of] obj=obj obj_pos=[ 1.3118124  -0.4354099   0.96784127] fixture_pos=[ 1.69       -0.3         1.00250001] fsize=[0.59277781 0.55       0.21816668] shifted_fpos=[ 1.69       -0.25        1.00250001] lower=[ 1.44       -0.45        0.74341667] upper=[ 1.94       -0.05        1.26158334] inside=False
[obj_inside_of] obj=obj obj_pos=[ 1.3117218  -0.43550023  0.95314586] fixture_pos=[ 1.69       -0.3         1.00250001] fsize=[0.59277781 0.55       0.21816668] shifted_fpos=[ 1.69       -0.25        1.00250001] lower=[ 1.44       -0.45        0.74341667] upper=[ 1.94       -0.05        1.26158334] inside=False
[obj_inside_of] obj=obj obj_pos=[ 1.3118124  -0.4354099   0.98255587] fixture_pos=[ 1.69       -0.3         1.00250001] fsize=[0.59277781 0.55       0.21816668] shifted_fpos=[ 1.69       -0.25        1.00250001] lower=[ 1.44       -0.45        0.74341667] upper=[ 1.94       -0.05        1.26158334] inside=False
[obj_inside_of] obj=obj obj_pos=[ 1.3118124  -0.4354099   0.96784127] fixture_pos=[ 1.69       -0.3         1.00250001] fsize=[0.59277781 0.55       0.21816668] shifted_fpos=[ 1.69       -0.25        1.00250001] lower=[ 1.44       -0.45        0.74341667] upper=[ 1.94       -0.05        1.26158334] inside=False
[obj_inside_of] obj=obj obj_pos=[ 1.3117218  -0.43550023  0.95314586] fixture_pos=[ 1.69       -0.3         1.00250001] fsize=[0.59277781 0.55       0.21816668] shifted_fpos=[ 1.69       -0.25        1.00250001] lower=[ 1.44       -0.45        0.74341667] upper=[ 1.94       -0.05        1.26158334] inside=False
[obj_inside_of] obj=obj obj_pos=[ 1.3117232  -0.43550074  0.9531464 ] fixture_pos=[ 1.69       -0.3         1.00250001] fsize=[0.59277781 0.55       0.21816668] shifted_fpos=[ 1.69       -0.25        1.00250001] lower=[ 1.44       -0.45        0.74341667] upper=[ 1.94       -0.05        1.26158334] inside=False
[obj_inside_of] obj=obj obj_pos=[ 1.3117232  -0.43550077  0.95314634] fixture_pos=[ 1.69       -0.3         1.00250001] fsize=[0.59277781 0.55       0.21816668] shifted_fpos=[ 1.69       -0.25        1.00250001] lower=[ 1.44       -0.45        0.74341667] upper=[ 1.94       -0.05        1.26158334] inside=False
[perceive] 21 objects from ['base_camera', 'wrist_camera']: ['floor_room_0', 'hingeleftdoor', 'stack_2_main_group_2_0', 'inner_box', 'hingerightdoor', 'counter_1_left_group_0', 'counter_corner_left_group_0', 'bell_pepper', 'object', 'dishwasher_main_group_0']...
[obj_inside_of] obj=obj obj_pos=[ 1.3117231 -0.4355008  0.9531463] fixture_pos=[ 1.69       -0.3         1.00250001] fsize=[0.59277781 0.55       0.21816668] shifted_fpos=[ 1.69       -0.25        1.00250001] lower=[ 1.44       -0.45        0.74341667] upper=[ 1.94       -0.05        1.26158334] inside=False
[obj_inside_of] obj=obj obj_pos=[ 1.3117231 -0.4355008  0.9531463] fixture_pos=[ 1.69       -0.3         1.00250001] fsize=[0.59277781 0.55       0.21816668] shifted_fpos=[ 1.69       -0.25        1.00250001] lower=[ 1.44       -0.45        0.74341667] upper=[ 1.94       -0.05        1.26158334] inside=False
[obj_inside_of] obj=obj obj_pos=[ 1.3117229  -0.4355008   0.95314634] fixture_pos=[ 1.69       -0.3         1.00250001] fsize=[0.59277781 0.55       0.21816668] shifted_fpos=[ 1.69       -0.25        1.00250001] lower=[ 1.44       -0.45        0.74341667] upper=[ 1.94       -0.05        1.26158334] inside=False
[obj_inside_of] obj=obj obj_pos=[ 1.3117229  -0.43550077  0.9531464 ] fixture_pos=[ 1.69       -0.3         1.00250001] fsize=[0.59277781 0.55       0.21816668] shifted_fpos=[ 1.69       -0.25        1.00250001] lower=[ 1.44       -0.45        0.74341667] upper=[ 1.94       -0.05        1.26158334] inside=False
[obj_inside_of] obj=obj obj_pos=[ 1.3117229  -0.43550077  0.9531464 ] fixture_pos=[ 1.69       -0.3         1.00250001] fsize=[0.59277781 0.55       0.21816668] shifted_fpos=[ 1.69       -0.25        1.00250001] lower=[ 1.44       -0.45        0.74341667] upper=[ 1.94       -0.05        1.26158334] inside=False
[obj_inside_of] obj=obj obj_pos=[ 1.311723   -0.4355008   0.95314634] fixture_pos=[ 1.69       -0.3         1.00250001] fsize=[0.59277781 0.55       0.21816668] shifted_fpos=[ 1.69       -0.25        1.00250001] lower=[ 1.44       -0.45        0.74341667] upper=[ 1.94       -0.05        1.26158334] inside=False
