Unknown attribute "D" in /robot[@name='tidyverse']/joint[@name='panda_joint1']/dynamics
Unknown attribute "K" in /robot[@name='tidyverse']/joint[@name='panda_joint1']/dynamics
Unknown attribute "mu_coulomb" in /robot[@name='tidyverse']/joint[@name='panda_joint1']/dynamics
Unknown attribute "mu_viscous" in /robot[@name='tidyverse']/joint[@name='panda_joint1']/dynamics
Unknown attribute "D" in /robot[@name='tidyverse']/joint[@name='panda_joint2']/dynamics
Unknown attribute "K" in /robot[@name='tidyverse']/joint[@name='panda_joint2']/dynamics
Unknown attribute "mu_coulomb" in /robot[@name='tidyverse']/joint[@name='panda_joint2']/dynamics
Unknown attribute "mu_viscous" in /robot[@name='tidyverse']/joint[@name='panda_joint2']/dynamics
Unknown attribute "D" in /robot[@name='tidyverse']/joint[@name='panda_joint3']/dynamics
Unknown attribute "K" in /robot[@name='tidyverse']/joint[@name='panda_joint3']/dynamics
Unknown attribute "mu_coulomb" in /robot[@name='tidyverse']/joint[@name='panda_joint3']/dynamics
Unknown attribute "mu_viscous" in /robot[@name='tidyverse']/joint[@name='panda_joint3']/dynamics
Unknown attribute "D" in /robot[@name='tidyverse']/joint[@name='panda_joint4']/dynamics
Unknown attribute "K" in /robot[@name='tidyverse']/joint[@name='panda_joint4']/dynamics
Unknown attribute "mu_coulomb" in /robot[@name='tidyverse']/joint[@name='panda_joint4']/dynamics
Unknown attribute "mu_viscous" in /robot[@name='tidyverse']/joint[@name='panda_joint4']/dynamics
Unknown attribute "D" in /robot[@name='tidyverse']/joint[@name='panda_joint5']/dynamics
Unknown attribute "K" in /robot[@name='tidyverse']/joint[@name='panda_joint5']/dynamics
Unknown attribute "mu_coulomb" in /robot[@name='tidyverse']/joint[@name='panda_joint5']/dynamics
Unknown attribute "mu_viscous" in /robot[@name='tidyverse']/joint[@name='panda_joint5']/dynamics
Unknown attribute "D" in /robot[@name='tidyverse']/joint[@name='panda_joint6']/dynamics
Unknown attribute "K" in /robot[@name='tidyverse']/joint[@name='panda_joint6']/dynamics
Unknown attribute "mu_coulomb" in /robot[@name='tidyverse']/joint[@name='panda_joint6']/dynamics
Unknown attribute "mu_viscous" in /robot[@name='tidyverse']/joint[@name='panda_joint6']/dynamics
Unknown attribute "D" in /robot[@name='tidyverse']/joint[@name='panda_joint7']/dynamics
Unknown attribute "K" in /robot[@name='tidyverse']/joint[@name='panda_joint7']/dynamics
Unknown attribute "mu_coulomb" in /robot[@name='tidyverse']/joint[@name='panda_joint7']/dynamics
Unknown attribute "mu_viscous" in /robot[@name='tidyverse']/joint[@name='panda_joint7']/dynamics
[33;1m2026-09-28 00:19:54,002 - mani_skill  - WARNING - tidyverse is not in the task's list of supported robots. Code may not run as intended[0m
[franka-bridge] IK solver loaded from /home/truares/文档/maniskill-tidyverse/arm_franka_maniskill_service/franka_server/tidyverse_arm_only.urdf
[maniskill] Creating env: task=RoboCasa-Pn-P-Counter-To-Sink-v0, control_mode=whole_body, obs_mode=rgb+depth+segmentation, num_envs=1
Could not place objects. Trying again with new objects
Could not place objects. Trying again with new objects
[obj_inside_of] obj=obj obj_pos=[ 3.9280279 -1.8760474  1.0890545] fixture_pos=[ 4.09999816 -1.1997989   0.96125   ] fsize=[0.91666663 0.55       0.24749999] shifted_fpos=[ 4.09999816 -1.1497989   0.96125   ] lower=[ 3.84999816 -1.3497989   0.68750001] upper=[ 4.34999816 -0.9497989   1.23499999] inside=False
[obj_inside_of] obj=obj obj_pos=[ 0.5072005 -2.75566    1.0069567] fixture_pos=[ 0.29999284 -2.1999989   0.96125   ] fsize=[0.91666663 0.55       0.24749999] shifted_fpos=[ 0.29999284 -2.1499989   0.96125   ] lower=[ 0.04999284 -2.3499989   0.68750001] upper=[ 0.54999284 -1.9499989   1.23499999] inside=False
[maniskill] Env reset with seed=0 (reconfigure=True)
[maniskill] Simulation device: cpu
[viz-debug] all robot links:
  root: pos=(1.400,-2.200,0.000) q=(-0.000,0.000,0.000,1.000)
  base_x_link: pos=(1.400,-2.200,0.000) q=(-0.000,0.000,0.000,1.000)
  base_y_link: pos=(1.400,-2.200,0.000) q=(-0.000,0.000,0.000,1.000)
  base_link: pos=(1.400,-2.200,0.000) q=(-0.000,0.000,0.000,1.000)
  panda_link0: pos=(1.400,-2.200,0.472) q=(-0.000,0.000,0.000,1.000)
  panda_link1: pos=(1.400,-2.200,0.805) q=(-0.000,0.000,0.000,1.000)
  panda_link2: pos=(1.400,-2.200,0.805) q=(0.270,0.270,-0.653,0.653)
  panda_link3: pos=(1.623,-2.200,1.029) q=(-0.000,0.382,0.000,0.924)
  panda_link4: pos=(1.565,-2.200,1.087) q=(0.500,-0.500,0.500,0.500)
  panda_link5: pos=(1.181,-2.200,1.170) q=(-0.000,-0.707,-0.000,0.707)
  panda_link6: pos=(1.181,-2.200,1.170) q=(-0.120,0.120,0.697,0.697)
  panda_link7: pos=(1.098,-2.200,1.199) q=(-0.157,0.377,0.910,-0.065)
  panda_link8: pos=(1.062,-2.200,1.098) q=(-0.157,0.377,0.910,-0.065)
  robotiq_arg2f_base_link: pos=(1.062,-2.200,1.098) q=(-0.157,0.377,0.910,-0.065)
  eef: pos=(1.014,-2.200,0.962) q=(-0.157,0.377,0.910,-0.065)
  left_outer_knuckle: pos=(1.023,-2.222,1.054) q=(0.065,0.910,-0.377,-0.157)
  left_inner_knuckle: pos=(1.033,-2.209,1.043) q=(0.065,0.910,-0.377,-0.157)
  right_outer_knuckle: pos=(1.064,-2.178,1.039) q=(-0.157,0.377,0.910,-0.065)
  right_inner_knuckle: pos=(1.050,-2.191,1.037) q=(-0.157,0.377,0.910,-0.065)
  left_outer_finger: pos=(1.004,-2.244,1.065) q=(0.065,0.910,-0.377,-0.157)
  right_outer_finger: pos=(1.086,-2.156,1.036) q=(-0.157,0.377,0.910,-0.065)
  left_inner_finger: pos=(0.984,-2.248,1.022) q=(0.065,0.910,-0.377,-0.157)
  right_inner_finger: pos=(1.075,-2.152,0.990) q=(-0.157,0.377,0.910,-0.065)
  left_inner_finger_pad: pos=(0.988,-2.233,0.986) q=(0.065,0.910,-0.377,-0.157)
  right_inner_finger_pad: pos=(1.049,-2.167,0.965) q=(-0.157,0.377,0.910,-0.065)
[viz] cuRobo OBB visualization created (0.734m x 0.524m, red transparent)
[planner] base_link home: pos=[1.3999928, -2.1999948, 0.0] q=[-1.8366026e-06, 0.0, 0.0, 1.0]
[planner] Creating SapienPlanningWorld...

  Planning world contents (ACM mode=strict):
    Robot links (25): ['scene-0-tidyverse_root', 'scene-0-tidyverse_base_x_link', 'scene-0-tidyverse_base_y_link', 'scene-0-tidyverse_base_link', 'scene-0-tidyverse_panda_link0']...
    Articulations (24):
      [PENDING] scene-0_stack_3_left_group_3_0_141 (3 links)
      [PENDING] scene-0_stack_3_left_group_2_0_138 (3 links)
      [PENDING] scene-0_top_left_group_0_119 (4 links)
      [PENDING] scene-0_bottom_left_group_1_0_107 (3 links)
      [PENDING] scene-0_sink_left_group_0_98 (5 links)
      [ROBOT] scene-0_tidyverse_1
      [PENDING] scene-0_cab_1_left_group_0_89 (3 links)
      [PENDING] scene-0_stovetop_main_group_0_36 (8 links)
      [PENDING] scene-0_cab_2_left_group_0_93 (3 links)
      [PENDING] scene-0_stack_1_main_group_1_0_48 (3 links)
      [PENDING] scene-0_stack_2_left_group_1_0_128 (4 links)
      [PENDING] scene-0_stack_1_main_group_3_0_54 (3 links)
      [PENDING] scene-0_stack_1_main_group_4_0_57 (3 links)
      [PENDING] scene-0_stack_2_main_group_1_0_61 (4 links)
      [PENDING] scene-0_stack_3_left_group_1_0_134 (4 links)
      [PENDING] scene-0_stack_1_main_group_2_0_51 (3 links)
      [PENDING] scene-0_stack_3_main_group_1_0_67 (4 links)
      [PENDING] scene-0_cab_main_main_group_0_78 (4 links)
      [PENDING] scene-0_microwave_left_group_0_115 (3 links)
      [PENDING] scene-0_stack_3_main_group_2_0_71 (3 links)
      [PENDING] scene-0_fridge_cab_main_group_0_83 (4 links)
      [PENDING] scene-0_stack_1_left_group_0_123 (3 links)
      [PENDING] scene-0_bottom_left_group_2_0_110 (3 links)
      [PENDING] scene-0_stack_3_main_group_3_0_74 (3 links)
    Static objects (94 total):
      Targets (always checked): 0
      Collision-checked (near, <1.5m): 94
        - fixture_box_stool_3_stool_group  dist=-1.00m
        - fixture_box_stool_2_stool_group  dist=-1.00m
        - fixture_box_stool_1_stool_group  dist=-1.00m
        - fixture_box_knife_block_left_group  dist=-1.00m
        - fixture_box_paper_towel_left_group  dist=-1.00m
        - fixture_box_coffee_machine_left_group  dist=-1.00m
        - fixture_box_stack_3_left_group_3  dist=-1.00m
        - fixture_box_stack_3_left_group_2  dist=-1.00m
        - fixture_box_stack_3_left_group_1  dist=-1.00m
        - fixture_box_stack_3_left_group_base  dist=-1.00m
        - fixture_box_stack_2_left_group_2  dist=-1.00m
        - fixture_box_stack_2_left_group_1  dist=-1.00m
        - fixture_box_micro_housing_left_group  dist=-1.00m
        - fixture_box_microwave_left_group  dist=-1.00m
        - fixture_box_oven_left_group  dist=-1.00m
        - fixture_box_bottom_left_group_1  dist=-1.00m
        - fixture_box_bottom_left_group_base  dist=-1.00m
        - fixture_box_stack_2_left_group_base  dist=-1.00m
        - fixture_box_counter_corner_left_group  dist=-1.00m
        - fixture_box_sink_left_group  dist=-1.00m
        - fixture_box_cab_corner_4_left_group  dist=-1.00m
        - fixture_box_cab_corner_3_left_group  dist=-1.00m
        - fixture_box_cab_2_left_group  dist=-1.00m
        - fixture_box_window_group_left_group  dist=-1.00m
        - fixture_box_oven_housing_left_group  dist=-1.00m
        - fixture_box_utensil_holder_main_group  dist=-1.00m
        - fixture_box_toaster_main_group  dist=-1.00m
        - scene-0_dishwasher_left_group_0_126  dist=-1.00m
        - fixture_box_fridge_main_group  dist=-1.00m
        - scene-0_bottom_left_group_base_0_106  dist=-1.00m
        - fixture_box_stack_1_main_group_base  dist=-1.00m
        - fixture_box_cab_1_left_group  dist=-1.00m
        - scene-0_counter_corner_left_group_0_104  dist=-1.00m
        - scene-0_window_group_left_group_0_92  dist=-1.00m
        - fixture_box_counter_1_left_left_group  dist=-1.00m
        - scene-0_utensil_holder_main_group_0_88  dist=-1.00m
        - scene-0_shelves_main_group_0_82  dist=-1.00m
        - scene-0_cab_corner_4_left_group_0_97  dist=-1.00m
        - scene-0_stack_2_left_group_base_0_127  dist=-1.00m
        - fixture_box_stack_1_main_group_4  dist=-1.00m
        - scene-0_floor_room_0_32  dist=-1.00m
        - scene-0_island_left_group_0_105  dist=-1.00m
        - scene-0_stool_3_stool_group_0_150  dist=-1.00m
        - scene-0_distr_counter_0_152  dist=-1.00m
        - scene-0_stack_2_left_group_2_0_132  dist=-1.00m
        - fixture_box_dishwasher_left_group  dist=-1.00m
        - fixture_box_bottom_left_group_2  dist=-1.00m
        - scene-0_hood_main_group_0_77  dist=-1.00m
        - scene-0_wall_room_0_26  dist=-1.00m
        - fixture_box_plant_left_group  dist=-1.00m
        - fixture_box_stack_1_left_group  dist=-1.00m
        - scene-0_wall_left_room_0_27  dist=-1.00m
        - scene-0_counter_corner_main_main_group_0_34  dist=-1.00m
        - scene-0_distr_sink_0_153  dist=-1.00m
        - fixture_box_counter_1_right_main_group  dist=-1.00m
        - scene-0_counter_1_right_main_group_0_44  dist=-1.00m
        - fixture_box_stack_1_main_group_2  dist=-1.00m
        - scene-0_stack_2_main_group_2_0_65  dist=-1.00m
        - scene-0_toaster_main_group_0_87  dist=-1.00m
        - scene-0_stack_1_main_group_base_0_47  dist=-1.00m
        - scene-0_oven_left_group_0_113  dist=-1.00m
        - scene-0_coffee_machine_left_group_0_144  dist=-1.00m
        - scene-0_cab_corner_3_left_group_0_96  dist=-1.00m
        - fixture_box_fridge_cab_main_group  dist=-1.00m
        - scene-0_stack_2_main_group_base_0_60  dist=-1.00m
        - scene-0_obj_0_151  dist=-1.00m
        - fixture_box_hood_main_group  dist=-1.00m
        - scene-0_stack_3_left_group_base_0_133  dist=-1.00m
        - scene-0_paper_towel_left_group_0_145  dist=-1.00m
        - scene-0_knife_block_left_group_0_146  dist=-1.00m
        - scene-0_stool_2_stool_group_0_149  dist=-1.00m
        - fixture_box_stack_2_main_group_1  dist=-1.00m
        - scene-0_plant_left_group_0_147  dist=-1.00m
        - scene-0_counter_main_main_group_0_35  dist=-1.00m
        - scene-0_stool_1_stool_group_0_148  dist=-1.00m
        - fixture_box_top_left_group  dist=-1.00m
        - fixture_box_counter_corner_main_main_group  dist=-1.00m
        - fixture_box_island_left_group  dist=-1.00m
        - scene-0_counter_1_left_left_group_0_103  dist=-1.00m
        - fixture_box_counter_main_main_group  dist=-1.00m
        - fixture_box_stovetop_main_group  dist=-1.00m
        - fixture_box_stack_2_main_group_2  dist=-1.00m
        - fixture_box_stack_1_main_group_3  dist=-1.00m
        - fixture_box_stack_2_main_group_base  dist=-1.00m
        - scene-0_fridge_main_group_0_45  dist=-1.00m
        - fixture_box_fridge_housing_main_group  dist=-1.00m
        - fixture_box_stack_3_main_group_base  dist=-1.00m
        - fixture_box_stack_3_main_group_2  dist=-1.00m
        - fixture_box_stack_1_main_group_1  dist=-1.00m
        - fixture_box_stack_3_main_group_1  dist=-1.00m
        - fixture_box_stack_3_main_group_3  dist=-1.00m
        - fixture_box_cab_main_main_group  dist=-1.00m
        - scene-0_stack_3_main_group_base_0_66  dist=-1.00m
        - fixture_box_shelves_main_group  dist=-1.00m
      ACM-relaxed (far): 0

  No initial collisions.
[planner] Added 57 fixture boxes (cached 57 cuboids for cuRobo)
[planner] mplib ready
[curobo] Using in-process planner (set CUROBO_SERVICE_URL to switch)
[curobo] Loading franka_mobile config...
Warp DeprecationWarning: The symbol `warp.torch.device_from_torch` will soon be removed from the public API. Use `warp.device_from_torch` instead.
[curobo] Warming up CUDA kernels...
[curobo] Loading arm-only config (base joints locked)...
[curobo] Ready (15.6s, whole_body + arm_only)
[curobo] Updated collision world: 54 cuboids (skipped 0 overlap, 3 far)
[curobo] Loaded 57 cuboids (transformed world→local)
[curobo] Collision world for target: 54 cuboids (excl 0 at target, 0 overlap, 3 far)
[curobo] Plan OK (2.71s, whole_body): 31 waypoints
[planner] dummy plan JIT warmup done (2.7s)
[maniskill] Environment ready (1 env(s))
[franka-bridge] State PUB on 6356, CMD REP on 6355, Stream SUB on 6357
[gripper-bridge] State PUB on 6371, CMD REP on 6370
[base-bridge] Using world-frame poses (no local conversion)
[maniskill] Started 3 bridge(s)
[base-bridge] RPC server listening on port 50800 (env 0)
[maniskill] HTTP API on port 6300 (env 0: /task/success, /task/info, /plan, /perceive, /reset)
[maniskill] Entering physics loop (1 env(s), Ctrl+C to stop)
[obj_inside_of] obj=obj obj_pos=[ 0.5072005 -2.75566    0.9922421] fixture_pos=[ 0.29999284 -2.1999989   0.96125   ] fsize=[0.91666663 0.55       0.24749999] shifted_fpos=[ 0.29999284 -2.1499989   0.96125   ] lower=[ 0.04999284 -2.3499989   0.68750001] upper=[ 0.54999284 -1.9499989   1.23499999] inside=False
[viz-debug] base_link.pose=(1.400,-2.200) q=(-0.000,-0.000,0.000,1.000) qpos[0:3]=(0.000,0.000,0.000)
[obj_inside_of] obj=obj obj_pos=[ 0.507529  -2.7553966  0.9647855] fixture_pos=[ 0.29999284 -2.1999989   0.96125   ] fsize=[0.91666663 0.55       0.24749999] shifted_fpos=[ 0.29999284 -2.1499989   0.96125   ] lower=[ 0.04999284 -2.3499989   0.68750001] upper=[ 0.54999284 -1.9499989   1.23499999] inside=False
[obj_inside_of] obj=obj obj_pos=[ 0.5072301 -2.7556841  0.9647163] fixture_pos=[ 0.29999284 -2.1999989   0.96125   ] fsize=[0.91666663 0.55       0.24749999] shifted_fpos=[ 0.29999284 -2.1499989   0.96125   ] lower=[ 0.04999284 -2.3499989   0.68750001] upper=[ 0.54999284 -1.9499989   1.23499999] inside=False
[obj_inside_of] obj=obj obj_pos=[ 0.5073308 -2.755629   0.9647054] fixture_pos=[ 0.29999284 -2.1999989   0.96125   ] fsize=[0.91666663 0.55       0.24749999] shifted_fpos=[ 0.29999284 -2.1499989   0.96125   ] lower=[ 0.04999284 -2.3499989   0.68750001] upper=[ 0.54999284 -1.9499989   1.23499999] inside=False
[obj_inside_of] obj=obj obj_pos=[ 0.5073328 -2.7556305  0.9647035] fixture_pos=[ 0.29999284 -2.1999989   0.96125   ] fsize=[0.91666663 0.55       0.24749999] shifted_fpos=[ 0.29999284 -2.1499989   0.96125   ] lower=[ 0.04999284 -2.3499989   0.68750001] upper=[ 0.54999284 -1.9499989   1.23499999] inside=False
[obj_inside_of] obj=obj obj_pos=[ 0.50733274 -2.7556305   0.96470356] fixture_pos=[ 0.29999284 -2.1999989   0.96125   ] fsize=[0.91666663 0.55       0.24749999] shifted_fpos=[ 0.29999284 -2.1499989   0.96125   ] lower=[ 0.04999284 -2.3499989   0.68750001] upper=[ 0.54999284 -1.9499989   1.23499999] inside=False
[obj_inside_of] obj=obj obj_pos=[ 0.5073327  -2.7556307   0.96470356] fixture_pos=[ 0.29999284 -2.1999989   0.96125   ] fsize=[0.91666663 0.55       0.24749999] shifted_fpos=[ 0.29999284 -2.1499989   0.96125   ] lower=[ 0.04999284 -2.3499989   0.68750001] upper=[ 0.54999284 -1.9499989   1.23499999] inside=False
[obj_inside_of] obj=obj obj_pos=[ 0.50733286 -2.7556305   0.96470356] fixture_pos=[ 0.29999284 -2.1999989   0.96125   ] fsize=[0.91666663 0.55       0.24749999] shifted_fpos=[ 0.29999284 -2.1499989   0.96125   ] lower=[ 0.04999284 -2.3499989   0.68750001] upper=[ 0.54999284 -1.9499989   1.23499999] inside=False
[obj_inside_of] obj=obj obj_pos=[ 0.50733256 -2.7556307   0.9647036 ] fixture_pos=[ 0.29999284 -2.1999989   0.96125   ] fsize=[0.91666663 0.55       0.24749999] shifted_fpos=[ 0.29999284 -2.1499989   0.96125   ] lower=[ 0.04999284 -2.3499989   0.68750001] upper=[ 0.54999284 -1.9499989   1.23499999] inside=False
[obj_inside_of] obj=obj obj_pos=[ 0.50733256 -2.7556307   0.9647036 ] fixture_pos=[ 0.29999284 -2.1999989   0.96125   ] fsize=[0.91666663 0.55       0.24749999] shifted_fpos=[ 0.29999284 -2.1499989   0.96125   ] lower=[ 0.04999284 -2.3499989   0.68750001] upper=[ 0.54999284 -1.9499989   1.23499999] inside=False
[obj_inside_of] obj=obj obj_pos=[ 0.50733256 -2.7556307   0.9647036 ] fixture_pos=[ 0.29999284 -2.1999989   0.96125   ] fsize=[0.91666663 0.55       0.24749999] shifted_fpos=[ 0.29999284 -2.1499989   0.96125   ] lower=[ 0.04999284 -2.3499989   0.68750001] upper=[ 0.54999284 -1.9499989   1.23499999] inside=False
[obj_inside_of] obj=obj obj_pos=[ 0.50733256 -2.7556307   0.9647036 ] fixture_pos=[ 0.29999284 -2.1999989   0.96125   ] fsize=[0.91666663 0.55       0.24749999] shifted_fpos=[ 0.29999284 -2.1499989   0.96125   ] lower=[ 0.04999284 -2.3499989   0.68750001] upper=[ 0.54999284 -1.9499989   1.23499999] inside=False
[obj_inside_of] obj=obj obj_pos=[ 0.50733256 -2.7556307   0.9647036 ] fixture_pos=[ 0.29999284 -2.1999989   0.96125   ] fsize=[0.91666663 0.55       0.24749999] shifted_fpos=[ 0.29999284 -2.1499989   0.96125   ] lower=[ 0.04999284 -2.3499989   0.68750001] upper=[ 0.54999284 -1.9499989   1.23499999] inside=False
[obj_inside_of] obj=obj obj_pos=[ 0.50733256 -2.7556307   0.9647036 ] fixture_pos=[ 0.29999284 -2.1999989   0.96125   ] fsize=[0.91666663 0.55       0.24749999] shifted_fpos=[ 0.29999284 -2.1499989   0.96125   ] lower=[ 0.04999284 -2.3499989   0.68750001] upper=[ 0.54999284 -1.9499989   1.23499999] inside=False
[obj_inside_of] obj=obj obj_pos=[ 0.50733256 -2.7556307   0.9647036 ] fixture_pos=[ 0.29999284 -2.1999989   0.96125   ] fsize=[0.91666663 0.55       0.24749999] shifted_fpos=[ 0.29999284 -2.1499989   0.96125   ] lower=[ 0.04999284 -2.3499989   0.68750001] upper=[ 0.54999284 -1.9499989   1.23499999] inside=False
[obj_inside_of] obj=obj obj_pos=[ 0.50733256 -2.7556307   0.9647036 ] fixture_pos=[ 0.29999284 -2.1999989   0.96125   ] fsize=[0.91666663 0.55       0.24749999] shifted_fpos=[ 0.29999284 -2.1499989   0.96125   ] lower=[ 0.04999284 -2.3499989   0.68750001] upper=[ 0.54999284 -1.9499989   1.23499999] inside=False
[obj_inside_of] obj=obj obj_pos=[ 0.50733256 -2.7556307   0.9647036 ] fixture_pos=[ 0.29999284 -2.1999989   0.96125   ] fsize=[0.91666663 0.55       0.24749999] shifted_fpos=[ 0.29999284 -2.1499989   0.96125   ] lower=[ 0.04999284 -2.3499989   0.68750001] upper=[ 0.54999284 -1.9499989   1.23499999] inside=False
[obj_inside_of] obj=obj obj_pos=[ 0.50733256 -2.7556307   0.9647036 ] fixture_pos=[ 0.29999284 -2.1999989   0.96125   ] fsize=[0.91666663 0.55       0.24749999] shifted_fpos=[ 0.29999284 -2.1499989   0.96125   ] lower=[ 0.04999284 -2.3499989   0.68750001] upper=[ 0.54999284 -1.9499989   1.23499999] inside=False
[obj_inside_of] obj=obj obj_pos=[ 3.81386   -1.8014078  1.0059942] fixture_pos=[ 4.09914677 -1.19979889  0.97534056] fsize=[0.85139319 0.55       0.21540247] shifted_fpos=[ 4.09914677 -1.14979889  0.97534056] lower=[ 3.84914677 -1.34979889  0.71763932] upper=[ 4.34914677 -0.94979889  1.23304179] inside=False
[obj_inside_of] obj=obj obj_pos=[ 3.81386   -1.8014078  0.9912789] fixture_pos=[ 4.09914677 -1.19979889  0.97534056] fsize=[0.85139319 0.55       0.21540247] shifted_fpos=[ 4.09914677 -1.14979889  0.97534056] lower=[ 3.84914677 -1.34979889  0.71763932] upper=[ 4.34914677 -0.94979889  1.23304179] inside=False
[obj_inside_of] obj=obj obj_pos=[ 3.8137684 -1.8013942  0.9700311] fixture_pos=[ 4.09914677 -1.19979889  0.97534056] fsize=[0.85139319 0.55       0.21540247] shifted_fpos=[ 4.09914677 -1.14979889  0.97534056] lower=[ 3.84914677 -1.34979889  0.71763932] upper=[ 4.34914677 -0.94979889  1.23304179] inside=False
[obj_inside_of] obj=obj obj_pos=[ 3.8137684 -1.8013942  0.9700311] fixture_pos=[ 4.09914677 -1.19979889  0.97534056] fsize=[0.85139319 0.55       0.21540247] shifted_fpos=[ 4.09914677 -1.14979889  0.97534056] lower=[ 3.84914677 -1.34979889  0.71763932] upper=[ 4.34914677 -0.94979889  1.23304179] inside=False
[obj_inside_of] obj=obj obj_pos=[ 3.8138626  -1.801398    0.97000045] fixture_pos=[ 4.09914677 -1.19979889  0.97534056] fsize=[0.85139319 0.55       0.21540247] shifted_fpos=[ 4.09914677 -1.14979889  0.97534056] lower=[ 3.84914677 -1.34979889  0.71763932] upper=[ 4.34914677 -0.94979889  1.23304179] inside=False
[obj_inside_of] obj=obj obj_pos=[ 3.813861  -1.8013978  0.9700001] fixture_pos=[ 4.09914677 -1.19979889  0.97534056] fsize=[0.85139319 0.55       0.21540247] shifted_fpos=[ 4.09914677 -1.14979889  0.97534056] lower=[ 3.84914677 -1.34979889  0.71763932] upper=[ 4.34914677 -0.94979889  1.23304179] inside=False
[perceive] 26 objects from ['base_camera', 'wrist_camera']: ['floor_room_0', 'inner_box', 'stack_1_right_group_2_0', 'counter_1_right_group_0', 'counter_main_main_group_0', 'object', 'boxed_drink', 'toaster_main_group_0', 'dishwasher_right_group_0', 'counter_corner_2_right_group_0']...
[obj_inside_of] obj=obj obj_pos=[ 3.813861  -1.8013976  0.97     ] fixture_pos=[ 4.09914677 -1.19979889  0.97534056] fsize=[0.85139319 0.55       0.21540247] shifted_fpos=[ 4.09914677 -1.14979889  0.97534056] lower=[ 3.84914677 -1.34979889  0.71763932] upper=[ 4.34914677 -0.94979889  1.23304179] inside=False
[obj_inside_of] obj=obj obj_pos=[ 3.813858  -1.8013964  0.9700002] fixture_pos=[ 4.09914677 -1.19979889  0.97534056] fsize=[0.85139319 0.55       0.21540247] shifted_fpos=[ 4.09914677 -1.14979889  0.97534056] lower=[ 3.84914677 -1.34979889  0.71763932] upper=[ 4.34914677 -0.94979889  1.23304179] inside=False
[obj_inside_of] obj=obj obj_pos=[ 3.8138583 -1.8013964  0.9700003] fixture_pos=[ 4.09914677 -1.19979889  0.97534056] fsize=[0.85139319 0.55       0.21540247] shifted_fpos=[ 4.09914677 -1.14979889  0.97534056] lower=[ 3.84914677 -1.34979889  0.71763932] upper=[ 4.34914677 -0.94979889  1.23304179] inside=False
[obj_inside_of] obj=obj obj_pos=[ 3.8138585 -1.8013964  0.9700003] fixture_pos=[ 4.09914677 -1.19979889  0.97534056] fsize=[0.85139319 0.55       0.21540247] shifted_fpos=[ 4.09914677 -1.14979889  0.97534056] lower=[ 3.84914677 -1.34979889  0.71763932] upper=[ 4.34914677 -0.94979889  1.23304179] inside=False
[obj_inside_of] obj=obj obj_pos=[ 3.8138645 -1.8013995  0.9700012] fixture_pos=[ 4.09914677 -1.19979889  0.97534056] fsize=[0.85139319 0.55       0.21540247] shifted_fpos=[ 4.09914677 -1.14979889  0.97534056] lower=[ 3.84914677 -1.34979889  0.71763932] upper=[ 4.34914677 -0.94979889  1.23304179] inside=False
[perceive] 26 objects from ['base_camera', 'wrist_camera']: ['floor_room_0', 'inner_box', 'stack_1_right_group_2_0', 'counter_1_right_group_0', 'counter_main_main_group_0', 'object', 'boxed_drink', 'toaster_main_group_0', 'dishwasher_right_group_0', 'counter_corner_2_right_group_0']...
[obj_inside_of] obj=obj obj_pos=[ 3.8138645 -1.8013995  0.9700012] fixture_pos=[ 4.09914677 -1.19979889  0.97534056] fsize=[0.85139319 0.55       0.21540247] shifted_fpos=[ 4.09914677 -1.14979889  0.97534056] lower=[ 3.84914677 -1.34979889  0.71763932] upper=[ 4.34914677 -0.94979889  1.23304179] inside=False
[obj_inside_of] obj=obj obj_pos=[ 3.8138645 -1.8013995  0.9700012] fixture_pos=[ 4.09914677 -1.19979889  0.97534056] fsize=[0.85139319 0.55       0.21540247] shifted_fpos=[ 4.09914677 -1.14979889  0.97534056] lower=[ 3.84914677 -1.34979889  0.71763932] upper=[ 4.34914677 -0.94979889  1.23304179] inside=False
[obj_inside_of] obj=obj obj_pos=[ 3.8138645 -1.8013995  0.9700012] fixture_pos=[ 4.09914677 -1.19979889  0.97534056] fsize=[0.85139319 0.55       0.21540247] shifted_fpos=[ 4.09914677 -1.14979889  0.97534056] lower=[ 3.84914677 -1.34979889  0.71763932] upper=[ 4.34914677 -0.94979889  1.23304179] inside=False
[obj_inside_of] obj=obj obj_pos=[ 3.8138645 -1.8013995  0.9700012] fixture_pos=[ 4.09914677 -1.19979889  0.97534056] fsize=[0.85139319 0.55       0.21540247] shifted_fpos=[ 4.09914677 -1.14979889  0.97534056] lower=[ 3.84914677 -1.34979889  0.71763932] upper=[ 4.34914677 -0.94979889  1.23304179] inside=False
[obj_inside_of] obj=obj obj_pos=[ 3.8138645 -1.8013995  0.9700012] fixture_pos=[ 4.09914677 -1.19979889  0.97534056] fsize=[0.85139319 0.55       0.21540247] shifted_fpos=[ 4.09914677 -1.14979889  0.97534056] lower=[ 3.84914677 -1.34979889  0.71763932] upper=[ 4.34914677 -0.94979889  1.23304179] inside=False
[obj_inside_of] obj=obj obj_pos=[ 3.8138645 -1.8013995  0.9700012] fixture_pos=[ 4.09914677 -1.19979889  0.97534056] fsize=[0.85139319 0.55       0.21540247] shifted_fpos=[ 4.09914677 -1.14979889  0.97534056] lower=[ 3.84914677 -1.34979889  0.71763932] upper=[ 4.34914677 -0.94979889  1.23304179] inside=False
[obj_inside_of] obj=obj obj_pos=[ 3.8138645 -1.8013995  0.9700012] fixture_pos=[ 4.09914677 -1.19979889  0.97534056] fsize=[0.85139319 0.55       0.21540247] shifted_fpos=[ 4.09914677 -1.14979889  0.97534056] lower=[ 3.84914677 -1.34979889  0.71763932] upper=[ 4.34914677 -0.94979889  1.23304179] inside=False
[obj_inside_of] obj=obj obj_pos=[ 3.8138645 -1.8013995  0.9700012] fixture_pos=[ 4.09914677 -1.19979889  0.97534056] fsize=[0.85139319 0.55       0.21540247] shifted_fpos=[ 4.09914677 -1.14979889  0.97534056] lower=[ 3.84914677 -1.34979889  0.71763932] upper=[ 4.34914677 -0.94979889  1.23304179] inside=False
[obj_inside_of] obj=obj obj_pos=[ 3.8138645 -1.8013995  0.9700012] fixture_pos=[ 4.09914677 -1.19979889  0.97534056] fsize=[0.85139319 0.55       0.21540247] shifted_fpos=[ 4.09914677 -1.14979889  0.97534056] lower=[ 3.84914677 -1.34979889  0.71763932] upper=[ 4.34914677 -0.94979889  1.23304179] inside=False
[obj_inside_of] obj=obj obj_pos=[ 3.8138645 -1.8013995  0.9700012] fixture_pos=[ 4.09914677 -1.19979889  0.97534056] fsize=[0.85139319 0.55       0.21540247] shifted_fpos=[ 4.09914677 -1.14979889  0.97534056] lower=[ 3.84914677 -1.34979889  0.71763932] upper=[ 4.34914677 -0.94979889  1.23304179] inside=False
[obj_inside_of] obj=obj obj_pos=[ 3.8138645 -1.8013995  0.9700012] fixture_pos=[ 4.09914677 -1.19979889  0.97534056] fsize=[0.85139319 0.55       0.21540247] shifted_fpos=[ 4.09914677 -1.14979889  0.97534056] lower=[ 3.84914677 -1.34979889  0.71763932] upper=[ 4.34914677 -0.94979889  1.23304179] inside=False
[obj_inside_of] obj=obj obj_pos=[ 3.8138645 -1.8013995  0.9700012] fixture_pos=[ 4.09914677 -1.19979889  0.97534056] fsize=[0.85139319 0.55       0.21540247] shifted_fpos=[ 4.09914677 -1.14979889  0.97534056] lower=[ 3.84914677 -1.34979889  0.71763932] upper=[ 4.34914677 -0.94979889  1.23304179] inside=False
[obj_inside_of] obj=obj obj_pos=[ 3.8138645 -1.8013995  0.9700012] fixture_pos=[ 4.09914677 -1.19979889  0.97534056] fsize=[0.85139319 0.55       0.21540247] shifted_fpos=[ 4.09914677 -1.14979889  0.97534056] lower=[ 3.84914677 -1.34979889  0.71763932] upper=[ 4.34914677 -0.94979889  1.23304179] inside=False
[obj_inside_of] obj=obj obj_pos=[ 3.8138645 -1.8013995  0.9700012] fixture_pos=[ 4.09914677 -1.19979889  0.97534056] fsize=[0.85139319 0.55       0.21540247] shifted_fpos=[ 4.09914677 -1.14979889  0.97534056] lower=[ 3.84914677 -1.34979889  0.71763932] upper=[ 4.34914677 -0.94979889  1.23304179] inside=False
[obj_inside_of] obj=obj obj_pos=[ 3.8138645 -1.8013995  0.9700012] fixture_pos=[ 4.09914677 -1.19979889  0.97534056] fsize=[0.85139319 0.55       0.21540247] shifted_fpos=[ 4.09914677 -1.14979889  0.97534056] lower=[ 3.84914677 -1.34979889  0.71763932] upper=[ 4.34914677 -0.94979889  1.23304179] inside=False
[obj_inside_of] obj=obj obj_pos=[ 3.8138645 -1.8013995  0.9700012] fixture_pos=[ 4.09914677 -1.19979889  0.97534056] fsize=[0.85139319 0.55       0.21540247] shifted_fpos=[ 4.09914677 -1.14979889  0.97534056] lower=[ 3.84914677 -1.34979889  0.71763932] upper=[ 4.34914677 -0.94979889  1.23304179] inside=False
[obj_inside_of] obj=obj obj_pos=[ 3.8138645 -1.8013995  0.9700012] fixture_pos=[ 4.09914677 -1.19979889  0.97534056] fsize=[0.85139319 0.55       0.21540247] shifted_fpos=[ 4.09914677 -1.14979889  0.97534056] lower=[ 3.84914677 -1.34979889  0.71763932] upper=[ 4.34914677 -0.94979889  1.23304179] inside=False
[obj_inside_of] obj=obj obj_pos=[ 3.8138645 -1.8013995  0.9700012] fixture_pos=[ 4.09914677 -1.19979889  0.97534056] fsize=[0.85139319 0.55       0.21540247] shifted_fpos=[ 4.09914677 -1.14979889  0.97534056] lower=[ 3.84914677 -1.34979889  0.71763932] upper=[ 4.34914677 -0.94979889  1.23304179] inside=False
[obj_inside_of] obj=obj obj_pos=[ 3.8138645 -1.8013995  0.9700012] fixture_pos=[ 4.09914677 -1.19979889  0.97534056] fsize=[0.85139319 0.55       0.21540247] shifted_fpos=[ 4.09914677 -1.14979889  0.97534056] lower=[ 3.84914677 -1.34979889  0.71763932] upper=[ 4.34914677 -0.94979889  1.23304179] inside=False
[obj_inside_of] obj=obj obj_pos=[ 3.8138645 -1.8013995  0.9700012] fixture_pos=[ 4.09914677 -1.19979889  0.97534056] fsize=[0.85139319 0.55       0.21540247] shifted_fpos=[ 4.09914677 -1.14979889  0.97534056] lower=[ 3.84914677 -1.34979889  0.71763932] upper=[ 4.34914677 -0.94979889  1.23304179] inside=False
[obj_inside_of] obj=obj obj_pos=[ 3.8138645 -1.8013995  0.9700012] fixture_pos=[ 4.09914677 -1.19979889  0.97534056] fsize=[0.85139319 0.55       0.21540247] shifted_fpos=[ 4.09914677 -1.14979889  0.97534056] lower=[ 3.84914677 -1.34979889  0.71763932] upper=[ 4.34914677 -0.94979889  1.23304179] inside=False
[obj_inside_of] obj=obj obj_pos=[ 3.8138645 -1.8013995  0.9700012] fixture_pos=[ 4.09914677 -1.19979889  0.97534056] fsize=[0.85139319 0.55       0.21540247] shifted_fpos=[ 4.09914677 -1.14979889  0.97534056] lower=[ 3.84914677 -1.34979889  0.71763932] upper=[ 4.34914677 -0.94979889  1.23304179] inside=False
[obj_inside_of] obj=obj obj_pos=[ 3.8138645 -1.8013995  0.9700012] fixture_pos=[ 4.09914677 -1.19979889  0.97534056] fsize=[0.85139319 0.55       0.21540247] shifted_fpos=[ 4.09914677 -1.14979889  0.97534056] lower=[ 3.84914677 -1.34979889  0.71763932] upper=[ 4.34914677 -0.94979889  1.23304179] inside=False
[obj_inside_of] obj=obj obj_pos=[ 3.8138645 -1.8013995  0.9700012] fixture_pos=[ 4.09914677 -1.19979889  0.97534056] fsize=[0.85139319 0.55       0.21540247] shifted_fpos=[ 4.09914677 -1.14979889  0.97534056] lower=[ 3.84914677 -1.34979889  0.71763932] upper=[ 4.34914677 -0.94979889  1.23304179] inside=False
[obj_inside_of] obj=obj obj_pos=[ 3.8138645 -1.8013995  0.9700012] fixture_pos=[ 4.09914677 -1.19979889  0.97534056] fsize=[0.85139319 0.55       0.21540247] shifted_fpos=[ 4.09914677 -1.14979889  0.97534056] lower=[ 3.84914677 -1.34979889  0.71763932] upper=[ 4.34914677 -0.94979889  1.23304179] inside=False
[obj_inside_of] obj=obj obj_pos=[ 3.8138645 -1.8013995  0.9700012] fixture_pos=[ 4.09914677 -1.19979889  0.97534056] fsize=[0.85139319 0.55       0.21540247] shifted_fpos=[ 4.09914677 -1.14979889  0.97534056] lower=[ 3.84914677 -1.34979889  0.71763932] upper=[ 4.34914677 -0.94979889  1.23304179] inside=False
[obj_inside_of] obj=obj obj_pos=[ 3.8138645 -1.8013995  0.9700012] fixture_pos=[ 4.09914677 -1.19979889  0.97534056] fsize=[0.85139319 0.55       0.21540247] shifted_fpos=[ 4.09914677 -1.14979889  0.97534056] lower=[ 3.84914677 -1.34979889  0.71763932] upper=[ 4.34914677 -0.94979889  1.23304179] inside=False
[obj_inside_of] obj=obj obj_pos=[ 3.8138645 -1.8013995  0.9700012] fixture_pos=[ 4.09914677 -1.19979889  0.97534056] fsize=[0.85139319 0.55       0.21540247] shifted_fpos=[ 4.09914677 -1.14979889  0.97534056] lower=[ 3.84914677 -1.34979889  0.71763932] upper=[ 4.34914677 -0.94979889  1.23304179] inside=False
[obj_inside_of] obj=obj obj_pos=[ 3.8138645 -1.8013995  0.9700012] fixture_pos=[ 4.09914677 -1.19979889  0.97534056] fsize=[0.85139319 0.55       0.21540247] shifted_fpos=[ 4.09914677 -1.14979889  0.97534056] lower=[ 3.84914677 -1.34979889  0.71763932] upper=[ 4.34914677 -0.94979889  1.23304179] inside=False
[obj_inside_of] obj=obj obj_pos=[ 3.8138645 -1.8013995  0.9700012] fixture_pos=[ 4.09914677 -1.19979889  0.97534056] fsize=[0.85139319 0.55       0.21540247] shifted_fpos=[ 4.09914677 -1.14979889  0.97534056] lower=[ 3.84914677 -1.34979889  0.71763932] upper=[ 4.34914677 -0.94979889  1.23304179] inside=False
[obj_inside_of] obj=obj obj_pos=[ 3.8138645 -1.8013995  0.9700012] fixture_pos=[ 4.09914677 -1.19979889  0.97534056] fsize=[0.85139319 0.55       0.21540247] shifted_fpos=[ 4.09914677 -1.14979889  0.97534056] lower=[ 3.84914677 -1.34979889  0.71763932] upper=[ 4.34914677 -0.94979889  1.23304179] inside=False
[obj_inside_of] obj=obj obj_pos=[ 3.8138645 -1.8013995  0.9700012] fixture_pos=[ 4.09914677 -1.19979889  0.97534056] fsize=[0.85139319 0.55       0.21540247] shifted_fpos=[ 4.09914677 -1.14979889  0.97534056] lower=[ 3.84914677 -1.34979889  0.71763932] upper=[ 4.34914677 -0.94979889  1.23304179] inside=False
[obj_inside_of] obj=obj obj_pos=[ 3.8138645 -1.8013995  0.9700012] fixture_pos=[ 4.09914677 -1.19979889  0.97534056] fsize=[0.85139319 0.55       0.21540247] shifted_fpos=[ 4.09914677 -1.14979889  0.97534056] lower=[ 3.84914677 -1.34979889  0.71763932] upper=[ 4.34914677 -0.94979889  1.23304179] inside=False
[obj_inside_of] obj=obj obj_pos=[ 3.8138645 -1.8013995  0.9700012] fixture_pos=[ 4.09914677 -1.19979889  0.97534056] fsize=[0.85139319 0.55       0.21540247] shifted_fpos=[ 4.09914677 -1.14979889  0.97534056] lower=[ 3.84914677 -1.34979889  0.71763932] upper=[ 4.34914677 -0.94979889  1.23304179] inside=False
[obj_inside_of] obj=obj obj_pos=[ 3.8138645 -1.8013995  0.9700012] fixture_pos=[ 4.09914677 -1.19979889  0.97534056] fsize=[0.85139319 0.55       0.21540247] shifted_fpos=[ 4.09914677 -1.14979889  0.97534056] lower=[ 3.84914677 -1.34979889  0.71763932] upper=[ 4.34914677 -0.94979889  1.23304179] inside=False
[obj_inside_of] obj=obj obj_pos=[ 3.8138645 -1.8013995  0.9700012] fixture_pos=[ 4.09914677 -1.19979889  0.97534056] fsize=[0.85139319 0.55       0.21540247] shifted_fpos=[ 4.09914677 -1.14979889  0.97534056] lower=[ 3.84914677 -1.34979889  0.71763932] upper=[ 4.34914677 -0.94979889  1.23304179] inside=False
[obj_inside_of] obj=obj obj_pos=[ 3.8138645 -1.8013995  0.9700012] fixture_pos=[ 4.09914677 -1.19979889  0.97534056] fsize=[0.85139319 0.55       0.21540247] shifted_fpos=[ 4.09914677 -1.14979889  0.97534056] lower=[ 3.84914677 -1.34979889  0.71763932] upper=[ 4.34914677 -0.94979889  1.23304179] inside=False
[obj_inside_of] obj=obj obj_pos=[ 3.8138645 -1.8013995  0.9700012] fixture_pos=[ 4.09914677 -1.19979889  0.97534056] fsize=[0.85139319 0.55       0.21540247] shifted_fpos=[ 4.09914677 -1.14979889  0.97534056] lower=[ 3.84914677 -1.34979889  0.71763932] upper=[ 4.34914677 -0.94979889  1.23304179] inside=False
[obj_inside_of] obj=obj obj_pos=[ 3.8138645 -1.8013995  0.9700012] fixture_pos=[ 4.09914677 -1.19979889  0.97534056] fsize=[0.85139319 0.55       0.21540247] shifted_fpos=[ 4.09914677 -1.14979889  0.97534056] lower=[ 3.84914677 -1.34979889  0.71763932] upper=[ 4.34914677 -0.94979889  1.23304179] inside=False
[obj_inside_of] obj=obj obj_pos=[ 3.8138645 -1.8013995  0.9700012] fixture_pos=[ 4.09914677 -1.19979889  0.97534056] fsize=[0.85139319 0.55       0.21540247] shifted_fpos=[ 4.09914677 -1.14979889  0.97534056] lower=[ 3.84914677 -1.34979889  0.71763932] upper=[ 4.34914677 -0.94979889  1.23304179] inside=False
[obj_inside_of] obj=obj obj_pos=[ 3.8138645 -1.8013995  0.9700012] fixture_pos=[ 4.09914677 -1.19979889  0.97534056] fsize=[0.85139319 0.55       0.21540247] shifted_fpos=[ 4.09914677 -1.14979889  0.97534056] lower=[ 3.84914677 -1.34979889  0.71763932] upper=[ 4.34914677 -0.94979889  1.23304179] inside=False
[obj_inside_of] obj=obj obj_pos=[ 3.8138645 -1.8013995  0.9700012] fixture_pos=[ 4.09914677 -1.19979889  0.97534056] fsize=[0.85139319 0.55       0.21540247] shifted_fpos=[ 4.09914677 -1.14979889  0.97534056] lower=[ 3.84914677 -1.34979889  0.71763932] upper=[ 4.34914677 -0.94979889  1.23304179] inside=False
[obj_inside_of] obj=obj obj_pos=[ 3.8138645 -1.8013995  0.9700012] fixture_pos=[ 4.09914677 -1.19979889  0.97534056] fsize=[0.85139319 0.55       0.21540247] shifted_fpos=[ 4.09914677 -1.14979889  0.97534056] lower=[ 3.84914677 -1.34979889  0.71763932] upper=[ 4.34914677 -0.94979889  1.23304179] inside=False
[obj_inside_of] obj=obj obj_pos=[ 3.8138645 -1.8013995  0.9700012] fixture_pos=[ 4.09914677 -1.19979889  0.97534056] fsize=[0.85139319 0.55       0.21540247] shifted_fpos=[ 4.09914677 -1.14979889  0.97534056] lower=[ 3.84914677 -1.34979889  0.71763932] upper=[ 4.34914677 -0.94979889  1.23304179] inside=False
[obj_inside_of] obj=obj obj_pos=[ 3.8138645 -1.8013995  0.9700012] fixture_pos=[ 4.09914677 -1.19979889  0.97534056] fsize=[0.85139319 0.55       0.21540247] shifted_fpos=[ 4.09914677 -1.14979889  0.97534056] lower=[ 3.84914677 -1.34979889  0.71763932] upper=[ 4.34914677 -0.94979889  1.23304179] inside=False
[obj_inside_of] obj=obj obj_pos=[ 3.8138645 -1.8013995  0.9700012] fixture_pos=[ 4.09914677 -1.19979889  0.97534056] fsize=[0.85139319 0.55       0.21540247] shifted_fpos=[ 4.09914677 -1.14979889  0.97534056] lower=[ 3.84914677 -1.34979889  0.71763932] upper=[ 4.34914677 -0.94979889  1.23304179] inside=False
[obj_inside_of] obj=obj obj_pos=[ 3.8138645 -1.8013995  0.9700012] fixture_pos=[ 4.09914677 -1.19979889  0.97534056] fsize=[0.85139319 0.55       0.21540247] shifted_fpos=[ 4.09914677 -1.14979889  0.97534056] lower=[ 3.84914677 -1.34979889  0.71763932] upper=[ 4.34914677 -0.94979889  1.23304179] inside=False
[obj_inside_of] obj=obj obj_pos=[ 3.8138645 -1.8013995  0.9700012] fixture_pos=[ 4.09914677 -1.19979889  0.97534056] fsize=[0.85139319 0.55       0.21540247] shifted_fpos=[ 4.09914677 -1.14979889  0.97534056] lower=[ 3.84914677 -1.34979889  0.71763932] upper=[ 4.34914677 -0.94979889  1.23304179] inside=False
[obj_inside_of] obj=obj obj_pos=[ 3.8138645 -1.8013995  0.9700012] fixture_pos=[ 4.09914677 -1.19979889  0.97534056] fsize=[0.85139319 0.55       0.21540247] shifted_fpos=[ 4.09914677 -1.14979889  0.97534056] lower=[ 3.84914677 -1.34979889  0.71763932] upper=[ 4.34914677 -0.94979889  1.23304179] inside=False
[obj_inside_of] obj=obj obj_pos=[ 3.8138645 -1.8013995  0.9700012] fixture_pos=[ 4.09914677 -1.19979889  0.97534056] fsize=[0.85139319 0.55       0.21540247] shifted_fpos=[ 4.09914677 -1.14979889  0.97534056] lower=[ 3.84914677 -1.34979889  0.71763932] upper=[ 4.34914677 -0.94979889  1.23304179] inside=False
[obj_inside_of] obj=obj obj_pos=[ 3.8138645 -1.8013995  0.9700012] fixture_pos=[ 4.09914677 -1.19979889  0.97534056] fsize=[0.85139319 0.55       0.21540247] shifted_fpos=[ 4.09914677 -1.14979889  0.97534056] lower=[ 3.84914677 -1.34979889  0.71763932] upper=[ 4.34914677 -0.94979889  1.23304179] inside=False
[obj_inside_of] obj=obj obj_pos=[ 3.8138645 -1.8013995  0.9700012] fixture_pos=[ 4.09914677 -1.19979889  0.97534056] fsize=[0.85139319 0.55       0.21540247] shifted_fpos=[ 4.09914677 -1.14979889  0.97534056] lower=[ 3.84914677 -1.34979889  0.71763932] upper=[ 4.34914677 -0.94979889  1.23304179] inside=False
[obj_inside_of] obj=obj obj_pos=[ 3.8138645 -1.8013995  0.9700012] fixture_pos=[ 4.09914677 -1.19979889  0.97534056] fsize=[0.85139319 0.55       0.21540247] shifted_fpos=[ 4.09914677 -1.14979889  0.97534056] lower=[ 3.84914677 -1.34979889  0.71763932] upper=[ 4.34914677 -0.94979889  1.23304179] inside=False
[obj_inside_of] obj=obj obj_pos=[ 3.8138645 -1.8013995  0.9700012] fixture_pos=[ 4.09914677 -1.19979889  0.97534056] fsize=[0.85139319 0.55       0.21540247] shifted_fpos=[ 4.09914677 -1.14979889  0.97534056] lower=[ 3.84914677 -1.34979889  0.71763932] upper=[ 4.34914677 -0.94979889  1.23304179] inside=False
[obj_inside_of] obj=obj obj_pos=[ 3.8138645 -1.8013995  0.9700012] fixture_pos=[ 4.09914677 -1.19979889  0.97534056] fsize=[0.85139319 0.55       0.21540247] shifted_fpos=[ 4.09914677 -1.14979889  0.97534056] lower=[ 3.84914677 -1.34979889  0.71763932] upper=[ 4.34914677 -0.94979889  1.23304179] inside=False
[obj_inside_of] obj=obj obj_pos=[ 3.8138645 -1.8013995  0.9700012] fixture_pos=[ 4.09914677 -1.19979889  0.97534056] fsize=[0.85139319 0.55       0.21540247] shifted_fpos=[ 4.09914677 -1.14979889  0.97534056] lower=[ 3.84914677 -1.34979889  0.71763932] upper=[ 4.34914677 -0.94979889  1.23304179] inside=False
[obj_inside_of] obj=obj obj_pos=[ 3.8138645 -1.8013995  0.9700012] fixture_pos=[ 4.09914677 -1.19979889  0.97534056] fsize=[0.85139319 0.55       0.21540247] shifted_fpos=[ 4.09914677 -1.14979889  0.97534056] lower=[ 3.84914677 -1.34979889  0.71763932] upper=[ 4.34914677 -0.94979889  1.23304179] inside=False
[obj_inside_of] obj=obj obj_pos=[ 3.8138645 -1.8013995  0.9700012] fixture_pos=[ 4.09914677 -1.19979889  0.97534056] fsize=[0.85139319 0.55       0.21540247] shifted_fpos=[ 4.09914677 -1.14979889  0.97534056] lower=[ 3.84914677 -1.34979889  0.71763932] upper=[ 4.34914677 -0.94979889  1.23304179] inside=False
[obj_inside_of] obj=obj obj_pos=[ 3.8138645 -1.8013995  0.9700012] fixture_pos=[ 4.09914677 -1.19979889  0.97534056] fsize=[0.85139319 0.55       0.21540247] shifted_fpos=[ 4.09914677 -1.14979889  0.97534056] lower=[ 3.84914677 -1.34979889  0.71763932] upper=[ 4.34914677 -0.94979889  1.23304179] inside=False
[obj_inside_of] obj=obj obj_pos=[ 3.8138645 -1.8013995  0.9700012] fixture_pos=[ 4.09914677 -1.19979889  0.97534056] fsize=[0.85139319 0.55       0.21540247] shifted_fpos=[ 4.09914677 -1.14979889  0.97534056] lower=[ 3.84914677 -1.34979889  0.71763932] upper=[ 4.34914677 -0.94979889  1.23304179] inside=False
[obj_inside_of] obj=obj obj_pos=[ 3.8138645 -1.8013995  0.9700012] fixture_pos=[ 4.09914677 -1.19979889  0.97534056] fsize=[0.85139319 0.55       0.21540247] shifted_fpos=[ 4.09914677 -1.14979889  0.97534056] lower=[ 3.84914677 -1.34979889  0.71763932] upper=[ 4.34914677 -0.94979889  1.23304179] inside=False
[obj_inside_of] obj=obj obj_pos=[ 3.8138645 -1.8013995  0.9700012] fixture_pos=[ 4.09914677 -1.19979889  0.97534056] fsize=[0.85139319 0.55       0.21540247] shifted_fpos=[ 4.09914677 -1.14979889  0.97534056] lower=[ 3.84914677 -1.34979889  0.71763932] upper=[ 4.34914677 -0.94979889  1.23304179] inside=False
[obj_inside_of] obj=obj obj_pos=[ 3.8138645 -1.8013995  0.9700012] fixture_pos=[ 4.09914677 -1.19979889  0.97534056] fsize=[0.85139319 0.55       0.21540247] shifted_fpos=[ 4.09914677 -1.14979889  0.97534056] lower=[ 3.84914677 -1.34979889  0.71763932] upper=[ 4.34914677 -0.94979889  1.23304179] inside=False
[obj_inside_of] obj=obj obj_pos=[ 3.8138645 -1.8013995  0.9700012] fixture_pos=[ 4.09914677 -1.19979889  0.97534056] fsize=[0.85139319 0.55       0.21540247] shifted_fpos=[ 4.09914677 -1.14979889  0.97534056] lower=[ 3.84914677 -1.34979889  0.71763932] upper=[ 4.34914677 -0.94979889  1.23304179] inside=False
[obj_inside_of] obj=obj obj_pos=[ 3.8138645 -1.8013995  0.9700012] fixture_pos=[ 4.09914677 -1.19979889  0.97534056] fsize=[0.85139319 0.55       0.21540247] shifted_fpos=[ 4.09914677 -1.14979889  0.97534056] lower=[ 3.84914677 -1.34979889  0.71763932] upper=[ 4.34914677 -0.94979889  1.23304179] inside=False
[obj_inside_of] obj=obj obj_pos=[ 3.8138645 -1.8013995  0.9700012] fixture_pos=[ 4.09914677 -1.19979889  0.97534056] fsize=[0.85139319 0.55       0.21540247] shifted_fpos=[ 4.09914677 -1.14979889  0.97534056] lower=[ 3.84914677 -1.34979889  0.71763932] upper=[ 4.34914677 -0.94979889  1.23304179] inside=False
[obj_inside_of] obj=obj obj_pos=[ 3.8138645 -1.8013995  0.9700012] fixture_pos=[ 4.09914677 -1.19979889  0.97534056] fsize=[0.85139319 0.55       0.21540247] shifted_fpos=[ 4.09914677 -1.14979889  0.97534056] lower=[ 3.84914677 -1.34979889  0.71763932] upper=[ 4.34914677 -0.94979889  1.23304179] inside=False
[obj_inside_of] obj=obj obj_pos=[ 3.8138645 -1.8013995  0.9700012] fixture_pos=[ 4.09914677 -1.19979889  0.97534056] fsize=[0.85139319 0.55       0.21540247] shifted_fpos=[ 4.09914677 -1.14979889  0.97534056] lower=[ 3.84914677 -1.34979889  0.71763932] upper=[ 4.34914677 -0.94979889  1.23304179] inside=False
[obj_inside_of] obj=obj obj_pos=[ 3.8138645 -1.8013995  0.9700012] fixture_pos=[ 4.09914677 -1.19979889  0.97534056] fsize=[0.85139319 0.55       0.21540247] shifted_fpos=[ 4.09914677 -1.14979889  0.97534056] lower=[ 3.84914677 -1.34979889  0.71763932] upper=[ 4.34914677 -0.94979889  1.23304179] inside=False
[obj_inside_of] obj=obj obj_pos=[ 3.8138645 -1.8013995  0.9700012] fixture_pos=[ 4.09914677 -1.19979889  0.97534056] fsize=[0.85139319 0.55       0.21540247] shifted_fpos=[ 4.09914677 -1.14979889  0.97534056] lower=[ 3.84914677 -1.34979889  0.71763932] upper=[ 4.34914677 -0.94979889  1.23304179] inside=False
[obj_inside_of] obj=obj obj_pos=[ 3.8138645 -1.8013995  0.9700012] fixture_pos=[ 4.09914677 -1.19979889  0.97534056] fsize=[0.85139319 0.55       0.21540247] shifted_fpos=[ 4.09914677 -1.14979889  0.97534056] lower=[ 3.84914677 -1.34979889  0.71763932] upper=[ 4.34914677 -0.94979889  1.23304179] inside=False
[obj_inside_of] obj=obj obj_pos=[ 3.8138645 -1.8013995  0.9700012] fixture_pos=[ 4.09914677 -1.19979889  0.97534056] fsize=[0.85139319 0.55       0.21540247] shifted_fpos=[ 4.09914677 -1.14979889  0.97534056] lower=[ 3.84914677 -1.34979889  0.71763932] upper=[ 4.34914677 -0.94979889  1.23304179] inside=False
[obj_inside_of] obj=obj obj_pos=[ 3.8138645 -1.8013995  0.9700012] fixture_pos=[ 4.09914677 -1.19979889  0.97534056] fsize=[0.85139319 0.55       0.21540247] shifted_fpos=[ 4.09914677 -1.14979889  0.97534056] lower=[ 3.84914677 -1.34979889  0.71763932] upper=[ 4.34914677 -0.94979889  1.23304179] inside=False
[obj_inside_of] obj=obj obj_pos=[ 3.8138645 -1.8013995  0.9700012] fixture_pos=[ 4.09914677 -1.19979889  0.97534056] fsize=[0.85139319 0.55       0.21540247] shifted_fpos=[ 4.09914677 -1.14979889  0.97534056] lower=[ 3.84914677 -1.34979889  0.71763932] upper=[ 4.34914677 -0.94979889  1.23304179] inside=False
[obj_inside_of] obj=obj obj_pos=[ 3.8138645 -1.8013995  0.9700012] fixture_pos=[ 4.09914677 -1.19979889  0.97534056] fsize=[0.85139319 0.55       0.21540247] shifted_fpos=[ 4.09914677 -1.14979889  0.97534056] lower=[ 3.84914677 -1.34979889  0.71763932] upper=[ 4.34914677 -0.94979889  1.23304179] inside=False
[obj_inside_of] obj=obj obj_pos=[ 3.8138645 -1.8013995  0.9700012] fixture_pos=[ 4.09914677 -1.19979889  0.97534056] fsize=[0.85139319 0.55       0.21540247] shifted_fpos=[ 4.09914677 -1.14979889  0.97534056] lower=[ 3.84914677 -1.34979889  0.71763932] upper=[ 4.34914677 -0.94979889  1.23304179] inside=False
[obj_inside_of] obj=obj obj_pos=[ 3.8138645 -1.8013995  0.9700012] fixture_pos=[ 4.09914677 -1.19979889  0.97534056] fsize=[0.85139319 0.55       0.21540247] shifted_fpos=[ 4.09914677 -1.14979889  0.97534056] lower=[ 3.84914677 -1.34979889  0.71763932] upper=[ 4.34914677 -0.94979889  1.23304179] inside=False
[obj_inside_of] obj=obj obj_pos=[ 3.8138645 -1.8013995  0.9700012] fixture_pos=[ 4.09914677 -1.19979889  0.97534056] fsize=[0.85139319 0.55       0.21540247] shifted_fpos=[ 4.09914677 -1.14979889  0.97534056] lower=[ 3.84914677 -1.34979889  0.71763932] upper=[ 4.34914677 -0.94979889  1.23304179] inside=False
[obj_inside_of] obj=obj obj_pos=[ 3.8138645 -1.8013995  0.9700012] fixture_pos=[ 4.09914677 -1.19979889  0.97534056] fsize=[0.85139319 0.55       0.21540247] shifted_fpos=[ 4.09914677 -1.14979889  0.97534056] lower=[ 3.84914677 -1.34979889  0.71763932] upper=[ 4.34914677 -0.94979889  1.23304179] inside=False
[obj_inside_of] obj=obj obj_pos=[ 3.8138645 -1.8013995  0.9700012] fixture_pos=[ 4.09914677 -1.19979889  0.97534056] fsize=[0.85139319 0.55       0.21540247] shifted_fpos=[ 4.09914677 -1.14979889  0.97534056] lower=[ 3.84914677 -1.34979889  0.71763932] upper=[ 4.34914677 -0.94979889  1.23304179] inside=False
[obj_inside_of] obj=obj obj_pos=[ 3.8138645 -1.8013995  0.9700012] fixture_pos=[ 4.09914677 -1.19979889  0.97534056] fsize=[0.85139319 0.55       0.21540247] shifted_fpos=[ 4.09914677 -1.14979889  0.97534056] lower=[ 3.84914677 -1.34979889  0.71763932] upper=[ 4.34914677 -0.94979889  1.23304179] inside=False
[obj_inside_of] obj=obj obj_pos=[ 3.8138645 -1.8013995  0.9700012] fixture_pos=[ 4.09914677 -1.19979889  0.97534056] fsize=[0.85139319 0.55       0.21540247] shifted_fpos=[ 4.09914677 -1.14979889  0.97534056] lower=[ 3.84914677 -1.34979889  0.71763932] upper=[ 4.34914677 -0.94979889  1.23304179] inside=False
[obj_inside_of] obj=obj obj_pos=[ 3.8138645 -1.8013995  0.9700012] fixture_pos=[ 4.09914677 -1.19979889  0.97534056] fsize=[0.85139319 0.55       0.21540247] shifted_fpos=[ 4.09914677 -1.14979889  0.97534056] lower=[ 3.84914677 -1.34979889  0.71763932] upper=[ 4.34914677 -0.94979889  1.23304179] inside=False
[obj_inside_of] obj=obj obj_pos=[ 3.8138645 -1.8013995  0.9700012] fixture_pos=[ 4.09914677 -1.19979889  0.97534056] fsize=[0.85139319 0.55       0.21540247] shifted_fpos=[ 4.09914677 -1.14979889  0.97534056] lower=[ 3.84914677 -1.34979889  0.71763932] upper=[ 4.34914677 -0.94979889  1.23304179] inside=False
[obj_inside_of] obj=obj obj_pos=[ 3.8138645 -1.8013995  0.9700012] fixture_pos=[ 4.09914677 -1.19979889  0.97534056] fsize=[0.85139319 0.55       0.21540247] shifted_fpos=[ 4.09914677 -1.14979889  0.97534056] lower=[ 3.84914677 -1.34979889  0.71763932] upper=[ 4.34914677 -0.94979889  1.23304179] inside=False
[obj_inside_of] obj=obj obj_pos=[ 3.8138645 -1.8013995  0.9700012] fixture_pos=[ 4.09914677 -1.19979889  0.97534056] fsize=[0.85139319 0.55       0.21540247] shifted_fpos=[ 4.09914677 -1.14979889  0.97534056] lower=[ 3.84914677 -1.34979889  0.71763932] upper=[ 4.34914677 -0.94979889  1.23304179] inside=False
[obj_inside_of] obj=obj obj_pos=[ 3.8138645 -1.8013995  0.9700012] fixture_pos=[ 4.09914677 -1.19979889  0.97534056] fsize=[0.85139319 0.55       0.21540247] shifted_fpos=[ 4.09914677 -1.14979889  0.97534056] lower=[ 3.84914677 -1.34979889  0.71763932] upper=[ 4.34914677 -0.94979889  1.23304179] inside=False
[obj_inside_of] obj=obj obj_pos=[ 3.8138645 -1.8013995  0.9700012] fixture_pos=[ 4.09914677 -1.19979889  0.97534056] fsize=[0.85139319 0.55       0.21540247] shifted_fpos=[ 4.09914677 -1.14979889  0.97534056] lower=[ 3.84914677 -1.34979889  0.71763932] upper=[ 4.34914677 -0.94979889  1.23304179] inside=False
[obj_inside_of] obj=obj obj_pos=[ 3.8138645 -1.8013995  0.9700012] fixture_pos=[ 4.09914677 -1.19979889  0.97534056] fsize=[0.85139319 0.55       0.21540247] shifted_fpos=[ 4.09914677 -1.14979889  0.97534056] lower=[ 3.84914677 -1.34979889  0.71763932] upper=[ 4.34914677 -0.94979889  1.23304179] inside=False
[obj_inside_of] obj=obj obj_pos=[ 3.8138645 -1.8013995  0.9700012] fixture_pos=[ 4.09914677 -1.19979889  0.97534056] fsize=[0.85139319 0.55       0.21540247] shifted_fpos=[ 4.09914677 -1.14979889  0.97534056] lower=[ 3.84914677 -1.34979889  0.71763932] upper=[ 4.34914677 -0.94979889  1.23304179] inside=False
[obj_inside_of] obj=obj obj_pos=[ 3.8138645 -1.8013995  0.9700012] fixture_pos=[ 4.09914677 -1.19979889  0.97534056] fsize=[0.85139319 0.55       0.21540247] shifted_fpos=[ 4.09914677 -1.14979889  0.97534056] lower=[ 3.84914677 -1.34979889  0.71763932] upper=[ 4.34914677 -0.94979889  1.23304179] inside=False
[obj_inside_of] obj=obj obj_pos=[ 3.8138645 -1.8013995  0.9700012] fixture_pos=[ 4.09914677 -1.19979889  0.97534056] fsize=[0.85139319 0.55       0.21540247] shifted_fpos=[ 4.09914677 -1.14979889  0.97534056] lower=[ 3.84914677 -1.34979889  0.71763932] upper=[ 4.34914677 -0.94979889  1.23304179] inside=False
[obj_inside_of] obj=obj obj_pos=[ 3.8138645 -1.8013995  0.9700012] fixture_pos=[ 4.09914677 -1.19979889  0.97534056] fsize=[0.85139319 0.55       0.21540247] shifted_fpos=[ 4.09914677 -1.14979889  0.97534056] lower=[ 3.84914677 -1.34979889  0.71763932] upper=[ 4.34914677 -0.94979889  1.23304179] inside=False
[obj_inside_of] obj=obj obj_pos=[ 3.8138645 -1.8013995  0.9700012] fixture_pos=[ 4.09914677 -1.19979889  0.97534056] fsize=[0.85139319 0.55       0.21540247] shifted_fpos=[ 4.09914677 -1.14979889  0.97534056] lower=[ 3.84914677 -1.34979889  0.71763932] upper=[ 4.34914677 -0.94979889  1.23304179] inside=False
[obj_inside_of] obj=obj obj_pos=[ 3.8138645 -1.8013995  0.9700012] fixture_pos=[ 4.09914677 -1.19979889  0.97534056] fsize=[0.85139319 0.55       0.21540247] shifted_fpos=[ 4.09914677 -1.14979889  0.97534056] lower=[ 3.84914677 -1.34979889  0.71763932] upper=[ 4.34914677 -0.94979889  1.23304179] inside=False
[obj_inside_of] obj=obj obj_pos=[ 3.8138645 -1.8013995  0.9700012] fixture_pos=[ 4.09914677 -1.19979889  0.97534056] fsize=[0.85139319 0.55       0.21540247] shifted_fpos=[ 4.09914677 -1.14979889  0.97534056] lower=[ 3.84914677 -1.34979889  0.71763932] upper=[ 4.34914677 -0.94979889  1.23304179] inside=False
[obj_inside_of] obj=obj obj_pos=[ 3.8138645 -1.8013995  0.9700012] fixture_pos=[ 4.09914677 -1.19979889  0.97534056] fsize=[0.85139319 0.55       0.21540247] shifted_fpos=[ 4.09914677 -1.14979889  0.97534056] lower=[ 3.84914677 -1.34979889  0.71763932] upper=[ 4.34914677 -0.94979889  1.23304179] inside=False
[obj_inside_of] obj=obj obj_pos=[ 3.8138645 -1.8013995  0.9700012] fixture_pos=[ 4.09914677 -1.19979889  0.97534056] fsize=[0.85139319 0.55       0.21540247] shifted_fpos=[ 4.09914677 -1.14979889  0.97534056] lower=[ 3.84914677 -1.34979889  0.71763932] upper=[ 4.34914677 -0.94979889  1.23304179] inside=False
[obj_inside_of] obj=obj obj_pos=[ 3.8138645 -1.8013995  0.9700012] fixture_pos=[ 4.09914677 -1.19979889  0.97534056] fsize=[0.85139319 0.55       0.21540247] shifted_fpos=[ 4.09914677 -1.14979889  0.97534056] lower=[ 3.84914677 -1.34979889  0.71763932] upper=[ 4.34914677 -0.94979889  1.23304179] inside=False
[obj_inside_of] obj=obj obj_pos=[ 3.8138645 -1.8013995  0.9700012] fixture_pos=[ 4.09914677 -1.19979889  0.97534056] fsize=[0.85139319 0.55       0.21540247] shifted_fpos=[ 4.09914677 -1.14979889  0.97534056] lower=[ 3.84914677 -1.34979889  0.71763932] upper=[ 4.34914677 -0.94979889  1.23304179] inside=False
[obj_inside_of] obj=obj obj_pos=[ 3.8138645 -1.8013995  0.9700012] fixture_pos=[ 4.09914677 -1.19979889  0.97534056] fsize=[0.85139319 0.55       0.21540247] shifted_fpos=[ 4.09914677 -1.14979889  0.97534056] lower=[ 3.84914677 -1.34979889  0.71763932] upper=[ 4.34914677 -0.94979889  1.23304179] inside=False
[obj_inside_of] obj=obj obj_pos=[ 3.8138645 -1.8013995  0.9700012] fixture_pos=[ 4.09914677 -1.19979889  0.97534056] fsize=[0.85139319 0.55       0.21540247] shifted_fpos=[ 4.09914677 -1.14979889  0.97534056] lower=[ 3.84914677 -1.34979889  0.71763932] upper=[ 4.34914677 -0.94979889  1.23304179] inside=False
[obj_inside_of] obj=obj obj_pos=[ 3.8138645 -1.8013995  0.9700012] fixture_pos=[ 4.09914677 -1.19979889  0.97534056] fsize=[0.85139319 0.55       0.21540247] shifted_fpos=[ 4.09914677 -1.14979889  0.97534056] lower=[ 3.84914677 -1.34979889  0.71763932] upper=[ 4.34914677 -0.94979889  1.23304179] inside=False
[obj_inside_of] obj=obj obj_pos=[ 3.8138645 -1.8013995  0.9700012] fixture_pos=[ 4.09914677 -1.19979889  0.97534056] fsize=[0.85139319 0.55       0.21540247] shifted_fpos=[ 4.09914677 -1.14979889  0.97534056] lower=[ 3.84914677 -1.34979889  0.71763932] upper=[ 4.34914677 -0.94979889  1.23304179] inside=False
[obj_inside_of] obj=obj obj_pos=[ 3.8138645 -1.8013995  0.9700012] fixture_pos=[ 4.09914677 -1.19979889  0.97534056] fsize=[0.85139319 0.55       0.21540247] shifted_fpos=[ 4.09914677 -1.14979889  0.97534056] lower=[ 3.84914677 -1.34979889  0.71763932] upper=[ 4.34914677 -0.94979889  1.23304179] inside=False
[obj_inside_of] obj=obj obj_pos=[ 3.8138645 -1.8013995  0.9700012] fixture_pos=[ 4.09914677 -1.19979889  0.97534056] fsize=[0.85139319 0.55       0.21540247] shifted_fpos=[ 4.09914677 -1.14979889  0.97534056] lower=[ 3.84914677 -1.34979889  0.71763932] upper=[ 4.34914677 -0.94979889  1.23304179] inside=False
[obj_inside_of] obj=obj obj_pos=[ 3.8138645 -1.8013995  0.9700012] fixture_pos=[ 4.09914677 -1.19979889  0.97534056] fsize=[0.85139319 0.55       0.21540247] shifted_fpos=[ 4.09914677 -1.14979889  0.97534056] lower=[ 3.84914677 -1.34979889  0.71763932] upper=[ 4.34914677 -0.94979889  1.23304179] inside=False
[obj_inside_of] obj=obj obj_pos=[ 3.8138645 -1.8013995  0.9700012] fixture_pos=[ 4.09914677 -1.19979889  0.97534056] fsize=[0.85139319 0.55       0.21540247] shifted_fpos=[ 4.09914677 -1.14979889  0.97534056] lower=[ 3.84914677 -1.34979889  0.71763932] upper=[ 4.34914677 -0.94979889  1.23304179] inside=False
[obj_inside_of] obj=obj obj_pos=[ 3.8138645 -1.8013995  0.9700012] fixture_pos=[ 4.09914677 -1.19979889  0.97534056] fsize=[0.85139319 0.55       0.21540247] shifted_fpos=[ 4.09914677 -1.14979889  0.97534056] lower=[ 3.84914677 -1.34979889  0.71763932] upper=[ 4.34914677 -0.94979889  1.23304179] inside=False
[obj_inside_of] obj=obj obj_pos=[ 3.8138645 -1.8013995  0.9700012] fixture_pos=[ 4.09914677 -1.19979889  0.97534056] fsize=[0.85139319 0.55       0.21540247] shifted_fpos=[ 4.09914677 -1.14979889  0.97534056] lower=[ 3.84914677 -1.34979889  0.71763932] upper=[ 4.34914677 -0.94979889  1.23304179] inside=False
[obj_inside_of] obj=obj obj_pos=[ 3.8138645 -1.8013995  0.9700012] fixture_pos=[ 4.09914677 -1.19979889  0.97534056] fsize=[0.85139319 0.55       0.21540247] shifted_fpos=[ 4.09914677 -1.14979889  0.97534056] lower=[ 3.84914677 -1.34979889  0.71763932] upper=[ 4.34914677 -0.94979889  1.23304179] inside=False
[obj_inside_of] obj=obj obj_pos=[ 3.8138645 -1.8013995  0.9700012] fixture_pos=[ 4.09914677 -1.19979889  0.97534056] fsize=[0.85139319 0.55       0.21540247] shifted_fpos=[ 4.09914677 -1.14979889  0.97534056] lower=[ 3.84914677 -1.34979889  0.71763932] upper=[ 4.34914677 -0.94979889  1.23304179] inside=False
[obj_inside_of] obj=obj obj_pos=[ 3.8138645 -1.8013995  0.9700012] fixture_pos=[ 4.09914677 -1.19979889  0.97534056] fsize=[0.85139319 0.55       0.21540247] shifted_fpos=[ 4.09914677 -1.14979889  0.97534056] lower=[ 3.84914677 -1.34979889  0.71763932] upper=[ 4.34914677 -0.94979889  1.23304179] inside=False
[obj_inside_of] obj=obj obj_pos=[ 3.8138645 -1.8013995  0.9700012] fixture_pos=[ 4.09914677 -1.19979889  0.97534056] fsize=[0.85139319 0.55       0.21540247] shifted_fpos=[ 4.09914677 -1.14979889  0.97534056] lower=[ 3.84914677 -1.34979889  0.71763932] upper=[ 4.34914677 -0.94979889  1.23304179] inside=False
[obj_inside_of] obj=obj obj_pos=[ 3.8138645 -1.8013995  0.9700012] fixture_pos=[ 4.09914677 -1.19979889  0.97534056] fsize=[0.85139319 0.55       0.21540247] shifted_fpos=[ 4.09914677 -1.14979889  0.97534056] lower=[ 3.84914677 -1.34979889  0.71763932] upper=[ 4.34914677 -0.94979889  1.23304179] inside=False
[obj_inside_of] obj=obj obj_pos=[ 3.8138645 -1.8013995  0.9700012] fixture_pos=[ 4.09914677 -1.19979889  0.97534056] fsize=[0.85139319 0.55       0.21540247] shifted_fpos=[ 4.09914677 -1.14979889  0.97534056] lower=[ 3.84914677 -1.34979889  0.71763932] upper=[ 4.34914677 -0.94979889  1.23304179] inside=False
[obj_inside_of] obj=obj obj_pos=[ 3.8138645 -1.8013995  0.9700012] fixture_pos=[ 4.09914677 -1.19979889  0.97534056] fsize=[0.85139319 0.55       0.21540247] shifted_fpos=[ 4.09914677 -1.14979889  0.97534056] lower=[ 3.84914677 -1.34979889  0.71763932] upper=[ 4.34914677 -0.94979889  1.23304179] inside=False
[obj_inside_of] obj=obj obj_pos=[ 3.8138645 -1.8013995  0.9700012] fixture_pos=[ 4.09914677 -1.19979889  0.97534056] fsize=[0.85139319 0.55       0.21540247] shifted_fpos=[ 4.09914677 -1.14979889  0.97534056] lower=[ 3.84914677 -1.34979889  0.71763932] upper=[ 4.34914677 -0.94979889  1.23304179] inside=False
[obj_inside_of] obj=obj obj_pos=[ 3.8138645 -1.8013995  0.9700012] fixture_pos=[ 4.09914677 -1.19979889  0.97534056] fsize=[0.85139319 0.55       0.21540247] shifted_fpos=[ 4.09914677 -1.14979889  0.97534056] lower=[ 3.84914677 -1.34979889  0.71763932] upper=[ 4.34914677 -0.94979889  1.23304179] inside=False
[obj_inside_of] obj=obj obj_pos=[ 3.8138645 -1.8013995  0.9700012] fixture_pos=[ 4.09914677 -1.19979889  0.97534056] fsize=[0.85139319 0.55       0.21540247] shifted_fpos=[ 4.09914677 -1.14979889  0.97534056] lower=[ 3.84914677 -1.34979889  0.71763932] upper=[ 4.34914677 -0.94979889  1.23304179] inside=False
[obj_inside_of] obj=obj obj_pos=[ 3.8138645 -1.8013995  0.9700012] fixture_pos=[ 4.09914677 -1.19979889  0.97534056] fsize=[0.85139319 0.55       0.21540247] shifted_fpos=[ 4.09914677 -1.14979889  0.97534056] lower=[ 3.84914677 -1.34979889  0.71763932] upper=[ 4.34914677 -0.94979889  1.23304179] inside=False
[obj_inside_of] obj=obj obj_pos=[ 3.8138645 -1.8013995  0.9700012] fixture_pos=[ 4.09914677 -1.19979889  0.97534056] fsize=[0.85139319 0.55       0.21540247] shifted_fpos=[ 4.09914677 -1.14979889  0.97534056] lower=[ 3.84914677 -1.34979889  0.71763932] upper=[ 4.34914677 -0.94979889  1.23304179] inside=False
[obj_inside_of] obj=obj obj_pos=[ 3.8138645 -1.8013995  0.9700012] fixture_pos=[ 4.09914677 -1.19979889  0.97534056] fsize=[0.85139319 0.55       0.21540247] shifted_fpos=[ 4.09914677 -1.14979889  0.97534056] lower=[ 3.84914677 -1.34979889  0.71763932] upper=[ 4.34914677 -0.94979889  1.23304179] inside=False
[obj_inside_of] obj=obj obj_pos=[ 3.8138645 -1.8013995  0.9700012] fixture_pos=[ 4.09914677 -1.19979889  0.97534056] fsize=[0.85139319 0.55       0.21540247] shifted_fpos=[ 4.09914677 -1.14979889  0.97534056] lower=[ 3.84914677 -1.34979889  0.71763932] upper=[ 4.34914677 -0.94979889  1.23304179] inside=False
[obj_inside_of] obj=obj obj_pos=[ 3.8138645 -1.8013995  0.9700012] fixture_pos=[ 4.09914677 -1.19979889  0.97534056] fsize=[0.85139319 0.55       0.21540247] shifted_fpos=[ 4.09914677 -1.14979889  0.97534056] lower=[ 3.84914677 -1.34979889  0.71763932] upper=[ 4.34914677 -0.94979889  1.23304179] inside=False
[obj_inside_of] obj=obj obj_pos=[ 3.8138645 -1.8013995  0.9700012] fixture_pos=[ 4.09914677 -1.19979889  0.97534056] fsize=[0.85139319 0.55       0.21540247] shifted_fpos=[ 4.09914677 -1.14979889  0.97534056] lower=[ 3.84914677 -1.34979889  0.71763932] upper=[ 4.34914677 -0.94979889  1.23304179] inside=False
[obj_inside_of] obj=obj obj_pos=[ 3.8138645 -1.8013995  0.9700012] fixture_pos=[ 4.09914677 -1.19979889  0.97534056] fsize=[0.85139319 0.55       0.21540247] shifted_fpos=[ 4.09914677 -1.14979889  0.97534056] lower=[ 3.84914677 -1.34979889  0.71763932] upper=[ 4.34914677 -0.94979889  1.23304179] inside=False
[obj_inside_of] obj=obj obj_pos=[ 3.8138645 -1.8013995  0.9700012] fixture_pos=[ 4.09914677 -1.19979889  0.97534056] fsize=[0.85139319 0.55       0.21540247] shifted_fpos=[ 4.09914677 -1.14979889  0.97534056] lower=[ 3.84914677 -1.34979889  0.71763932] upper=[ 4.34914677 -0.94979889  1.23304179] inside=False
[obj_inside_of] obj=obj obj_pos=[ 3.8138645 -1.8013995  0.9700012] fixture_pos=[ 4.09914677 -1.19979889  0.97534056] fsize=[0.85139319 0.55       0.21540247] shifted_fpos=[ 4.09914677 -1.14979889  0.97534056] lower=[ 3.84914677 -1.34979889  0.71763932] upper=[ 4.34914677 -0.94979889  1.23304179] inside=False
[obj_inside_of] obj=obj obj_pos=[ 3.8138645 -1.8013995  0.9700012] fixture_pos=[ 4.09914677 -1.19979889  0.97534056] fsize=[0.85139319 0.55       0.21540247] shifted_fpos=[ 4.09914677 -1.14979889  0.97534056] lower=[ 3.84914677 -1.34979889  0.71763932] upper=[ 4.34914677 -0.94979889  1.23304179] inside=False
[obj_inside_of] obj=obj obj_pos=[ 3.8138645 -1.8013995  0.9700012] fixture_pos=[ 4.09914677 -1.19979889  0.97534056] fsize=[0.85139319 0.55       0.21540247] shifted_fpos=[ 4.09914677 -1.14979889  0.97534056] lower=[ 3.84914677 -1.34979889  0.71763932] upper=[ 4.34914677 -0.94979889  1.23304179] inside=False
[obj_inside_of] obj=obj obj_pos=[ 3.8138645 -1.8013995  0.9700012] fixture_pos=[ 4.09914677 -1.19979889  0.97534056] fsize=[0.85139319 0.55       0.21540247] shifted_fpos=[ 4.09914677 -1.14979889  0.97534056] lower=[ 3.84914677 -1.34979889  0.71763932] upper=[ 4.34914677 -0.94979889  1.23304179] inside=False
[obj_inside_of] obj=obj obj_pos=[ 3.8138645 -1.8013995  0.9700012] fixture_pos=[ 4.09914677 -1.19979889  0.97534056] fsize=[0.85139319 0.55       0.21540247] shifted_fpos=[ 4.09914677 -1.14979889  0.97534056] lower=[ 3.84914677 -1.34979889  0.71763932] upper=[ 4.34914677 -0.94979889  1.23304179] inside=False
[obj_inside_of] obj=obj obj_pos=[ 3.8138645 -1.8013995  0.9700012] fixture_pos=[ 4.09914677 -1.19979889  0.97534056] fsize=[0.85139319 0.55       0.21540247] shifted_fpos=[ 4.09914677 -1.14979889  0.97534056] lower=[ 3.84914677 -1.34979889  0.71763932] upper=[ 4.34914677 -0.94979889  1.23304179] inside=False
[obj_inside_of] obj=obj obj_pos=[ 3.8138645 -1.8013995  0.9700012] fixture_pos=[ 4.09914677 -1.19979889  0.97534056] fsize=[0.85139319 0.55       0.21540247] shifted_fpos=[ 4.09914677 -1.14979889  0.97534056] lower=[ 3.84914677 -1.34979889  0.71763932] upper=[ 4.34914677 -0.94979889  1.23304179] inside=False
[obj_inside_of] obj=obj obj_pos=[ 3.8138645 -1.8013995  0.9700012] fixture_pos=[ 4.09914677 -1.19979889  0.97534056] fsize=[0.85139319 0.55       0.21540247] shifted_fpos=[ 4.09914677 -1.14979889  0.97534056] lower=[ 3.84914677 -1.34979889  0.71763932] upper=[ 4.34914677 -0.94979889  1.23304179] inside=False
[obj_inside_of] obj=obj obj_pos=[ 3.8138645 -1.8013995  0.9700012] fixture_pos=[ 4.09914677 -1.19979889  0.97534056] fsize=[0.85139319 0.55       0.21540247] shifted_fpos=[ 4.09914677 -1.14979889  0.97534056] lower=[ 3.84914677 -1.34979889  0.71763932] upper=[ 4.34914677 -0.94979889  1.23304179] inside=False
[obj_inside_of] obj=obj obj_pos=[ 3.8138645 -1.8013995  0.9700012] fixture_pos=[ 4.09914677 -1.19979889  0.97534056] fsize=[0.85139319 0.55       0.21540247] shifted_fpos=[ 4.09914677 -1.14979889  0.97534056] lower=[ 3.84914677 -1.34979889  0.71763932] upper=[ 4.34914677 -0.94979889  1.23304179] inside=False
[obj_inside_of] obj=obj obj_pos=[ 3.8138645 -1.8013995  0.9700012] fixture_pos=[ 4.09914677 -1.19979889  0.97534056] fsize=[0.85139319 0.55       0.21540247] shifted_fpos=[ 4.09914677 -1.14979889  0.97534056] lower=[ 3.84914677 -1.34979889  0.71763932] upper=[ 4.34914677 -0.94979889  1.23304179] inside=False
[obj_inside_of] obj=obj obj_pos=[ 3.8138645 -1.8013995  0.9700012] fixture_pos=[ 4.09914677 -1.19979889  0.97534056] fsize=[0.85139319 0.55       0.21540247] shifted_fpos=[ 4.09914677 -1.14979889  0.97534056] lower=[ 3.84914677 -1.34979889  0.71763932] upper=[ 4.34914677 -0.94979889  1.23304179] inside=False
[obj_inside_of] obj=obj obj_pos=[ 3.8138645 -1.8013995  0.9700012] fixture_pos=[ 4.09914677 -1.19979889  0.97534056] fsize=[0.85139319 0.55       0.21540247] shifted_fpos=[ 4.09914677 -1.14979889  0.97534056] lower=[ 3.84914677 -1.34979889  0.71763932] upper=[ 4.34914677 -0.94979889  1.23304179] inside=False
[obj_inside_of] obj=obj obj_pos=[ 3.8138645 -1.8013995  0.9700012] fixture_pos=[ 4.09914677 -1.19979889  0.97534056] fsize=[0.85139319 0.55       0.21540247] shifted_fpos=[ 4.09914677 -1.14979889  0.97534056] lower=[ 3.84914677 -1.34979889  0.71763932] upper=[ 4.34914677 -0.94979889  1.23304179] inside=False
[obj_inside_of] obj=obj obj_pos=[ 3.8138645 -1.8013995  0.9700012] fixture_pos=[ 4.09914677 -1.19979889  0.97534056] fsize=[0.85139319 0.55       0.21540247] shifted_fpos=[ 4.09914677 -1.14979889  0.97534056] lower=[ 3.84914677 -1.34979889  0.71763932] upper=[ 4.34914677 -0.94979889  1.23304179] inside=False
[obj_inside_of] obj=obj obj_pos=[ 3.8138645 -1.8013995  0.9700012] fixture_pos=[ 4.09914677 -1.19979889  0.97534056] fsize=[0.85139319 0.55       0.21540247] shifted_fpos=[ 4.09914677 -1.14979889  0.97534056] lower=[ 3.84914677 -1.34979889  0.71763932] upper=[ 4.34914677 -0.94979889  1.23304179] inside=False
[obj_inside_of] obj=obj obj_pos=[ 3.8138645 -1.8013995  0.9700012] fixture_pos=[ 4.09914677 -1.19979889  0.97534056] fsize=[0.85139319 0.55       0.21540247] shifted_fpos=[ 4.09914677 -1.14979889  0.97534056] lower=[ 3.84914677 -1.34979889  0.71763932] upper=[ 4.34914677 -0.94979889  1.23304179] inside=False
[obj_inside_of] obj=obj obj_pos=[ 3.8138645 -1.8013995  0.9700012] fixture_pos=[ 4.09914677 -1.19979889  0.97534056] fsize=[0.85139319 0.55       0.21540247] shifted_fpos=[ 4.09914677 -1.14979889  0.97534056] lower=[ 3.84914677 -1.34979889  0.71763932] upper=[ 4.34914677 -0.94979889  1.23304179] inside=False
[obj_inside_of] obj=obj obj_pos=[ 3.8138645 -1.8013995  0.9700012] fixture_pos=[ 4.09914677 -1.19979889  0.97534056] fsize=[0.85139319 0.55       0.21540247] shifted_fpos=[ 4.09914677 -1.14979889  0.97534056] lower=[ 3.84914677 -1.34979889  0.71763932] upper=[ 4.34914677 -0.94979889  1.23304179] inside=False
[obj_inside_of] obj=obj obj_pos=[ 3.8138645 -1.8013995  0.9700012] fixture_pos=[ 4.09914677 -1.19979889  0.97534056] fsize=[0.85139319 0.55       0.21540247] shifted_fpos=[ 4.09914677 -1.14979889  0.97534056] lower=[ 3.84914677 -1.34979889  0.71763932] upper=[ 4.34914677 -0.94979889  1.23304179] inside=False
[obj_inside_of] obj=obj obj_pos=[ 3.8138645 -1.8013995  0.9700012] fixture_pos=[ 4.09914677 -1.19979889  0.97534056] fsize=[0.85139319 0.55       0.21540247] shifted_fpos=[ 4.09914677 -1.14979889  0.97534056] lower=[ 3.84914677 -1.34979889  0.71763932] upper=[ 4.34914677 -0.94979889  1.23304179] inside=False
[obj_inside_of] obj=obj obj_pos=[ 3.8138645 -1.8013995  0.9700012] fixture_pos=[ 4.09914677 -1.19979889  0.97534056] fsize=[0.85139319 0.55       0.21540247] shifted_fpos=[ 4.09914677 -1.14979889  0.97534056] lower=[ 3.84914677 -1.34979889  0.71763932] upper=[ 4.34914677 -0.94979889  1.23304179] inside=False
[obj_inside_of] obj=obj obj_pos=[ 3.8138645 -1.8013995  0.9700012] fixture_pos=[ 4.09914677 -1.19979889  0.97534056] fsize=[0.85139319 0.55       0.21540247] shifted_fpos=[ 4.09914677 -1.14979889  0.97534056] lower=[ 3.84914677 -1.34979889  0.71763932] upper=[ 4.34914677 -0.94979889  1.23304179] inside=False
[obj_inside_of] obj=obj obj_pos=[ 3.8138645 -1.8013995  0.9700012] fixture_pos=[ 4.09914677 -1.19979889  0.97534056] fsize=[0.85139319 0.55       0.21540247] shifted_fpos=[ 4.09914677 -1.14979889  0.97534056] lower=[ 3.84914677 -1.34979889  0.71763932] upper=[ 4.34914677 -0.94979889  1.23304179] inside=False
[obj_inside_of] obj=obj obj_pos=[ 3.8138645 -1.8013995  0.9700012] fixture_pos=[ 4.09914677 -1.19979889  0.97534056] fsize=[0.85139319 0.55       0.21540247] shifted_fpos=[ 4.09914677 -1.14979889  0.97534056] lower=[ 3.84914677 -1.34979889  0.71763932] upper=[ 4.34914677 -0.94979889  1.23304179] inside=False
[obj_inside_of] obj=obj obj_pos=[ 3.8138645 -1.8013995  0.9700012] fixture_pos=[ 4.09914677 -1.19979889  0.97534056] fsize=[0.85139319 0.55       0.21540247] shifted_fpos=[ 4.09914677 -1.14979889  0.97534056] lower=[ 3.84914677 -1.34979889  0.71763932] upper=[ 4.34914677 -0.94979889  1.23304179] inside=False
[obj_inside_of] obj=obj obj_pos=[ 3.8138645 -1.8013995  0.9700012] fixture_pos=[ 4.09914677 -1.19979889  0.97534056] fsize=[0.85139319 0.55       0.21540247] shifted_fpos=[ 4.09914677 -1.14979889  0.97534056] lower=[ 3.84914677 -1.34979889  0.71763932] upper=[ 4.34914677 -0.94979889  1.23304179] inside=False
[obj_inside_of] obj=obj obj_pos=[ 3.8138645 -1.8013995  0.9700012] fixture_pos=[ 4.09914677 -1.19979889  0.97534056] fsize=[0.85139319 0.55       0.21540247] shifted_fpos=[ 4.09914677 -1.14979889  0.97534056] lower=[ 3.84914677 -1.34979889  0.71763932] upper=[ 4.34914677 -0.94979889  1.23304179] inside=False
[obj_inside_of] obj=obj obj_pos=[ 3.8138645 -1.8013995  0.9700012] fixture_pos=[ 4.09914677 -1.19979889  0.97534056] fsize=[0.85139319 0.55       0.21540247] shifted_fpos=[ 4.09914677 -1.14979889  0.97534056] lower=[ 3.84914677 -1.34979889  0.71763932] upper=[ 4.34914677 -0.94979889  1.23304179] inside=False
[obj_inside_of] obj=obj obj_pos=[ 3.8138645 -1.8013995  0.9700012] fixture_pos=[ 4.09914677 -1.19979889  0.97534056] fsize=[0.85139319 0.55       0.21540247] shifted_fpos=[ 4.09914677 -1.14979889  0.97534056] lower=[ 3.84914677 -1.34979889  0.71763932] upper=[ 4.34914677 -0.94979889  1.23304179] inside=False
[obj_inside_of] obj=obj obj_pos=[ 3.8138645 -1.8013995  0.9700012] fixture_pos=[ 4.09914677 -1.19979889  0.97534056] fsize=[0.85139319 0.55       0.21540247] shifted_fpos=[ 4.09914677 -1.14979889  0.97534056] lower=[ 3.84914677 -1.34979889  0.71763932] upper=[ 4.34914677 -0.94979889  1.23304179] inside=False
[obj_inside_of] obj=obj obj_pos=[ 3.8138645 -1.8013995  0.9700012] fixture_pos=[ 4.09914677 -1.19979889  0.97534056] fsize=[0.85139319 0.55       0.21540247] shifted_fpos=[ 4.09914677 -1.14979889  0.97534056] lower=[ 3.84914677 -1.34979889  0.71763932] upper=[ 4.34914677 -0.94979889  1.23304179] inside=False
[obj_inside_of] obj=obj obj_pos=[ 3.8138645 -1.8013995  0.9700012] fixture_pos=[ 4.09914677 -1.19979889  0.97534056] fsize=[0.85139319 0.55       0.21540247] shifted_fpos=[ 4.09914677 -1.14979889  0.97534056] lower=[ 3.84914677 -1.34979889  0.71763932] upper=[ 4.34914677 -0.94979889  1.23304179] inside=False
[obj_inside_of] obj=obj obj_pos=[ 3.8138645 -1.8013995  0.9700012] fixture_pos=[ 4.09914677 -1.19979889  0.97534056] fsize=[0.85139319 0.55       0.21540247] shifted_fpos=[ 4.09914677 -1.14979889  0.97534056] lower=[ 3.84914677 -1.34979889  0.71763932] upper=[ 4.34914677 -0.94979889  1.23304179] inside=False
[obj_inside_of] obj=obj obj_pos=[ 3.8138645 -1.8013995  0.9700012] fixture_pos=[ 4.09914677 -1.19979889  0.97534056] fsize=[0.85139319 0.55       0.21540247] shifted_fpos=[ 4.09914677 -1.14979889  0.97534056] lower=[ 3.84914677 -1.34979889  0.71763932] upper=[ 4.34914677 -0.94979889  1.23304179] inside=False
[obj_inside_of] obj=obj obj_pos=[ 3.8138645 -1.8013995  0.9700012] fixture_pos=[ 4.09914677 -1.19979889  0.97534056] fsize=[0.85139319 0.55       0.21540247] shifted_fpos=[ 4.09914677 -1.14979889  0.97534056] lower=[ 3.84914677 -1.34979889  0.71763932] upper=[ 4.34914677 -0.94979889  1.23304179] inside=False
[obj_inside_of] obj=obj obj_pos=[ 3.8138645 -1.8013995  0.9700012] fixture_pos=[ 4.09914677 -1.19979889  0.97534056] fsize=[0.85139319 0.55       0.21540247] shifted_fpos=[ 4.09914677 -1.14979889  0.97534056] lower=[ 3.84914677 -1.34979889  0.71763932] upper=[ 4.34914677 -0.94979889  1.23304179] inside=False
[obj_inside_of] obj=obj obj_pos=[ 3.8138645 -1.8013995  0.9700012] fixture_pos=[ 4.09914677 -1.19979889  0.97534056] fsize=[0.85139319 0.55       0.21540247] shifted_fpos=[ 4.09914677 -1.14979889  0.97534056] lower=[ 3.84914677 -1.34979889  0.71763932] upper=[ 4.34914677 -0.94979889  1.23304179] inside=False
[obj_inside_of] obj=obj obj_pos=[ 3.8138645 -1.8013995  0.9700012] fixture_pos=[ 4.09914677 -1.19979889  0.97534056] fsize=[0.85139319 0.55       0.21540247] shifted_fpos=[ 4.09914677 -1.14979889  0.97534056] lower=[ 3.84914677 -1.34979889  0.71763932] upper=[ 4.34914677 -0.94979889  1.23304179] inside=False
[obj_inside_of] obj=obj obj_pos=[ 3.8138645 -1.8013995  0.9700012] fixture_pos=[ 4.09914677 -1.19979889  0.97534056] fsize=[0.85139319 0.55       0.21540247] shifted_fpos=[ 4.09914677 -1.14979889  0.97534056] lower=[ 3.84914677 -1.34979889  0.71763932] upper=[ 4.34914677 -0.94979889  1.23304179] inside=False
[obj_inside_of] obj=obj obj_pos=[ 3.8138645 -1.8013995  0.9700012] fixture_pos=[ 4.09914677 -1.19979889  0.97534056] fsize=[0.85139319 0.55       0.21540247] shifted_fpos=[ 4.09914677 -1.14979889  0.97534056] lower=[ 3.84914677 -1.34979889  0.71763932] upper=[ 4.34914677 -0.94979889  1.23304179] inside=False
[obj_inside_of] obj=obj obj_pos=[ 3.8138645 -1.8013995  0.9700012] fixture_pos=[ 4.09914677 -1.19979889  0.97534056] fsize=[0.85139319 0.55       0.21540247] shifted_fpos=[ 4.09914677 -1.14979889  0.97534056] lower=[ 3.84914677 -1.34979889  0.71763932] upper=[ 4.34914677 -0.94979889  1.23304179] inside=False
[obj_inside_of] obj=obj obj_pos=[ 3.8138645 -1.8013995  0.9700012] fixture_pos=[ 4.09914677 -1.19979889  0.97534056] fsize=[0.85139319 0.55       0.21540247] shifted_fpos=[ 4.09914677 -1.14979889  0.97534056] lower=[ 3.84914677 -1.34979889  0.71763932] upper=[ 4.34914677 -0.94979889  1.23304179] inside=False
[obj_inside_of] obj=obj obj_pos=[ 3.8138645 -1.8013995  0.9700012] fixture_pos=[ 4.09914677 -1.19979889  0.97534056] fsize=[0.85139319 0.55       0.21540247] shifted_fpos=[ 4.09914677 -1.14979889  0.97534056] lower=[ 3.84914677 -1.34979889  0.71763932] upper=[ 4.34914677 -0.94979889  1.23304179] inside=False
[obj_inside_of] obj=obj obj_pos=[ 3.8138645 -1.8013995  0.9700012] fixture_pos=[ 4.09914677 -1.19979889  0.97534056] fsize=[0.85139319 0.55       0.21540247] shifted_fpos=[ 4.09914677 -1.14979889  0.97534056] lower=[ 3.84914677 -1.34979889  0.71763932] upper=[ 4.34914677 -0.94979889  1.23304179] inside=False
[obj_inside_of] obj=obj obj_pos=[ 3.8138645 -1.8013995  0.9700012] fixture_pos=[ 4.09914677 -1.19979889  0.97534056] fsize=[0.85139319 0.55       0.21540247] shifted_fpos=[ 4.09914677 -1.14979889  0.97534056] lower=[ 3.84914677 -1.34979889  0.71763932] upper=[ 4.34914677 -0.94979889  1.23304179] inside=False
[obj_inside_of] obj=obj obj_pos=[ 3.8138645 -1.8013995  0.9700012] fixture_pos=[ 4.09914677 -1.19979889  0.97534056] fsize=[0.85139319 0.55       0.21540247] shifted_fpos=[ 4.09914677 -1.14979889  0.97534056] lower=[ 3.84914677 -1.34979889  0.71763932] upper=[ 4.34914677 -0.94979889  1.23304179] inside=False
[obj_inside_of] obj=obj obj_pos=[ 3.8138645 -1.8013995  0.9700012] fixture_pos=[ 4.09914677 -1.19979889  0.97534056] fsize=[0.85139319 0.55       0.21540247] shifted_fpos=[ 4.09914677 -1.14979889  0.97534056] lower=[ 3.84914677 -1.34979889  0.71763932] upper=[ 4.34914677 -0.94979889  1.23304179] inside=False
[viz-debug] base_link.pose=(3.543,-1.544) q=(1.000,0.000,-0.000,0.001) qpos[0:3]=(0.543,-0.344,0.001)
[obj_inside_of] obj=obj obj_pos=[ 3.8138645 -1.8013995  0.9700012] fixture_pos=[ 4.09914677 -1.19979889  0.97534056] fsize=[0.85139319 0.55       0.21540247] shifted_fpos=[ 4.09914677 -1.14979889  0.97534056] lower=[ 3.84914677 -1.34979889  0.71763932] upper=[ 4.34914677 -0.94979889  1.23304179] inside=False
[obj_inside_of] obj=obj obj_pos=[ 3.8138645 -1.8013995  0.9700012] fixture_pos=[ 4.09914677 -1.19979889  0.97534056] fsize=[0.85139319 0.55       0.21540247] shifted_fpos=[ 4.09914677 -1.14979889  0.97534056] lower=[ 3.84914677 -1.34979889  0.71763932] upper=[ 4.34914677 -0.94979889  1.23304179] inside=False
[obj_inside_of] obj=obj obj_pos=[ 3.8138645 -1.8013995  0.9700012] fixture_pos=[ 4.09914677 -1.19979889  0.97534056] fsize=[0.85139319 0.55       0.21540247] shifted_fpos=[ 4.09914677 -1.14979889  0.97534056] lower=[ 3.84914677 -1.34979889  0.71763932] upper=[ 4.34914677 -0.94979889  1.23304179] inside=False
[obj_inside_of] obj=obj obj_pos=[ 3.8138645 -1.8013995  0.9700012] fixture_pos=[ 4.09914677 -1.19979889  0.97534056] fsize=[0.85139319 0.55       0.21540247] shifted_fpos=[ 4.09914677 -1.14979889  0.97534056] lower=[ 3.84914677 -1.34979889  0.71763932] upper=[ 4.34914677 -0.94979889  1.23304179] inside=False
[obj_inside_of] obj=obj obj_pos=[ 3.8138645 -1.8013995  0.9700012] fixture_pos=[ 4.09914677 -1.19979889  0.97534056] fsize=[0.85139319 0.55       0.21540247] shifted_fpos=[ 4.09914677 -1.14979889  0.97534056] lower=[ 3.84914677 -1.34979889  0.71763932] upper=[ 4.34914677 -0.94979889  1.23304179] inside=False
[obj_inside_of] obj=obj obj_pos=[ 3.8138645 -1.8013995  0.9700012] fixture_pos=[ 4.09914677 -1.19979889  0.97534056] fsize=[0.85139319 0.55       0.21540247] shifted_fpos=[ 4.09914677 -1.14979889  0.97534056] lower=[ 3.84914677 -1.34979889  0.71763932] upper=[ 4.34914677 -0.94979889  1.23304179] inside=False
[obj_inside_of] obj=obj obj_pos=[ 3.8138645 -1.8013995  0.9700012] fixture_pos=[ 4.09914677 -1.19979889  0.97534056] fsize=[0.85139319 0.55       0.21540247] shifted_fpos=[ 4.09914677 -1.14979889  0.97534056] lower=[ 3.84914677 -1.34979889  0.71763932] upper=[ 4.34914677 -0.94979889  1.23304179] inside=False
[obj_inside_of] obj=obj obj_pos=[ 3.8138645 -1.8013995  0.9700012] fixture_pos=[ 4.09914677 -1.19979889  0.97534056] fsize=[0.85139319 0.55       0.21540247] shifted_fpos=[ 4.09914677 -1.14979889  0.97534056] lower=[ 3.84914677 -1.34979889  0.71763932] upper=[ 4.34914677 -0.94979889  1.23304179] inside=False
[obj_inside_of] obj=obj obj_pos=[ 3.8138645 -1.8013995  0.9700012] fixture_pos=[ 4.09914677 -1.19979889  0.97534056] fsize=[0.85139319 0.55       0.21540247] shifted_fpos=[ 4.09914677 -1.14979889  0.97534056] lower=[ 3.84914677 -1.34979889  0.71763932] upper=[ 4.34914677 -0.94979889  1.23304179] inside=False
[obj_inside_of] obj=obj obj_pos=[ 3.8138645 -1.8013995  0.9700012] fixture_pos=[ 4.09914677 -1.19979889  0.97534056] fsize=[0.85139319 0.55       0.21540247] shifted_fpos=[ 4.09914677 -1.14979889  0.97534056] lower=[ 3.84914677 -1.34979889  0.71763932] upper=[ 4.34914677 -0.94979889  1.23304179] inside=False
[obj_inside_of] obj=obj obj_pos=[ 3.8138645 -1.8013995  0.9700012] fixture_pos=[ 4.09914677 -1.19979889  0.97534056] fsize=[0.85139319 0.55       0.21540247] shifted_fpos=[ 4.09914677 -1.14979889  0.97534056] lower=[ 3.84914677 -1.34979889  0.71763932] upper=[ 4.34914677 -0.94979889  1.23304179] inside=False
[obj_inside_of] obj=obj obj_pos=[ 3.8138645 -1.8013995  0.9700012] fixture_pos=[ 4.09914677 -1.19979889  0.97534056] fsize=[0.85139319 0.55       0.21540247] shifted_fpos=[ 4.09914677 -1.14979889  0.97534056] lower=[ 3.84914677 -1.34979889  0.71763932] upper=[ 4.34914677 -0.94979889  1.23304179] inside=False
[obj_inside_of] obj=obj obj_pos=[ 3.8138645 -1.8013995  0.9700012] fixture_pos=[ 4.09914677 -1.19979889  0.97534056] fsize=[0.85139319 0.55       0.21540247] shifted_fpos=[ 4.09914677 -1.14979889  0.97534056] lower=[ 3.84914677 -1.34979889  0.71763932] upper=[ 4.34914677 -0.94979889  1.23304179] inside=False
[obj_inside_of] obj=obj obj_pos=[ 3.8138645 -1.8013995  0.9700012] fixture_pos=[ 4.09914677 -1.19979889  0.97534056] fsize=[0.85139319 0.55       0.21540247] shifted_fpos=[ 4.09914677 -1.14979889  0.97534056] lower=[ 3.84914677 -1.34979889  0.71763932] upper=[ 4.34914677 -0.94979889  1.23304179] inside=False
[obj_inside_of] obj=obj obj_pos=[ 3.8138645 -1.8013995  0.9700012] fixture_pos=[ 4.09914677 -1.19979889  0.97534056] fsize=[0.85139319 0.55       0.21540247] shifted_fpos=[ 4.09914677 -1.14979889  0.97534056] lower=[ 3.84914677 -1.34979889  0.71763932] upper=[ 4.34914677 -0.94979889  1.23304179] inside=False
[obj_inside_of] obj=obj obj_pos=[ 3.8138645 -1.8013995  0.9700012] fixture_pos=[ 4.09914677 -1.19979889  0.97534056] fsize=[0.85139319 0.55       0.21540247] shifted_fpos=[ 4.09914677 -1.14979889  0.97534056] lower=[ 3.84914677 -1.34979889  0.71763932] upper=[ 4.34914677 -0.94979889  1.23304179] inside=False
[obj_inside_of] obj=obj obj_pos=[ 3.8138645 -1.8013995  0.9700012] fixture_pos=[ 4.09914677 -1.19979889  0.97534056] fsize=[0.85139319 0.55       0.21540247] shifted_fpos=[ 4.09914677 -1.14979889  0.97534056] lower=[ 3.84914677 -1.34979889  0.71763932] upper=[ 4.34914677 -0.94979889  1.23304179] inside=False
[obj_inside_of] obj=obj obj_pos=[ 3.8138645 -1.8013995  0.9700012] fixture_pos=[ 4.09914677 -1.19979889  0.97534056] fsize=[0.85139319 0.55       0.21540247] shifted_fpos=[ 4.09914677 -1.14979889  0.97534056] lower=[ 3.84914677 -1.34979889  0.71763932] upper=[ 4.34914677 -0.94979889  1.23304179] inside=False
[obj_inside_of] obj=obj obj_pos=[ 3.8138645 -1.8013995  0.9700012] fixture_pos=[ 4.09914677 -1.19979889  0.97534056] fsize=[0.85139319 0.55       0.21540247] shifted_fpos=[ 4.09914677 -1.14979889  0.97534056] lower=[ 3.84914677 -1.34979889  0.71763932] upper=[ 4.34914677 -0.94979889  1.23304179] inside=False
[obj_inside_of] obj=obj obj_pos=[ 3.8138645 -1.8013995  0.9700012] fixture_pos=[ 4.09914677 -1.19979889  0.97534056] fsize=[0.85139319 0.55       0.21540247] shifted_fpos=[ 4.09914677 -1.14979889  0.97534056] lower=[ 3.84914677 -1.34979889  0.71763932] upper=[ 4.34914677 -0.94979889  1.23304179] inside=False
[obj_inside_of] obj=obj obj_pos=[ 3.8138645 -1.8013995  0.9700012] fixture_pos=[ 4.09914677 -1.19979889  0.97534056] fsize=[0.85139319 0.55       0.21540247] shifted_fpos=[ 4.09914677 -1.14979889  0.97534056] lower=[ 3.84914677 -1.34979889  0.71763932] upper=[ 4.34914677 -0.94979889  1.23304179] inside=False
[obj_inside_of] obj=obj obj_pos=[ 3.8138645 -1.8013995  0.9700012] fixture_pos=[ 4.09914677 -1.19979889  0.97534056] fsize=[0.85139319 0.55       0.21540247] shifted_fpos=[ 4.09914677 -1.14979889  0.97534056] lower=[ 3.84914677 -1.34979889  0.71763932] upper=[ 4.34914677 -0.94979889  1.23304179] inside=False
[obj_inside_of] obj=obj obj_pos=[ 3.8138645 -1.8013995  0.9700012] fixture_pos=[ 4.09914677 -1.19979889  0.97534056] fsize=[0.85139319 0.55       0.21540247] shifted_fpos=[ 4.09914677 -1.14979889  0.97534056] lower=[ 3.84914677 -1.34979889  0.71763932] upper=[ 4.34914677 -0.94979889  1.23304179] inside=False
[obj_inside_of] obj=obj obj_pos=[ 3.8138645 -1.8013995  0.9700012] fixture_pos=[ 4.09914677 -1.19979889  0.97534056] fsize=[0.85139319 0.55       0.21540247] shifted_fpos=[ 4.09914677 -1.14979889  0.97534056] lower=[ 3.84914677 -1.34979889  0.71763932] upper=[ 4.34914677 -0.94979889  1.23304179] inside=False
[obj_inside_of] obj=obj obj_pos=[ 3.8138645 -1.8013995  0.9700012] fixture_pos=[ 4.09914677 -1.19979889  0.97534056] fsize=[0.85139319 0.55       0.21540247] shifted_fpos=[ 4.09914677 -1.14979889  0.97534056] lower=[ 3.84914677 -1.34979889  0.71763932] upper=[ 4.34914677 -0.94979889  1.23304179] inside=False
[obj_inside_of] obj=obj obj_pos=[ 3.8138645 -1.8013995  0.9700012] fixture_pos=[ 4.09914677 -1.19979889  0.97534056] fsize=[0.85139319 0.55       0.21540247] shifted_fpos=[ 4.09914677 -1.14979889  0.97534056] lower=[ 3.84914677 -1.34979889  0.71763932] upper=[ 4.34914677 -0.94979889  1.23304179] inside=False
[obj_inside_of] obj=obj obj_pos=[ 3.8138645 -1.8013995  0.9700012] fixture_pos=[ 4.09914677 -1.19979889  0.97534056] fsize=[0.85139319 0.55       0.21540247] shifted_fpos=[ 4.09914677 -1.14979889  0.97534056] lower=[ 3.84914677 -1.34979889  0.71763932] upper=[ 4.34914677 -0.94979889  1.23304179] inside=False
[obj_inside_of] obj=obj obj_pos=[ 3.8138645 -1.8013995  0.9700012] fixture_pos=[ 4.09914677 -1.19979889  0.97534056] fsize=[0.85139319 0.55       0.21540247] shifted_fpos=[ 4.09914677 -1.14979889  0.97534056] lower=[ 3.84914677 -1.34979889  0.71763932] upper=[ 4.34914677 -0.94979889  1.23304179] inside=False
[obj_inside_of] obj=obj obj_pos=[ 3.8138645 -1.8013995  0.9700012] fixture_pos=[ 4.09914677 -1.19979889  0.97534056] fsize=[0.85139319 0.55       0.21540247] shifted_fpos=[ 4.09914677 -1.14979889  0.97534056] lower=[ 3.84914677 -1.34979889  0.71763932] upper=[ 4.34914677 -0.94979889  1.23304179] inside=False
[obj_inside_of] obj=obj obj_pos=[ 3.8138645 -1.8013995  0.9700012] fixture_pos=[ 4.09914677 -1.19979889  0.97534056] fsize=[0.85139319 0.55       0.21540247] shifted_fpos=[ 4.09914677 -1.14979889  0.97534056] lower=[ 3.84914677 -1.34979889  0.71763932] upper=[ 4.34914677 -0.94979889  1.23304179] inside=False
[obj_inside_of] obj=obj obj_pos=[ 3.8138645 -1.8013995  0.9700012] fixture_pos=[ 4.09914677 -1.19979889  0.97534056] fsize=[0.85139319 0.55       0.21540247] shifted_fpos=[ 4.09914677 -1.14979889  0.97534056] lower=[ 3.84914677 -1.34979889  0.71763932] upper=[ 4.34914677 -0.94979889  1.23304179] inside=False
[obj_inside_of] obj=obj obj_pos=[ 3.8138645 -1.8013995  0.9700012] fixture_pos=[ 4.09914677 -1.19979889  0.97534056] fsize=[0.85139319 0.55       0.21540247] shifted_fpos=[ 4.09914677 -1.14979889  0.97534056] lower=[ 3.84914677 -1.34979889  0.71763932] upper=[ 4.34914677 -0.94979889  1.23304179] inside=False
[obj_inside_of] obj=obj obj_pos=[ 3.8138645 -1.8013995  0.9700012] fixture_pos=[ 4.09914677 -1.19979889  0.97534056] fsize=[0.85139319 0.55       0.21540247] shifted_fpos=[ 4.09914677 -1.14979889  0.97534056] lower=[ 3.84914677 -1.34979889  0.71763932] upper=[ 4.34914677 -0.94979889  1.23304179] inside=False
[obj_inside_of] obj=obj obj_pos=[ 3.8138645 -1.8013995  0.9700012] fixture_pos=[ 4.09914677 -1.19979889  0.97534056] fsize=[0.85139319 0.55       0.21540247] shifted_fpos=[ 4.09914677 -1.14979889  0.97534056] lower=[ 3.84914677 -1.34979889  0.71763932] upper=[ 4.34914677 -0.94979889  1.23304179] inside=False
[obj_inside_of] obj=obj obj_pos=[ 3.8138645 -1.8013995  0.9700012] fixture_pos=[ 4.09914677 -1.19979889  0.97534056] fsize=[0.85139319 0.55       0.21540247] shifted_fpos=[ 4.09914677 -1.14979889  0.97534056] lower=[ 3.84914677 -1.34979889  0.71763932] upper=[ 4.34914677 -0.94979889  1.23304179] inside=False
[obj_inside_of] obj=obj obj_pos=[ 3.8138645 -1.8013995  0.9700012] fixture_pos=[ 4.09914677 -1.19979889  0.97534056] fsize=[0.85139319 0.55       0.21540247] shifted_fpos=[ 4.09914677 -1.14979889  0.97534056] lower=[ 3.84914677 -1.34979889  0.71763932] upper=[ 4.34914677 -0.94979889  1.23304179] inside=False
[obj_inside_of] obj=obj obj_pos=[ 3.8138645 -1.8013995  0.9700012] fixture_pos=[ 4.09914677 -1.19979889  0.97534056] fsize=[0.85139319 0.55       0.21540247] shifted_fpos=[ 4.09914677 -1.14979889  0.97534056] lower=[ 3.84914677 -1.34979889  0.71763932] upper=[ 4.34914677 -0.94979889  1.23304179] inside=False
[obj_inside_of] obj=obj obj_pos=[ 3.8138645 -1.8013995  0.9700012] fixture_pos=[ 4.09914677 -1.19979889  0.97534056] fsize=[0.85139319 0.55       0.21540247] shifted_fpos=[ 4.09914677 -1.14979889  0.97534056] lower=[ 3.84914677 -1.34979889  0.71763932] upper=[ 4.34914677 -0.94979889  1.23304179] inside=False
[obj_inside_of] obj=obj obj_pos=[ 3.8138645 -1.8013995  0.9700012] fixture_pos=[ 4.09914677 -1.19979889  0.97534056] fsize=[0.85139319 0.55       0.21540247] shifted_fpos=[ 4.09914677 -1.14979889  0.97534056] lower=[ 3.84914677 -1.34979889  0.71763932] upper=[ 4.34914677 -0.94979889  1.23304179] inside=False
[obj_inside_of] obj=obj obj_pos=[ 3.8138645 -1.8013995  0.9700012] fixture_pos=[ 4.09914677 -1.19979889  0.97534056] fsize=[0.85139319 0.55       0.21540247] shifted_fpos=[ 4.09914677 -1.14979889  0.97534056] lower=[ 3.84914677 -1.34979889  0.71763932] upper=[ 4.34914677 -0.94979889  1.23304179] inside=False
[obj_inside_of] obj=obj obj_pos=[ 3.8138645 -1.8013995  0.9700012] fixture_pos=[ 4.09914677 -1.19979889  0.97534056] fsize=[0.85139319 0.55       0.21540247] shifted_fpos=[ 4.09914677 -1.14979889  0.97534056] lower=[ 3.84914677 -1.34979889  0.71763932] upper=[ 4.34914677 -0.94979889  1.23304179] inside=False
[obj_inside_of] obj=obj obj_pos=[ 3.8138645 -1.8013995  0.9700012] fixture_pos=[ 4.09914677 -1.19979889  0.97534056] fsize=[0.85139319 0.55       0.21540247] shifted_fpos=[ 4.09914677 -1.14979889  0.97534056] lower=[ 3.84914677 -1.34979889  0.71763932] upper=[ 4.34914677 -0.94979889  1.23304179] inside=False
[obj_inside_of] obj=obj obj_pos=[ 3.8138645 -1.8013995  0.9700012] fixture_pos=[ 4.09914677 -1.19979889  0.97534056] fsize=[0.85139319 0.55       0.21540247] shifted_fpos=[ 4.09914677 -1.14979889  0.97534056] lower=[ 3.84914677 -1.34979889  0.71763932] upper=[ 4.34914677 -0.94979889  1.23304179] inside=False
[obj_inside_of] obj=obj obj_pos=[ 3.8138645 -1.8013995  0.9700012] fixture_pos=[ 4.09914677 -1.19979889  0.97534056] fsize=[0.85139319 0.55       0.21540247] shifted_fpos=[ 4.09914677 -1.14979889  0.97534056] lower=[ 3.84914677 -1.34979889  0.71763932] upper=[ 4.34914677 -0.94979889  1.23304179] inside=False
[obj_inside_of] obj=obj obj_pos=[ 3.8138645 -1.8013995  0.9700012] fixture_pos=[ 4.09914677 -1.19979889  0.97534056] fsize=[0.85139319 0.55       0.21540247] shifted_fpos=[ 4.09914677 -1.14979889  0.97534056] lower=[ 3.84914677 -1.34979889  0.71763932] upper=[ 4.34914677 -0.94979889  1.23304179] inside=False
[obj_inside_of] obj=obj obj_pos=[ 3.8138645 -1.8013995  0.9700012] fixture_pos=[ 4.09914677 -1.19979889  0.97534056] fsize=[0.85139319 0.55       0.21540247] shifted_fpos=[ 4.09914677 -1.14979889  0.97534056] lower=[ 3.84914677 -1.34979889  0.71763932] upper=[ 4.34914677 -0.94979889  1.23304179] inside=False
[perceive] 1 objects from ['base_camera', 'wrist_camera']: ['boxed_drink']
[obj_inside_of] obj=obj obj_pos=[ 3.8138645 -1.8013995  0.9700012] fixture_pos=[ 4.09914677 -1.19979889  0.97534056] fsize=[0.85139319 0.55       0.21540247] shifted_fpos=[ 4.09914677 -1.14979889  0.97534056] lower=[ 3.84914677 -1.34979889  0.71763932] upper=[ 4.34914677 -0.94979889  1.23304179] inside=False
[obj_inside_of] obj=obj obj_pos=[ 3.8138645 -1.8013995  0.9700012] fixture_pos=[ 4.09914677 -1.19979889  0.97534056] fsize=[0.85139319 0.55       0.21540247] shifted_fpos=[ 4.09914677 -1.14979889  0.97534056] lower=[ 3.84914677 -1.34979889  0.71763932] upper=[ 4.34914677 -0.94979889  1.23304179] inside=False
[obj_inside_of] obj=obj obj_pos=[ 3.8138645 -1.8013995  0.9700012] fixture_pos=[ 4.09914677 -1.19979889  0.97534056] fsize=[0.85139319 0.55       0.21540247] shifted_fpos=[ 4.09914677 -1.14979889  0.97534056] lower=[ 3.84914677 -1.34979889  0.71763932] upper=[ 4.34914677 -0.94979889  1.23304179] inside=False
[obj_inside_of] obj=obj obj_pos=[ 3.8138645 -1.8013995  0.9700012] fixture_pos=[ 4.09914677 -1.19979889  0.97534056] fsize=[0.85139319 0.55       0.21540247] shifted_fpos=[ 4.09914677 -1.14979889  0.97534056] lower=[ 3.84914677 -1.34979889  0.71763932] upper=[ 4.34914677 -0.94979889  1.23304179] inside=False
[obj_inside_of] obj=obj obj_pos=[ 3.8138645 -1.8013995  0.9700012] fixture_pos=[ 4.09914677 -1.19979889  0.97534056] fsize=[0.85139319 0.55       0.21540247] shifted_fpos=[ 4.09914677 -1.14979889  0.97534056] lower=[ 3.84914677 -1.34979889  0.71763932] upper=[ 4.34914677 -0.94979889  1.23304179] inside=False
[obj_inside_of] obj=obj obj_pos=[ 3.8138645 -1.8013995  0.9700012] fixture_pos=[ 4.09914677 -1.19979889  0.97534056] fsize=[0.85139319 0.55       0.21540247] shifted_fpos=[ 4.09914677 -1.14979889  0.97534056] lower=[ 3.84914677 -1.34979889  0.71763932] upper=[ 4.34914677 -0.94979889  1.23304179] inside=False
[obj_inside_of] obj=obj obj_pos=[ 3.8138645 -1.8013995  0.9700012] fixture_pos=[ 4.09914677 -1.19979889  0.97534056] fsize=[0.85139319 0.55       0.21540247] shifted_fpos=[ 4.09914677 -1.14979889  0.97534056] lower=[ 3.84914677 -1.34979889  0.71763932] upper=[ 4.34914677 -0.94979889  1.23304179] inside=False
[obj_inside_of] obj=obj obj_pos=[ 3.8138645 -1.8013995  0.9700012] fixture_pos=[ 4.09914677 -1.19979889  0.97534056] fsize=[0.85139319 0.55       0.21540247] shifted_fpos=[ 4.09914677 -1.14979889  0.97534056] lower=[ 3.84914677 -1.34979889  0.71763932] upper=[ 4.34914677 -0.94979889  1.23304179] inside=False
[obj_inside_of] obj=obj obj_pos=[ 3.8138645 -1.8013995  0.9700012] fixture_pos=[ 4.09914677 -1.19979889  0.97534056] fsize=[0.85139319 0.55       0.21540247] shifted_fpos=[ 4.09914677 -1.14979889  0.97534056] lower=[ 3.84914677 -1.34979889  0.71763932] upper=[ 4.34914677 -0.94979889  1.23304179] inside=False
[obj_inside_of] obj=obj obj_pos=[ 3.8138645 -1.8013995  0.9700012] fixture_pos=[ 4.09914677 -1.19979889  0.97534056] fsize=[0.85139319 0.55       0.21540247] shifted_fpos=[ 4.09914677 -1.14979889  0.97534056] lower=[ 3.84914677 -1.34979889  0.71763932] upper=[ 4.34914677 -0.94979889  1.23304179] inside=False
[obj_inside_of] obj=obj obj_pos=[ 3.8138645 -1.8013995  0.9700012] fixture_pos=[ 4.09914677 -1.19979889  0.97534056] fsize=[0.85139319 0.55       0.21540247] shifted_fpos=[ 4.09914677 -1.14979889  0.97534056] lower=[ 3.84914677 -1.34979889  0.71763932] upper=[ 4.34914677 -0.94979889  1.23304179] inside=False
[obj_inside_of] obj=obj obj_pos=[ 3.8138645 -1.8013995  0.9700012] fixture_pos=[ 4.09914677 -1.19979889  0.97534056] fsize=[0.85139319 0.55       0.21540247] shifted_fpos=[ 4.09914677 -1.14979889  0.97534056] lower=[ 3.84914677 -1.34979889  0.71763932] upper=[ 4.34914677 -0.94979889  1.23304179] inside=False
[obj_inside_of] obj=obj obj_pos=[ 3.8138645 -1.8013995  0.9700012] fixture_pos=[ 4.09914677 -1.19979889  0.97534056] fsize=[0.85139319 0.55       0.21540247] shifted_fpos=[ 4.09914677 -1.14979889  0.97534056] lower=[ 3.84914677 -1.34979889  0.71763932] upper=[ 4.34914677 -0.94979889  1.23304179] inside=False
[obj_inside_of] obj=obj obj_pos=[ 3.8138645 -1.8013995  0.9700012] fixture_pos=[ 4.09914677 -1.19979889  0.97534056] fsize=[0.85139319 0.55       0.21540247] shifted_fpos=[ 4.09914677 -1.14979889  0.97534056] lower=[ 3.84914677 -1.34979889  0.71763932] upper=[ 4.34914677 -0.94979889  1.23304179] inside=False
[obj_inside_of] obj=obj obj_pos=[ 3.8138645 -1.8013995  0.9700012] fixture_pos=[ 4.09914677 -1.19979889  0.97534056] fsize=[0.85139319 0.55       0.21540247] shifted_fpos=[ 4.09914677 -1.14979889  0.97534056] lower=[ 3.84914677 -1.34979889  0.71763932] upper=[ 4.34914677 -0.94979889  1.23304179] inside=False
[obj_inside_of] obj=obj obj_pos=[ 3.8138645 -1.8013995  0.9700012] fixture_pos=[ 4.09914677 -1.19979889  0.97534056] fsize=[0.85139319 0.55       0.21540247] shifted_fpos=[ 4.09914677 -1.14979889  0.97534056] lower=[ 3.84914677 -1.34979889  0.71763932] upper=[ 4.34914677 -0.94979889  1.23304179] inside=False
[obj_inside_of] obj=obj obj_pos=[ 3.8138645 -1.8013995  0.9700012] fixture_pos=[ 4.09914677 -1.19979889  0.97534056] fsize=[0.85139319 0.55       0.21540247] shifted_fpos=[ 4.09914677 -1.14979889  0.97534056] lower=[ 3.84914677 -1.34979889  0.71763932] upper=[ 4.34914677 -0.94979889  1.23304179] inside=False
[obj_inside_of] obj=obj obj_pos=[ 3.8138645 -1.8013995  0.9700012] fixture_pos=[ 4.09914677 -1.19979889  0.97534056] fsize=[0.85139319 0.55       0.21540247] shifted_fpos=[ 4.09914677 -1.14979889  0.97534056] lower=[ 3.84914677 -1.34979889  0.71763932] upper=[ 4.34914677 -0.94979889  1.23304179] inside=False
[obj_inside_of] obj=obj obj_pos=[ 3.8138645 -1.8013995  0.9700012] fixture_pos=[ 4.09914677 -1.19979889  0.97534056] fsize=[0.85139319 0.55       0.21540247] shifted_fpos=[ 4.09914677 -1.14979889  0.97534056] lower=[ 3.84914677 -1.34979889  0.71763932] upper=[ 4.34914677 -0.94979889  1.23304179] inside=False
[obj_inside_of] obj=obj obj_pos=[ 3.8138645 -1.8013995  0.9700012] fixture_pos=[ 4.09914677 -1.19979889  0.97534056] fsize=[0.85139319 0.55       0.21540247] shifted_fpos=[ 4.09914677 -1.14979889  0.97534056] lower=[ 3.84914677 -1.34979889  0.71763932] upper=[ 4.34914677 -0.94979889  1.23304179] inside=False
[obj_inside_of] obj=obj obj_pos=[ 3.8138645 -1.8013995  0.9700012] fixture_pos=[ 4.09914677 -1.19979889  0.97534056] fsize=[0.85139319 0.55       0.21540247] shifted_fpos=[ 4.09914677 -1.14979889  0.97534056] lower=[ 3.84914677 -1.34979889  0.71763932] upper=[ 4.34914677 -0.94979889  1.23304179] inside=False
[obj_inside_of] obj=obj obj_pos=[ 3.8138645 -1.8013995  0.9700012] fixture_pos=[ 4.09914677 -1.19979889  0.97534056] fsize=[0.85139319 0.55       0.21540247] shifted_fpos=[ 4.09914677 -1.14979889  0.97534056] lower=[ 3.84914677 -1.34979889  0.71763932] upper=[ 4.34914677 -0.94979889  1.23304179] inside=False
[obj_inside_of] obj=obj obj_pos=[ 3.8138645 -1.8013995  0.9700012] fixture_pos=[ 4.09914677 -1.19979889  0.97534056] fsize=[0.85139319 0.55       0.21540247] shifted_fpos=[ 4.09914677 -1.14979889  0.97534056] lower=[ 3.84914677 -1.34979889  0.71763932] upper=[ 4.34914677 -0.94979889  1.23304179] inside=False
[obj_inside_of] obj=obj obj_pos=[ 3.8138645 -1.8013995  0.9700012] fixture_pos=[ 4.09914677 -1.19979889  0.97534056] fsize=[0.85139319 0.55       0.21540247] shifted_fpos=[ 4.09914677 -1.14979889  0.97534056] lower=[ 3.84914677 -1.34979889  0.71763932] upper=[ 4.34914677 -0.94979889  1.23304179] inside=False
[obj_inside_of] obj=obj obj_pos=[ 3.8138645 -1.8013995  0.9700012] fixture_pos=[ 4.09914677 -1.19979889  0.97534056] fsize=[0.85139319 0.55       0.21540247] shifted_fpos=[ 4.09914677 -1.14979889  0.97534056] lower=[ 3.84914677 -1.34979889  0.71763932] upper=[ 4.34914677 -0.94979889  1.23304179] inside=False
[obj_inside_of] obj=obj obj_pos=[ 3.8138645 -1.8013995  0.9700012] fixture_pos=[ 4.09914677 -1.19979889  0.97534056] fsize=[0.85139319 0.55       0.21540247] shifted_fpos=[ 4.09914677 -1.14979889  0.97534056] lower=[ 3.84914677 -1.34979889  0.71763932] upper=[ 4.34914677 -0.94979889  1.23304179] inside=False
[obj_inside_of] obj=obj obj_pos=[ 3.8138645 -1.8013995  0.9700012] fixture_pos=[ 4.09914677 -1.19979889  0.97534056] fsize=[0.85139319 0.55       0.21540247] shifted_fpos=[ 4.09914677 -1.14979889  0.97534056] lower=[ 3.84914677 -1.34979889  0.71763932] upper=[ 4.34914677 -0.94979889  1.23304179] inside=False
[obj_inside_of] obj=obj obj_pos=[ 3.8138645 -1.8013995  0.9700012] fixture_pos=[ 4.09914677 -1.19979889  0.97534056] fsize=[0.85139319 0.55       0.21540247] shifted_fpos=[ 4.09914677 -1.14979889  0.97534056] lower=[ 3.84914677 -1.34979889  0.71763932] upper=[ 4.34914677 -0.94979889  1.23304179] inside=False
[obj_inside_of] obj=obj obj_pos=[ 3.8138645 -1.8013995  0.9700012] fixture_pos=[ 4.09914677 -1.19979889  0.97534056] fsize=[0.85139319 0.55       0.21540247] shifted_fpos=[ 4.09914677 -1.14979889  0.97534056] lower=[ 3.84914677 -1.34979889  0.71763932] upper=[ 4.34914677 -0.94979889  1.23304179] inside=False
[obj_inside_of] obj=obj obj_pos=[ 3.8138645 -1.8013995  0.9700012] fixture_pos=[ 4.09914677 -1.19979889  0.97534056] fsize=[0.85139319 0.55       0.21540247] shifted_fpos=[ 4.09914677 -1.14979889  0.97534056] lower=[ 3.84914677 -1.34979889  0.71763932] upper=[ 4.34914677 -0.94979889  1.23304179] inside=False
[obj_inside_of] obj=obj obj_pos=[ 3.8138645 -1.8013995  0.9700012] fixture_pos=[ 4.09914677 -1.19979889  0.97534056] fsize=[0.85139319 0.55       0.21540247] shifted_fpos=[ 4.09914677 -1.14979889  0.97534056] lower=[ 3.84914677 -1.34979889  0.71763932] upper=[ 4.34914677 -0.94979889  1.23304179] inside=False
[obj_inside_of] obj=obj obj_pos=[ 3.8138645 -1.8013995  0.9700012] fixture_pos=[ 4.09914677 -1.19979889  0.97534056] fsize=[0.85139319 0.55       0.21540247] shifted_fpos=[ 4.09914677 -1.14979889  0.97534056] lower=[ 3.84914677 -1.34979889  0.71763932] upper=[ 4.34914677 -0.94979889  1.23304179] inside=False
[obj_inside_of] obj=obj obj_pos=[ 3.8138645 -1.8013995  0.9700012] fixture_pos=[ 4.09914677 -1.19979889  0.97534056] fsize=[0.85139319 0.55       0.21540247] shifted_fpos=[ 4.09914677 -1.14979889  0.97534056] lower=[ 3.84914677 -1.34979889  0.71763932] upper=[ 4.34914677 -0.94979889  1.23304179] inside=False
[obj_inside_of] obj=obj obj_pos=[ 3.8138645 -1.8013995  0.9700012] fixture_pos=[ 4.09914677 -1.19979889  0.97534056] fsize=[0.85139319 0.55       0.21540247] shifted_fpos=[ 4.09914677 -1.14979889  0.97534056] lower=[ 3.84914677 -1.34979889  0.71763932] upper=[ 4.34914677 -0.94979889  1.23304179] inside=False
[obj_inside_of] obj=obj obj_pos=[ 3.8138645 -1.8013995  0.9700012] fixture_pos=[ 4.09914677 -1.19979889  0.97534056] fsize=[0.85139319 0.55       0.21540247] shifted_fpos=[ 4.09914677 -1.14979889  0.97534056] lower=[ 3.84914677 -1.34979889  0.71763932] upper=[ 4.34914677 -0.94979889  1.23304179] inside=False
[obj_inside_of] obj=obj obj_pos=[ 3.8138645 -1.8013995  0.9700012] fixture_pos=[ 4.09914677 -1.19979889  0.97534056] fsize=[0.85139319 0.55       0.21540247] shifted_fpos=[ 4.09914677 -1.14979889  0.97534056] lower=[ 3.84914677 -1.34979889  0.71763932] upper=[ 4.34914677 -0.94979889  1.23304179] inside=False
[obj_inside_of] obj=obj obj_pos=[ 3.8138645 -1.8013995  0.9700012] fixture_pos=[ 4.09914677 -1.19979889  0.97534056] fsize=[0.85139319 0.55       0.21540247] shifted_fpos=[ 4.09914677 -1.14979889  0.97534056] lower=[ 3.84914677 -1.34979889  0.71763932] upper=[ 4.34914677 -0.94979889  1.23304179] inside=False
[obj_inside_of] obj=obj obj_pos=[ 3.8138645 -1.8013995  0.9700012] fixture_pos=[ 4.09914677 -1.19979889  0.97534056] fsize=[0.85139319 0.55       0.21540247] shifted_fpos=[ 4.09914677 -1.14979889  0.97534056] lower=[ 3.84914677 -1.34979889  0.71763932] upper=[ 4.34914677 -0.94979889  1.23304179] inside=False
[obj_inside_of] obj=obj obj_pos=[ 3.8138645 -1.8013995  0.9700012] fixture_pos=[ 4.09914677 -1.19979889  0.97534056] fsize=[0.85139319 0.55       0.21540247] shifted_fpos=[ 4.09914677 -1.14979889  0.97534056] lower=[ 3.84914677 -1.34979889  0.71763932] upper=[ 4.34914677 -0.94979889  1.23304179] inside=False
[obj_inside_of] obj=obj obj_pos=[ 3.8138645 -1.8013995  0.9700012] fixture_pos=[ 4.09914677 -1.19979889  0.97534056] fsize=[0.85139319 0.55       0.21540247] shifted_fpos=[ 4.09914677 -1.14979889  0.97534056] lower=[ 3.84914677 -1.34979889  0.71763932] upper=[ 4.34914677 -0.94979889  1.23304179] inside=False
[obj_inside_of] obj=obj obj_pos=[ 3.8138645 -1.8013995  0.9700012] fixture_pos=[ 4.09914677 -1.19979889  0.97534056] fsize=[0.85139319 0.55       0.21540247] shifted_fpos=[ 4.09914677 -1.14979889  0.97534056] lower=[ 3.84914677 -1.34979889  0.71763932] upper=[ 4.34914677 -0.94979889  1.23304179] inside=False
[obj_inside_of] obj=obj obj_pos=[ 3.8138645 -1.8013995  0.9700012] fixture_pos=[ 4.09914677 -1.19979889  0.97534056] fsize=[0.85139319 0.55       0.21540247] shifted_fpos=[ 4.09914677 -1.14979889  0.97534056] lower=[ 3.84914677 -1.34979889  0.71763932] upper=[ 4.34914677 -0.94979889  1.23304179] inside=False
[obj_inside_of] obj=obj obj_pos=[ 3.8138645 -1.8013995  0.9700012] fixture_pos=[ 4.09914677 -1.19979889  0.97534056] fsize=[0.85139319 0.55       0.21540247] shifted_fpos=[ 4.09914677 -1.14979889  0.97534056] lower=[ 3.84914677 -1.34979889  0.71763932] upper=[ 4.34914677 -0.94979889  1.23304179] inside=False
[obj_inside_of] obj=obj obj_pos=[ 3.8138645 -1.8013995  0.9700012] fixture_pos=[ 4.09914677 -1.19979889  0.97534056] fsize=[0.85139319 0.55       0.21540247] shifted_fpos=[ 4.09914677 -1.14979889  0.97534056] lower=[ 3.84914677 -1.34979889  0.71763932] upper=[ 4.34914677 -0.94979889  1.23304179] inside=False
[obj_inside_of] obj=obj obj_pos=[ 3.8138645 -1.8013995  0.9700012] fixture_pos=[ 4.09914677 -1.19979889  0.97534056] fsize=[0.85139319 0.55       0.21540247] shifted_fpos=[ 4.09914677 -1.14979889  0.97534056] lower=[ 3.84914677 -1.34979889  0.71763932] upper=[ 4.34914677 -0.94979889  1.23304179] inside=False
[obj_inside_of] obj=obj obj_pos=[ 3.8138645 -1.8013995  0.9700012] fixture_pos=[ 4.09914677 -1.19979889  0.97534056] fsize=[0.85139319 0.55       0.21540247] shifted_fpos=[ 4.09914677 -1.14979889  0.97534056] lower=[ 3.84914677 -1.34979889  0.71763932] upper=[ 4.34914677 -0.94979889  1.23304179] inside=False
[obj_inside_of] obj=obj obj_pos=[ 3.8138645 -1.8013995  0.9700012] fixture_pos=[ 4.09914677 -1.19979889  0.97534056] fsize=[0.85139319 0.55       0.21540247] shifted_fpos=[ 4.09914677 -1.14979889  0.97534056] lower=[ 3.84914677 -1.34979889  0.71763932] upper=[ 4.34914677 -0.94979889  1.23304179] inside=False
[obj_inside_of] obj=obj obj_pos=[ 3.8138645 -1.8013995  0.9700012] fixture_pos=[ 4.09914677 -1.19979889  0.97534056] fsize=[0.85139319 0.55       0.21540247] shifted_fpos=[ 4.09914677 -1.14979889  0.97534056] lower=[ 3.84914677 -1.34979889  0.71763932] upper=[ 4.34914677 -0.94979889  1.23304179] inside=False
[obj_inside_of] obj=obj obj_pos=[ 3.8138645 -1.8013995  0.9700012] fixture_pos=[ 4.09914677 -1.19979889  0.97534056] fsize=[0.85139319 0.55       0.21540247] shifted_fpos=[ 4.09914677 -1.14979889  0.97534056] lower=[ 3.84914677 -1.34979889  0.71763932] upper=[ 4.34914677 -0.94979889  1.23304179] inside=False
[obj_inside_of] obj=obj obj_pos=[ 3.8138645 -1.8013995  0.9700012] fixture_pos=[ 4.09914677 -1.19979889  0.97534056] fsize=[0.85139319 0.55       0.21540247] shifted_fpos=[ 4.09914677 -1.14979889  0.97534056] lower=[ 3.84914677 -1.34979889  0.71763932] upper=[ 4.34914677 -0.94979889  1.23304179] inside=False
[obj_inside_of] obj=obj obj_pos=[ 3.8138645 -1.8013995  0.9700012] fixture_pos=[ 4.09914677 -1.19979889  0.97534056] fsize=[0.85139319 0.55       0.21540247] shifted_fpos=[ 4.09914677 -1.14979889  0.97534056] lower=[ 3.84914677 -1.34979889  0.71763932] upper=[ 4.34914677 -0.94979889  1.23304179] inside=False
[obj_inside_of] obj=obj obj_pos=[ 3.8138645 -1.8013995  0.9700012] fixture_pos=[ 4.09914677 -1.19979889  0.97534056] fsize=[0.85139319 0.55       0.21540247] shifted_fpos=[ 4.09914677 -1.14979889  0.97534056] lower=[ 3.84914677 -1.34979889  0.71763932] upper=[ 4.34914677 -0.94979889  1.23304179] inside=False
[obj_inside_of] obj=obj obj_pos=[ 3.8138645 -1.8013995  0.9700012] fixture_pos=[ 4.09914677 -1.19979889  0.97534056] fsize=[0.85139319 0.55       0.21540247] shifted_fpos=[ 4.09914677 -1.14979889  0.97534056] lower=[ 3.84914677 -1.34979889  0.71763932] upper=[ 4.34914677 -0.94979889  1.23304179] inside=False
[obj_inside_of] obj=obj obj_pos=[ 3.8138645 -1.8013995  0.9700012] fixture_pos=[ 4.09914677 -1.19979889  0.97534056] fsize=[0.85139319 0.55       0.21540247] shifted_fpos=[ 4.09914677 -1.14979889  0.97534056] lower=[ 3.84914677 -1.34979889  0.71763932] upper=[ 4.34914677 -0.94979889  1.23304179] inside=False
[obj_inside_of] obj=obj obj_pos=[ 3.8138645 -1.8013995  0.9700012] fixture_pos=[ 4.09914677 -1.19979889  0.97534056] fsize=[0.85139319 0.55       0.21540247] shifted_fpos=[ 4.09914677 -1.14979889  0.97534056] lower=[ 3.84914677 -1.34979889  0.71763932] upper=[ 4.34914677 -0.94979889  1.23304179] inside=False
[obj_inside_of] obj=obj obj_pos=[ 3.8138645 -1.8013995  0.9700012] fixture_pos=[ 4.09914677 -1.19979889  0.97534056] fsize=[0.85139319 0.55       0.21540247] shifted_fpos=[ 4.09914677 -1.14979889  0.97534056] lower=[ 3.84914677 -1.34979889  0.71763932] upper=[ 4.34914677 -0.94979889  1.23304179] inside=False
[obj_inside_of] obj=obj obj_pos=[ 3.8138645 -1.8013995  0.9700012] fixture_pos=[ 4.09914677 -1.19979889  0.97534056] fsize=[0.85139319 0.55       0.21540247] shifted_fpos=[ 4.09914677 -1.14979889  0.97534056] lower=[ 3.84914677 -1.34979889  0.71763932] upper=[ 4.34914677 -0.94979889  1.23304179] inside=False
[obj_inside_of] obj=obj obj_pos=[ 3.8138645 -1.8013995  0.9700012] fixture_pos=[ 4.09914677 -1.19979889  0.97534056] fsize=[0.85139319 0.55       0.21540247] shifted_fpos=[ 4.09914677 -1.14979889  0.97534056] lower=[ 3.84914677 -1.34979889  0.71763932] upper=[ 4.34914677 -0.94979889  1.23304179] inside=False
[obj_inside_of] obj=obj obj_pos=[ 3.8138645 -1.8013995  0.9700012] fixture_pos=[ 4.09914677 -1.19979889  0.97534056] fsize=[0.85139319 0.55       0.21540247] shifted_fpos=[ 4.09914677 -1.14979889  0.97534056] lower=[ 3.84914677 -1.34979889  0.71763932] upper=[ 4.34914677 -0.94979889  1.23304179] inside=False
[obj_inside_of] obj=obj obj_pos=[ 3.8138645 -1.8013995  0.9700012] fixture_pos=[ 4.09914677 -1.19979889  0.97534056] fsize=[0.85139319 0.55       0.21540247] shifted_fpos=[ 4.09914677 -1.14979889  0.97534056] lower=[ 3.84914677 -1.34979889  0.71763932] upper=[ 4.34914677 -0.94979889  1.23304179] inside=False
[obj_inside_of] obj=obj obj_pos=[ 3.8138645 -1.8013995  0.9700012] fixture_pos=[ 4.09914677 -1.19979889  0.97534056] fsize=[0.85139319 0.55       0.21540247] shifted_fpos=[ 4.09914677 -1.14979889  0.97534056] lower=[ 3.84914677 -1.34979889  0.71763932] upper=[ 4.34914677 -0.94979889  1.23304179] inside=False
[obj_inside_of] obj=obj obj_pos=[ 3.8138645 -1.8013995  0.9700012] fixture_pos=[ 4.09914677 -1.19979889  0.97534056] fsize=[0.85139319 0.55       0.21540247] shifted_fpos=[ 4.09914677 -1.14979889  0.97534056] lower=[ 3.84914677 -1.34979889  0.71763932] upper=[ 4.34914677 -0.94979889  1.23304179] inside=False
[obj_inside_of] obj=obj obj_pos=[ 3.8138645 -1.8013995  0.9700012] fixture_pos=[ 4.09914677 -1.19979889  0.97534056] fsize=[0.85139319 0.55       0.21540247] shifted_fpos=[ 4.09914677 -1.14979889  0.97534056] lower=[ 3.84914677 -1.34979889  0.71763932] upper=[ 4.34914677 -0.94979889  1.23304179] inside=False
[obj_inside_of] obj=obj obj_pos=[ 3.8138645 -1.8013995  0.9700012] fixture_pos=[ 4.09914677 -1.19979889  0.97534056] fsize=[0.85139319 0.55       0.21540247] shifted_fpos=[ 4.09914677 -1.14979889  0.97534056] lower=[ 3.84914677 -1.34979889  0.71763932] upper=[ 4.34914677 -0.94979889  1.23304179] inside=False
[obj_inside_of] obj=obj obj_pos=[ 3.8138645 -1.8013995  0.9700012] fixture_pos=[ 4.09914677 -1.19979889  0.97534056] fsize=[0.85139319 0.55       0.21540247] shifted_fpos=[ 4.09914677 -1.14979889  0.97534056] lower=[ 3.84914677 -1.34979889  0.71763932] upper=[ 4.34914677 -0.94979889  1.23304179] inside=False
[obj_inside_of] obj=obj obj_pos=[ 3.8138645 -1.8013995  0.9700012] fixture_pos=[ 4.09914677 -1.19979889  0.97534056] fsize=[0.85139319 0.55       0.21540247] shifted_fpos=[ 4.09914677 -1.14979889  0.97534056] lower=[ 3.84914677 -1.34979889  0.71763932] upper=[ 4.34914677 -0.94979889  1.23304179] inside=False
[obj_inside_of] obj=obj obj_pos=[ 3.8138645 -1.8013995  0.9700012] fixture_pos=[ 4.09914677 -1.19979889  0.97534056] fsize=[0.85139319 0.55       0.21540247] shifted_fpos=[ 4.09914677 -1.14979889  0.97534056] lower=[ 3.84914677 -1.34979889  0.71763932] upper=[ 4.34914677 -0.94979889  1.23304179] inside=False
[obj_inside_of] obj=obj obj_pos=[ 3.8138645 -1.8013995  0.9700012] fixture_pos=[ 4.09914677 -1.19979889  0.97534056] fsize=[0.85139319 0.55       0.21540247] shifted_fpos=[ 4.09914677 -1.14979889  0.97534056] lower=[ 3.84914677 -1.34979889  0.71763932] upper=[ 4.34914677 -0.94979889  1.23304179] inside=False
[obj_inside_of] obj=obj obj_pos=[ 3.8138645 -1.8013995  0.9700012] fixture_pos=[ 4.09914677 -1.19979889  0.97534056] fsize=[0.85139319 0.55       0.21540247] shifted_fpos=[ 4.09914677 -1.14979889  0.97534056] lower=[ 3.84914677 -1.34979889  0.71763932] upper=[ 4.34914677 -0.94979889  1.23304179] inside=False
[obj_inside_of] obj=obj obj_pos=[ 3.8138645 -1.8013995  0.9700012] fixture_pos=[ 4.09914677 -1.19979889  0.97534056] fsize=[0.85139319 0.55       0.21540247] shifted_fpos=[ 4.09914677 -1.14979889  0.97534056] lower=[ 3.84914677 -1.34979889  0.71763932] upper=[ 4.34914677 -0.94979889  1.23304179] inside=False
[obj_inside_of] obj=obj obj_pos=[ 3.8138645 -1.8013995  0.9700012] fixture_pos=[ 4.09914677 -1.19979889  0.97534056] fsize=[0.85139319 0.55       0.21540247] shifted_fpos=[ 4.09914677 -1.14979889  0.97534056] lower=[ 3.84914677 -1.34979889  0.71763932] upper=[ 4.34914677 -0.94979889  1.23304179] inside=False
[obj_inside_of] obj=obj obj_pos=[ 3.8138645 -1.8013995  0.9700012] fixture_pos=[ 4.09914677 -1.19979889  0.97534056] fsize=[0.85139319 0.55       0.21540247] shifted_fpos=[ 4.09914677 -1.14979889  0.97534056] lower=[ 3.84914677 -1.34979889  0.71763932] upper=[ 4.34914677 -0.94979889  1.23304179] inside=False
[obj_inside_of] obj=obj obj_pos=[ 3.8138645 -1.8013995  0.9700012] fixture_pos=[ 4.09914677 -1.19979889  0.97534056] fsize=[0.85139319 0.55       0.21540247] shifted_fpos=[ 4.09914677 -1.14979889  0.97534056] lower=[ 3.84914677 -1.34979889  0.71763932] upper=[ 4.34914677 -0.94979889  1.23304179] inside=False
[obj_inside_of] obj=obj obj_pos=[ 3.8138645 -1.8013995  0.9700012] fixture_pos=[ 4.09914677 -1.19979889  0.97534056] fsize=[0.85139319 0.55       0.21540247] shifted_fpos=[ 4.09914677 -1.14979889  0.97534056] lower=[ 3.84914677 -1.34979889  0.71763932] upper=[ 4.34914677 -0.94979889  1.23304179] inside=False
[obj_inside_of] obj=obj obj_pos=[ 3.8138645 -1.8013995  0.9700012] fixture_pos=[ 4.09914677 -1.19979889  0.97534056] fsize=[0.85139319 0.55       0.21540247] shifted_fpos=[ 4.09914677 -1.14979889  0.97534056] lower=[ 3.84914677 -1.34979889  0.71763932] upper=[ 4.34914677 -0.94979889  1.23304179] inside=False
[obj_inside_of] obj=obj obj_pos=[ 3.8138645 -1.8013995  0.9700012] fixture_pos=[ 4.09914677 -1.19979889  0.97534056] fsize=[0.85139319 0.55       0.21540247] shifted_fpos=[ 4.09914677 -1.14979889  0.97534056] lower=[ 3.84914677 -1.34979889  0.71763932] upper=[ 4.34914677 -0.94979889  1.23304179] inside=False
[obj_inside_of] obj=obj obj_pos=[ 3.8138645 -1.8013995  0.9700012] fixture_pos=[ 4.09914677 -1.19979889  0.97534056] fsize=[0.85139319 0.55       0.21540247] shifted_fpos=[ 4.09914677 -1.14979889  0.97534056] lower=[ 3.84914677 -1.34979889  0.71763932] upper=[ 4.34914677 -0.94979889  1.23304179] inside=False
[obj_inside_of] obj=obj obj_pos=[ 3.8138645 -1.8013995  0.9700012] fixture_pos=[ 4.09914677 -1.19979889  0.97534056] fsize=[0.85139319 0.55       0.21540247] shifted_fpos=[ 4.09914677 -1.14979889  0.97534056] lower=[ 3.84914677 -1.34979889  0.71763932] upper=[ 4.34914677 -0.94979889  1.23304179] inside=False
[obj_inside_of] obj=obj obj_pos=[ 3.8138645 -1.8013995  0.9700012] fixture_pos=[ 4.09914677 -1.19979889  0.97534056] fsize=[0.85139319 0.55       0.21540247] shifted_fpos=[ 4.09914677 -1.14979889  0.97534056] lower=[ 3.84914677 -1.34979889  0.71763932] upper=[ 4.34914677 -0.94979889  1.23304179] inside=False
[obj_inside_of] obj=obj obj_pos=[ 3.8138645 -1.8013995  0.9700012] fixture_pos=[ 4.09914677 -1.19979889  0.97534056] fsize=[0.85139319 0.55       0.21540247] shifted_fpos=[ 4.09914677 -1.14979889  0.97534056] lower=[ 3.84914677 -1.34979889  0.71763932] upper=[ 4.34914677 -0.94979889  1.23304179] inside=False
[obj_inside_of] obj=obj obj_pos=[ 3.8138645 -1.8013995  0.9700012] fixture_pos=[ 4.09914677 -1.19979889  0.97534056] fsize=[0.85139319 0.55       0.21540247] shifted_fpos=[ 4.09914677 -1.14979889  0.97534056] lower=[ 3.84914677 -1.34979889  0.71763932] upper=[ 4.34914677 -0.94979889  1.23304179] inside=False
[obj_inside_of] obj=obj obj_pos=[ 3.8138645 -1.8013995  0.9700012] fixture_pos=[ 4.09914677 -1.19979889  0.97534056] fsize=[0.85139319 0.55       0.21540247] shifted_fpos=[ 4.09914677 -1.14979889  0.97534056] lower=[ 3.84914677 -1.34979889  0.71763932] upper=[ 4.34914677 -0.94979889  1.23304179] inside=False
[obj_inside_of] obj=obj obj_pos=[ 3.8138645 -1.8013995  0.9700012] fixture_pos=[ 4.09914677 -1.19979889  0.97534056] fsize=[0.85139319 0.55       0.21540247] shifted_fpos=[ 4.09914677 -1.14979889  0.97534056] lower=[ 3.84914677 -1.34979889  0.71763932] upper=[ 4.34914677 -0.94979889  1.23304179] inside=False
[obj_inside_of] obj=obj obj_pos=[ 3.8138645 -1.8013995  0.9700012] fixture_pos=[ 4.09914677 -1.19979889  0.97534056] fsize=[0.85139319 0.55       0.21540247] shifted_fpos=[ 4.09914677 -1.14979889  0.97534056] lower=[ 3.84914677 -1.34979889  0.71763932] upper=[ 4.34914677 -0.94979889  1.23304179] inside=False
[obj_inside_of] obj=obj obj_pos=[ 3.8138645 -1.8013995  0.9700012] fixture_pos=[ 4.09914677 -1.19979889  0.97534056] fsize=[0.85139319 0.55       0.21540247] shifted_fpos=[ 4.09914677 -1.14979889  0.97534056] lower=[ 3.84914677 -1.34979889  0.71763932] upper=[ 4.34914677 -0.94979889  1.23304179] inside=False
[obj_inside_of] obj=obj obj_pos=[ 3.8138645 -1.8013995  0.9700012] fixture_pos=[ 4.09914677 -1.19979889  0.97534056] fsize=[0.85139319 0.55       0.21540247] shifted_fpos=[ 4.09914677 -1.14979889  0.97534056] lower=[ 3.84914677 -1.34979889  0.71763932] upper=[ 4.34914677 -0.94979889  1.23304179] inside=False
[obj_inside_of] obj=obj obj_pos=[ 3.8138645 -1.8013995  0.9700012] fixture_pos=[ 4.09914677 -1.19979889  0.97534056] fsize=[0.85139319 0.55       0.21540247] shifted_fpos=[ 4.09914677 -1.14979889  0.97534056] lower=[ 3.84914677 -1.34979889  0.71763932] upper=[ 4.34914677 -0.94979889  1.23304179] inside=False
[obj_inside_of] obj=obj obj_pos=[ 3.8138645 -1.8013995  0.9700012] fixture_pos=[ 4.09914677 -1.19979889  0.97534056] fsize=[0.85139319 0.55       0.21540247] shifted_fpos=[ 4.09914677 -1.14979889  0.97534056] lower=[ 3.84914677 -1.34979889  0.71763932] upper=[ 4.34914677 -0.94979889  1.23304179] inside=False
[obj_inside_of] obj=obj obj_pos=[ 3.8138645 -1.8013995  0.9700012] fixture_pos=[ 4.09914677 -1.19979889  0.97534056] fsize=[0.85139319 0.55       0.21540247] shifted_fpos=[ 4.09914677 -1.14979889  0.97534056] lower=[ 3.84914677 -1.34979889  0.71763932] upper=[ 4.34914677 -0.94979889  1.23304179] inside=False
[obj_inside_of] obj=obj obj_pos=[ 3.8138645 -1.8013995  0.9700012] fixture_pos=[ 4.09914677 -1.19979889  0.97534056] fsize=[0.85139319 0.55       0.21540247] shifted_fpos=[ 4.09914677 -1.14979889  0.97534056] lower=[ 3.84914677 -1.34979889  0.71763932] upper=[ 4.34914677 -0.94979889  1.23304179] inside=False
[obj_inside_of] obj=obj obj_pos=[ 3.8138645 -1.8013995  0.9700012] fixture_pos=[ 4.09914677 -1.19979889  0.97534056] fsize=[0.85139319 0.55       0.21540247] shifted_fpos=[ 4.09914677 -1.14979889  0.97534056] lower=[ 3.84914677 -1.34979889  0.71763932] upper=[ 4.34914677 -0.94979889  1.23304179] inside=False
[obj_inside_of] obj=obj obj_pos=[ 3.8138645 -1.8013995  0.9700012] fixture_pos=[ 4.09914677 -1.19979889  0.97534056] fsize=[0.85139319 0.55       0.21540247] shifted_fpos=[ 4.09914677 -1.14979889  0.97534056] lower=[ 3.84914677 -1.34979889  0.71763932] upper=[ 4.34914677 -0.94979889  1.23304179] inside=False
[obj_inside_of] obj=obj obj_pos=[ 3.8138645 -1.8013995  0.9700012] fixture_pos=[ 4.09914677 -1.19979889  0.97534056] fsize=[0.85139319 0.55       0.21540247] shifted_fpos=[ 4.09914677 -1.14979889  0.97534056] lower=[ 3.84914677 -1.34979889  0.71763932] upper=[ 4.34914677 -0.94979889  1.23304179] inside=False
[obj_inside_of] obj=obj obj_pos=[ 3.8138645 -1.8013995  0.9700012] fixture_pos=[ 4.09914677 -1.19979889  0.97534056] fsize=[0.85139319 0.55       0.21540247] shifted_fpos=[ 4.09914677 -1.14979889  0.97534056] lower=[ 3.84914677 -1.34979889  0.71763932] upper=[ 4.34914677 -0.94979889  1.23304179] inside=False
[obj_inside_of] obj=obj obj_pos=[ 3.8138645 -1.8013995  0.9700012] fixture_pos=[ 4.09914677 -1.19979889  0.97534056] fsize=[0.85139319 0.55       0.21540247] shifted_fpos=[ 4.09914677 -1.14979889  0.97534056] lower=[ 3.84914677 -1.34979889  0.71763932] upper=[ 4.34914677 -0.94979889  1.23304179] inside=False
[obj_inside_of] obj=obj obj_pos=[ 3.8138645 -1.8013995  0.9700012] fixture_pos=[ 4.09914677 -1.19979889  0.97534056] fsize=[0.85139319 0.55       0.21540247] shifted_fpos=[ 4.09914677 -1.14979889  0.97534056] lower=[ 3.84914677 -1.34979889  0.71763932] upper=[ 4.34914677 -0.94979889  1.23304179] inside=False
[obj_inside_of] obj=obj obj_pos=[ 3.8138645 -1.8013995  0.9700012] fixture_pos=[ 4.09914677 -1.19979889  0.97534056] fsize=[0.85139319 0.55       0.21540247] shifted_fpos=[ 4.09914677 -1.14979889  0.97534056] lower=[ 3.84914677 -1.34979889  0.71763932] upper=[ 4.34914677 -0.94979889  1.23304179] inside=False
[obj_inside_of] obj=obj obj_pos=[ 3.8138645 -1.8013995  0.9700012] fixture_pos=[ 4.09914677 -1.19979889  0.97534056] fsize=[0.85139319 0.55       0.21540247] shifted_fpos=[ 4.09914677 -1.14979889  0.97534056] lower=[ 3.84914677 -1.34979889  0.71763932] upper=[ 4.34914677 -0.94979889  1.23304179] inside=False
[obj_inside_of] obj=obj obj_pos=[ 3.8138645 -1.8013995  0.9700012] fixture_pos=[ 4.09914677 -1.19979889  0.97534056] fsize=[0.85139319 0.55       0.21540247] shifted_fpos=[ 4.09914677 -1.14979889  0.97534056] lower=[ 3.84914677 -1.34979889  0.71763932] upper=[ 4.34914677 -0.94979889  1.23304179] inside=False
[obj_inside_of] obj=obj obj_pos=[ 3.8138645 -1.8013995  0.9700012] fixture_pos=[ 4.09914677 -1.19979889  0.97534056] fsize=[0.85139319 0.55       0.21540247] shifted_fpos=[ 4.09914677 -1.14979889  0.97534056] lower=[ 3.84914677 -1.34979889  0.71763932] upper=[ 4.34914677 -0.94979889  1.23304179] inside=False
[obj_inside_of] obj=obj obj_pos=[ 3.8138645 -1.8013995  0.9700012] fixture_pos=[ 4.09914677 -1.19979889  0.97534056] fsize=[0.85139319 0.55       0.21540247] shifted_fpos=[ 4.09914677 -1.14979889  0.97534056] lower=[ 3.84914677 -1.34979889  0.71763932] upper=[ 4.34914677 -0.94979889  1.23304179] inside=False
[obj_inside_of] obj=obj obj_pos=[ 3.8138645 -1.8013995  0.9700012] fixture_pos=[ 4.09914677 -1.19979889  0.97534056] fsize=[0.85139319 0.55       0.21540247] shifted_fpos=[ 4.09914677 -1.14979889  0.97534056] lower=[ 3.84914677 -1.34979889  0.71763932] upper=[ 4.34914677 -0.94979889  1.23304179] inside=False
[obj_inside_of] obj=obj obj_pos=[ 3.8138645 -1.8013995  0.9700012] fixture_pos=[ 4.09914677 -1.19979889  0.97534056] fsize=[0.85139319 0.55       0.21540247] shifted_fpos=[ 4.09914677 -1.14979889  0.97534056] lower=[ 3.84914677 -1.34979889  0.71763932] upper=[ 4.34914677 -0.94979889  1.23304179] inside=False
[obj_inside_of] obj=obj obj_pos=[ 3.8138645 -1.8013995  0.9700012] fixture_pos=[ 4.09914677 -1.19979889  0.97534056] fsize=[0.85139319 0.55       0.21540247] shifted_fpos=[ 4.09914677 -1.14979889  0.97534056] lower=[ 3.84914677 -1.34979889  0.71763932] upper=[ 4.34914677 -0.94979889  1.23304179] inside=False
[obj_inside_of] obj=obj obj_pos=[ 3.8138645 -1.8013995  0.9700012] fixture_pos=[ 4.09914677 -1.19979889  0.97534056] fsize=[0.85139319 0.55       0.21540247] shifted_fpos=[ 4.09914677 -1.14979889  0.97534056] lower=[ 3.84914677 -1.34979889  0.71763932] upper=[ 4.34914677 -0.94979889  1.23304179] inside=False
[obj_inside_of] obj=obj obj_pos=[ 3.8138645 -1.8013995  0.9700012] fixture_pos=[ 4.09914677 -1.19979889  0.97534056] fsize=[0.85139319 0.55       0.21540247] shifted_fpos=[ 4.09914677 -1.14979889  0.97534056] lower=[ 3.84914677 -1.34979889  0.71763932] upper=[ 4.34914677 -0.94979889  1.23304179] inside=False
[obj_inside_of] obj=obj obj_pos=[ 3.8138645 -1.8013995  0.9700012] fixture_pos=[ 4.09914677 -1.19979889  0.97534056] fsize=[0.85139319 0.55       0.21540247] shifted_fpos=[ 4.09914677 -1.14979889  0.97534056] lower=[ 3.84914677 -1.34979889  0.71763932] upper=[ 4.34914677 -0.94979889  1.23304179] inside=False
[obj_inside_of] obj=obj obj_pos=[ 3.8138645 -1.8013995  0.9700012] fixture_pos=[ 4.09914677 -1.19979889  0.97534056] fsize=[0.85139319 0.55       0.21540247] shifted_fpos=[ 4.09914677 -1.14979889  0.97534056] lower=[ 3.84914677 -1.34979889  0.71763932] upper=[ 4.34914677 -0.94979889  1.23304179] inside=False
[obj_inside_of] obj=obj obj_pos=[ 3.8138645 -1.8013995  0.9700012] fixture_pos=[ 4.09914677 -1.19979889  0.97534056] fsize=[0.85139319 0.55       0.21540247] shifted_fpos=[ 4.09914677 -1.14979889  0.97534056] lower=[ 3.84914677 -1.34979889  0.71763932] upper=[ 4.34914677 -0.94979889  1.23304179] inside=False
[obj_inside_of] obj=obj obj_pos=[ 3.8138645 -1.8013995  0.9700012] fixture_pos=[ 4.09914677 -1.19979889  0.97534056] fsize=[0.85139319 0.55       0.21540247] shifted_fpos=[ 4.09914677 -1.14979889  0.97534056] lower=[ 3.84914677 -1.34979889  0.71763932] upper=[ 4.34914677 -0.94979889  1.23304179] inside=False
[obj_inside_of] obj=obj obj_pos=[ 3.8138645 -1.8013995  0.9700012] fixture_pos=[ 4.09914677 -1.19979889  0.97534056] fsize=[0.85139319 0.55       0.21540247] shifted_fpos=[ 4.09914677 -1.14979889  0.97534056] lower=[ 3.84914677 -1.34979889  0.71763932] upper=[ 4.34914677 -0.94979889  1.23304179] inside=False
[obj_inside_of] obj=obj obj_pos=[ 3.8138645 -1.8013995  0.9700012] fixture_pos=[ 4.09914677 -1.19979889  0.97534056] fsize=[0.85139319 0.55       0.21540247] shifted_fpos=[ 4.09914677 -1.14979889  0.97534056] lower=[ 3.84914677 -1.34979889  0.71763932] upper=[ 4.34914677 -0.94979889  1.23304179] inside=False
[obj_inside_of] obj=obj obj_pos=[ 3.8138645 -1.8013995  0.9700012] fixture_pos=[ 4.09914677 -1.19979889  0.97534056] fsize=[0.85139319 0.55       0.21540247] shifted_fpos=[ 4.09914677 -1.14979889  0.97534056] lower=[ 3.84914677 -1.34979889  0.71763932] upper=[ 4.34914677 -0.94979889  1.23304179] inside=False
[obj_inside_of] obj=obj obj_pos=[ 3.8138645 -1.8013995  0.9700012] fixture_pos=[ 4.09914677 -1.19979889  0.97534056] fsize=[0.85139319 0.55       0.21540247] shifted_fpos=[ 4.09914677 -1.14979889  0.97534056] lower=[ 3.84914677 -1.34979889  0.71763932] upper=[ 4.34914677 -0.94979889  1.23304179] inside=False
[obj_inside_of] obj=obj obj_pos=[ 3.8138645 -1.8013995  0.9700012] fixture_pos=[ 4.09914677 -1.19979889  0.97534056] fsize=[0.85139319 0.55       0.21540247] shifted_fpos=[ 4.09914677 -1.14979889  0.97534056] lower=[ 3.84914677 -1.34979889  0.71763932] upper=[ 4.34914677 -0.94979889  1.23304179] inside=False
[obj_inside_of] obj=obj obj_pos=[ 3.8138645 -1.8013995  0.9700012] fixture_pos=[ 4.09914677 -1.19979889  0.97534056] fsize=[0.85139319 0.55       0.21540247] shifted_fpos=[ 4.09914677 -1.14979889  0.97534056] lower=[ 3.84914677 -1.34979889  0.71763932] upper=[ 4.34914677 -0.94979889  1.23304179] inside=False
[obj_inside_of] obj=obj obj_pos=[ 3.8138645 -1.8013995  0.9700012] fixture_pos=[ 4.09914677 -1.19979889  0.97534056] fsize=[0.85139319 0.55       0.21540247] shifted_fpos=[ 4.09914677 -1.14979889  0.97534056] lower=[ 3.84914677 -1.34979889  0.71763932] upper=[ 4.34914677 -0.94979889  1.23304179] inside=False
[obj_inside_of] obj=obj obj_pos=[ 3.8138645 -1.8013995  0.9700012] fixture_pos=[ 4.09914677 -1.19979889  0.97534056] fsize=[0.85139319 0.55       0.21540247] shifted_fpos=[ 4.09914677 -1.14979889  0.97534056] lower=[ 3.84914677 -1.34979889  0.71763932] upper=[ 4.34914677 -0.94979889  1.23304179] inside=False
[obj_inside_of] obj=obj obj_pos=[ 3.8138645 -1.8013995  0.9700012] fixture_pos=[ 4.09914677 -1.19979889  0.97534056] fsize=[0.85139319 0.55       0.21540247] shifted_fpos=[ 4.09914677 -1.14979889  0.97534056] lower=[ 3.84914677 -1.34979889  0.71763932] upper=[ 4.34914677 -0.94979889  1.23304179] inside=False
[obj_inside_of] obj=obj obj_pos=[ 3.8138645 -1.8013995  0.9700012] fixture_pos=[ 4.09914677 -1.19979889  0.97534056] fsize=[0.85139319 0.55       0.21540247] shifted_fpos=[ 4.09914677 -1.14979889  0.97534056] lower=[ 3.84914677 -1.34979889  0.71763932] upper=[ 4.34914677 -0.94979889  1.23304179] inside=False
[obj_inside_of] obj=obj obj_pos=[ 3.8138645 -1.8013995  0.9700012] fixture_pos=[ 4.09914677 -1.19979889  0.97534056] fsize=[0.85139319 0.55       0.21540247] shifted_fpos=[ 4.09914677 -1.14979889  0.97534056] lower=[ 3.84914677 -1.34979889  0.71763932] upper=[ 4.34914677 -0.94979889  1.23304179] inside=False
[obj_inside_of] obj=obj obj_pos=[ 3.8138645 -1.8013995  0.9700012] fixture_pos=[ 4.09914677 -1.19979889  0.97534056] fsize=[0.85139319 0.55       0.21540247] shifted_fpos=[ 4.09914677 -1.14979889  0.97534056] lower=[ 3.84914677 -1.34979889  0.71763932] upper=[ 4.34914677 -0.94979889  1.23304179] inside=False
[obj_inside_of] obj=obj obj_pos=[ 3.8138645 -1.8013995  0.9700012] fixture_pos=[ 4.09914677 -1.19979889  0.97534056] fsize=[0.85139319 0.55       0.21540247] shifted_fpos=[ 4.09914677 -1.14979889  0.97534056] lower=[ 3.84914677 -1.34979889  0.71763932] upper=[ 4.34914677 -0.94979889  1.23304179] inside=False
[obj_inside_of] obj=obj obj_pos=[ 3.8138645 -1.8013995  0.9700012] fixture_pos=[ 4.09914677 -1.19979889  0.97534056] fsize=[0.85139319 0.55       0.21540247] shifted_fpos=[ 4.09914677 -1.14979889  0.97534056] lower=[ 3.84914677 -1.34979889  0.71763932] upper=[ 4.34914677 -0.94979889  1.23304179] inside=False
[obj_inside_of] obj=obj obj_pos=[ 3.8138645 -1.8013995  0.9700012] fixture_pos=[ 4.09914677 -1.19979889  0.97534056] fsize=[0.85139319 0.55       0.21540247] shifted_fpos=[ 4.09914677 -1.14979889  0.97534056] lower=[ 3.84914677 -1.34979889  0.71763932] upper=[ 4.34914677 -0.94979889  1.23304179] inside=False
[obj_inside_of] obj=obj obj_pos=[ 3.8138645 -1.8013995  0.9700012] fixture_pos=[ 4.09914677 -1.19979889  0.97534056] fsize=[0.85139319 0.55       0.21540247] shifted_fpos=[ 4.09914677 -1.14979889  0.97534056] lower=[ 3.84914677 -1.34979889  0.71763932] upper=[ 4.34914677 -0.94979889  1.23304179] inside=False
[obj_inside_of] obj=obj obj_pos=[ 3.8138645 -1.8013995  0.9700012] fixture_pos=[ 4.09914677 -1.19979889  0.97534056] fsize=[0.85139319 0.55       0.21540247] shifted_fpos=[ 4.09914677 -1.14979889  0.97534056] lower=[ 3.84914677 -1.34979889  0.71763932] upper=[ 4.34914677 -0.94979889  1.23304179] inside=False
[obj_inside_of] obj=obj obj_pos=[ 3.8138645 -1.8013995  0.9700012] fixture_pos=[ 4.09914677 -1.19979889  0.97534056] fsize=[0.85139319 0.55       0.21540247] shifted_fpos=[ 4.09914677 -1.14979889  0.97534056] lower=[ 3.84914677 -1.34979889  0.71763932] upper=[ 4.34914677 -0.94979889  1.23304179] inside=False
[obj_inside_of] obj=obj obj_pos=[ 3.8138645 -1.8013995  0.9700012] fixture_pos=[ 4.09914677 -1.19979889  0.97534056] fsize=[0.85139319 0.55       0.21540247] shifted_fpos=[ 4.09914677 -1.14979889  0.97534056] lower=[ 3.84914677 -1.34979889  0.71763932] upper=[ 4.34914677 -0.94979889  1.23304179] inside=False
[obj_inside_of] obj=obj obj_pos=[ 3.8138645 -1.8013995  0.9700012] fixture_pos=[ 4.09914677 -1.19979889  0.97534056] fsize=[0.85139319 0.55       0.21540247] shifted_fpos=[ 4.09914677 -1.14979889  0.97534056] lower=[ 3.84914677 -1.34979889  0.71763932] upper=[ 4.34914677 -0.94979889  1.23304179] inside=False
[obj_inside_of] obj=obj obj_pos=[ 3.8138645 -1.8013995  0.9700012] fixture_pos=[ 4.09914677 -1.19979889  0.97534056] fsize=[0.85139319 0.55       0.21540247] shifted_fpos=[ 4.09914677 -1.14979889  0.97534056] lower=[ 3.84914677 -1.34979889  0.71763932] upper=[ 4.34914677 -0.94979889  1.23304179] inside=False
[obj_inside_of] obj=obj obj_pos=[ 3.8138645 -1.8013995  0.9700012] fixture_pos=[ 4.09914677 -1.19979889  0.97534056] fsize=[0.85139319 0.55       0.21540247] shifted_fpos=[ 4.09914677 -1.14979889  0.97534056] lower=[ 3.84914677 -1.34979889  0.71763932] upper=[ 4.34914677 -0.94979889  1.23304179] inside=False
[obj_inside_of] obj=obj obj_pos=[ 3.8138614 -1.8013957  0.97     ] fixture_pos=[ 4.09914677 -1.19979889  0.97534056] fsize=[0.85139319 0.55       0.21540247] shifted_fpos=[ 4.09914677 -1.14979889  0.97534056] lower=[ 3.84914677 -1.34979889  0.71763932] upper=[ 4.34914677 -0.94979889  1.23304179] inside=False
[obj_inside_of] obj=obj obj_pos=[ 3.8138642  -1.8014065   0.97000295] fixture_pos=[ 4.09914677 -1.19979889  0.97534056] fsize=[0.85139319 0.55       0.21540247] shifted_fpos=[ 4.09914677 -1.14979889  0.97534056] lower=[ 3.84914677 -1.34979889  0.71763932] upper=[ 4.34914677 -0.94979889  1.23304179] inside=False
[obj_inside_of] obj=obj obj_pos=[ 3.8138611 -1.8013954  0.9700001] fixture_pos=[ 4.09914677 -1.19979889  0.97534056] fsize=[0.85139319 0.55       0.21540247] shifted_fpos=[ 4.09914677 -1.14979889  0.97534056] lower=[ 3.84914677 -1.34979889  0.71763932] upper=[ 4.34914677 -0.94979889  1.23304179] inside=False
[obj_inside_of] obj=obj obj_pos=[ 3.8138647  -1.8014065   0.97000295] fixture_pos=[ 4.09914677 -1.19979889  0.97534056] fsize=[0.85139319 0.55       0.21540247] shifted_fpos=[ 4.09914677 -1.14979889  0.97534056] lower=[ 3.84914677 -1.34979889  0.71763932] upper=[ 4.34914677 -0.94979889  1.23304179] inside=False
[obj_inside_of] obj=obj obj_pos=[ 3.8138614 -1.8013957  0.9700001] fixture_pos=[ 4.09914677 -1.19979889  0.97534056] fsize=[0.85139319 0.55       0.21540247] shifted_fpos=[ 4.09914677 -1.14979889  0.97534056] lower=[ 3.84914677 -1.34979889  0.71763932] upper=[ 4.34914677 -0.94979889  1.23304179] inside=False
[obj_inside_of] obj=obj obj_pos=[ 3.8138645 -1.8014063  0.9700031] fixture_pos=[ 4.09914677 -1.19979889  0.97534056] fsize=[0.85139319 0.55       0.21540247] shifted_fpos=[ 4.09914677 -1.14979889  0.97534056] lower=[ 3.84914677 -1.34979889  0.71763932] upper=[ 4.34914677 -0.94979889  1.23304179] inside=False
[obj_inside_of] obj=obj obj_pos=[ 3.8138611  -1.8013954   0.97000015] fixture_pos=[ 4.09914677 -1.19979889  0.97534056] fsize=[0.85139319 0.55       0.21540247] shifted_fpos=[ 4.09914677 -1.14979889  0.97534056] lower=[ 3.84914677 -1.34979889  0.71763932] upper=[ 4.34914677 -0.94979889  1.23304179] inside=False
[obj_inside_of] obj=obj obj_pos=[ 3.8138645  -1.8014065   0.97000307] fixture_pos=[ 4.09914677 -1.19979889  0.97534056] fsize=[0.85139319 0.55       0.21540247] shifted_fpos=[ 4.09914677 -1.14979889  0.97534056] lower=[ 3.84914677 -1.34979889  0.71763932] upper=[ 4.34914677 -0.94979889  1.23304179] inside=False
[obj_inside_of] obj=obj obj_pos=[ 3.813861   -1.8013957   0.97000015] fixture_pos=[ 4.09914677 -1.19979889  0.97534056] fsize=[0.85139319 0.55       0.21540247] shifted_fpos=[ 4.09914677 -1.14979889  0.97534056] lower=[ 3.84914677 -1.34979889  0.71763932] upper=[ 4.34914677 -0.94979889  1.23304179] inside=False
[obj_inside_of] obj=obj obj_pos=[ 3.813819  -1.8014332  0.9701022] fixture_pos=[ 4.09914677 -1.19979889  0.97534056] fsize=[0.85139319 0.55       0.21540247] shifted_fpos=[ 4.09914677 -1.14979889  0.97534056] lower=[ 3.84914677 -1.34979889  0.71763932] upper=[ 4.34914677 -0.94979889  1.23304179] inside=False
[obj_inside_of] obj=obj obj_pos=[ 3.8136122 -1.8015805  0.9701254] fixture_pos=[ 4.09914677 -1.19979889  0.97534056] fsize=[0.85139319 0.55       0.21540247] shifted_fpos=[ 4.09914677 -1.14979889  0.97534056] lower=[ 3.84914677 -1.34979889  0.71763932] upper=[ 4.34914677 -0.94979889  1.23304179] inside=False
[obj_inside_of] obj=obj obj_pos=[ 3.8133798 -1.8013995  0.9701601] fixture_pos=[ 4.09914677 -1.19979889  0.97534056] fsize=[0.85139319 0.55       0.21540247] shifted_fpos=[ 4.09914677 -1.14979889  0.97534056] lower=[ 3.84914677 -1.34979889  0.71763932] upper=[ 4.34914677 -0.94979889  1.23304179] inside=False
[obj_inside_of] obj=obj obj_pos=[ 3.8131962  -1.8014697   0.97021025] fixture_pos=[ 4.09914677 -1.19979889  0.97534056] fsize=[0.85139319 0.55       0.21540247] shifted_fpos=[ 4.09914677 -1.14979889  0.97534056] lower=[ 3.84914677 -1.34979889  0.71763932] upper=[ 4.34914677 -0.94979889  1.23304179] inside=False
[obj_inside_of] obj=obj obj_pos=[ 3.8130405  -1.8013443   0.97023106] fixture_pos=[ 4.09914677 -1.19979889  0.97534056] fsize=[0.85139319 0.55       0.21540247] shifted_fpos=[ 4.09914677 -1.14979889  0.97534056] lower=[ 3.84914677 -1.34979889  0.71763932] upper=[ 4.34914677 -0.94979889  1.23304179] inside=False
[obj_inside_of] obj=obj obj_pos=[ 3.812969   -1.801364    0.97024643] fixture_pos=[ 4.09914677 -1.19979889  0.97534056] fsize=[0.85139319 0.55       0.21540247] shifted_fpos=[ 4.09914677 -1.14979889  0.97534056] lower=[ 3.84914677 -1.34979889  0.71763932] upper=[ 4.34914677 -0.94979889  1.23304179] inside=False
[obj_inside_of] obj=obj obj_pos=[ 3.8128836 -1.8013365  0.9703017] fixture_pos=[ 4.09914677 -1.19979889  0.97534056] fsize=[0.85139319 0.55       0.21540247] shifted_fpos=[ 4.09914677 -1.14979889  0.97534056] lower=[ 3.84914677 -1.34979889  0.71763932] upper=[ 4.34914677 -0.94979889  1.23304179] inside=False
[obj_inside_of] obj=obj obj_pos=[ 3.8128574 -1.8013268  0.9703271] fixture_pos=[ 4.09914677 -1.19979889  0.97534056] fsize=[0.85139319 0.55       0.21540247] shifted_fpos=[ 4.09914677 -1.14979889  0.97534056] lower=[ 3.84914677 -1.34979889  0.71763932] upper=[ 4.34914677 -0.94979889  1.23304179] inside=False
[obj_inside_of] obj=obj obj_pos=[ 3.812848   -1.8012937   0.97035396] fixture_pos=[ 4.09914677 -1.19979889  0.97534056] fsize=[0.85139319 0.55       0.21540247] shifted_fpos=[ 4.09914677 -1.14979889  0.97534056] lower=[ 3.84914677 -1.34979889  0.71763932] upper=[ 4.34914677 -0.94979889  1.23304179] inside=False
[obj_inside_of] obj=obj obj_pos=[ 3.8131318  -1.8016852   0.97028816] fixture_pos=[ 4.09914677 -1.19979889  0.97534056] fsize=[0.85139319 0.55       0.21540247] shifted_fpos=[ 4.09914677 -1.14979889  0.97534056] lower=[ 3.84914677 -1.34979889  0.71763932] upper=[ 4.34914677 -0.94979889  1.23304179] inside=False
[obj_inside_of] obj=obj obj_pos=[ 3.8131497  -1.801615    0.97026986] fixture_pos=[ 4.09914677 -1.19979889  0.97534056] fsize=[0.85139319 0.55       0.21540247] shifted_fpos=[ 4.09914677 -1.14979889  0.97534056] lower=[ 3.84914677 -1.34979889  0.71763932] upper=[ 4.34914677 -0.94979889  1.23304179] inside=False
[obj_inside_of] obj=obj obj_pos=[ 3.8131492  -1.80158     0.97026396] fixture_pos=[ 4.09914677 -1.19979889  0.97534056] fsize=[0.85139319 0.55       0.21540247] shifted_fpos=[ 4.09914677 -1.14979889  0.97534056] lower=[ 3.84914677 -1.34979889  0.71763932] upper=[ 4.34914677 -0.94979889  1.23304179] inside=False
[obj_inside_of] obj=obj obj_pos=[ 3.8131523  -1.8015541   0.97026104] fixture_pos=[ 4.09914677 -1.19979889  0.97534056] fsize=[0.85139319 0.55       0.21540247] shifted_fpos=[ 4.09914677 -1.14979889  0.97534056] lower=[ 3.84914677 -1.34979889  0.71763932] upper=[ 4.34914677 -0.94979889  1.23304179] inside=False
[obj_inside_of] obj=obj obj_pos=[ 3.8131611  -1.8015369   0.97025895] fixture_pos=[ 4.09914677 -1.19979889  0.97534056] fsize=[0.85139319 0.55       0.21540247] shifted_fpos=[ 4.09914677 -1.14979889  0.97534056] lower=[ 3.84914677 -1.34979889  0.71763932] upper=[ 4.34914677 -0.94979889  1.23304179] inside=False
[viz-debug] base_link.pose=(3.541,-1.543) q=(1.000,0.000,-0.000,0.001) qpos[0:3]=(0.541,-0.343,0.001)
[obj_inside_of] obj=obj obj_pos=[ 3.8131604 -1.8015199  0.9702521] fixture_pos=[ 4.09914677 -1.19979889  0.97534056] fsize=[0.85139319 0.55       0.21540247] shifted_fpos=[ 4.09914677 -1.14979889  0.97534056] lower=[ 3.84914677 -1.34979889  0.71763932] upper=[ 4.34914677 -0.94979889  1.23304179] inside=False
[obj_inside_of] obj=obj obj_pos=[ 3.8131604 -1.8015128  0.9702513] fixture_pos=[ 4.09914677 -1.19979889  0.97534056] fsize=[0.85139319 0.55       0.21540247] shifted_fpos=[ 4.09914677 -1.14979889  0.97534056] lower=[ 3.84914677 -1.34979889  0.71763932] upper=[ 4.34914677 -0.94979889  1.23304179] inside=False
[obj_inside_of] obj=obj obj_pos=[ 3.8131595 -1.8015072  0.9702511] fixture_pos=[ 4.09914677 -1.19979889  0.97534056] fsize=[0.85139319 0.55       0.21540247] shifted_fpos=[ 4.09914677 -1.14979889  0.97534056] lower=[ 3.84914677 -1.34979889  0.71763932] upper=[ 4.34914677 -0.94979889  1.23304179] inside=False
[obj_inside_of] obj=obj obj_pos=[ 3.8131585 -1.8015038  0.9702511] fixture_pos=[ 4.09914677 -1.19979889  0.97534056] fsize=[0.85139319 0.55       0.21540247] shifted_fpos=[ 4.09914677 -1.14979889  0.97534056] lower=[ 3.84914677 -1.34979889  0.71763932] upper=[ 4.34914677 -0.94979889  1.23304179] inside=False
[obj_inside_of] obj=obj obj_pos=[ 3.8131568  -1.8015009   0.97025126] fixture_pos=[ 4.09914677 -1.19979889  0.97534056] fsize=[0.85139319 0.55       0.21540247] shifted_fpos=[ 4.09914677 -1.14979889  0.97534056] lower=[ 3.84914677 -1.34979889  0.71763932] upper=[ 4.34914677 -0.94979889  1.23304179] inside=False
[obj_inside_of] obj=obj obj_pos=[ 3.8131547  -1.8014998   0.97025174] fixture_pos=[ 4.09914677 -1.19979889  0.97534056] fsize=[0.85139319 0.55       0.21540247] shifted_fpos=[ 4.09914677 -1.14979889  0.97534056] lower=[ 3.84914677 -1.34979889  0.71763932] upper=[ 4.34914677 -0.94979889  1.23304179] inside=False
[obj_inside_of] obj=obj obj_pos=[ 3.8131561 -1.8015008  0.9702516] fixture_pos=[ 4.09914677 -1.19979889  0.97534056] fsize=[0.85139319 0.55       0.21540247] shifted_fpos=[ 4.09914677 -1.14979889  0.97534056] lower=[ 3.84914677 -1.34979889  0.71763932] upper=[ 4.34914677 -0.94979889  1.23304179] inside=False
[obj_inside_of] obj=obj obj_pos=[ 3.813155   -1.8015016   0.97025186] fixture_pos=[ 4.09914677 -1.19979889  0.97534056] fsize=[0.85139319 0.55       0.21540247] shifted_fpos=[ 4.09914677 -1.14979889  0.97534056] lower=[ 3.84914677 -1.34979889  0.71763932] upper=[ 4.34914677 -0.94979889  1.23304179] inside=False
[obj_inside_of] obj=obj obj_pos=[ 3.8131547 -1.8015015  0.9702518] fixture_pos=[ 4.09914677 -1.19979889  0.97534056] fsize=[0.85139319 0.55       0.21540247] shifted_fpos=[ 4.09914677 -1.14979889  0.97534056] lower=[ 3.84914677 -1.34979889  0.71763932] upper=[ 4.34914677 -0.94979889  1.23304179] inside=False
[obj_inside_of] obj=obj obj_pos=[ 3.8131552 -1.8015021  0.9702521] fixture_pos=[ 4.09914677 -1.19979889  0.97534056] fsize=[0.85139319 0.55       0.21540247] shifted_fpos=[ 4.09914677 -1.14979889  0.97534056] lower=[ 3.84914677 -1.34979889  0.71763932] upper=[ 4.34914677 -0.94979889  1.23304179] inside=False
[obj_inside_of] obj=obj obj_pos=[ 3.8133292  -1.8017745   0.97023994] fixture_pos=[ 4.09914677 -1.19979889  0.97534056] fsize=[0.85139319 0.55       0.21540247] shifted_fpos=[ 4.09914677 -1.14979889  0.97534056] lower=[ 3.84914677 -1.34979889  0.71763932] upper=[ 4.34914677 -0.94979889  1.23304179] inside=False
[obj_inside_of] obj=obj obj_pos=[ 3.8134525 -1.8017402  0.9702035] fixture_pos=[ 4.09914677 -1.19979889  0.97534056] fsize=[0.85139319 0.55       0.21540247] shifted_fpos=[ 4.09914677 -1.14979889  0.97534056] lower=[ 3.84914677 -1.34979889  0.71763932] upper=[ 4.34914677 -0.94979889  1.23304179] inside=False
[obj_inside_of] obj=obj obj_pos=[ 3.8135152 -1.801702   0.9701824] fixture_pos=[ 4.09914677 -1.19979889  0.97534056] fsize=[0.85139319 0.55       0.21540247] shifted_fpos=[ 4.09914677 -1.14979889  0.97534056] lower=[ 3.84914677 -1.34979889  0.71763932] upper=[ 4.34914677 -0.94979889  1.23304179] inside=False
[obj_inside_of] obj=obj obj_pos=[ 3.813538  -1.8016887  0.9701752] fixture_pos=[ 4.09914677 -1.19979889  0.97534056] fsize=[0.85139319 0.55       0.21540247] shifted_fpos=[ 4.09914677 -1.14979889  0.97534056] lower=[ 3.84914677 -1.34979889  0.71763932] upper=[ 4.34914677 -0.94979889  1.23304179] inside=False
[obj_inside_of] obj=obj obj_pos=[ 3.8135438 -1.8016814  0.9701726] fixture_pos=[ 4.09914677 -1.19979889  0.97534056] fsize=[0.85139319 0.55       0.21540247] shifted_fpos=[ 4.09914677 -1.14979889  0.97534056] lower=[ 3.84914677 -1.34979889  0.71763932] upper=[ 4.34914677 -0.94979889  1.23304179] inside=False
[obj_inside_of] obj=obj obj_pos=[ 3.813032   -1.8027751   0.97047776] fixture_pos=[ 4.09914677 -1.19979889  0.97534056] fsize=[0.85139319 0.55       0.21540247] shifted_fpos=[ 4.09914677 -1.14979889  0.97534056] lower=[ 3.84914677 -1.34979889  0.71763932] upper=[ 4.34914677 -0.94979889  1.23304179] inside=False
[obj_inside_of] obj=obj obj_pos=[ 3.8130603 -1.8029696  0.9705034] fixture_pos=[ 4.09914677 -1.19979889  0.97534056] fsize=[0.85139319 0.55       0.21540247] shifted_fpos=[ 4.09914677 -1.14979889  0.97534056] lower=[ 3.84914677 -1.34979889  0.71763932] upper=[ 4.34914677 -0.94979889  1.23304179] inside=False
[obj_inside_of] obj=obj obj_pos=[ 3.8129845  -1.8029882   0.97050875] fixture_pos=[ 4.09914677 -1.19979889  0.97534056] fsize=[0.85139319 0.55       0.21540247] shifted_fpos=[ 4.09914677 -1.14979889  0.97534056] lower=[ 3.84914677 -1.34979889  0.71763932] upper=[ 4.34914677 -0.94979889  1.23304179] inside=False
[obj_inside_of] obj=obj obj_pos=[ 3.812778  -1.8031956  0.9705808] fixture_pos=[ 4.09914677 -1.19979889  0.97534056] fsize=[0.85139319 0.55       0.21540247] shifted_fpos=[ 4.09914677 -1.14979889  0.97534056] lower=[ 3.84914677 -1.34979889  0.71763932] upper=[ 4.34914677 -0.94979889  1.23304179] inside=False
[obj_inside_of] obj=obj obj_pos=[ 3.81287   -1.8033133  0.9706503] fixture_pos=[ 4.09914677 -1.19979889  0.97534056] fsize=[0.85139319 0.55       0.21540247] shifted_fpos=[ 4.09914677 -1.14979889  0.97534056] lower=[ 3.84914677 -1.34979889  0.71763932] upper=[ 4.34914677 -0.94979889  1.23304179] inside=False
[obj_inside_of] obj=obj obj_pos=[ 3.813215  -1.803606   0.9707509] fixture_pos=[ 4.09914677 -1.19979889  0.97534056] fsize=[0.85139319 0.55       0.21540247] shifted_fpos=[ 4.09914677 -1.14979889  0.97534056] lower=[ 3.84914677 -1.34979889  0.71763932] upper=[ 4.34914677 -0.94979889  1.23304179] inside=False
[obj_inside_of] obj=obj obj_pos=[ 3.813039  -1.803648   0.9707696] fixture_pos=[ 4.09914677 -1.19979889  0.97534056] fsize=[0.85139319 0.55       0.21540247] shifted_fpos=[ 4.09914677 -1.14979889  0.97534056] lower=[ 3.84914677 -1.34979889  0.71763932] upper=[ 4.34914677 -0.94979889  1.23304179] inside=False
[obj_inside_of] obj=obj obj_pos=[ 3.8129272 -1.8037335  0.9709035] fixture_pos=[ 4.09914677 -1.19979889  0.97534056] fsize=[0.85139319 0.55       0.21540247] shifted_fpos=[ 4.09914677 -1.14979889  0.97534056] lower=[ 3.84914677 -1.34979889  0.71763932] upper=[ 4.34914677 -0.94979889  1.23304179] inside=False
[obj_inside_of] obj=obj obj_pos=[ 3.8127265 -1.8038021  0.9708911] fixture_pos=[ 4.09914677 -1.19979889  0.97534056] fsize=[0.85139319 0.55       0.21540247] shifted_fpos=[ 4.09914677 -1.14979889  0.97534056] lower=[ 3.84914677 -1.34979889  0.71763932] upper=[ 4.34914677 -0.94979889  1.23304179] inside=False
[obj_inside_of] obj=obj obj_pos=[ 3.8126457  -1.803877    0.97089654] fixture_pos=[ 4.09914677 -1.19979889  0.97534056] fsize=[0.85139319 0.55       0.21540247] shifted_fpos=[ 4.09914677 -1.14979889  0.97534056] lower=[ 3.84914677 -1.34979889  0.71763932] upper=[ 4.34914677 -0.94979889  1.23304179] inside=False
[obj_inside_of] obj=obj obj_pos=[ 3.8128173  -1.8041205   0.97096217] fixture_pos=[ 4.09914677 -1.19979889  0.97534056] fsize=[0.85139319 0.55       0.21540247] shifted_fpos=[ 4.09914677 -1.14979889  0.97534056] lower=[ 3.84914677 -1.34979889  0.71763932] upper=[ 4.34914677 -0.94979889  1.23304179] inside=False
[obj_inside_of] obj=obj obj_pos=[ 3.8128047  -1.804334    0.97100675] fixture_pos=[ 4.09914677 -1.19979889  0.97534056] fsize=[0.85139319 0.55       0.21540247] shifted_fpos=[ 4.09914677 -1.14979889  0.97534056] lower=[ 3.84914677 -1.34979889  0.71763932] upper=[ 4.34914677 -0.94979889  1.23304179] inside=False
[obj_inside_of] obj=obj obj_pos=[ 3.8126984 -1.8044263  0.9710343] fixture_pos=[ 4.09914677 -1.19979889  0.97534056] fsize=[0.85139319 0.55       0.21540247] shifted_fpos=[ 4.09914677 -1.14979889  0.97534056] lower=[ 3.84914677 -1.34979889  0.71763932] upper=[ 4.34914677 -0.94979889  1.23304179] inside=False
[obj_inside_of] obj=obj obj_pos=[ 3.8125668 -1.8043466  0.9710164] fixture_pos=[ 4.09914677 -1.19979889  0.97534056] fsize=[0.85139319 0.55       0.21540247] shifted_fpos=[ 4.09914677 -1.14979889  0.97534056] lower=[ 3.84914677 -1.34979889  0.71763932] upper=[ 4.34914677 -0.94979889  1.23304179] inside=False
[obj_inside_of] obj=obj obj_pos=[ 3.8124783  -1.8042163   0.97101384] fixture_pos=[ 4.09914677 -1.19979889  0.97534056] fsize=[0.85139319 0.55       0.21540247] shifted_fpos=[ 4.09914677 -1.14979889  0.97534056] lower=[ 3.84914677 -1.34979889  0.71763932] upper=[ 4.34914677 -0.94979889  1.23304179] inside=False
[obj_inside_of] obj=obj obj_pos=[ 3.8124228 -1.8041097  0.9709934] fixture_pos=[ 4.09914677 -1.19979889  0.97534056] fsize=[0.85139319 0.55       0.21540247] shifted_fpos=[ 4.09914677 -1.14979889  0.97534056] lower=[ 3.84914677 -1.34979889  0.71763932] upper=[ 4.34914677 -0.94979889  1.23304179] inside=False
[obj_inside_of] obj=obj obj_pos=[ 3.812352  -1.8040465  0.9709896] fixture_pos=[ 4.09914677 -1.19979889  0.97534056] fsize=[0.85139319 0.55       0.21540247] shifted_fpos=[ 4.09914677 -1.14979889  0.97534056] lower=[ 3.84914677 -1.34979889  0.71763932] upper=[ 4.34914677 -0.94979889  1.23304179] inside=False
[obj_inside_of] obj=obj obj_pos=[ 3.8123214  -1.804017    0.97098845] fixture_pos=[ 4.09914677 -1.19979889  0.97534056] fsize=[0.85139319 0.55       0.21540247] shifted_fpos=[ 4.09914677 -1.14979889  0.97534056] lower=[ 3.84914677 -1.34979889  0.71763932] upper=[ 4.34914677 -0.94979889  1.23304179] inside=False
[obj_inside_of] obj=obj obj_pos=[ 3.812304  -1.8039834  0.9709799] fixture_pos=[ 4.09914677 -1.19979889  0.97534056] fsize=[0.85139319 0.55       0.21540247] shifted_fpos=[ 4.09914677 -1.14979889  0.97534056] lower=[ 3.84914677 -1.34979889  0.71763932] upper=[ 4.34914677 -0.94979889  1.23304179] inside=False
[obj_inside_of] obj=obj obj_pos=[ 3.8122802  -1.8039615   0.97097415] fixture_pos=[ 4.09914677 -1.19979889  0.97534056] fsize=[0.85139319 0.55       0.21540247] shifted_fpos=[ 4.09914677 -1.14979889  0.97534056] lower=[ 3.84914677 -1.34979889  0.71763932] upper=[ 4.34914677 -0.94979889  1.23304179] inside=False
[obj_inside_of] obj=obj obj_pos=[ 3.8122604  -1.8039373   0.97097015] fixture_pos=[ 4.09914677 -1.19979889  0.97534056] fsize=[0.85139319 0.55       0.21540247] shifted_fpos=[ 4.09914677 -1.14979889  0.97534056] lower=[ 3.84914677 -1.34979889  0.71763932] upper=[ 4.34914677 -0.94979889  1.23304179] inside=False
[obj_inside_of] obj=obj obj_pos=[ 3.812247  -1.8039274  0.970968 ] fixture_pos=[ 4.09914677 -1.19979889  0.97534056] fsize=[0.85139319 0.55       0.21540247] shifted_fpos=[ 4.09914677 -1.14979889  0.97534056] lower=[ 3.84914677 -1.34979889  0.71763932] upper=[ 4.34914677 -0.94979889  1.23304179] inside=False
[obj_inside_of] obj=obj obj_pos=[ 3.8122392  -1.8039205   0.97096604] fixture_pos=[ 4.09914677 -1.19979889  0.97534056] fsize=[0.85139319 0.55       0.21540247] shifted_fpos=[ 4.09914677 -1.14979889  0.97534056] lower=[ 3.84914677 -1.34979889  0.71763932] upper=[ 4.34914677 -0.94979889  1.23304179] inside=False
[obj_inside_of] obj=obj obj_pos=[ 3.8122146  -1.8038999   0.97095793] fixture_pos=[ 4.09914677 -1.19979889  0.97534056] fsize=[0.85139319 0.55       0.21540247] shifted_fpos=[ 4.09914677 -1.14979889  0.97534056] lower=[ 3.84914677 -1.34979889  0.71763932] upper=[ 4.34914677 -0.94979889  1.23304179] inside=False
[obj_inside_of] obj=obj obj_pos=[ 3.8125627 -1.8044579  0.9714896] fixture_pos=[ 4.09914677 -1.19979889  0.97534056] fsize=[0.85139319 0.55       0.21540247] shifted_fpos=[ 4.09914677 -1.14979889  0.97534056] lower=[ 3.84914677 -1.34979889  0.71763932] upper=[ 4.34914677 -0.94979889  1.23304179] inside=False
[obj_inside_of] obj=obj obj_pos=[ 3.8133729  -1.8046743   0.97186106] fixture_pos=[ 4.09914677 -1.19979889  0.97534056] fsize=[0.85139319 0.55       0.21540247] shifted_fpos=[ 4.09914677 -1.14979889  0.97534056] lower=[ 3.84914677 -1.34979889  0.71763932] upper=[ 4.34914677 -0.94979889  1.23304179] inside=False
[obj_inside_of] obj=obj obj_pos=[ 3.8134859  -1.8050653   0.97202235] fixture_pos=[ 4.09914677 -1.19979889  0.97534056] fsize=[0.85139319 0.55       0.21540247] shifted_fpos=[ 4.09914677 -1.14979889  0.97534056] lower=[ 3.84914677 -1.34979889  0.71763932] upper=[ 4.34914677 -0.94979889  1.23304179] inside=False
[obj_inside_of] obj=obj obj_pos=[ 3.8138494  -1.8050914   0.97206235] fixture_pos=[ 4.09914677 -1.19979889  0.97534056] fsize=[0.85139319 0.55       0.21540247] shifted_fpos=[ 4.09914677 -1.14979889  0.97534056] lower=[ 3.84914677 -1.34979889  0.71763932] upper=[ 4.34914677 -0.94979889  1.23304179] inside=False
[obj_inside_of] obj=obj obj_pos=[ 3.814181   -1.8050293   0.97219485] fixture_pos=[ 4.09914677 -1.19979889  0.97534056] fsize=[0.85139319 0.55       0.21540247] shifted_fpos=[ 4.09914677 -1.14979889  0.97534056] lower=[ 3.84914677 -1.34979889  0.71763932] upper=[ 4.34914677 -0.94979889  1.23304179] inside=False
[obj_inside_of] obj=obj obj_pos=[ 3.8152382 -1.8045548  0.9727707] fixture_pos=[ 4.09914677 -1.19979889  0.97534056] fsize=[0.85139319 0.55       0.21540247] shifted_fpos=[ 4.09914677 -1.14979889  0.97534056] lower=[ 3.84914677 -1.34979889  0.71763932] upper=[ 4.34914677 -0.94979889  1.23304179] inside=False
[obj_inside_of] obj=obj obj_pos=[ 3.817959  -1.8038287  0.9746997] fixture_pos=[ 4.09914677 -1.19979889  0.97534056] fsize=[0.85139319 0.55       0.21540247] shifted_fpos=[ 4.09914677 -1.14979889  0.97534056] lower=[ 3.84914677 -1.34979889  0.71763932] upper=[ 4.34914677 -0.94979889  1.23304179] inside=False
[obj_inside_of] obj=obj obj_pos=[ 3.8186314 -1.8037266  0.980753 ] fixture_pos=[ 4.09914677 -1.19979889  0.97534056] fsize=[0.85139319 0.55       0.21540247] shifted_fpos=[ 4.09914677 -1.14979889  0.97534056] lower=[ 3.84914677 -1.34979889  0.71763932] upper=[ 4.34914677 -0.94979889  1.23304179] inside=False
[obj_inside_of] obj=obj obj_pos=[ 3.819123   -1.8037454   0.98754793] fixture_pos=[ 4.09914677 -1.19979889  0.97534056] fsize=[0.85139319 0.55       0.21540247] shifted_fpos=[ 4.09914677 -1.14979889  0.97534056] lower=[ 3.84914677 -1.34979889  0.71763932] upper=[ 4.34914677 -0.94979889  1.23304179] inside=False
[obj_inside_of] obj=obj obj_pos=[ 3.8195584 -1.8037914  0.992814 ] fixture_pos=[ 4.09914677 -1.19979889  0.97534056] fsize=[0.85139319 0.55       0.21540247] shifted_fpos=[ 4.09914677 -1.14979889  0.97534056] lower=[ 3.84914677 -1.34979889  0.71763932] upper=[ 4.34914677 -0.94979889  1.23304179] inside=False
[obj_inside_of] obj=obj obj_pos=[ 3.8199754 -1.8038806  0.9959589] fixture_pos=[ 4.09914677 -1.19979889  0.97534056] fsize=[0.85139319 0.55       0.21540247] shifted_fpos=[ 4.09914677 -1.14979889  0.97534056] lower=[ 3.84914677 -1.34979889  0.71763932] upper=[ 4.34914677 -0.94979889  1.23304179] inside=False
[obj_inside_of] obj=obj obj_pos=[ 3.8203256 -1.8039528  0.9976983] fixture_pos=[ 4.09914677 -1.19979889  0.97534056] fsize=[0.85139319 0.55       0.21540247] shifted_fpos=[ 4.09914677 -1.14979889  0.97534056] lower=[ 3.84914677 -1.34979889  0.71763932] upper=[ 4.34914677 -0.94979889  1.23304179] inside=False
[obj_inside_of] obj=obj obj_pos=[ 3.820636   -1.8040233   0.99864644] fixture_pos=[ 4.09914677 -1.19979889  0.97534056] fsize=[0.85139319 0.55       0.21540247] shifted_fpos=[ 4.09914677 -1.14979889  0.97534056] lower=[ 3.84914677 -1.34979889  0.71763932] upper=[ 4.34914677 -0.94979889  1.23304179] inside=False
[obj_inside_of] obj=obj obj_pos=[ 3.8209045 -1.8040928  0.9991615] fixture_pos=[ 4.09914677 -1.19979889  0.97534056] fsize=[0.85139319 0.55       0.21540247] shifted_fpos=[ 4.09914677 -1.14979889  0.97534056] lower=[ 3.84914677 -1.34979889  0.71763932] upper=[ 4.34914677 -0.94979889  1.23304179] inside=False
[obj_inside_of] obj=obj obj_pos=[ 3.8211439  -1.8041571   0.99944437] fixture_pos=[ 4.09914677 -1.19979889  0.97534056] fsize=[0.85139319 0.55       0.21540247] shifted_fpos=[ 4.09914677 -1.14979889  0.97534056] lower=[ 3.84914677 -1.34979889  0.71763932] upper=[ 4.34914677 -0.94979889  1.23304179] inside=False
[obj_inside_of] obj=obj obj_pos=[ 3.821353  -1.8042175  0.9996005] fixture_pos=[ 4.09914677 -1.19979889  0.97534056] fsize=[0.85139319 0.55       0.21540247] shifted_fpos=[ 4.09914677 -1.14979889  0.97534056] lower=[ 3.84914677 -1.34979889  0.71763932] upper=[ 4.34914677 -0.94979889  1.23304179] inside=False
[obj_inside_of] obj=obj obj_pos=[ 3.8215342  -1.8042707   0.99968755] fixture_pos=[ 4.09914677 -1.19979889  0.97534056] fsize=[0.85139319 0.55       0.21540247] shifted_fpos=[ 4.09914677 -1.14979889  0.97534056] lower=[ 3.84914677 -1.34979889  0.71763932] upper=[ 4.34914677 -0.94979889  1.23304179] inside=False
[obj_inside_of] obj=obj obj_pos=[ 3.8216906  -1.8043169   0.99973655] fixture_pos=[ 4.09914677 -1.19979889  0.97534056] fsize=[0.85139319 0.55       0.21540247] shifted_fpos=[ 4.09914677 -1.14979889  0.97534056] lower=[ 3.84914677 -1.34979889  0.71763932] upper=[ 4.34914677 -0.94979889  1.23304179] inside=False
[obj_inside_of] obj=obj obj_pos=[ 3.8218284 -1.8043578  0.999766 ] fixture_pos=[ 4.09914677 -1.19979889  0.97534056] fsize=[0.85139319 0.55       0.21540247] shifted_fpos=[ 4.09914677 -1.14979889  0.97534056] lower=[ 3.84914677 -1.34979889  0.71763932] upper=[ 4.34914677 -0.94979889  1.23304179] inside=False
[obj_inside_of] obj=obj obj_pos=[ 3.821944  -1.8043928  0.9997829] fixture_pos=[ 4.09914677 -1.19979889  0.97534056] fsize=[0.85139319 0.55       0.21540247] shifted_fpos=[ 4.09914677 -1.14979889  0.97534056] lower=[ 3.84914677 -1.34979889  0.71763932] upper=[ 4.34914677 -0.94979889  1.23304179] inside=False
[obj_inside_of] obj=obj obj_pos=[ 3.8220453  -1.8044231   0.99979305] fixture_pos=[ 4.09914677 -1.19979889  0.97534056] fsize=[0.85139319 0.55       0.21540247] shifted_fpos=[ 4.09914677 -1.14979889  0.97534056] lower=[ 3.84914677 -1.34979889  0.71763932] upper=[ 4.34914677 -0.94979889  1.23304179] inside=False
[obj_inside_of] obj=obj obj_pos=[ 3.8221278  -1.804449    0.99979913] fixture_pos=[ 4.09914677 -1.19979889  0.97534056] fsize=[0.85139319 0.55       0.21540247] shifted_fpos=[ 4.09914677 -1.14979889  0.97534056] lower=[ 3.84914677 -1.34979889  0.71763932] upper=[ 4.34914677 -0.94979889  1.23304179] inside=False
[obj_inside_of] obj=obj obj_pos=[ 3.822202  -1.80447    0.9998032] fixture_pos=[ 4.09914677 -1.19979889  0.97534056] fsize=[0.85139319 0.55       0.21540247] shifted_fpos=[ 4.09914677 -1.14979889  0.97534056] lower=[ 3.84914677 -1.34979889  0.71763932] upper=[ 4.34914677 -0.94979889  1.23304179] inside=False
[obj_inside_of] obj=obj obj_pos=[ 3.8222642 -1.8044881  0.9998065] fixture_pos=[ 4.09914677 -1.19979889  0.97534056] fsize=[0.85139319 0.55       0.21540247] shifted_fpos=[ 4.09914677 -1.14979889  0.97534056] lower=[ 3.84914677 -1.34979889  0.71763932] upper=[ 4.34914677 -0.94979889  1.23304179] inside=False
[obj_inside_of] obj=obj obj_pos=[ 3.822318  -1.8045036  0.9998095] fixture_pos=[ 4.09914677 -1.19979889  0.97534056] fsize=[0.85139319 0.55       0.21540247] shifted_fpos=[ 4.09914677 -1.14979889  0.97534056] lower=[ 3.84914677 -1.34979889  0.71763932] upper=[ 4.34914677 -0.94979889  1.23304179] inside=False
[obj_inside_of] obj=obj obj_pos=[ 3.8226445 -1.8047855  1.000396 ] fixture_pos=[ 4.09914677 -1.19979889  0.97534056] fsize=[0.85139319 0.55       0.21540247] shifted_fpos=[ 4.09914677 -1.14979889  0.97534056] lower=[ 3.84914677 -1.34979889  0.71763932] upper=[ 4.34914677 -0.94979889  1.23304179] inside=False
[obj_inside_of] obj=obj obj_pos=[ 3.8229718 -1.8050508  1.0010996] fixture_pos=[ 4.09914677 -1.19979889  0.97534056] fsize=[0.85139319 0.55       0.21540247] shifted_fpos=[ 4.09914677 -1.14979889  0.97534056] lower=[ 3.84914677 -1.34979889  0.71763932] upper=[ 4.34914677 -0.94979889  1.23304179] inside=False
[obj_inside_of] obj=obj obj_pos=[ 3.8232968 -1.805309   1.0018009] fixture_pos=[ 4.09914677 -1.19979889  0.97534056] fsize=[0.85139319 0.55       0.21540247] shifted_fpos=[ 4.09914677 -1.14979889  0.97534056] lower=[ 3.84914677 -1.34979889  0.71763932] upper=[ 4.34914677 -0.94979889  1.23304179] inside=False
[obj_inside_of] obj=obj obj_pos=[ 3.8234935 -1.8053806  1.0020438] fixture_pos=[ 4.09914677 -1.19979889  0.97534056] fsize=[0.85139319 0.55       0.21540247] shifted_fpos=[ 4.09914677 -1.14979889  0.97534056] lower=[ 3.84914677 -1.34979889  0.71763932] upper=[ 4.34914677 -0.94979889  1.23304179] inside=False
[obj_inside_of] obj=obj obj_pos=[ 3.8238087 -1.8056353  1.0026377] fixture_pos=[ 4.09914677 -1.19979889  0.97534056] fsize=[0.85139319 0.55       0.21540247] shifted_fpos=[ 4.09914677 -1.14979889  0.97534056] lower=[ 3.84914677 -1.34979889  0.71763932] upper=[ 4.34914677 -0.94979889  1.23304179] inside=False
[obj_inside_of] obj=obj obj_pos=[ 3.823791  -1.8055354  1.0048677] fixture_pos=[ 4.09914677 -1.19979889  0.97534056] fsize=[0.85139319 0.55       0.21540247] shifted_fpos=[ 4.09914677 -1.14979889  0.97534056] lower=[ 3.84914677 -1.34979889  0.71763932] upper=[ 4.34914677 -0.94979889  1.23304179] inside=False
[obj_inside_of] obj=obj obj_pos=[ 3.823763  -1.805464   1.0086391] fixture_pos=[ 4.09914677 -1.19979889  0.97534056] fsize=[0.85139319 0.55       0.21540247] shifted_fpos=[ 4.09914677 -1.14979889  0.97534056] lower=[ 3.84914677 -1.34979889  0.71763932] upper=[ 4.34914677 -0.94979889  1.23304179] inside=False
[obj_inside_of] obj=obj obj_pos=[ 3.8236516 -1.8054005  1.0150987] fixture_pos=[ 4.09914677 -1.19979889  0.97534056] fsize=[0.85139319 0.55       0.21540247] shifted_fpos=[ 4.09914677 -1.14979889  0.97534056] lower=[ 3.84914677 -1.34979889  0.71763932] upper=[ 4.34914677 -0.94979889  1.23304179] inside=False
[obj_inside_of] obj=obj obj_pos=[ 3.8236063 -1.8053693  1.0218323] fixture_pos=[ 4.09914677 -1.19979889  0.97534056] fsize=[0.85139319 0.55       0.21540247] shifted_fpos=[ 4.09914677 -1.14979889  0.97534056] lower=[ 3.84914677 -1.34979889  0.71763932] upper=[ 4.34914677 -0.94979889  1.23304179] inside=False
[obj_inside_of] obj=obj obj_pos=[ 3.8235734 -1.8053356  1.027276 ] fixture_pos=[ 4.09914677 -1.19979889  0.97534056] fsize=[0.85139319 0.55       0.21540247] shifted_fpos=[ 4.09914677 -1.14979889  0.97534056] lower=[ 3.84914677 -1.34979889  0.71763932] upper=[ 4.34914677 -0.94979889  1.23304179] inside=False
[obj_inside_of] obj=obj obj_pos=[ 3.8236196 -1.8053374  1.030594 ] fixture_pos=[ 4.09914677 -1.19979889  0.97534056] fsize=[0.85139319 0.55       0.21540247] shifted_fpos=[ 4.09914677 -1.14979889  0.97534056] lower=[ 3.84914677 -1.34979889  0.71763932] upper=[ 4.34914677 -0.94979889  1.23304179] inside=False
[obj_inside_of] obj=obj obj_pos=[ 3.823661  -1.8053313  1.0324411] fixture_pos=[ 4.09914677 -1.19979889  0.97534056] fsize=[0.85139319 0.55       0.21540247] shifted_fpos=[ 4.09914677 -1.14979889  0.97534056] lower=[ 3.84914677 -1.34979889  0.71763932] upper=[ 4.34914677 -0.94979889  1.23304179] inside=False
[obj_inside_of] obj=obj obj_pos=[ 3.8237066 -1.8053298  1.0334514] fixture_pos=[ 4.09914677 -1.19979889  0.97534056] fsize=[0.85139319 0.55       0.21540247] shifted_fpos=[ 4.09914677 -1.14979889  0.97534056] lower=[ 3.84914677 -1.34979889  0.71763932] upper=[ 4.34914677 -0.94979889  1.23304179] inside=False
[obj_inside_of] obj=obj obj_pos=[ 3.8237505 -1.8053315  1.0340024] fixture_pos=[ 4.09914677 -1.19979889  0.97534056] fsize=[0.85139319 0.55       0.21540247] shifted_fpos=[ 4.09914677 -1.14979889  0.97534056] lower=[ 3.84914677 -1.34979889  0.71763932] upper=[ 4.34914677 -0.94979889  1.23304179] inside=False
[obj_inside_of] obj=obj obj_pos=[ 3.8237884 -1.8053346  1.0343038] fixture_pos=[ 4.09914677 -1.19979889  0.97534056] fsize=[0.85139319 0.55       0.21540247] shifted_fpos=[ 4.09914677 -1.14979889  0.97534056] lower=[ 3.84914677 -1.34979889  0.71763932] upper=[ 4.34914677 -0.94979889  1.23304179] inside=False
[obj_inside_of] obj=obj obj_pos=[ 3.8238187 -1.8053392  1.0344714] fixture_pos=[ 4.09914677 -1.19979889  0.97534056] fsize=[0.85139319 0.55       0.21540247] shifted_fpos=[ 4.09914677 -1.14979889  0.97534056] lower=[ 3.84914677 -1.34979889  0.71763932] upper=[ 4.34914677 -0.94979889  1.23304179] inside=False
[obj_inside_of] obj=obj obj_pos=[ 3.82384   -1.805344   1.0345647] fixture_pos=[ 4.09914677 -1.19979889  0.97534056] fsize=[0.85139319 0.55       0.21540247] shifted_fpos=[ 4.09914677 -1.14979889  0.97534056] lower=[ 3.84914677 -1.34979889  0.71763932] upper=[ 4.34914677 -0.94979889  1.23304179] inside=False
[obj_inside_of] obj=obj obj_pos=[ 3.8238556 -1.8053483  1.0346183] fixture_pos=[ 4.09914677 -1.19979889  0.97534056] fsize=[0.85139319 0.55       0.21540247] shifted_fpos=[ 4.09914677 -1.14979889  0.97534056] lower=[ 3.84914677 -1.34979889  0.71763932] upper=[ 4.34914677 -0.94979889  1.23304179] inside=False
[obj_inside_of] obj=obj obj_pos=[ 3.8238652 -1.8053528  1.0346485] fixture_pos=[ 4.09914677 -1.19979889  0.97534056] fsize=[0.85139319 0.55       0.21540247] shifted_fpos=[ 4.09914677 -1.14979889  0.97534056] lower=[ 3.84914677 -1.34979889  0.71763932] upper=[ 4.34914677 -0.94979889  1.23304179] inside=False
[obj_inside_of] obj=obj obj_pos=[ 3.823871  -1.8053545  1.0346671] fixture_pos=[ 4.09914677 -1.19979889  0.97534056] fsize=[0.85139319 0.55       0.21540247] shifted_fpos=[ 4.09914677 -1.14979889  0.97534056] lower=[ 3.84914677 -1.34979889  0.71763932] upper=[ 4.34914677 -0.94979889  1.23304179] inside=False
[obj_inside_of] obj=obj obj_pos=[ 3.823872  -1.8053563  1.0346777] fixture_pos=[ 4.09914677 -1.19979889  0.97534056] fsize=[0.85139319 0.55       0.21540247] shifted_fpos=[ 4.09914677 -1.14979889  0.97534056] lower=[ 3.84914677 -1.34979889  0.71763932] upper=[ 4.34914677 -0.94979889  1.23304179] inside=False
[obj_inside_of] obj=obj obj_pos=[ 3.823872  -1.8053565  1.0346848] fixture_pos=[ 4.09914677 -1.19979889  0.97534056] fsize=[0.85139319 0.55       0.21540247] shifted_fpos=[ 4.09914677 -1.14979889  0.97534056] lower=[ 3.84914677 -1.34979889  0.71763932] upper=[ 4.34914677 -0.94979889  1.23304179] inside=False
[obj_inside_of] obj=obj obj_pos=[ 3.8238711 -1.8053559  1.034687 ] fixture_pos=[ 4.09914677 -1.19979889  0.97534056] fsize=[0.85139319 0.55       0.21540247] shifted_fpos=[ 4.09914677 -1.14979889  0.97534056] lower=[ 3.84914677 -1.34979889  0.71763932] upper=[ 4.34914677 -0.94979889  1.23304179] inside=False
[obj_inside_of] obj=obj obj_pos=[ 3.823867  -1.805357   1.0346895] fixture_pos=[ 4.09914677 -1.19979889  0.97534056] fsize=[0.85139319 0.55       0.21540247] shifted_fpos=[ 4.09914677 -1.14979889  0.97534056] lower=[ 3.84914677 -1.34979889  0.71763932] upper=[ 4.34914677 -0.94979889  1.23304179] inside=False
[obj_inside_of] obj=obj obj_pos=[ 3.8238633 -1.8053564  1.0346928] fixture_pos=[ 4.09914677 -1.19979889  0.97534056] fsize=[0.85139319 0.55       0.21540247] shifted_fpos=[ 4.09914677 -1.14979889  0.97534056] lower=[ 3.84914677 -1.34979889  0.71763932] upper=[ 4.34914677 -0.94979889  1.23304179] inside=False
[obj_inside_of] obj=obj obj_pos=[ 3.824118  -1.8056315  1.035285 ] fixture_pos=[ 4.09914677 -1.19979889  0.97534056] fsize=[0.85139319 0.55       0.21540247] shifted_fpos=[ 4.09914677 -1.14979889  0.97534056] lower=[ 3.84914677 -1.34979889  0.71763932] upper=[ 4.34914677 -0.94979889  1.23304179] inside=False
[obj_inside_of] obj=obj obj_pos=[ 3.8243835 -1.8058821  1.035995 ] fixture_pos=[ 4.09914677 -1.19979889  0.97534056] fsize=[0.85139319 0.55       0.21540247] shifted_fpos=[ 4.09914677 -1.14979889  0.97534056] lower=[ 3.84914677 -1.34979889  0.71763932] upper=[ 4.34914677 -0.94979889  1.23304179] inside=False
[obj_inside_of] obj=obj obj_pos=[ 3.8246439 -1.8061316  1.0367014] fixture_pos=[ 4.09914677 -1.19979889  0.97534056] fsize=[0.85139319 0.55       0.21540247] shifted_fpos=[ 4.09914677 -1.14979889  0.97534056] lower=[ 3.84914677 -1.34979889  0.71763932] upper=[ 4.34914677 -0.94979889  1.23304179] inside=False
[obj_inside_of] obj=obj obj_pos=[ 3.8248537 -1.8062563  1.0370338] fixture_pos=[ 4.09914677 -1.19979889  0.97534056] fsize=[0.85139319 0.55       0.21540247] shifted_fpos=[ 4.09914677 -1.14979889  0.97534056] lower=[ 3.84914677 -1.34979889  0.71763932] upper=[ 4.34914677 -0.94979889  1.23304179] inside=False
[obj_inside_of] obj=obj obj_pos=[ 3.8251212 -1.8065068  1.0376472] fixture_pos=[ 4.09914677 -1.19979889  0.97534056] fsize=[0.85139319 0.55       0.21540247] shifted_fpos=[ 4.09914677 -1.14979889  0.97534056] lower=[ 3.84914677 -1.34979889  0.71763932] upper=[ 4.34914677 -0.94979889  1.23304179] inside=False
[obj_inside_of] obj=obj obj_pos=[ 3.8252163 -1.8065314  1.0386657] fixture_pos=[ 4.09914677 -1.19979889  0.97534056] fsize=[0.85139319 0.55       0.21540247] shifted_fpos=[ 4.09914677 -1.14979889  0.97534056] lower=[ 3.84914677 -1.34979889  0.71763932] upper=[ 4.34914677 -0.94979889  1.23304179] inside=False
[obj_inside_of] obj=obj obj_pos=[ 3.8251798 -1.806463   1.0416515] fixture_pos=[ 4.09914677 -1.19979889  0.97534056] fsize=[0.85139319 0.55       0.21540247] shifted_fpos=[ 4.09914677 -1.14979889  0.97534056] lower=[ 3.84914677 -1.34979889  0.71763932] upper=[ 4.34914677 -0.94979889  1.23304179] inside=False
[obj_inside_of] obj=obj obj_pos=[ 3.8250728 -1.8064072  1.0478711] fixture_pos=[ 4.09914677 -1.19979889  0.97534056] fsize=[0.85139319 0.55       0.21540247] shifted_fpos=[ 4.09914677 -1.14979889  0.97534056] lower=[ 3.84914677 -1.34979889  0.71763932] upper=[ 4.34914677 -0.94979889  1.23304179] inside=False
[obj_inside_of] obj=obj obj_pos=[ 3.8249934 -1.8063725  1.0549427] fixture_pos=[ 4.09914677 -1.19979889  0.97534056] fsize=[0.85139319 0.55       0.21540247] shifted_fpos=[ 4.09914677 -1.14979889  0.97534056] lower=[ 3.84914677 -1.34979889  0.71763932] upper=[ 4.34914677 -0.94979889  1.23304179] inside=False
[obj_inside_of] obj=obj obj_pos=[ 3.8249288 -1.8063276  1.0609242] fixture_pos=[ 4.09914677 -1.19979889  0.97534056] fsize=[0.85139319 0.55       0.21540247] shifted_fpos=[ 4.09914677 -1.14979889  0.97534056] lower=[ 3.84914677 -1.34979889  0.71763932] upper=[ 4.34914677 -0.94979889  1.23304179] inside=False
[obj_inside_of] obj=obj obj_pos=[ 3.8249502 -1.8063185  1.0648072] fixture_pos=[ 4.09914677 -1.19979889  0.97534056] fsize=[0.85139319 0.55       0.21540247] shifted_fpos=[ 4.09914677 -1.14979889  0.97534056] lower=[ 3.84914677 -1.34979889  0.71763932] upper=[ 4.34914677 -0.94979889  1.23304179] inside=False
[obj_inside_of] obj=obj obj_pos=[ 3.82498   -1.8063025  1.0672961] fixture_pos=[ 4.09914677 -1.19979889  0.97534056] fsize=[0.85139319 0.55       0.21540247] shifted_fpos=[ 4.09914677 -1.14979889  0.97534056] lower=[ 3.84914677 -1.34979889  0.71763932] upper=[ 4.34914677 -0.94979889  1.23304179] inside=False
[obj_inside_of] obj=obj obj_pos=[ 3.8250349 -1.806305   1.0687205] fixture_pos=[ 4.09914677 -1.19979889  0.97534056] fsize=[0.85139319 0.55       0.21540247] shifted_fpos=[ 4.09914677 -1.14979889  0.97534056] lower=[ 3.84914677 -1.34979889  0.71763932] upper=[ 4.34914677 -0.94979889  1.23304179] inside=False
[obj_inside_of] obj=obj obj_pos=[ 3.8250945 -1.8063123  1.0695094] fixture_pos=[ 4.09914677 -1.19979889  0.97534056] fsize=[0.85139319 0.55       0.21540247] shifted_fpos=[ 4.09914677 -1.14979889  0.97534056] lower=[ 3.84914677 -1.34979889  0.71763932] upper=[ 4.34914677 -0.94979889  1.23304179] inside=False
[obj_inside_of] obj=obj obj_pos=[ 3.825148  -1.8063219  1.0699458] fixture_pos=[ 4.09914677 -1.19979889  0.97534056] fsize=[0.85139319 0.55       0.21540247] shifted_fpos=[ 4.09914677 -1.14979889  0.97534056] lower=[ 3.84914677 -1.34979889  0.71763932] upper=[ 4.34914677 -0.94979889  1.23304179] inside=False
[obj_inside_of] obj=obj obj_pos=[ 3.825189  -1.806333   1.0701876] fixture_pos=[ 4.09914677 -1.19979889  0.97534056] fsize=[0.85139319 0.55       0.21540247] shifted_fpos=[ 4.09914677 -1.14979889  0.97534056] lower=[ 3.84914677 -1.34979889  0.71763932] upper=[ 4.34914677 -0.94979889  1.23304179] inside=False
[obj_inside_of] obj=obj obj_pos=[ 3.8252213 -1.806342   1.0703248] fixture_pos=[ 4.09914677 -1.19979889  0.97534056] fsize=[0.85139319 0.55       0.21540247] shifted_fpos=[ 4.09914677 -1.14979889  0.97534056] lower=[ 3.84914677 -1.34979889  0.71763932] upper=[ 4.34914677 -0.94979889  1.23304179] inside=False
[obj_inside_of] obj=obj obj_pos=[ 3.8252425 -1.8063493  1.0704031] fixture_pos=[ 4.09914677 -1.19979889  0.97534056] fsize=[0.85139319 0.55       0.21540247] shifted_fpos=[ 4.09914677 -1.14979889  0.97534056] lower=[ 3.84914677 -1.34979889  0.71763932] upper=[ 4.34914677 -0.94979889  1.23304179] inside=False
[obj_inside_of] obj=obj obj_pos=[ 3.825256  -1.8063555  1.0704482] fixture_pos=[ 4.09914677 -1.19979889  0.97534056] fsize=[0.85139319 0.55       0.21540247] shifted_fpos=[ 4.09914677 -1.14979889  0.97534056] lower=[ 3.84914677 -1.34979889  0.71763932] upper=[ 4.34914677 -0.94979889  1.23304179] inside=False
[obj_inside_of] obj=obj obj_pos=[ 3.8252633 -1.8063594  1.0704751] fixture_pos=[ 4.09914677 -1.19979889  0.97534056] fsize=[0.85139319 0.55       0.21540247] shifted_fpos=[ 4.09914677 -1.14979889  0.97534056] lower=[ 3.84914677 -1.34979889  0.71763932] upper=[ 4.34914677 -0.94979889  1.23304179] inside=False
[obj_inside_of] obj=obj obj_pos=[ 3.825268  -1.8063614  1.0704923] fixture_pos=[ 4.09914677 -1.19979889  0.97534056] fsize=[0.85139319 0.55       0.21540247] shifted_fpos=[ 4.09914677 -1.14979889  0.97534056] lower=[ 3.84914677 -1.34979889  0.71763932] upper=[ 4.34914677 -0.94979889  1.23304179] inside=False
[obj_inside_of] obj=obj obj_pos=[ 3.825266  -1.8063637  1.0705013] fixture_pos=[ 4.09914677 -1.19979889  0.97534056] fsize=[0.85139319 0.55       0.21540247] shifted_fpos=[ 4.09914677 -1.14979889  0.97534056] lower=[ 3.84914677 -1.34979889  0.71763932] upper=[ 4.34914677 -0.94979889  1.23304179] inside=False
[obj_inside_of] obj=obj obj_pos=[ 3.825261  -1.8063636  1.070507 ] fixture_pos=[ 4.09914677 -1.19979889  0.97534056] fsize=[0.85139319 0.55       0.21540247] shifted_fpos=[ 4.09914677 -1.14979889  0.97534056] lower=[ 3.84914677 -1.34979889  0.71763932] upper=[ 4.34914677 -0.94979889  1.23304179] inside=False
[obj_inside_of] obj=obj obj_pos=[ 3.825256  -1.8063635  1.070511 ] fixture_pos=[ 4.09914677 -1.19979889  0.97534056] fsize=[0.85139319 0.55       0.21540247] shifted_fpos=[ 4.09914677 -1.14979889  0.97534056] lower=[ 3.84914677 -1.34979889  0.71763932] upper=[ 4.34914677 -0.94979889  1.23304179] inside=False
[obj_inside_of] obj=obj obj_pos=[ 3.82525   -1.8063635  1.070514 ] fixture_pos=[ 4.09914677 -1.19979889  0.97534056] fsize=[0.85139319 0.55       0.21540247] shifted_fpos=[ 4.09914677 -1.14979889  0.97534056] lower=[ 3.84914677 -1.34979889  0.71763932] upper=[ 4.34914677 -0.94979889  1.23304179] inside=False
[obj_inside_of] obj=obj obj_pos=[ 3.8252459 -1.8063624  1.0705149] fixture_pos=[ 4.09914677 -1.19979889  0.97534056] fsize=[0.85139319 0.55       0.21540247] shifted_fpos=[ 4.09914677 -1.14979889  0.97534056] lower=[ 3.84914677 -1.34979889  0.71763932] upper=[ 4.34914677 -0.94979889  1.23304179] inside=False
[obj_inside_of] obj=obj obj_pos=[ 3.8254926 -1.806641   1.071118 ] fixture_pos=[ 4.09914677 -1.19979889  0.97534056] fsize=[0.85139319 0.55       0.21540247] shifted_fpos=[ 4.09914677 -1.14979889  0.97534056] lower=[ 3.84914677 -1.34979889  0.71763932] upper=[ 4.34914677 -0.94979889  1.23304179] inside=False
[obj_inside_of] obj=obj obj_pos=[ 3.8257418 -1.8068901  1.0718327] fixture_pos=[ 4.09914677 -1.19979889  0.97534056] fsize=[0.85139319 0.55       0.21540247] shifted_fpos=[ 4.09914677 -1.14979889  0.97534056] lower=[ 3.84914677 -1.34979889  0.71763932] upper=[ 4.34914677 -0.94979889  1.23304179] inside=False
[obj_inside_of] obj=obj obj_pos=[ 3.8259401 -1.8070091  1.0721732] fixture_pos=[ 4.09914677 -1.19979889  0.97534056] fsize=[0.85139319 0.55       0.21540247] shifted_fpos=[ 4.09914677 -1.14979889  0.97534056] lower=[ 3.84914677 -1.34979889  0.71763932] upper=[ 4.34914677 -0.94979889  1.23304179] inside=False
[obj_inside_of] obj=obj obj_pos=[ 3.8261068 -1.8070986  1.0724038] fixture_pos=[ 4.09914677 -1.19979889  0.97534056] fsize=[0.85139319 0.55       0.21540247] shifted_fpos=[ 4.09914677 -1.14979889  0.97534056] lower=[ 3.84914677 -1.34979889  0.71763932] upper=[ 4.34914677 -0.94979889  1.23304179] inside=False
[obj_inside_of] obj=obj obj_pos=[ 3.8263638 -1.8073541  1.0730307] fixture_pos=[ 4.09914677 -1.19979889  0.97534056] fsize=[0.85139319 0.55       0.21540247] shifted_fpos=[ 4.09914677 -1.14979889  0.97534056] lower=[ 3.84914677 -1.34979889  0.71763932] upper=[ 4.34914677 -0.94979889  1.23304179] inside=False
[obj_inside_of] obj=obj obj_pos=[ 3.8264108 -1.8073534  1.0743945] fixture_pos=[ 4.09914677 -1.19979889  0.97534056] fsize=[0.85139319 0.55       0.21540247] shifted_fpos=[ 4.09914677 -1.14979889  0.97534056] lower=[ 3.84914677 -1.34979889  0.71763932] upper=[ 4.34914677 -0.94979889  1.23304179] inside=False
[obj_inside_of] obj=obj obj_pos=[ 3.8262591 -1.8072278  1.0787412] fixture_pos=[ 4.09914677 -1.19979889  0.97534056] fsize=[0.85139319 0.55       0.21540247] shifted_fpos=[ 4.09914677 -1.14979889  0.97534056] lower=[ 3.84914677 -1.34979889  0.71763932] upper=[ 4.34914677 -0.94979889  1.23304179] inside=False
[obj_inside_of] obj=obj obj_pos=[ 3.826124  -1.8071706  1.085517 ] fixture_pos=[ 4.09914677 -1.19979889  0.97534056] fsize=[0.85139319 0.55       0.21540247] shifted_fpos=[ 4.09914677 -1.14979889  0.97534056] lower=[ 3.84914677 -1.34979889  0.71763932] upper=[ 4.34914677 -0.94979889  1.23304179] inside=False
[obj_inside_of] obj=obj obj_pos=[ 3.8260002 -1.8071038  1.0923426] fixture_pos=[ 4.09914677 -1.19979889  0.97534056] fsize=[0.85139319 0.55       0.21540247] shifted_fpos=[ 4.09914677 -1.14979889  0.97534056] lower=[ 3.84914677 -1.34979889  0.71763932] upper=[ 4.34914677 -0.94979889  1.23304179] inside=False
[obj_inside_of] obj=obj obj_pos=[ 3.8259144 -1.8070351  1.097732 ] fixture_pos=[ 4.09914677 -1.19979889  0.97534056] fsize=[0.85139319 0.55       0.21540247] shifted_fpos=[ 4.09914677 -1.14979889  0.97534056] lower=[ 3.84914677 -1.34979889  0.71763932] upper=[ 4.34914677 -0.94979889  1.23304179] inside=False
[obj_inside_of] obj=obj obj_pos=[ 3.8259425 -1.807022   1.1010484] fixture_pos=[ 4.09914677 -1.19979889  0.97534056] fsize=[0.85139319 0.55       0.21540247] shifted_fpos=[ 4.09914677 -1.14979889  0.97534056] lower=[ 3.84914677 -1.34979889  0.71763932] upper=[ 4.34914677 -0.94979889  1.23304179] inside=False
[obj_inside_of] obj=obj obj_pos=[ 3.826     -1.8070139  1.1029345] fixture_pos=[ 4.09914677 -1.19979889  0.97534056] fsize=[0.85139319 0.55       0.21540247] shifted_fpos=[ 4.09914677 -1.14979889  0.97534056] lower=[ 3.84914677 -1.34979889  0.71763932] upper=[ 4.34914677 -0.94979889  1.23304179] inside=False
[obj_inside_of] obj=obj obj_pos=[ 3.8260744 -1.80702    1.1039807] fixture_pos=[ 4.09914677 -1.19979889  0.97534056] fsize=[0.85139319 0.55       0.21540247] shifted_fpos=[ 4.09914677 -1.14979889  0.97534056] lower=[ 3.84914677 -1.34979889  0.71763932] upper=[ 4.34914677 -0.94979889  1.23304179] inside=False
[obj_inside_of] obj=obj obj_pos=[ 3.826147  -1.8070315  1.1045588] fixture_pos=[ 4.09914677 -1.19979889  0.97534056] fsize=[0.85139319 0.55       0.21540247] shifted_fpos=[ 4.09914677 -1.14979889  0.97534056] lower=[ 3.84914677 -1.34979889  0.71763932] upper=[ 4.34914677 -0.94979889  1.23304179] inside=False
[perceive] 1 objects from ['base_camera', 'wrist_camera']: ['spout']
[obj_inside_of] obj=obj obj_pos=[ 3.8262079 -1.8070453  1.1048808] fixture_pos=[ 4.09914677 -1.19979889  0.97534056] fsize=[0.85139319 0.55       0.21540247] shifted_fpos=[ 4.09914677 -1.14979889  0.97534056] lower=[ 3.84914677 -1.34979889  0.71763932] upper=[ 4.34914677 -0.94979889  1.23304179] inside=False
[obj_inside_of] obj=obj obj_pos=[ 3.826254  -1.8070571  1.1050617] fixture_pos=[ 4.09914677 -1.19979889  0.97534056] fsize=[0.85139319 0.55       0.21540247] shifted_fpos=[ 4.09914677 -1.14979889  0.97534056] lower=[ 3.84914677 -1.34979889  0.71763932] upper=[ 4.34914677 -0.94979889  1.23304179] inside=False
[obj_inside_of] obj=obj obj_pos=[ 3.826285  -1.8070675  1.105165 ] fixture_pos=[ 4.09914677 -1.19979889  0.97534056] fsize=[0.85139319 0.55       0.21540247] shifted_fpos=[ 4.09914677 -1.14979889  0.97534056] lower=[ 3.84914677 -1.34979889  0.71763932] upper=[ 4.34914677 -0.94979889  1.23304179] inside=False
[obj_inside_of] obj=obj obj_pos=[ 3.8263066 -1.8070745  1.1052262] fixture_pos=[ 4.09914677 -1.19979889  0.97534056] fsize=[0.85139319 0.55       0.21540247] shifted_fpos=[ 4.09914677 -1.14979889  0.97534056] lower=[ 3.84914677 -1.34979889  0.71763932] upper=[ 4.34914677 -0.94979889  1.23304179] inside=False
[obj_inside_of] obj=obj obj_pos=[ 3.8263164 -1.807081   1.1052613] fixture_pos=[ 4.09914677 -1.19979889  0.97534056] fsize=[0.85139319 0.55       0.21540247] shifted_fpos=[ 4.09914677 -1.14979889  0.97534056] lower=[ 3.84914677 -1.34979889  0.71763932] upper=[ 4.34914677 -0.94979889  1.23304179] inside=False
[obj_inside_of] obj=obj obj_pos=[ 3.826321  -1.8070843  1.1052834] fixture_pos=[ 4.09914677 -1.19979889  0.97534056] fsize=[0.85139319 0.55       0.21540247] shifted_fpos=[ 4.09914677 -1.14979889  0.97534056] lower=[ 3.84914677 -1.34979889  0.71763932] upper=[ 4.34914677 -0.94979889  1.23304179] inside=False
[obj_inside_of] obj=obj obj_pos=[ 3.8263206 -1.8070855  1.1052965] fixture_pos=[ 4.09914677 -1.19979889  0.97534056] fsize=[0.85139319 0.55       0.21540247] shifted_fpos=[ 4.09914677 -1.14979889  0.97534056] lower=[ 3.84914677 -1.34979889  0.71763932] upper=[ 4.34914677 -0.94979889  1.23304179] inside=False
[obj_inside_of] obj=obj obj_pos=[ 3.8263166 -1.8070856  1.1053046] fixture_pos=[ 4.09914677 -1.19979889  0.97534056] fsize=[0.85139319 0.55       0.21540247] shifted_fpos=[ 4.09914677 -1.14979889  0.97534056] lower=[ 3.84914677 -1.34979889  0.71763932] upper=[ 4.34914677 -0.94979889  1.23304179] inside=False
[obj_inside_of] obj=obj obj_pos=[ 3.8263116 -1.8070861  1.1053101] fixture_pos=[ 4.09914677 -1.19979889  0.97534056] fsize=[0.85139319 0.55       0.21540247] shifted_fpos=[ 4.09914677 -1.14979889  0.97534056] lower=[ 3.84914677 -1.34979889  0.71763932] upper=[ 4.34914677 -0.94979889  1.23304179] inside=False
[obj_inside_of] obj=obj obj_pos=[ 3.826306  -1.8070849  1.1053143] fixture_pos=[ 4.09914677 -1.19979889  0.97534056] fsize=[0.85139319 0.55       0.21540247] shifted_fpos=[ 4.09914677 -1.14979889  0.97534056] lower=[ 3.84914677 -1.34979889  0.71763932] upper=[ 4.34914677 -0.94979889  1.23304179] inside=False
[obj_inside_of] obj=obj obj_pos=[ 3.8262963 -1.8070847  1.1053168] fixture_pos=[ 4.09914677 -1.19979889  0.97534056] fsize=[0.85139319 0.55       0.21540247] shifted_fpos=[ 4.09914677 -1.14979889  0.97534056] lower=[ 3.84914677 -1.34979889  0.71763932] upper=[ 4.34914677 -0.94979889  1.23304179] inside=False
[obj_inside_of] obj=obj obj_pos=[ 3.8262851 -1.8070828  1.1053164] fixture_pos=[ 4.09914677 -1.19979889  0.97534056] fsize=[0.85139319 0.55       0.21540247] shifted_fpos=[ 4.09914677 -1.14979889  0.97534056] lower=[ 3.84914677 -1.34979889  0.71763932] upper=[ 4.34914677 -0.94979889  1.23304179] inside=False
[obj_inside_of] obj=obj obj_pos=[ 3.8262768 -1.8070807  1.1053188] fixture_pos=[ 4.09914677 -1.19979889  0.97534056] fsize=[0.85139319 0.55       0.21540247] shifted_fpos=[ 4.09914677 -1.14979889  0.97534056] lower=[ 3.84914677 -1.34979889  0.71763932] upper=[ 4.34914677 -0.94979889  1.23304179] inside=False
[obj_inside_of] obj=obj obj_pos=[ 3.8262663 -1.8070788  1.1053193] fixture_pos=[ 4.09914677 -1.19979889  0.97534056] fsize=[0.85139319 0.55       0.21540247] shifted_fpos=[ 4.09914677 -1.14979889  0.97534056] lower=[ 3.84914677 -1.34979889  0.71763932] upper=[ 4.34914677 -0.94979889  1.23304179] inside=False
[obj_inside_of] obj=obj obj_pos=[ 3.826507  -1.8073636  1.1059312] fixture_pos=[ 4.09914677 -1.19979889  0.97534056] fsize=[0.85139319 0.55       0.21540247] shifted_fpos=[ 4.09914677 -1.14979889  0.97534056] lower=[ 3.84914677 -1.34979889  0.71763932] upper=[ 4.34914677 -0.94979889  1.23304179] inside=False
[obj_inside_of] obj=obj obj_pos=[ 3.8267457 -1.807612   1.1066519] fixture_pos=[ 4.09914677 -1.19979889  0.97534056] fsize=[0.85139319 0.55       0.21540247] shifted_fpos=[ 4.09914677 -1.14979889  0.97534056] lower=[ 3.84914677 -1.34979889  0.71763932] upper=[ 4.34914677 -0.94979889  1.23304179] inside=False
[obj_inside_of] obj=obj obj_pos=[ 3.826935  -1.8077248  1.1069949] fixture_pos=[ 4.09914677 -1.19979889  0.97534056] fsize=[0.85139319 0.55       0.21540247] shifted_fpos=[ 4.09914677 -1.14979889  0.97534056] lower=[ 3.84914677 -1.34979889  0.71763932] upper=[ 4.34914677 -0.94979889  1.23304179] inside=False
[obj_inside_of] obj=obj obj_pos=[ 3.8271027 -1.807801   1.1071839] fixture_pos=[ 4.09914677 -1.19979889  0.97534056] fsize=[0.85139319 0.55       0.21540247] shifted_fpos=[ 4.09914677 -1.14979889  0.97534056] lower=[ 3.84914677 -1.34979889  0.71763932] upper=[ 4.34914677 -0.94979889  1.23304179] inside=False
[obj_inside_of] obj=obj obj_pos=[ 3.8272672 -1.8077801  1.1073183] fixture_pos=[ 4.09914677 -1.19979889  0.97534056] fsize=[0.85139319 0.55       0.21540247] shifted_fpos=[ 4.09914677 -1.14979889  0.97534056] lower=[ 3.84914677 -1.34979889  0.71763932] upper=[ 4.34914677 -0.94979889  1.23304179] inside=False
[obj_inside_of] obj=obj obj_pos=[ 3.8274739 -1.8075944  1.1074201] fixture_pos=[ 4.09914677 -1.19979889  0.97534056] fsize=[0.85139319 0.55       0.21540247] shifted_fpos=[ 4.09914677 -1.14979889  0.97534056] lower=[ 3.84914677 -1.34979889  0.71763932] upper=[ 4.34914677 -0.94979889  1.23304179] inside=False
[obj_inside_of] obj=obj obj_pos=[ 3.8277314 -1.8072544  1.1075004] fixture_pos=[ 4.09914677 -1.19979889  0.97534056] fsize=[0.85139319 0.55       0.21540247] shifted_fpos=[ 4.09914677 -1.14979889  0.97534056] lower=[ 3.84914677 -1.34979889  0.71763932] upper=[ 4.34914677 -0.94979889  1.23304179] inside=False
[obj_inside_of] obj=obj obj_pos=[ 3.8282037 -1.8060917  1.1073297] fixture_pos=[ 4.09914677 -1.19979889  0.97534056] fsize=[0.85139319 0.55       0.21540247] shifted_fpos=[ 4.09914677 -1.14979889  0.97534056] lower=[ 3.84914677 -1.34979889  0.71763932] upper=[ 4.34914677 -0.94979889  1.23304179] inside=False
[obj_inside_of] obj=obj obj_pos=[ 3.8290548 -1.8042847  1.107187 ] fixture_pos=[ 4.09914677 -1.19979889  0.97534056] fsize=[0.85139319 0.55       0.21540247] shifted_fpos=[ 4.09914677 -1.14979889  0.97534056] lower=[ 3.84914677 -1.34979889  0.71763932] upper=[ 4.34914677 -0.94979889  1.23304179] inside=False
[obj_inside_of] obj=obj obj_pos=[ 3.8304257 -1.8013879  1.1071007] fixture_pos=[ 4.09914677 -1.19979889  0.97534056] fsize=[0.85139319 0.55       0.21540247] shifted_fpos=[ 4.09914677 -1.14979889  0.97534056] lower=[ 3.84914677 -1.34979889  0.71763932] upper=[ 4.34914677 -0.94979889  1.23304179] inside=False
[obj_inside_of] obj=obj obj_pos=[ 3.8322117 -1.7976741  1.1070102] fixture_pos=[ 4.09914677 -1.19979889  0.97534056] fsize=[0.85139319 0.55       0.21540247] shifted_fpos=[ 4.09914677 -1.14979889  0.97534056] lower=[ 3.84914677 -1.34979889  0.71763932] upper=[ 4.34914677 -0.94979889  1.23304179] inside=False
[obj_inside_of] obj=obj obj_pos=[ 3.834476  -1.792998   1.1069598] fixture_pos=[ 4.09914677 -1.19979889  0.97534056] fsize=[0.85139319 0.55       0.21540247] shifted_fpos=[ 4.09914677 -1.14979889  0.97534056] lower=[ 3.84914677 -1.34979889  0.71763932] upper=[ 4.34914677 -0.94979889  1.23304179] inside=False
[obj_inside_of] obj=obj obj_pos=[ 3.8373597 -1.7870971  1.1069744] fixture_pos=[ 4.09914677 -1.19979889  0.97534056] fsize=[0.85139319 0.55       0.21540247] shifted_fpos=[ 4.09914677 -1.14979889  0.97534056] lower=[ 3.84914677 -1.34979889  0.71763932] upper=[ 4.34914677 -0.94979889  1.23304179] inside=False
[obj_inside_of] obj=obj obj_pos=[ 3.8409479 -1.7797958  1.1070431] fixture_pos=[ 4.09914677 -1.19979889  0.97534056] fsize=[0.85139319 0.55       0.21540247] shifted_fpos=[ 4.09914677 -1.14979889  0.97534056] lower=[ 3.84914677 -1.34979889  0.71763932] upper=[ 4.34914677 -0.94979889  1.23304179] inside=False
[obj_inside_of] obj=obj obj_pos=[ 3.8453248 -1.7709256  1.1071589] fixture_pos=[ 4.09914677 -1.19979889  0.97534056] fsize=[0.85139319 0.55       0.21540247] shifted_fpos=[ 4.09914677 -1.14979889  0.97534056] lower=[ 3.84914677 -1.34979889  0.71763932] upper=[ 4.34914677 -0.94979889  1.23304179] inside=False
[obj_inside_of] obj=obj obj_pos=[ 3.8507297 -1.7599765  1.1073333] fixture_pos=[ 4.09914677 -1.19979889  0.97534056] fsize=[0.85139319 0.55       0.21540247] shifted_fpos=[ 4.09914677 -1.14979889  0.97534056] lower=[ 3.84914677 -1.34979889  0.71763932] upper=[ 4.34914677 -0.94979889  1.23304179] inside=False
[obj_inside_of] obj=obj obj_pos=[ 3.8577926 -1.7458022  1.1076192] fixture_pos=[ 4.09914677 -1.19979889  0.97534056] fsize=[0.85139319 0.55       0.21540247] shifted_fpos=[ 4.09914677 -1.14979889  0.97534056] lower=[ 3.84914677 -1.34979889  0.71763932] upper=[ 4.34914677 -0.94979889  1.23304179] inside=False
[obj_inside_of] obj=obj obj_pos=[ 3.8652527 -1.7308731  1.1077971] fixture_pos=[ 4.09914677 -1.19979889  0.97534056] fsize=[0.85139319 0.55       0.21540247] shifted_fpos=[ 4.09914677 -1.14979889  0.97534056] lower=[ 3.84914677 -1.34979889  0.71763932] upper=[ 4.34914677 -0.94979889  1.23304179] inside=False
[obj_inside_of] obj=obj obj_pos=[ 3.8721209 -1.7168548  1.1078886] fixture_pos=[ 4.09914677 -1.19979889  0.97534056] fsize=[0.85139319 0.55       0.21540247] shifted_fpos=[ 4.09914677 -1.14979889  0.97534056] lower=[ 3.84914677 -1.34979889  0.71763932] upper=[ 4.34914677 -0.94979889  1.23304179] inside=False
[obj_inside_of] obj=obj obj_pos=[ 3.8782096 -1.7042199  1.1079346] fixture_pos=[ 4.09914677 -1.19979889  0.97534056] fsize=[0.85139319 0.55       0.21540247] shifted_fpos=[ 4.09914677 -1.14979889  0.97534056] lower=[ 3.84914677 -1.34979889  0.71763932] upper=[ 4.34914677 -0.94979889  1.23304179] inside=False
[obj_inside_of] obj=obj obj_pos=[ 3.883493  -1.6931303  1.1079541] fixture_pos=[ 4.09914677 -1.19979889  0.97534056] fsize=[0.85139319 0.55       0.21540247] shifted_fpos=[ 4.09914677 -1.14979889  0.97534056] lower=[ 3.84914677 -1.34979889  0.71763932] upper=[ 4.34914677 -0.94979889  1.23304179] inside=False
[obj_inside_of] obj=obj obj_pos=[ 3.8878908 -1.6838745  1.1079364] fixture_pos=[ 4.09914677 -1.19979889  0.97534056] fsize=[0.85139319 0.55       0.21540247] shifted_fpos=[ 4.09914677 -1.14979889  0.97534056] lower=[ 3.84914677 -1.34979889  0.71763932] upper=[ 4.34914677 -0.94979889  1.23304179] inside=False
[obj_inside_of] obj=obj obj_pos=[ 3.89174   -1.6757505  1.1079946] fixture_pos=[ 4.09914677 -1.19979889  0.97534056] fsize=[0.85139319 0.55       0.21540247] shifted_fpos=[ 4.09914677 -1.14979889  0.97534056] lower=[ 3.84914677 -1.34979889  0.71763932] upper=[ 4.34914677 -0.94979889  1.23304179] inside=False
[obj_inside_of] obj=obj obj_pos=[ 3.8949454 -1.6689827  1.108002 ] fixture_pos=[ 4.09914677 -1.19979889  0.97534056] fsize=[0.85139319 0.55       0.21540247] shifted_fpos=[ 4.09914677 -1.14979889  0.97534056] lower=[ 3.84914677 -1.34979889  0.71763932] upper=[ 4.34914677 -0.94979889  1.23304179] inside=False
[obj_inside_of] obj=obj obj_pos=[ 3.8974693 -1.6636693  1.1080067] fixture_pos=[ 4.09914677 -1.19979889  0.97534056] fsize=[0.85139319 0.55       0.21540247] shifted_fpos=[ 4.09914677 -1.14979889  0.97534056] lower=[ 3.84914677 -1.34979889  0.71763932] upper=[ 4.34914677 -0.94979889  1.23304179] inside=False
[obj_inside_of] obj=obj obj_pos=[ 3.8993778 -1.6598036  1.108041 ] fixture_pos=[ 4.09914677 -1.19979889  0.97534056] fsize=[0.85139319 0.55       0.21540247] shifted_fpos=[ 4.09914677 -1.14979889  0.97534056] lower=[ 3.84914677 -1.34979889  0.71763932] upper=[ 4.34914677 -0.94979889  1.23304179] inside=False
[obj_inside_of] obj=obj obj_pos=[ 3.9007447 -1.6570404  1.1081095] fixture_pos=[ 4.09914677 -1.19979889  0.97534056] fsize=[0.85139319 0.55       0.21540247] shifted_fpos=[ 4.09914677 -1.14979889  0.97534056] lower=[ 3.84914677 -1.34979889  0.71763932] upper=[ 4.34914677 -0.94979889  1.23304179] inside=False
[obj_inside_of] obj=obj obj_pos=[ 3.9017537 -1.6550229  1.1081742] fixture_pos=[ 4.09914677 -1.19979889  0.97534056] fsize=[0.85139319 0.55       0.21540247] shifted_fpos=[ 4.09914677 -1.14979889  0.97534056] lower=[ 3.84914677 -1.34979889  0.71763932] upper=[ 4.34914677 -0.94979889  1.23304179] inside=False
[obj_inside_of] obj=obj obj_pos=[ 3.9024723 -1.6538938  1.1083435] fixture_pos=[ 4.09914677 -1.19979889  0.97534056] fsize=[0.85139319 0.55       0.21540247] shifted_fpos=[ 4.09914677 -1.14979889  0.97534056] lower=[ 3.84914677 -1.34979889  0.71763932] upper=[ 4.34914677 -0.94979889  1.23304179] inside=False
[obj_inside_of] obj=obj obj_pos=[ 3.9029388 -1.6531944  1.1085432] fixture_pos=[ 4.09914677 -1.19979889  0.97534056] fsize=[0.85139319 0.55       0.21540247] shifted_fpos=[ 4.09914677 -1.14979889  0.97534056] lower=[ 3.84914677 -1.34979889  0.71763932] upper=[ 4.34914677 -0.94979889  1.23304179] inside=False
[obj_inside_of] obj=obj obj_pos=[ 3.9032238 -1.6527718  1.1086667] fixture_pos=[ 4.09914677 -1.19979889  0.97534056] fsize=[0.85139319 0.55       0.21540247] shifted_fpos=[ 4.09914677 -1.14979889  0.97534056] lower=[ 3.84914677 -1.34979889  0.71763932] upper=[ 4.34914677 -0.94979889  1.23304179] inside=False
[obj_inside_of] obj=obj obj_pos=[ 3.9033794 -1.652562   1.108744 ] fixture_pos=[ 4.09914677 -1.19979889  0.97534056] fsize=[0.85139319 0.55       0.21540247] shifted_fpos=[ 4.09914677 -1.14979889  0.97534056] lower=[ 3.84914677 -1.34979889  0.71763932] upper=[ 4.34914677 -0.94979889  1.23304179] inside=False
[obj_inside_of] obj=obj obj_pos=[ 3.9034524 -1.6524798  1.1087928] fixture_pos=[ 4.09914677 -1.19979889  0.97534056] fsize=[0.85139319 0.55       0.21540247] shifted_fpos=[ 4.09914677 -1.14979889  0.97534056] lower=[ 3.84914677 -1.34979889  0.71763932] upper=[ 4.34914677 -0.94979889  1.23304179] inside=False
[obj_inside_of] obj=obj obj_pos=[ 3.9034765 -1.6524713  1.1088226] fixture_pos=[ 4.09914677 -1.19979889  0.97534056] fsize=[0.85139319 0.55       0.21540247] shifted_fpos=[ 4.09914677 -1.14979889  0.97534056] lower=[ 3.84914677 -1.34979889  0.71763932] upper=[ 4.34914677 -0.94979889  1.23304179] inside=False
[obj_inside_of] obj=obj obj_pos=[ 3.90347   -1.6525041  1.108843 ] fixture_pos=[ 4.09914677 -1.19979889  0.97534056] fsize=[0.85139319 0.55       0.21540247] shifted_fpos=[ 4.09914677 -1.14979889  0.97534056] lower=[ 3.84914677 -1.34979889  0.71763932] upper=[ 4.34914677 -0.94979889  1.23304179] inside=False
[obj_inside_of] obj=obj obj_pos=[ 3.9034464 -1.6525576  1.108855 ] fixture_pos=[ 4.09914677 -1.19979889  0.97534056] fsize=[0.85139319 0.55       0.21540247] shifted_fpos=[ 4.09914677 -1.14979889  0.97534056] lower=[ 3.84914677 -1.34979889  0.71763932] upper=[ 4.34914677 -0.94979889  1.23304179] inside=False
[obj_inside_of] obj=obj obj_pos=[ 3.9034128 -1.652622   1.108863 ] fixture_pos=[ 4.09914677 -1.19979889  0.97534056] fsize=[0.85139319 0.55       0.21540247] shifted_fpos=[ 4.09914677 -1.14979889  0.97534056] lower=[ 3.84914677 -1.34979889  0.71763932] upper=[ 4.34914677 -0.94979889  1.23304179] inside=False
[obj_inside_of] obj=obj obj_pos=[ 3.9033763 -1.6526899  1.1088688] fixture_pos=[ 4.09914677 -1.19979889  0.97534056] fsize=[0.85139319 0.55       0.21540247] shifted_fpos=[ 4.09914677 -1.14979889  0.97534056] lower=[ 3.84914677 -1.34979889  0.71763932] upper=[ 4.34914677 -0.94979889  1.23304179] inside=False
[obj_inside_of] obj=obj obj_pos=[ 3.9033349 -1.6527587  1.1088728] fixture_pos=[ 4.09914677 -1.19979889  0.97534056] fsize=[0.85139319 0.55       0.21540247] shifted_fpos=[ 4.09914677 -1.14979889  0.97534056] lower=[ 3.84914677 -1.34979889  0.71763932] upper=[ 4.34914677 -0.94979889  1.23304179] inside=False
[obj_inside_of] obj=obj obj_pos=[ 3.903295  -1.6528249  1.1088741] fixture_pos=[ 4.09914677 -1.19979889  0.97534056] fsize=[0.85139319 0.55       0.21540247] shifted_fpos=[ 4.09914677 -1.14979889  0.97534056] lower=[ 3.84914677 -1.34979889  0.71763932] upper=[ 4.34914677 -0.94979889  1.23304179] inside=False
[obj_inside_of] obj=obj obj_pos=[ 3.9032571 -1.6528873  1.1088759] fixture_pos=[ 4.09914677 -1.19979889  0.97534056] fsize=[0.85139319 0.55       0.21540247] shifted_fpos=[ 4.09914677 -1.14979889  0.97534056] lower=[ 3.84914677 -1.34979889  0.71763932] upper=[ 4.34914677 -0.94979889  1.23304179] inside=False
[obj_inside_of] obj=obj obj_pos=[ 3.9032218 -1.652945   1.1088772] fixture_pos=[ 4.09914677 -1.19979889  0.97534056] fsize=[0.85139319 0.55       0.21540247] shifted_fpos=[ 4.09914677 -1.14979889  0.97534056] lower=[ 3.84914677 -1.34979889  0.71763932] upper=[ 4.34914677 -0.94979889  1.23304179] inside=False
[obj_inside_of] obj=obj obj_pos=[ 3.9031913 -1.6529976  1.1088789] fixture_pos=[ 4.09914677 -1.19979889  0.97534056] fsize=[0.85139319 0.55       0.21540247] shifted_fpos=[ 4.09914677 -1.14979889  0.97534056] lower=[ 3.84914677 -1.34979889  0.71763932] upper=[ 4.34914677 -0.94979889  1.23304179] inside=False
[obj_inside_of] obj=obj obj_pos=[ 3.9031606 -1.6530455  1.1088789] fixture_pos=[ 4.09914677 -1.19979889  0.97534056] fsize=[0.85139319 0.55       0.21540247] shifted_fpos=[ 4.09914677 -1.14979889  0.97534056] lower=[ 3.84914677 -1.34979889  0.71763932] upper=[ 4.34914677 -0.94979889  1.23304179] inside=False
[obj_inside_of] obj=obj obj_pos=[ 3.903525  -1.6532253  1.1094617] fixture_pos=[ 4.09914677 -1.19979889  0.97534056] fsize=[0.85139319 0.55       0.21540247] shifted_fpos=[ 4.09914677 -1.14979889  0.97534056] lower=[ 3.84914677 -1.34979889  0.71763932] upper=[ 4.34914677 -0.94979889  1.23304179] inside=False
[obj_inside_of] obj=obj obj_pos=[ 3.9038675 -1.6533666  1.1101503] fixture_pos=[ 4.09914677 -1.19979889  0.97534056] fsize=[0.85139319 0.55       0.21540247] shifted_fpos=[ 4.09914677 -1.14979889  0.97534056] lower=[ 3.84914677 -1.34979889  0.71763932] upper=[ 4.34914677 -0.94979889  1.23304179] inside=False
[obj_inside_of] obj=obj obj_pos=[ 3.904235  -1.6534823  1.1108415] fixture_pos=[ 4.09914677 -1.19979889  0.97534056] fsize=[0.85139319 0.55       0.21540247] shifted_fpos=[ 4.09914677 -1.14979889  0.97534056] lower=[ 3.84914677 -1.34979889  0.71763932] upper=[ 4.34914677 -0.94979889  1.23304179] inside=False
[obj_inside_of] obj=obj obj_pos=[ 3.9043903 -1.6534901  1.1110349] fixture_pos=[ 4.09914677 -1.19979889  0.97534056] fsize=[0.85139319 0.55       0.21540247] shifted_fpos=[ 4.09914677 -1.14979889  0.97534056] lower=[ 3.84914677 -1.34979889  0.71763932] upper=[ 4.34914677 -0.94979889  1.23304179] inside=False
[obj_inside_of] obj=obj obj_pos=[ 3.9045384 -1.653495   1.1110799] fixture_pos=[ 4.09914677 -1.19979889  0.97534056] fsize=[0.85139319 0.55       0.21540247] shifted_fpos=[ 4.09914677 -1.14979889  0.97534056] lower=[ 3.84914677 -1.34979889  0.71763932] upper=[ 4.34914677 -0.94979889  1.23304179] inside=False
[obj_inside_of] obj=obj obj_pos=[ 3.9047046 -1.653393   1.1111034] fixture_pos=[ 4.09914677 -1.19979889  0.97534056] fsize=[0.85139319 0.55       0.21540247] shifted_fpos=[ 4.09914677 -1.14979889  0.97534056] lower=[ 3.84914677 -1.34979889  0.71763932] upper=[ 4.34914677 -0.94979889  1.23304179] inside=False
[obj_inside_of] obj=obj obj_pos=[ 3.9049327 -1.653092   1.1111182] fixture_pos=[ 4.09914677 -1.19979889  0.97534056] fsize=[0.85139319 0.55       0.21540247] shifted_fpos=[ 4.09914677 -1.14979889  0.97534056] lower=[ 3.84914677 -1.34979889  0.71763932] upper=[ 4.34914677 -0.94979889  1.23304179] inside=False
[obj_inside_of] obj=obj obj_pos=[ 3.905273  -1.6524911  1.1111245] fixture_pos=[ 4.09914677 -1.19979889  0.97534056] fsize=[0.85139319 0.55       0.21540247] shifted_fpos=[ 4.09914677 -1.14979889  0.97534056] lower=[ 3.84914677 -1.34979889  0.71763932] upper=[ 4.34914677 -0.94979889  1.23304179] inside=False
[obj_inside_of] obj=obj obj_pos=[ 3.9058034 -1.6510698  1.1109079] fixture_pos=[ 4.09914677 -1.19979889  0.97534056] fsize=[0.85139319 0.55       0.21540247] shifted_fpos=[ 4.09914677 -1.14979889  0.97534056] lower=[ 3.84914677 -1.34979889  0.71763932] upper=[ 4.34914677 -0.94979889  1.23304179] inside=False
[obj_inside_of] obj=obj obj_pos=[ 3.9068735 -1.6485548  1.1106924] fixture_pos=[ 4.09914677 -1.19979889  0.97534056] fsize=[0.85139319 0.55       0.21540247] shifted_fpos=[ 4.09914677 -1.14979889  0.97534056] lower=[ 3.84914677 -1.34979889  0.71763932] upper=[ 4.34914677 -0.94979889  1.23304179] inside=False
[obj_inside_of] obj=obj obj_pos=[ 3.9081874 -1.6455187  1.1104887] fixture_pos=[ 4.09914677 -1.19979889  0.97534056] fsize=[0.85139319 0.55       0.21540247] shifted_fpos=[ 4.09914677 -1.14979889  0.97534056] lower=[ 3.84914677 -1.34979889  0.71763932] upper=[ 4.34914677 -0.94979889  1.23304179] inside=False
[obj_inside_of] obj=obj obj_pos=[ 3.9100165 -1.6412765  1.1103306] fixture_pos=[ 4.09914677 -1.19979889  0.97534056] fsize=[0.85139319 0.55       0.21540247] shifted_fpos=[ 4.09914677 -1.14979889  0.97534056] lower=[ 3.84914677 -1.34979889  0.71763932] upper=[ 4.34914677 -0.94979889  1.23304179] inside=False
[obj_inside_of] obj=obj obj_pos=[ 3.912492  -1.6356945  1.1101601] fixture_pos=[ 4.09914677 -1.19979889  0.97534056] fsize=[0.85139319 0.55       0.21540247] shifted_fpos=[ 4.09914677 -1.14979889  0.97534056] lower=[ 3.84914677 -1.34979889  0.71763932] upper=[ 4.34914677 -0.94979889  1.23304179] inside=False
[obj_inside_of] obj=obj obj_pos=[ 3.9156215 -1.6287196  1.1100243] fixture_pos=[ 4.09914677 -1.19979889  0.97534056] fsize=[0.85139319 0.55       0.21540247] shifted_fpos=[ 4.09914677 -1.14979889  0.97534056] lower=[ 3.84914677 -1.34979889  0.71763932] upper=[ 4.34914677 -0.94979889  1.23304179] inside=False
[viz-debug] base_link.pose=(3.542,-1.545) q=(1.000,0.000,-0.000,0.000) qpos[0:3]=(0.542,-0.345,0.001)
[obj_inside_of] obj=obj obj_pos=[ 3.9201791 -1.6187472  1.1100575] fixture_pos=[ 4.09914677 -1.19979889  0.97534056] fsize=[0.85139319 0.55       0.21540247] shifted_fpos=[ 4.09914677 -1.14979889  0.97534056] lower=[ 3.84914677 -1.34979889  0.71763932] upper=[ 4.34914677 -0.94979889  1.23304179] inside=False
[obj_inside_of] obj=obj obj_pos=[ 3.9256706 -1.6066438  1.1098795] fixture_pos=[ 4.09914677 -1.19979889  0.97534056] fsize=[0.85139319 0.55       0.21540247] shifted_fpos=[ 4.09914677 -1.14979889  0.97534056] lower=[ 3.84914677 -1.34979889  0.71763932] upper=[ 4.34914677 -0.94979889  1.23304179] inside=False
[obj_inside_of] obj=obj obj_pos=[ 3.931815  -1.5930824  1.1097062] fixture_pos=[ 4.09914677 -1.19979889  0.97534056] fsize=[0.85139319 0.55       0.21540247] shifted_fpos=[ 4.09914677 -1.14979889  0.97534056] lower=[ 3.84914677 -1.34979889  0.71763932] upper=[ 4.34914677 -0.94979889  1.23304179] inside=False
[obj_inside_of] obj=obj obj_pos=[ 3.938131  -1.5789704  1.1094317] fixture_pos=[ 4.09914677 -1.19979889  0.97534056] fsize=[0.85139319 0.55       0.21540247] shifted_fpos=[ 4.09914677 -1.14979889  0.97534056] lower=[ 3.84914677 -1.34979889  0.71763932] upper=[ 4.34914677 -0.94979889  1.23304179] inside=False
[obj_inside_of] obj=obj obj_pos=[ 3.944162  -1.5653247  1.1091012] fixture_pos=[ 4.09914677 -1.19979889  0.97534056] fsize=[0.85139319 0.55       0.21540247] shifted_fpos=[ 4.09914677 -1.14979889  0.97534056] lower=[ 3.84914677 -1.34979889  0.71763932] upper=[ 4.34914677 -0.94979889  1.23304179] inside=False
[obj_inside_of] obj=obj obj_pos=[ 3.9496658 -1.5527848  1.1087716] fixture_pos=[ 4.09914677 -1.19979889  0.97534056] fsize=[0.85139319 0.55       0.21540247] shifted_fpos=[ 4.09914677 -1.14979889  0.97534056] lower=[ 3.84914677 -1.34979889  0.71763932] upper=[ 4.34914677 -0.94979889  1.23304179] inside=False
[obj_inside_of] obj=obj obj_pos=[ 3.954871  -1.5410538  1.1085556] fixture_pos=[ 4.09914677 -1.19979889  0.97534056] fsize=[0.85139319 0.55       0.21540247] shifted_fpos=[ 4.09914677 -1.14979889  0.97534056] lower=[ 3.84914677 -1.34979889  0.71763932] upper=[ 4.34914677 -0.94979889  1.23304179] inside=False
[obj_inside_of] obj=obj obj_pos=[ 3.9591718 -1.5312462  1.1081231] fixture_pos=[ 4.09914677 -1.19979889  0.97534056] fsize=[0.85139319 0.55       0.21540247] shifted_fpos=[ 4.09914677 -1.14979889  0.97534056] lower=[ 3.84914677 -1.34979889  0.71763932] upper=[ 4.34914677 -0.94979889  1.23304179] inside=False
[obj_inside_of] obj=obj obj_pos=[ 3.9626827 -1.5233365  1.1079408] fixture_pos=[ 4.09914677 -1.19979889  0.97534056] fsize=[0.85139319 0.55       0.21540247] shifted_fpos=[ 4.09914677 -1.14979889  0.97534056] lower=[ 3.84914677 -1.34979889  0.71763932] upper=[ 4.34914677 -0.94979889  1.23304179] inside=False
[obj_inside_of] obj=obj obj_pos=[ 3.9655604 -1.5169829  1.1078331] fixture_pos=[ 4.09914677 -1.19979889  0.97534056] fsize=[0.85139319 0.55       0.21540247] shifted_fpos=[ 4.09914677 -1.14979889  0.97534056] lower=[ 3.84914677 -1.34979889  0.71763932] upper=[ 4.34914677 -0.94979889  1.23304179] inside=False
[obj_inside_of] obj=obj obj_pos=[ 3.967872  -1.5120058  1.1077628] fixture_pos=[ 4.09914677 -1.19979889  0.97534056] fsize=[0.85139319 0.55       0.21540247] shifted_fpos=[ 4.09914677 -1.14979889  0.97534056] lower=[ 3.84914677 -1.34979889  0.71763932] upper=[ 4.34914677 -0.94979889  1.23304179] inside=False
[obj_inside_of] obj=obj obj_pos=[ 3.969622  -1.5084858  1.1076823] fixture_pos=[ 4.09914677 -1.19979889  0.97534056] fsize=[0.85139319 0.55       0.21540247] shifted_fpos=[ 4.09914677 -1.14979889  0.97534056] lower=[ 3.84914677 -1.34979889  0.71763932] upper=[ 4.34914677 -0.94979889  1.23304179] inside=False
[obj_inside_of] obj=obj obj_pos=[ 3.970965  -1.5058898  1.1077567] fixture_pos=[ 4.09914677 -1.19979889  0.97534056] fsize=[0.85139319 0.55       0.21540247] shifted_fpos=[ 4.09914677 -1.14979889  0.97534056] lower=[ 3.84914677 -1.34979889  0.71763932] upper=[ 4.34914677 -0.94979889  1.23304179] inside=False
[obj_inside_of] obj=obj obj_pos=[ 3.971936  -1.5043274  1.1078488] fixture_pos=[ 4.09914677 -1.19979889  0.97534056] fsize=[0.85139319 0.55       0.21540247] shifted_fpos=[ 4.09914677 -1.14979889  0.97534056] lower=[ 3.84914677 -1.34979889  0.71763932] upper=[ 4.34914677 -0.94979889  1.23304179] inside=False
[obj_inside_of] obj=obj obj_pos=[ 3.9726274 -1.5033107  1.1080668] fixture_pos=[ 4.09914677 -1.19979889  0.97534056] fsize=[0.85139319 0.55       0.21540247] shifted_fpos=[ 4.09914677 -1.14979889  0.97534056] lower=[ 3.84914677 -1.34979889  0.71763932] upper=[ 4.34914677 -0.94979889  1.23304179] inside=False
[obj_inside_of] obj=obj obj_pos=[ 3.9731348 -1.5025697  1.1082537] fixture_pos=[ 4.09914677 -1.19979889  0.97534056] fsize=[0.85139319 0.55       0.21540247] shifted_fpos=[ 4.09914677 -1.14979889  0.97534056] lower=[ 3.84914677 -1.34979889  0.71763932] upper=[ 4.34914677 -0.94979889  1.23304179] inside=False
[obj_inside_of] obj=obj obj_pos=[ 3.9734528 -1.5021209  1.1083568] fixture_pos=[ 4.09914677 -1.19979889  0.97534056] fsize=[0.85139319 0.55       0.21540247] shifted_fpos=[ 4.09914677 -1.14979889  0.97534056] lower=[ 3.84914677 -1.34979889  0.71763932] upper=[ 4.34914677 -0.94979889  1.23304179] inside=False
[obj_inside_of] obj=obj obj_pos=[ 3.9736354 -1.5018942  1.1084323] fixture_pos=[ 4.09914677 -1.19979889  0.97534056] fsize=[0.85139319 0.55       0.21540247] shifted_fpos=[ 4.09914677 -1.14979889  0.97534056] lower=[ 3.84914677 -1.34979889  0.71763932] upper=[ 4.34914677 -0.94979889  1.23304179] inside=False
[obj_inside_of] obj=obj obj_pos=[ 3.9737267 -1.501801   1.1084882] fixture_pos=[ 4.09914677 -1.19979889  0.97534056] fsize=[0.85139319 0.55       0.21540247] shifted_fpos=[ 4.09914677 -1.14979889  0.97534056] lower=[ 3.84914677 -1.34979889  0.71763932] upper=[ 4.34914677 -0.94979889  1.23304179] inside=False
[obj_inside_of] obj=obj obj_pos=[ 3.9737573 -1.5017824  1.1085279] fixture_pos=[ 4.09914677 -1.19979889  0.97534056] fsize=[0.85139319 0.55       0.21540247] shifted_fpos=[ 4.09914677 -1.14979889  0.97534056] lower=[ 3.84914677 -1.34979889  0.71763932] upper=[ 4.34914677 -0.94979889  1.23304179] inside=False
[obj_inside_of] obj=obj obj_pos=[ 3.9737504 -1.5018048  1.1085578] fixture_pos=[ 4.09914677 -1.19979889  0.97534056] fsize=[0.85139319 0.55       0.21540247] shifted_fpos=[ 4.09914677 -1.14979889  0.97534056] lower=[ 3.84914677 -1.34979889  0.71763932] upper=[ 4.34914677 -0.94979889  1.23304179] inside=False
[obj_inside_of] obj=obj obj_pos=[ 3.9737203 -1.5018477  1.1085778] fixture_pos=[ 4.09914677 -1.19979889  0.97534056] fsize=[0.85139319 0.55       0.21540247] shifted_fpos=[ 4.09914677 -1.14979889  0.97534056] lower=[ 3.84914677 -1.34979889  0.71763932] upper=[ 4.34914677 -0.94979889  1.23304179] inside=False
[obj_inside_of] obj=obj obj_pos=[ 3.9736764 -1.5019015  1.1085932] fixture_pos=[ 4.09914677 -1.19979889  0.97534056] fsize=[0.85139319 0.55       0.21540247] shifted_fpos=[ 4.09914677 -1.14979889  0.97534056] lower=[ 3.84914677 -1.34979889  0.71763932] upper=[ 4.34914677 -0.94979889  1.23304179] inside=False
[obj_inside_of] obj=obj obj_pos=[ 3.9736223 -1.5019605  1.108603 ] fixture_pos=[ 4.09914677 -1.19979889  0.97534056] fsize=[0.85139319 0.55       0.21540247] shifted_fpos=[ 4.09914677 -1.14979889  0.97534056] lower=[ 3.84914677 -1.34979889  0.71763932] upper=[ 4.34914677 -0.94979889  1.23304179] inside=False
[obj_inside_of] obj=obj obj_pos=[ 3.973567  -1.5020182  1.1086111] fixture_pos=[ 4.09914677 -1.19979889  0.97534056] fsize=[0.85139319 0.55       0.21540247] shifted_fpos=[ 4.09914677 -1.14979889  0.97534056] lower=[ 3.84914677 -1.34979889  0.71763932] upper=[ 4.34914677 -0.94979889  1.23304179] inside=False
[obj_inside_of] obj=obj obj_pos=[ 3.9735098 -1.5020759  1.1086161] fixture_pos=[ 4.09914677 -1.19979889  0.97534056] fsize=[0.85139319 0.55       0.21540247] shifted_fpos=[ 4.09914677 -1.14979889  0.97534056] lower=[ 3.84914677 -1.34979889  0.71763932] upper=[ 4.34914677 -0.94979889  1.23304179] inside=False
[obj_inside_of] obj=obj obj_pos=[ 3.9734557 -1.5021288  1.1086187] fixture_pos=[ 4.09914677 -1.19979889  0.97534056] fsize=[0.85139319 0.55       0.21540247] shifted_fpos=[ 4.09914677 -1.14979889  0.97534056] lower=[ 3.84914677 -1.34979889  0.71763932] upper=[ 4.34914677 -0.94979889  1.23304179] inside=False
[obj_inside_of] obj=obj obj_pos=[ 3.9734054 -1.502178   1.1086217] fixture_pos=[ 4.09914677 -1.19979889  0.97534056] fsize=[0.85139319 0.55       0.21540247] shifted_fpos=[ 4.09914677 -1.14979889  0.97534056] lower=[ 3.84914677 -1.34979889  0.71763932] upper=[ 4.34914677 -0.94979889  1.23304179] inside=False
[obj_inside_of] obj=obj obj_pos=[ 3.9733574 -1.5022242  1.1086223] fixture_pos=[ 4.09914677 -1.19979889  0.97534056] fsize=[0.85139319 0.55       0.21540247] shifted_fpos=[ 4.09914677 -1.14979889  0.97534056] lower=[ 3.84914677 -1.34979889  0.71763932] upper=[ 4.34914677 -0.94979889  1.23304179] inside=False
[obj_inside_of] obj=obj obj_pos=[ 3.9737976 -1.5022122  1.1091539] fixture_pos=[ 4.09914677 -1.19979889  0.97534056] fsize=[0.85139319 0.55       0.21540247] shifted_fpos=[ 4.09914677 -1.14979889  0.97534056] lower=[ 3.84914677 -1.34979889  0.71763932] upper=[ 4.34914677 -0.94979889  1.23304179] inside=False
[obj_inside_of] obj=obj obj_pos=[ 3.9742186 -1.5021508  1.1097876] fixture_pos=[ 4.09914677 -1.19979889  0.97534056] fsize=[0.85139319 0.55       0.21540247] shifted_fpos=[ 4.09914677 -1.14979889  0.97534056] lower=[ 3.84914677 -1.34979889  0.71763932] upper=[ 4.34914677 -0.94979889  1.23304179] inside=False
[obj_inside_of] obj=obj obj_pos=[ 3.9746375 -1.5020729  1.1104274] fixture_pos=[ 4.09914677 -1.19979889  0.97534056] fsize=[0.85139319 0.55       0.21540247] shifted_fpos=[ 4.09914677 -1.14979889  0.97534056] lower=[ 3.84914677 -1.34979889  0.71763932] upper=[ 4.34914677 -0.94979889  1.23304179] inside=False
[obj_inside_of] obj=obj obj_pos=[ 3.9747922 -1.5020071  1.1106141] fixture_pos=[ 4.09914677 -1.19979889  0.97534056] fsize=[0.85139319 0.55       0.21540247] shifted_fpos=[ 4.09914677 -1.14979889  0.97534056] lower=[ 3.84914677 -1.34979889  0.71763932] upper=[ 4.34914677 -0.94979889  1.23304179] inside=False
[obj_inside_of] obj=obj obj_pos=[ 3.9749358 -1.5019557  1.11065  ] fixture_pos=[ 4.09914677 -1.19979889  0.97534056] fsize=[0.85139319 0.55       0.21540247] shifted_fpos=[ 4.09914677 -1.14979889  0.97534056] lower=[ 3.84914677 -1.34979889  0.71763932] upper=[ 4.34914677 -0.94979889  1.23304179] inside=False
[obj_inside_of] obj=obj obj_pos=[ 3.9750583 -1.5018979  1.1106603] fixture_pos=[ 4.09914677 -1.19979889  0.97534056] fsize=[0.85139319 0.55       0.21540247] shifted_fpos=[ 4.09914677 -1.14979889  0.97534056] lower=[ 3.84914677 -1.34979889  0.71763932] upper=[ 4.34914677 -0.94979889  1.23304179] inside=False
[obj_inside_of] obj=obj obj_pos=[ 3.9751818 -1.5017362  1.1106538] fixture_pos=[ 4.09914677 -1.19979889  0.97534056] fsize=[0.85139319 0.55       0.21540247] shifted_fpos=[ 4.09914677 -1.14979889  0.97534056] lower=[ 3.84914677 -1.34979889  0.71763932] upper=[ 4.34914677 -0.94979889  1.23304179] inside=False
[obj_inside_of] obj=obj obj_pos=[ 3.9753392 -1.501344   1.1106211] fixture_pos=[ 4.09914677 -1.19979889  0.97534056] fsize=[0.85139319 0.55       0.21540247] shifted_fpos=[ 4.09914677 -1.14979889  0.97534056] lower=[ 3.84914677 -1.34979889  0.71763932] upper=[ 4.34914677 -0.94979889  1.23304179] inside=False
[obj_inside_of] obj=obj obj_pos=[ 3.97551   -1.5007749  1.1105646] fixture_pos=[ 4.09914677 -1.19979889  0.97534056] fsize=[0.85139319 0.55       0.21540247] shifted_fpos=[ 4.09914677 -1.14979889  0.97534056] lower=[ 3.84914677 -1.34979889  0.71763932] upper=[ 4.34914677 -0.94979889  1.23304179] inside=False
[obj_inside_of] obj=obj obj_pos=[ 3.9756725 -1.4995208  1.1102563] fixture_pos=[ 4.09914677 -1.19979889  0.97534056] fsize=[0.85139319 0.55       0.21540247] shifted_fpos=[ 4.09914677 -1.14979889  0.97534056] lower=[ 3.84914677 -1.34979889  0.71763932] upper=[ 4.34914677 -0.94979889  1.23304179] inside=False
[obj_inside_of] obj=obj obj_pos=[ 3.9759314 -1.4978749  1.109876 ] fixture_pos=[ 4.09914677 -1.19979889  0.97534056] fsize=[0.85139319 0.55       0.21540247] shifted_fpos=[ 4.09914677 -1.14979889  0.97534056] lower=[ 3.84914677 -1.34979889  0.71763932] upper=[ 4.34914677 -0.94979889  1.23304179] inside=False
[obj_inside_of] obj=obj obj_pos=[ 3.9764175 -1.4954929  1.109528 ] fixture_pos=[ 4.09914677 -1.19979889  0.97534056] fsize=[0.85139319 0.55       0.21540247] shifted_fpos=[ 4.09914677 -1.14979889  0.97534056] lower=[ 3.84914677 -1.34979889  0.71763932] upper=[ 4.34914677 -0.94979889  1.23304179] inside=False
[obj_inside_of] obj=obj obj_pos=[ 3.97706   -1.4923447  1.1091248] fixture_pos=[ 4.09914677 -1.19979889  0.97534056] fsize=[0.85139319 0.55       0.21540247] shifted_fpos=[ 4.09914677 -1.14979889  0.97534056] lower=[ 3.84914677 -1.34979889  0.71763932] upper=[ 4.34914677 -0.94979889  1.23304179] inside=False
[obj_inside_of] obj=obj obj_pos=[ 3.9777477 -1.4888798  1.1087168] fixture_pos=[ 4.09914677 -1.19979889  0.97534056] fsize=[0.85139319 0.55       0.21540247] shifted_fpos=[ 4.09914677 -1.14979889  0.97534056] lower=[ 3.84914677 -1.34979889  0.71763932] upper=[ 4.34914677 -0.94979889  1.23304179] inside=False
[obj_inside_of] obj=obj obj_pos=[ 3.9786742 -1.4843818  1.108285 ] fixture_pos=[ 4.09914677 -1.19979889  0.97534056] fsize=[0.85139319 0.55       0.21540247] shifted_fpos=[ 4.09914677 -1.14979889  0.97534056] lower=[ 3.84914677 -1.34979889  0.71763932] upper=[ 4.34914677 -0.94979889  1.23304179] inside=False
[obj_inside_of] obj=obj obj_pos=[ 3.9800742 -1.4780911  1.1076577] fixture_pos=[ 4.09914677 -1.19979889  0.97534056] fsize=[0.85139319 0.55       0.21540247] shifted_fpos=[ 4.09914677 -1.14979889  0.97534056] lower=[ 3.84914677 -1.34979889  0.71763932] upper=[ 4.34914677 -0.94979889  1.23304179] inside=False
[obj_inside_of] obj=obj obj_pos=[ 3.9816847 -1.4705356  1.1068558] fixture_pos=[ 4.09914677 -1.19979889  0.97534056] fsize=[0.85139319 0.55       0.21540247] shifted_fpos=[ 4.09914677 -1.14979889  0.97534056] lower=[ 3.84914677 -1.34979889  0.71763932] upper=[ 4.34914677 -0.94979889  1.23304179] inside=False
[obj_inside_of] obj=obj obj_pos=[ 3.9835138 -1.4619771  1.1060171] fixture_pos=[ 4.09914677 -1.19979889  0.97534056] fsize=[0.85139319 0.55       0.21540247] shifted_fpos=[ 4.09914677 -1.14979889  0.97534056] lower=[ 3.84914677 -1.34979889  0.71763932] upper=[ 4.34914677 -0.94979889  1.23304179] inside=False
[obj_inside_of] obj=obj obj_pos=[ 3.984985  -1.4541276  1.1051311] fixture_pos=[ 4.09914677 -1.19979889  0.97534056] fsize=[0.85139319 0.55       0.21540247] shifted_fpos=[ 4.09914677 -1.14979889  0.97534056] lower=[ 3.84914677 -1.34979889  0.71763932] upper=[ 4.34914677 -0.94979889  1.23304179] inside=False
[obj_inside_of] obj=obj obj_pos=[ 3.9877167 -1.4430758  1.1045473] fixture_pos=[ 4.09914677 -1.19979889  0.97534056] fsize=[0.85139319 0.55       0.21540247] shifted_fpos=[ 4.09914677 -1.14979889  0.97534056] lower=[ 3.84914677 -1.34979889  0.71763932] upper=[ 4.34914677 -0.94979889  1.23304179] inside=False
[obj_inside_of] obj=obj obj_pos=[ 3.9911513 -1.4282132  1.1031617] fixture_pos=[ 4.09914677 -1.19979889  0.97534056] fsize=[0.85139319 0.55       0.21540247] shifted_fpos=[ 4.09914677 -1.14979889  0.97534056] lower=[ 3.84914677 -1.34979889  0.71763932] upper=[ 4.34914677 -0.94979889  1.23304179] inside=False
[obj_inside_of] obj=obj obj_pos=[ 3.994592  -1.4117305  1.10141  ] fixture_pos=[ 4.09914677 -1.19979889  0.97534056] fsize=[0.85139319 0.55       0.21540247] shifted_fpos=[ 4.09914677 -1.14979889  0.97534056] lower=[ 3.84914677 -1.34979889  0.71763932] upper=[ 4.34914677 -0.94979889  1.23304179] inside=False
[obj_inside_of] obj=obj obj_pos=[ 3.9979324 -1.3946719  1.0999434] fixture_pos=[ 4.09914677 -1.19979889  0.97534056] fsize=[0.85139319 0.55       0.21540247] shifted_fpos=[ 4.09914677 -1.14979889  0.97534056] lower=[ 3.84914677 -1.34979889  0.71763932] upper=[ 4.34914677 -0.94979889  1.23304179] inside=False
[obj_inside_of] obj=obj obj_pos=[ 4.0011168 -1.378117   1.0983522] fixture_pos=[ 4.09914677 -1.19979889  0.97534056] fsize=[0.85139319 0.55       0.21540247] shifted_fpos=[ 4.09914677 -1.14979889  0.97534056] lower=[ 3.84914677 -1.34979889  0.71763932] upper=[ 4.34914677 -0.94979889  1.23304179] inside=False
[obj_inside_of] obj=obj obj_pos=[ 4.004095  -1.3627913  1.0969349] fixture_pos=[ 4.09914677 -1.19979889  0.97534056] fsize=[0.85139319 0.55       0.21540247] shifted_fpos=[ 4.09914677 -1.14979889  0.97534056] lower=[ 3.84914677 -1.34979889  0.71763932] upper=[ 4.34914677 -0.94979889  1.23304179] inside=False
[obj_inside_of] obj=obj obj_pos=[ 4.0063844 -1.3475357  1.0968821] fixture_pos=[ 4.09914677 -1.19979889  0.97534056] fsize=[0.85139319 0.55       0.21540247] shifted_fpos=[ 4.09914677 -1.14979889  0.97534056] lower=[ 3.84914677 -1.34979889  0.71763932] upper=[ 4.34914677 -0.94979889  1.23304179] inside=True
[obj_inside_of] obj=obj obj_pos=[ 4.0071397 -1.3329448  1.0970159] fixture_pos=[ 4.09914677 -1.19979889  0.97534056] fsize=[0.85139319 0.55       0.21540247] shifted_fpos=[ 4.09914677 -1.14979889  0.97534056] lower=[ 3.84914677 -1.34979889  0.71763932] upper=[ 4.34914677 -0.94979889  1.23304179] inside=True
[obj_inside_of] obj=obj obj_pos=[ 4.008217  -1.3209676  1.0965017] fixture_pos=[ 4.09914677 -1.19979889  0.97534056] fsize=[0.85139319 0.55       0.21540247] shifted_fpos=[ 4.09914677 -1.14979889  0.97534056] lower=[ 3.84914677 -1.34979889  0.71763932] upper=[ 4.34914677 -0.94979889  1.23304179] inside=True
[obj_inside_of] obj=obj obj_pos=[ 4.0087852 -1.3108717  1.0964708] fixture_pos=[ 4.09914677 -1.19979889  0.97534056] fsize=[0.85139319 0.55       0.21540247] shifted_fpos=[ 4.09914677 -1.14979889  0.97534056] lower=[ 3.84914677 -1.34979889  0.71763932] upper=[ 4.34914677 -0.94979889  1.23304179] inside=True
[obj_inside_of] obj=obj obj_pos=[ 4.009309  -1.3025357  1.0962362] fixture_pos=[ 4.09914677 -1.19979889  0.97534056] fsize=[0.85139319 0.55       0.21540247] shifted_fpos=[ 4.09914677 -1.14979889  0.97534056] lower=[ 3.84914677 -1.34979889  0.71763932] upper=[ 4.34914677 -0.94979889  1.23304179] inside=True
[obj_inside_of] obj=obj obj_pos=[ 4.009669  -1.2956669  1.096034 ] fixture_pos=[ 4.09914677 -1.19979889  0.97534056] fsize=[0.85139319 0.55       0.21540247] shifted_fpos=[ 4.09914677 -1.14979889  0.97534056] lower=[ 3.84914677 -1.34979889  0.71763932] upper=[ 4.34914677 -0.94979889  1.23304179] inside=True
[obj_inside_of] obj=obj obj_pos=[ 4.009977  -1.2897391  1.0958402] fixture_pos=[ 4.09914677 -1.19979889  0.97534056] fsize=[0.85139319 0.55       0.21540247] shifted_fpos=[ 4.09914677 -1.14979889  0.97534056] lower=[ 3.84914677 -1.34979889  0.71763932] upper=[ 4.34914677 -0.94979889  1.23304179] inside=True
[obj_inside_of] obj=obj obj_pos=[ 4.009895  -1.284793   1.0956321] fixture_pos=[ 4.09914677 -1.19979889  0.97534056] fsize=[0.85139319 0.55       0.21540247] shifted_fpos=[ 4.09914677 -1.14979889  0.97534056] lower=[ 3.84914677 -1.34979889  0.71763932] upper=[ 4.34914677 -0.94979889  1.23304179] inside=True
[obj_inside_of] obj=obj obj_pos=[ 4.010208  -1.2809944  1.0945466] fixture_pos=[ 4.09914677 -1.19979889  0.97534056] fsize=[0.85139319 0.55       0.21540247] shifted_fpos=[ 4.09914677 -1.14979889  0.97534056] lower=[ 3.84914677 -1.34979889  0.71763932] upper=[ 4.34914677 -0.94979889  1.23304179] inside=True
[obj_inside_of] obj=obj obj_pos=[ 4.010192  -1.2779257  1.0940783] fixture_pos=[ 4.09914677 -1.19979889  0.97534056] fsize=[0.85139319 0.55       0.21540247] shifted_fpos=[ 4.09914677 -1.14979889  0.97534056] lower=[ 3.84914677 -1.34979889  0.71763932] upper=[ 4.34914677 -0.94979889  1.23304179] inside=True
[obj_inside_of] obj=obj obj_pos=[ 4.0101542 -1.27556    1.0935581] fixture_pos=[ 4.09914677 -1.19979889  0.97534056] fsize=[0.85139319 0.55       0.21540247] shifted_fpos=[ 4.09914677 -1.14979889  0.97534056] lower=[ 3.84914677 -1.34979889  0.71763932] upper=[ 4.34914677 -0.94979889  1.23304179] inside=True
[obj_inside_of] obj=obj obj_pos=[ 4.0102615 -1.2739136  1.0929533] fixture_pos=[ 4.09914677 -1.19979889  0.97534056] fsize=[0.85139319 0.55       0.21540247] shifted_fpos=[ 4.09914677 -1.14979889  0.97534056] lower=[ 3.84914677 -1.34979889  0.71763932] upper=[ 4.34914677 -0.94979889  1.23304179] inside=True
[obj_inside_of] obj=obj obj_pos=[ 4.0105085 -1.2727926  1.0923191] fixture_pos=[ 4.09914677 -1.19979889  0.97534056] fsize=[0.85139319 0.55       0.21540247] shifted_fpos=[ 4.09914677 -1.14979889  0.97534056] lower=[ 3.84914677 -1.34979889  0.71763932] upper=[ 4.34914677 -0.94979889  1.23304179] inside=True
[obj_inside_of] obj=obj obj_pos=[ 4.01055   -1.2718807  1.0918717] fixture_pos=[ 4.09914677 -1.19979889  0.97534056] fsize=[0.85139319 0.55       0.21540247] shifted_fpos=[ 4.09914677 -1.14979889  0.97534056] lower=[ 3.84914677 -1.34979889  0.71763932] upper=[ 4.34914677 -0.94979889  1.23304179] inside=True
[obj_inside_of] obj=obj obj_pos=[ 4.0104294 -1.2712262  1.0916867] fixture_pos=[ 4.09914677 -1.19979889  0.97534056] fsize=[0.85139319 0.55       0.21540247] shifted_fpos=[ 4.09914677 -1.14979889  0.97534056] lower=[ 3.84914677 -1.34979889  0.71763932] upper=[ 4.34914677 -0.94979889  1.23304179] inside=True
[obj_inside_of] obj=obj obj_pos=[ 4.01037   -1.2708728  1.09144  ] fixture_pos=[ 4.09914677 -1.19979889  0.97534056] fsize=[0.85139319 0.55       0.21540247] shifted_fpos=[ 4.09914677 -1.14979889  0.97534056] lower=[ 3.84914677 -1.34979889  0.71763932] upper=[ 4.34914677 -0.94979889  1.23304179] inside=True
[obj_inside_of] obj=obj obj_pos=[ 4.0103583 -1.2707533  1.0911514] fixture_pos=[ 4.09914677 -1.19979889  0.97534056] fsize=[0.85139319 0.55       0.21540247] shifted_fpos=[ 4.09914677 -1.14979889  0.97534056] lower=[ 3.84914677 -1.34979889  0.71763932] upper=[ 4.34914677 -0.94979889  1.23304179] inside=True
[obj_inside_of] obj=obj obj_pos=[ 4.010324  -1.2705733  1.090798 ] fixture_pos=[ 4.09914677 -1.19979889  0.97534056] fsize=[0.85139319 0.55       0.21540247] shifted_fpos=[ 4.09914677 -1.14979889  0.97534056] lower=[ 3.84914677 -1.34979889  0.71763932] upper=[ 4.34914677 -0.94979889  1.23304179] inside=True
[obj_inside_of] obj=obj obj_pos=[ 4.0103445 -1.2704694  1.090503 ] fixture_pos=[ 4.09914677 -1.19979889  0.97534056] fsize=[0.85139319 0.55       0.21540247] shifted_fpos=[ 4.09914677 -1.14979889  0.97534056] lower=[ 3.84914677 -1.34979889  0.71763932] upper=[ 4.34914677 -0.94979889  1.23304179] inside=True
[obj_inside_of] obj=obj obj_pos=[ 4.0103674 -1.2703636  1.0902102] fixture_pos=[ 4.09914677 -1.19979889  0.97534056] fsize=[0.85139319 0.55       0.21540247] shifted_fpos=[ 4.09914677 -1.14979889  0.97534056] lower=[ 3.84914677 -1.34979889  0.71763932] upper=[ 4.34914677 -0.94979889  1.23304179] inside=True
[obj_inside_of] obj=obj obj_pos=[ 4.010374  -1.2702217  1.0899928] fixture_pos=[ 4.09914677 -1.19979889  0.97534056] fsize=[0.85139319 0.55       0.21540247] shifted_fpos=[ 4.09914677 -1.14979889  0.97534056] lower=[ 3.84914677 -1.34979889  0.71763932] upper=[ 4.34914677 -0.94979889  1.23304179] inside=True
[obj_inside_of] obj=obj obj_pos=[ 4.010406  -1.2701253  1.0897915] fixture_pos=[ 4.09914677 -1.19979889  0.97534056] fsize=[0.85139319 0.55       0.21540247] shifted_fpos=[ 4.09914677 -1.14979889  0.97534056] lower=[ 3.84914677 -1.34979889  0.71763932] upper=[ 4.34914677 -0.94979889  1.23304179] inside=True
[obj_inside_of] obj=obj obj_pos=[ 4.0104146 -1.2700212  1.0896297] fixture_pos=[ 4.09914677 -1.19979889  0.97534056] fsize=[0.85139319 0.55       0.21540247] shifted_fpos=[ 4.09914677 -1.14979889  0.97534056] lower=[ 3.84914677 -1.34979889  0.71763932] upper=[ 4.34914677 -0.94979889  1.23304179] inside=True
[obj_inside_of] obj=obj obj_pos=[ 4.0104146 -1.269901   1.0894903] fixture_pos=[ 4.09914677 -1.19979889  0.97534056] fsize=[0.85139319 0.55       0.21540247] shifted_fpos=[ 4.09914677 -1.14979889  0.97534056] lower=[ 3.84914677 -1.34979889  0.71763932] upper=[ 4.34914677 -0.94979889  1.23304179] inside=True
[obj_inside_of] obj=obj obj_pos=[ 4.0104337 -1.2697777  1.0893755] fixture_pos=[ 4.09914677 -1.19979889  0.97534056] fsize=[0.85139319 0.55       0.21540247] shifted_fpos=[ 4.09914677 -1.14979889  0.97534056] lower=[ 3.84914677 -1.34979889  0.71763932] upper=[ 4.34914677 -0.94979889  1.23304179] inside=True
[obj_inside_of] obj=obj obj_pos=[ 4.010477  -1.2696707  1.0892694] fixture_pos=[ 4.09914677 -1.19979889  0.97534056] fsize=[0.85139319 0.55       0.21540247] shifted_fpos=[ 4.09914677 -1.14979889  0.97534056] lower=[ 3.84914677 -1.34979889  0.71763932] upper=[ 4.34914677 -0.94979889  1.23304179] inside=True
[obj_inside_of] obj=obj obj_pos=[ 4.010469  -1.2695426  1.0892029] fixture_pos=[ 4.09914677 -1.19979889  0.97534056] fsize=[0.85139319 0.55       0.21540247] shifted_fpos=[ 4.09914677 -1.14979889  0.97534056] lower=[ 3.84914677 -1.34979889  0.71763932] upper=[ 4.34914677 -0.94979889  1.23304179] inside=True
[obj_inside_of] obj=obj obj_pos=[ 4.010472  -1.2694383  1.0891421] fixture_pos=[ 4.09914677 -1.19979889  0.97534056] fsize=[0.85139319 0.55       0.21540247] shifted_fpos=[ 4.09914677 -1.14979889  0.97534056] lower=[ 3.84914677 -1.34979889  0.71763932] upper=[ 4.34914677 -0.94979889  1.23304179] inside=True
[obj_inside_of] obj=obj obj_pos=[ 4.0104923 -1.2693553  1.0890695] fixture_pos=[ 4.09914677 -1.19979889  0.97534056] fsize=[0.85139319 0.55       0.21540247] shifted_fpos=[ 4.09914677 -1.14979889  0.97534056] lower=[ 3.84914677 -1.34979889  0.71763932] upper=[ 4.34914677 -0.94979889  1.23304179] inside=True
[obj_inside_of] obj=obj obj_pos=[ 3.9939804 -1.2568383  1.0795498] fixture_pos=[ 4.09914677 -1.19979889  0.97534056] fsize=[0.85139319 0.55       0.21540247] shifted_fpos=[ 4.09914677 -1.14979889  0.97534056] lower=[ 3.84914677 -1.34979889  0.71763932] upper=[ 4.34914677 -0.94979889  1.23304179] inside=True
[obj_inside_of] obj=obj obj_pos=[ 3.9746628 -1.2439606  1.0431378] fixture_pos=[ 4.09914677 -1.19979889  0.97534056] fsize=[0.85139319 0.55       0.21540247] shifted_fpos=[ 4.09914677 -1.14979889  0.97534056] lower=[ 3.84914677 -1.34979889  0.71763932] upper=[ 4.34914677 -0.94979889  1.23304179] inside=True
[obj_inside_of] obj=obj obj_pos=[ 3.955744   -1.2315315   0.98227674] fixture_pos=[ 4.09914677 -1.19979889  0.97534056] fsize=[0.85139319 0.55       0.21540247] shifted_fpos=[ 4.09914677 -1.14979889  0.97534056] lower=[ 3.84914677 -1.34979889  0.71763932] upper=[ 4.34914677 -0.94979889  1.23304179] inside=True
[obj_inside_of] obj=obj obj_pos=[ 3.9348857 -1.2197627  0.9337062] fixture_pos=[ 4.09914677 -1.19979889  0.97534056] fsize=[0.85139319 0.55       0.21540247] shifted_fpos=[ 4.09914677 -1.14979889  0.97534056] lower=[ 3.84914677 -1.34979889  0.71763932] upper=[ 4.34914677 -0.94979889  1.23304179] inside=True
[obj_inside_of] obj=obj obj_pos=[ 3.9126625 -1.203008   0.8941735] fixture_pos=[ 4.09914677 -1.19979889  0.97534056] fsize=[0.85139319 0.55       0.21540247] shifted_fpos=[ 4.09914677 -1.14979889  0.97534056] lower=[ 3.84914677 -1.34979889  0.71763932] upper=[ 4.34914677 -0.94979889  1.23304179] inside=True
[obj_inside_of] obj=obj obj_pos=[ 3.9127603 -1.1912411  0.8624634] fixture_pos=[ 4.09914677 -1.19979889  0.97534056] fsize=[0.85139319 0.55       0.21540247] shifted_fpos=[ 4.09914677 -1.14979889  0.97534056] lower=[ 3.84914677 -1.34979889  0.71763932] upper=[ 4.34914677 -0.94979889  1.23304179] inside=True
[obj_inside_of] obj=obj obj_pos=[ 3.9228199 -1.1815468  0.8161652] fixture_pos=[ 4.09914677 -1.19979889  0.97534056] fsize=[0.85139319 0.55       0.21540247] shifted_fpos=[ 4.09914677 -1.14979889  0.97534056] lower=[ 3.84914677 -1.34979889  0.71763932] upper=[ 4.34914677 -0.94979889  1.23304179] inside=True
[obj_inside_of] obj=obj obj_pos=[ 3.9331207 -1.1687818  0.7744479] fixture_pos=[ 4.09914677 -1.19979889  0.97534056] fsize=[0.85139319 0.55       0.21540247] shifted_fpos=[ 4.09914677 -1.14979889  0.97534056] lower=[ 3.84914677 -1.34979889  0.71763932] upper=[ 4.34914677 -0.94979889  1.23304179] inside=True
[obj_inside_of] obj=obj obj_pos=[ 3.9331207 -1.1687818  0.7744479] fixture_pos=[ 4.09914677 -1.19979889  0.97534056] fsize=[0.85139319 0.55       0.21540247] shifted_fpos=[ 4.09914677 -1.14979889  0.97534056] lower=[ 3.84914677 -1.34979889  0.71763932] upper=[ 4.34914677 -0.94979889  1.23304179] inside=True
[obj_inside_of] obj=obj obj_pos=[ 3.9426172  -1.1555156   0.77496654] fixture_pos=[ 4.09914677 -1.19979889  0.97534056] fsize=[0.85139319 0.55       0.21540247] shifted_fpos=[ 4.09914677 -1.14979889  0.97534056] lower=[ 3.84914677 -1.34979889  0.71763932] upper=[ 4.34914677 -0.94979889  1.23304179] inside=True
[obj_inside_of] obj=obj obj_pos=[ 3.955008  -1.1430604  0.7690362] fixture_pos=[ 4.09914677 -1.19979889  0.97534056] fsize=[0.85139319 0.55       0.21540247] shifted_fpos=[ 4.09914677 -1.14979889  0.97534056] lower=[ 3.84914677 -1.34979889  0.71763932] upper=[ 4.34914677 -0.94979889  1.23304179] inside=True
[obj_inside_of] obj=obj obj_pos=[ 3.9702122 -1.1299125  0.750362 ] fixture_pos=[ 4.09914677 -1.19979889  0.97534056] fsize=[0.85139319 0.55       0.21540247] shifted_fpos=[ 4.09914677 -1.14979889  0.97534056] lower=[ 3.84914677 -1.34979889  0.71763932] upper=[ 4.34914677 -0.94979889  1.23304179] inside=True
[obj_inside_of] obj=obj obj_pos=[ 3.975475  -1.1222615  0.7454418] fixture_pos=[ 4.09914677 -1.19979889  0.97534056] fsize=[0.85139319 0.55       0.21540247] shifted_fpos=[ 4.09914677 -1.14979889  0.97534056] lower=[ 3.84914677 -1.34979889  0.71763932] upper=[ 4.34914677 -0.94979889  1.23304179] inside=True
[obj_inside_of] obj=obj obj_pos=[ 3.972245   -1.1176697   0.74517864] fixture_pos=[ 4.09914677 -1.19979889  0.97534056] fsize=[0.85139319 0.55       0.21540247] shifted_fpos=[ 4.09914677 -1.14979889  0.97534056] lower=[ 3.84914677 -1.34979889  0.71763932] upper=[ 4.34914677 -0.94979889  1.23304179] inside=True
